MinAbsEStateIndex,MinEStateIndex,qed,SPS,NumRadicalElectrons,AvgIpc,BalabanJ,HallKierAlpha,Ipc,Kappa3,PEOE_VSA1,PEOE_VSA10,PEOE_VSA12,PEOE_VSA13,PEOE_VSA14,PEOE_VSA2,PEOE_VSA3,PEOE_VSA5,PEOE_VSA7,PEOE_VSA8,PEOE_VSA9,SMR_VSA10,SMR_VSA4,SMR_VSA6,SlogP_VSA1,SlogP_VSA12,SlogP_VSA2,SlogP_VSA3,SlogP_VSA7,SlogP_VSA8,EState_VSA2,EState_VSA3,EState_VSA4,EState_VSA5,EState_VSA6,EState_VSA7,EState_VSA8,EState_VSA9,VSA_EState10,VSA_EState2,VSA_EState5,VSA_EState6,VSA_EState7,VSA_EState8,VSA_EState9,FractionCSP3,NumAliphaticCarbocycles,NumSaturatedCarbocycles,RingCount,MolLogP,fr_Al_OH,fr_Al_OH_noTert,fr_Ar_COO,fr_Ar_NH,fr_C_O,fr_C_O_noCOO,fr_NH0,fr_NH1,fr_Ndealkylation1,fr_Ndealkylation2,fr_Nhpyrrole,fr_SH,fr_allylic_oxid,fr_aniline,fr_aryl_methyl,fr_bicyclic,fr_ester,fr_ether,fr_guanido,fr_methoxy,fr_morpholine,fr_phos_acid,fr_phos_ester,fr_piperdine,fr_piperzine,fr_pyridine,fr_quatN,fr_thiocyan,fr_unbrch_alkane,T/K,index,Normalized SMILES,lnr
0.972222222,-1.083333333,0.512171524,8.583333333,0,2.337756694,2.61e-07,-1.32,402.0941513,5.46375794,9.901064579,12.39368714,6.327320075,0.0,0.0,0.0,9.134199296,0.0,13.8474744,5.969305288,13.59242839,5.969305288,7.047671983,0.0,9.673627043,0.0,10.53640494,18.38696557,0.0,0.0,0.0,0.0,13.46849361,0.0,0.0,17.8116152,24.01500049,9.901064579,0.0,8.888888889,-1.083333333,0.0,6.142361111,4.153611111,2.02,0.5,0,0,1,-0.9113,0,0,0,0,1,1,2,0,0,0,0,0,0,0,2,0,0,0,0,0,0,0,0,0,0,0,0,0,0,363.0,1,CC(=O)[O-].CC[n+]1ccn(C)c1,1.796747011
0.972222222,-1.083333333,0.512171524,8.583333333,0,2.337756694,2.61e-07,-1.32,402.0941513,5.46375794,9.901064579,12.39368714,6.327320075,0.0,0.0,0.0,9.134199296,0.0,13.8474744,5.969305288,13.59242839,5.969305288,7.047671983,0.0,9.673627043,0.0,10.53640494,18.38696557,0.0,0.0,0.0,0.0,13.46849361,0.0,0.0,17.8116152,24.01500049,9.901064579,0.0,8.888888889,-1.083333333,0.0,6.142361111,4.153611111,2.02,0.5,0,0,1,-0.9113,0,0,0,0,1,1,2,0,0,0,0,0,0,0,2,0,0,0,0,0,0,0,0,0,0,0,0,0,0,373.0,2,CC(=O)[O-].CC[n+]1ccn(C)c1,1.785070481
0.972222222,-1.083333333,0.512171524,8.583333333,0,2.337756694,2.61e-07,-1.32,402.0941513,5.46375794,9.901064579,12.39368714,6.327320075,0.0,0.0,0.0,9.134199296,0.0,13.8474744,5.969305288,13.59242839,5.969305288,7.047671983,0.0,9.673627043,0.0,10.53640494,18.38696557,0.0,0.0,0.0,0.0,13.46849361,0.0,0.0,17.8116152,24.01500049,9.901064579,0.0,8.888888889,-1.083333333,0.0,6.142361111,4.153611111,2.02,0.5,0,0,1,-0.9113,0,0,0,0,1,1,2,0,0,0,0,0,0,0,2,0,0,0,0,0,0,0,0,0,0,0,0,0,0,383.0,3,CC(=O)[O-].CC[n+]1ccn(C)c1,1.8017098
0.972222222,-1.083333333,0.512171524,8.583333333,0,2.337756694,2.61e-07,-1.32,402.0941513,5.46375794,9.901064579,12.39368714,6.327320075,0.0,0.0,0.0,9.134199296,0.0,13.8474744,5.969305288,13.59242839,5.969305288,7.047671983,0.0,9.673627043,0.0,10.53640494,18.38696557,0.0,0.0,0.0,0.0,13.46849361,0.0,0.0,17.8116152,24.01500049,9.901064579,0.0,8.888888889,-1.083333333,0.0,6.142361111,4.153611111,2.02,0.5,0,0,1,-0.9113,0,0,0,0,1,1,2,0,0,0,0,0,0,0,2,0,0,0,0,0,0,0,0,0,0,0,0,0,0,393.0,4,CC(=O)[O-].CC[n+]1ccn(C)c1,1.805004696
0.972222222,-1.083333333,0.512171524,8.583333333,0,2.337756694,2.61e-07,-1.32,402.0941513,5.46375794,9.901064579,12.39368714,6.327320075,0.0,0.0,0.0,9.134199296,0.0,13.8474744,5.969305288,13.59242839,5.969305288,7.047671983,0.0,9.673627043,0.0,10.53640494,18.38696557,0.0,0.0,0.0,0.0,13.46849361,0.0,0.0,17.8116152,24.01500049,9.901064579,0.0,8.888888889,-1.083333333,0.0,6.142361111,4.153611111,2.02,0.5,0,0,1,-0.9113,0,0,0,0,1,1,2,0,0,0,0,0,0,0,2,0,0,0,0,0,0,0,0,0,0,0,0,0,0,403.0,5,CC(=O)[O-].CC[n+]1ccn(C)c1,1.834180185
0.972222222,-1.083333333,0.512171524,8.583333333,0,2.337756694,2.61e-07,-1.32,402.0941513,5.46375794,9.901064579,12.39368714,6.327320075,0.0,0.0,0.0,9.134199296,0.0,13.8474744,5.969305288,13.59242839,5.969305288,7.047671983,0.0,9.673627043,0.0,10.53640494,18.38696557,0.0,0.0,0.0,0.0,13.46849361,0.0,0.0,17.8116152,24.01500049,9.901064579,0.0,8.888888889,-1.083333333,0.0,6.142361111,4.153611111,2.02,0.5,0,0,1,-0.9113,0,0,0,0,1,1,2,0,0,0,0,0,0,0,2,0,0,0,0,0,0,0,0,0,0,0,0,0,0,413.0,6,CC(=O)[O-].CC[n+]1ccn(C)c1,1.899117988
0.972222222,-1.083333333,0.512171524,8.583333333,0,2.337756694,2.61e-07,-1.32,402.0941513,5.46375794,9.901064579,12.39368714,6.327320075,0.0,0.0,0.0,9.134199296,0.0,13.8474744,5.969305288,13.59242839,5.969305288,7.047671983,0.0,9.673627043,0.0,10.53640494,18.38696557,0.0,0.0,0.0,0.0,13.46849361,0.0,0.0,17.8116152,24.01500049,9.901064579,0.0,8.888888889,-1.083333333,0.0,6.142361111,4.153611111,2.02,0.5,0,0,1,-0.9113,0,0,0,0,1,1,2,0,0,0,0,0,0,0,2,0,0,0,0,0,0,0,0,0,0,0,0,0,0,313.0,7,CC(=O)[O-].CC[n+]1ccn(C)c1,1.611435915
0.972222222,-1.083333333,0.512171524,8.583333333,0,2.337756694,2.61e-07,-1.32,402.0941513,5.46375794,9.901064579,12.39368714,6.327320075,0.0,0.0,0.0,9.134199296,0.0,13.8474744,5.969305288,13.59242839,5.969305288,7.047671983,0.0,9.673627043,0.0,10.53640494,18.38696557,0.0,0.0,0.0,0.0,13.46849361,0.0,0.0,17.8116152,24.01500049,9.901064579,0.0,8.888888889,-1.083333333,0.0,6.142361111,4.153611111,2.02,0.5,0,0,1,-0.9113,0,0,0,0,1,1,2,0,0,0,0,0,0,0,2,0,0,0,0,0,0,0,0,0,0,0,0,0,0,333.0,8,CC(=O)[O-].CC[n+]1ccn(C)c1,1.688249093
0.972222222,-1.083333333,0.512171524,8.583333333,0,2.337756694,2.61e-07,-1.32,402.0941513,5.46375794,9.901064579,12.39368714,6.327320075,0.0,0.0,0.0,9.134199296,0.0,13.8474744,5.969305288,13.59242839,5.969305288,7.047671983,0.0,9.673627043,0.0,10.53640494,18.38696557,0.0,0.0,0.0,0.0,13.46849361,0.0,0.0,17.8116152,24.01500049,9.901064579,0.0,8.888888889,-1.083333333,0.0,6.142361111,4.153611111,2.02,0.5,0,0,1,-0.9113,0,0,0,0,1,1,2,0,0,0,0,0,0,0,2,0,0,0,0,0,0,0,0,0,0,0,0,0,0,353.0,9,CC(=O)[O-].CC[n+]1ccn(C)c1,1.750937475
1.149583333,1.149583333,0.432035265,8.357142857,0,2.183356696,5e-07,-1.14,1152.812336,6.384129941,12.62878915,6.544756406,0.0,0.0,0.0,0.0,9.828991203,0.0,12.48718869,18.55355576,0.0,12.62878915,0.0,0.0,4.567099648,0.0,0.0,19.17354555,0.0,0.0,0.0,0.0,6.544756406,23.80634803,0.0,0.0,55.56978448,5.261891555,3.699074074,0.0,0.0,4.296944444,6.823998724,5.481836026,0.0,0.454545455,0,0,1,2.097,0,0,0,0,0,0,2,0,0,0,0,0,0,0,2,0,0,0,0,0,0,0,0,0,0,1,0,1,0,298.2,10,CCCC[n+]1ccc(C)cc1.N#C[S-],0.936093359
1.149583333,1.149583333,0.432035265,8.357142857,0,2.183356696,5e-07,-1.14,1152.812336,6.384129941,12.62878915,6.544756406,0.0,0.0,0.0,0.0,9.828991203,0.0,12.48718869,18.55355576,0.0,12.62878915,0.0,0.0,4.567099648,0.0,0.0,19.17354555,0.0,0.0,0.0,0.0,6.544756406,23.80634803,0.0,0.0,55.56978448,5.261891555,3.699074074,0.0,0.0,4.296944444,6.823998724,5.481836026,0.0,0.454545455,0,0,1,2.097,0,0,0,0,0,0,2,0,0,0,0,0,0,0,2,0,0,0,0,0,0,0,0,0,0,1,0,1,0,308.2,11,CCCC[n+]1ccc(C)cc1.N#C[S-],0.951657876
1.149583333,1.149583333,0.432035265,8.357142857,0,2.183356696,5e-07,-1.14,1152.812336,6.384129941,12.62878915,6.544756406,0.0,0.0,0.0,0.0,9.828991203,0.0,12.48718869,18.55355576,0.0,12.62878915,0.0,0.0,4.567099648,0.0,0.0,19.17354555,0.0,0.0,0.0,0.0,6.544756406,23.80634803,0.0,0.0,55.56978448,5.261891555,3.699074074,0.0,0.0,4.296944444,6.823998724,5.481836026,0.0,0.454545455,0,0,1,2.097,0,0,0,0,0,0,2,0,0,0,0,0,0,0,2,0,0,0,0,0,0,0,0,0,0,1,0,1,0,318.2,12,CCCC[n+]1ccc(C)cc1.N#C[S-],0.959350221
1.149583333,1.149583333,0.432035265,8.357142857,0,2.183356696,5e-07,-1.14,1152.812336,6.384129941,12.62878915,6.544756406,0.0,0.0,0.0,0.0,9.828991203,0.0,12.48718869,18.55355576,0.0,12.62878915,0.0,0.0,4.567099648,0.0,0.0,19.17354555,0.0,0.0,0.0,0.0,6.544756406,23.80634803,0.0,0.0,55.56978448,5.261891555,3.699074074,0.0,0.0,4.296944444,6.823998724,5.481836026,0.0,0.454545455,0,0,1,2.097,0,0,0,0,0,0,2,0,0,0,0,0,0,0,2,0,0,0,0,0,0,0,0,0,0,1,0,1,0,328.2,13,CCCC[n+]1ccc(C)cc1.N#C[S-],0.97455964
1.149583333,1.149583333,0.432035265,8.357142857,0,2.183356696,5e-07,-1.14,1152.812336,6.384129941,12.62878915,6.544756406,0.0,0.0,0.0,0.0,9.828991203,0.0,12.48718869,18.55355576,0.0,12.62878915,0.0,0.0,4.567099648,0.0,0.0,19.17354555,0.0,0.0,0.0,0.0,6.544756406,23.80634803,0.0,0.0,55.56978448,5.261891555,3.699074074,0.0,0.0,4.296944444,6.823998724,5.481836026,0.0,0.454545455,0,0,1,2.097,0,0,0,0,0,0,2,0,0,0,0,0,0,0,2,0,0,0,0,0,0,0,0,0,0,1,0,1,0,338.2,14,CCCC[n+]1ccc(C)cc1.N#C[S-],0.982078472
1.149583333,1.149583333,0.432035265,8.357142857,0,2.183356696,5e-07,-1.14,1152.812336,6.384129941,12.62878915,6.544756406,0.0,0.0,0.0,0.0,9.828991203,0.0,12.48718869,18.55355576,0.0,12.62878915,0.0,0.0,4.567099648,0.0,0.0,19.17354555,0.0,0.0,0.0,0.0,6.544756406,23.80634803,0.0,0.0,55.56978448,5.261891555,3.699074074,0.0,0.0,4.296944444,6.823998724,5.481836026,0.0,0.454545455,0,0,1,2.097,0,0,0,0,0,0,2,0,0,0,0,0,0,0,2,0,0,0,0,0,0,0,0,0,0,1,0,1,0,348.2,15,CCCC[n+]1ccc(C)cc1.N#C[S-],0.989541194
1.149583333,1.149583333,0.432035265,8.357142857,0,2.183356696,5e-07,-1.14,1152.812336,6.384129941,12.62878915,6.544756406,0.0,0.0,0.0,0.0,9.828991203,0.0,12.48718869,18.55355576,0.0,12.62878915,0.0,0.0,4.567099648,0.0,0.0,19.17354555,0.0,0.0,0.0,0.0,6.544756406,23.80634803,0.0,0.0,55.56978448,5.261891555,3.699074074,0.0,0.0,4.296944444,6.823998724,5.481836026,0.0,0.454545455,0,0,1,2.097,0,0,0,0,0,0,2,0,0,0,0,0,0,0,2,0,0,0,0,0,0,0,0,0,0,1,0,1,0,358.2,16,CCCC[n+]1ccc(C)cc1.N#C[S-],1.00795792
1.149583333,1.149583333,0.432035265,8.357142857,0,2.183356696,5e-07,-1.14,1152.812336,6.384129941,12.62878915,6.544756406,0.0,0.0,0.0,0.0,9.828991203,0.0,12.48718869,18.55355576,0.0,12.62878915,0.0,0.0,4.567099648,0.0,0.0,19.17354555,0.0,0.0,0.0,0.0,6.544756406,23.80634803,0.0,0.0,55.56978448,5.261891555,3.699074074,0.0,0.0,4.296944444,6.823998724,5.481836026,0.0,0.454545455,0,0,1,2.097,0,0,0,0,0,0,2,0,0,0,0,0,0,0,2,0,0,0,0,0,0,0,0,0,0,1,0,1,0,368.2,17,CCCC[n+]1ccc(C)cc1.N#C[S-],1.011600912
1.333333333,1.333333333,0.395341277,18.53846154,0,2.511035676,4.24e-07,-0.33,790.9762378,5.839649417,17.11182001,0.0,0.0,0.0,0.0,0.0,5.261891555,0.0,6.420821623,12.84164325,26.6819412,12.62878915,0.0,26.6819412,0.0,0.0,31.16497206,12.62878915,0.0,0.0,0.0,0.0,0.0,55.20183986,0.0,0.0,26.60019833,5.261891555,3.699074074,0.0,0.0,0.0,5.685286281,6.554297052,2.405416667,0.9,0,0,1,2.04128,0,0,0,0,0,0,2,0,0,1,0,0,0,0,0,0,0,0,0,0,0,0,0,0,0,0,1,1,0,298.15,18,CCCC[N+]1(C)CCCC1.N#C[S-],1.061256502
1.333333333,1.333333333,0.395341277,18.53846154,0,2.511035676,4.24e-07,-0.33,790.9762378,5.839649417,17.11182001,0.0,0.0,0.0,0.0,0.0,5.261891555,0.0,6.420821623,12.84164325,26.6819412,12.62878915,0.0,26.6819412,0.0,0.0,31.16497206,12.62878915,0.0,0.0,0.0,0.0,0.0,55.20183986,0.0,0.0,26.60019833,5.261891555,3.699074074,0.0,0.0,0.0,5.685286281,6.554297052,2.405416667,0.9,0,0,1,2.04128,0,0,0,0,0,0,2,0,0,1,0,0,0,0,0,0,0,0,0,0,0,0,0,0,0,0,1,1,0,308.15,19,CCCC[N+]1(C)CCCC1.N#C[S-],1.091923301
1.333333333,1.333333333,0.395341277,18.53846154,0,2.511035676,4.24e-07,-0.33,790.9762378,5.839649417,17.11182001,0.0,0.0,0.0,0.0,0.0,5.261891555,0.0,6.420821623,12.84164325,26.6819412,12.62878915,0.0,26.6819412,0.0,0.0,31.16497206,12.62878915,0.0,0.0,0.0,0.0,0.0,55.20183986,0.0,0.0,26.60019833,5.261891555,3.699074074,0.0,0.0,0.0,5.685286281,6.554297052,2.405416667,0.9,0,0,1,2.04128,0,0,0,0,0,0,2,0,0,1,0,0,0,0,0,0,0,0,0,0,0,0,0,0,0,0,1,1,0,318.15,20,CCCC[N+]1(C)CCCC1.N#C[S-],1.121677562
1.333333333,1.333333333,0.395341277,18.53846154,0,2.511035676,4.24e-07,-0.33,790.9762378,5.839649417,17.11182001,0.0,0.0,0.0,0.0,0.0,5.261891555,0.0,6.420821623,12.84164325,26.6819412,12.62878915,0.0,26.6819412,0.0,0.0,31.16497206,12.62878915,0.0,0.0,0.0,0.0,0.0,55.20183986,0.0,0.0,26.60019833,5.261891555,3.699074074,0.0,0.0,0.0,5.685286281,6.554297052,2.405416667,0.9,0,0,1,2.04128,0,0,0,0,0,0,2,0,0,1,0,0,0,0,0,0,0,0,0,0,0,0,0,0,0,0,1,1,0,328.15,21,CCCC[N+]1(C)CCCC1.N#C[S-],1.150572028
1.333333333,1.333333333,0.395341277,18.53846154,0,2.511035676,4.24e-07,-0.33,790.9762378,5.839649417,17.11182001,0.0,0.0,0.0,0.0,0.0,5.261891555,0.0,6.420821623,12.84164325,26.6819412,12.62878915,0.0,26.6819412,0.0,0.0,31.16497206,12.62878915,0.0,0.0,0.0,0.0,0.0,55.20183986,0.0,0.0,26.60019833,5.261891555,3.699074074,0.0,0.0,0.0,5.685286281,6.554297052,2.405416667,0.9,0,0,1,2.04128,0,0,0,0,0,0,2,0,0,1,0,0,0,0,0,0,0,0,0,0,0,0,0,0,0,0,1,1,0,338.15,22,CCCC[N+]1(C)CCCC1.N#C[S-],1.178654996
1.333333333,1.333333333,0.395341277,18.53846154,0,2.511035676,4.24e-07,-0.33,790.9762378,5.839649417,17.11182001,0.0,0.0,0.0,0.0,0.0,5.261891555,0.0,6.420821623,12.84164325,26.6819412,12.62878915,0.0,26.6819412,0.0,0.0,31.16497206,12.62878915,0.0,0.0,0.0,0.0,0.0,55.20183986,0.0,0.0,26.60019833,5.261891555,3.699074074,0.0,0.0,0.0,5.685286281,6.554297052,2.405416667,0.9,0,0,1,2.04128,0,0,0,0,0,0,2,0,0,1,0,0,0,0,0,0,0,0,0,0,0,0,0,0,0,0,1,1,0,348.15,23,CCCC[N+]1(C)CCCC1.N#C[S-],1.196948189
1.333333333,1.333333333,0.395341277,18.53846154,0,2.511035676,4.24e-07,-0.33,790.9762378,5.839649417,17.11182001,0.0,0.0,0.0,0.0,0.0,5.261891555,0.0,6.420821623,12.84164325,26.6819412,12.62878915,0.0,26.6819412,0.0,0.0,31.16497206,12.62878915,0.0,0.0,0.0,0.0,0.0,55.20183986,0.0,0.0,26.60019833,5.261891555,3.699074074,0.0,0.0,0.0,5.685286281,6.554297052,2.405416667,0.9,0,0,1,2.04128,0,0,0,0,0,0,2,0,0,1,0,0,0,0,0,0,0,0,0,0,0,0,0,0,0,0,1,1,0,358.15,24,CCCC[N+]1(C)CCCC1.N#C[S-],1.226712291
1.333333333,1.333333333,0.395341277,18.53846154,0,2.511035676,4.24e-07,-0.33,790.9762378,5.839649417,17.11182001,0.0,0.0,0.0,0.0,0.0,5.261891555,0.0,6.420821623,12.84164325,26.6819412,12.62878915,0.0,26.6819412,0.0,0.0,31.16497206,12.62878915,0.0,0.0,0.0,0.0,0.0,55.20183986,0.0,0.0,26.60019833,5.261891555,3.699074074,0.0,0.0,0.0,5.685286281,6.554297052,2.405416667,0.9,0,0,1,2.04128,0,0,0,0,0,0,2,0,0,1,0,0,0,0,0,0,0,0,0,0,0,0,0,0,0,0,1,1,0,368.15,25,CCCC[N+]1(C)CCCC1.N#C[S-],1.247032294
1.056388889,-5.194444444,0.611029216,10.46666667,0,2.502940386,2.65e-07,-1.53,1399.143676,5.711881507,9.901064579,18.36299243,6.327320075,0.0,6.176298517,0.0,9.134199296,0.0,6.9237372,0.0,13.59242839,5.969305288,7.047671983,0.0,9.673627043,0.0,16.71270345,18.38696557,0.0,0.0,0.0,0.0,6.544756406,0.0,0.0,17.8116152,24.01500049,9.901064579,0.0,8.784722222,-3.006944444,0.0,0.947916667,3.181388889,2.02,0.5,0,0,1,-0.3689,0,0,0,0,1,1,2,0,0,0,0,0,0,0,2,0,0,0,0,0,0,0,0,0,0,0,0,0,0,298.15,26,CC[n+]1ccn(C)c1.O=C([O-])C(F)(F)F,1.467182865
1.056388889,-5.194444444,0.611029216,10.46666667,0,2.502940386,2.65e-07,-1.53,1399.143676,5.711881507,9.901064579,18.36299243,6.327320075,0.0,6.176298517,0.0,9.134199296,0.0,6.9237372,0.0,13.59242839,5.969305288,7.047671983,0.0,9.673627043,0.0,16.71270345,18.38696557,0.0,0.0,0.0,0.0,6.544756406,0.0,0.0,17.8116152,24.01500049,9.901064579,0.0,8.784722222,-3.006944444,0.0,0.947916667,3.181388889,2.02,0.5,0,0,1,-0.3689,0,0,0,0,1,1,2,0,0,0,0,0,0,0,2,0,0,0,0,0,0,0,0,0,0,0,0,0,0,308.15,27,CC[n+]1ccn(C)c1.O=C([O-])C(F)(F)F,1.475449272
1.056388889,-5.194444444,0.611029216,10.46666667,0,2.502940386,2.65e-07,-1.53,1399.143676,5.711881507,9.901064579,18.36299243,6.327320075,0.0,6.176298517,0.0,9.134199296,0.0,6.9237372,0.0,13.59242839,5.969305288,7.047671983,0.0,9.673627043,0.0,16.71270345,18.38696557,0.0,0.0,0.0,0.0,6.544756406,0.0,0.0,17.8116152,24.01500049,9.901064579,0.0,8.784722222,-3.006944444,0.0,0.947916667,3.181388889,2.02,0.5,0,0,1,-0.3689,0,0,0,0,1,1,2,0,0,0,0,0,0,0,2,0,0,0,0,0,0,0,0,0,0,0,0,0,0,318.15,28,CC[n+]1ccn(C)c1.O=C([O-])C(F)(F)F,1.482286127
1.056388889,-5.194444444,0.611029216,10.46666667,0,2.502940386,2.65e-07,-1.53,1399.143676,5.711881507,9.901064579,18.36299243,6.327320075,0.0,6.176298517,0.0,9.134199296,0.0,6.9237372,0.0,13.59242839,5.969305288,7.047671983,0.0,9.673627043,0.0,16.71270345,18.38696557,0.0,0.0,0.0,0.0,6.544756406,0.0,0.0,17.8116152,24.01500049,9.901064579,0.0,8.784722222,-3.006944444,0.0,0.947916667,3.181388889,2.02,0.5,0,0,1,-0.3689,0,0,0,0,1,1,2,0,0,0,0,0,0,0,2,0,0,0,0,0,0,0,0,0,0,0,0,0,0,328.15,29,CC[n+]1ccn(C)c1.O=C([O-])C(F)(F)F,1.489076556
1.056388889,-5.194444444,0.611029216,10.46666667,0,2.502940386,2.65e-07,-1.53,1399.143676,5.711881507,9.901064579,18.36299243,6.327320075,0.0,6.176298517,0.0,9.134199296,0.0,6.9237372,0.0,13.59242839,5.969305288,7.047671983,0.0,9.673627043,0.0,16.71270345,18.38696557,0.0,0.0,0.0,0.0,6.544756406,0.0,0.0,17.8116152,24.01500049,9.901064579,0.0,8.784722222,-3.006944444,0.0,0.947916667,3.181388889,2.02,0.5,0,0,1,-0.3689,0,0,0,0,1,1,2,0,0,0,0,0,0,0,2,0,0,0,0,0,0,0,0,0,0,0,0,0,0,338.15,30,CC[n+]1ccn(C)c1.O=C([O-])C(F)(F)F,1.495597096
1.056388889,-5.194444444,0.611029216,10.46666667,0,2.502940386,2.65e-07,-1.53,1399.143676,5.711881507,9.901064579,18.36299243,6.327320075,0.0,6.176298517,0.0,9.134199296,0.0,6.9237372,0.0,13.59242839,5.969305288,7.047671983,0.0,9.673627043,0.0,16.71270345,18.38696557,0.0,0.0,0.0,0.0,6.544756406,0.0,0.0,17.8116152,24.01500049,9.901064579,0.0,8.784722222,-3.006944444,0.0,0.947916667,3.181388889,2.02,0.5,0,0,1,-0.3689,0,0,0,0,1,1,2,0,0,0,0,0,0,0,2,0,0,0,0,0,0,0,0,0,0,0,0,0,0,348.15,31,CC[n+]1ccn(C)c1.O=C([O-])C(F)(F)F,1.500738496
1.056388889,-5.194444444,0.611029216,10.46666667,0,2.502940386,2.65e-07,-1.53,1399.143676,5.711881507,9.901064579,18.36299243,6.327320075,0.0,6.176298517,0.0,9.134199296,0.0,6.9237372,0.0,13.59242839,5.969305288,7.047671983,0.0,9.673627043,0.0,16.71270345,18.38696557,0.0,0.0,0.0,0.0,6.544756406,0.0,0.0,17.8116152,24.01500049,9.901064579,0.0,8.784722222,-3.006944444,0.0,0.947916667,3.181388889,2.02,0.5,0,0,1,-0.3689,0,0,0,0,1,1,2,0,0,0,0,0,0,0,2,0,0,0,0,0,0,0,0,0,0,0,0,0,0,358.15,32,CC[n+]1ccn(C)c1.O=C([O-])C(F)(F)F,1.504521742
1.056388889,-5.194444444,0.611029216,10.46666667,0,2.502940386,2.65e-07,-1.53,1399.143676,5.711881507,9.901064579,18.36299243,6.327320075,0.0,6.176298517,0.0,9.134199296,0.0,6.9237372,0.0,13.59242839,5.969305288,7.047671983,0.0,9.673627043,0.0,16.71270345,18.38696557,0.0,0.0,0.0,0.0,6.544756406,0.0,0.0,17.8116152,24.01500049,9.901064579,0.0,8.784722222,-3.006944444,0.0,0.947916667,3.181388889,2.02,0.5,0,0,1,-0.3689,0,0,0,0,1,1,2,0,0,0,0,0,0,0,2,0,0,0,0,0,0,0,0,0,0,0,0,0,0,368.15,33,CC[n+]1ccn(C)c1.O=C([O-])C(F)(F)F,1.508511994
1.056388889,1.056388889,0.34500078,7.727272727,0,2.36928622,2.92e-07,-1.08,305.6379224,4.340639308,12.62878915,12.39368714,6.327320075,0.0,0.0,0.0,14.39609085,0.0,6.9237372,0.0,13.59242839,12.62878915,7.047671983,0.0,4.567099648,0.0,4.567099648,26.22121754,0.0,0.0,0.0,0.0,6.544756406,5.401253297,0.0,17.8116152,36.64378964,5.261891555,3.699074074,0.0,0.0,0.0,6.142361111,3.181388889,2.02,0.428571429,0,0,1,0.34688,0,0,0,0,0,0,3,0,0,0,0,0,0,0,2,0,0,0,0,0,0,0,0,0,0,0,0,1,0,298.15,34,CC[n+]1ccn(C)c1.N#C[S-],1.793424749
1.056388889,1.056388889,0.34500078,7.727272727,0,2.36928622,2.92e-07,-1.08,305.6379224,4.340639308,12.62878915,12.39368714,6.327320075,0.0,0.0,0.0,14.39609085,0.0,6.9237372,0.0,13.59242839,12.62878915,7.047671983,0.0,4.567099648,0.0,4.567099648,26.22121754,0.0,0.0,0.0,0.0,6.544756406,5.401253297,0.0,17.8116152,36.64378964,5.261891555,3.699074074,0.0,0.0,0.0,6.142361111,3.181388889,2.02,0.428571429,0,0,1,0.34688,0,0,0,0,0,0,3,0,0,0,0,0,0,0,2,0,0,0,0,0,0,0,0,0,0,0,0,1,0,308.15,35,CC[n+]1ccn(C)c1.N#C[S-],1.798404012
1.056388889,1.056388889,0.34500078,7.727272727,0,2.36928622,2.92e-07,-1.08,305.6379224,4.340639308,12.62878915,12.39368714,6.327320075,0.0,0.0,0.0,14.39609085,0.0,6.9237372,0.0,13.59242839,12.62878915,7.047671983,0.0,4.567099648,0.0,4.567099648,26.22121754,0.0,0.0,0.0,0.0,6.544756406,5.401253297,0.0,17.8116152,36.64378964,5.261891555,3.699074074,0.0,0.0,0.0,6.142361111,3.181388889,2.02,0.428571429,0,0,1,0.34688,0,0,0,0,0,0,3,0,0,0,0,0,0,0,2,0,0,0,0,0,0,0,0,0,0,0,0,1,0,318.15,36,CC[n+]1ccn(C)c1.N#C[S-],1.803358605
1.056388889,1.056388889,0.34500078,7.727272727,0,2.36928622,2.92e-07,-1.08,305.6379224,4.340639308,12.62878915,12.39368714,6.327320075,0.0,0.0,0.0,14.39609085,0.0,6.9237372,0.0,13.59242839,12.62878915,7.047671983,0.0,4.567099648,0.0,4.567099648,26.22121754,0.0,0.0,0.0,0.0,6.544756406,5.401253297,0.0,17.8116152,36.64378964,5.261891555,3.699074074,0.0,0.0,0.0,6.142361111,3.181388889,2.02,0.428571429,0,0,1,0.34688,0,0,0,0,0,0,3,0,0,0,0,0,0,0,2,0,0,0,0,0,0,0,0,0,0,0,0,1,0,328.15,37,CC[n+]1ccn(C)c1.N#C[S-],1.808288771
1.056388889,1.056388889,0.34500078,7.727272727,0,2.36928622,2.92e-07,-1.08,305.6379224,4.340639308,12.62878915,12.39368714,6.327320075,0.0,0.0,0.0,14.39609085,0.0,6.9237372,0.0,13.59242839,12.62878915,7.047671983,0.0,4.567099648,0.0,4.567099648,26.22121754,0.0,0.0,0.0,0.0,6.544756406,5.401253297,0.0,17.8116152,36.64378964,5.261891555,3.699074074,0.0,0.0,0.0,6.142361111,3.181388889,2.02,0.428571429,0,0,1,0.34688,0,0,0,0,0,0,3,0,0,0,0,0,0,0,2,0,0,0,0,0,0,0,0,0,0,0,0,1,0,338.15,38,CC[n+]1ccn(C)c1.N#C[S-],1.811562097
1.056388889,1.056388889,0.34500078,7.727272727,0,2.36928622,2.92e-07,-1.08,305.6379224,4.340639308,12.62878915,12.39368714,6.327320075,0.0,0.0,0.0,14.39609085,0.0,6.9237372,0.0,13.59242839,12.62878915,7.047671983,0.0,4.567099648,0.0,4.567099648,26.22121754,0.0,0.0,0.0,0.0,6.544756406,5.401253297,0.0,17.8116152,36.64378964,5.261891555,3.699074074,0.0,0.0,0.0,6.142361111,3.181388889,2.02,0.428571429,0,0,1,0.34688,0,0,0,0,0,0,3,0,0,0,0,0,0,0,2,0,0,0,0,0,0,0,0,0,0,0,0,1,0,348.15,39,CC[n+]1ccn(C)c1.N#C[S-],1.816452082
1.056388889,1.056388889,0.34500078,7.727272727,0,2.36928622,2.92e-07,-1.08,305.6379224,4.340639308,12.62878915,12.39368714,6.327320075,0.0,0.0,0.0,14.39609085,0.0,6.9237372,0.0,13.59242839,12.62878915,7.047671983,0.0,4.567099648,0.0,4.567099648,26.22121754,0.0,0.0,0.0,0.0,6.544756406,5.401253297,0.0,17.8116152,36.64378964,5.261891555,3.699074074,0.0,0.0,0.0,6.142361111,3.181388889,2.02,0.428571429,0,0,1,0.34688,0,0,0,0,0,0,3,0,0,0,0,0,0,0,2,0,0,0,0,0,0,0,0,0,0,0,0,1,0,358.15,40,CC[n+]1ccn(C)c1.N#C[S-],1.819698838
1.056388889,1.056388889,0.34500078,7.727272727,0,2.36928622,2.92e-07,-1.08,305.6379224,4.340639308,12.62878915,12.39368714,6.327320075,0.0,0.0,0.0,14.39609085,0.0,6.9237372,0.0,13.59242839,12.62878915,7.047671983,0.0,4.567099648,0.0,4.567099648,26.22121754,0.0,0.0,0.0,0.0,6.544756406,5.401253297,0.0,17.8116152,36.64378964,5.261891555,3.699074074,0.0,0.0,0.0,6.142361111,3.181388889,2.02,0.428571429,0,0,1,0.34688,0,0,0,0,0,0,3,0,0,0,0,0,0,0,2,0,0,0,0,0,0,0,0,0,0,0,0,1,0,368.15,41,CC[n+]1ccn(C)c1.N#C[S-],1.824549292
0.75462963,-6.721527778,0.525794007,13.72727273,0,2.273069195,0.0,-0.21,12410.9578,7.873328065,4.127401125,17.25856082,0.0,0.0,11.016661,0.0,16.83559397,0.0,31.66619235,0.0,0.0,30.94156306,0.0,17.25856082,0.0,0.0,45.11081579,30.94156306,0.0,4.127401125,0.0,0.0,15.02238188,17.25856082,0.0,0.0,20.7712116,0.0,0.0,0.0,4.145833333,0.0,0.0,6.821759259,-12.68842593,1.0,0,0,0,2.7237,0,0,0,0,0,0,1,0,0,0,0,0,0,0,0,0,0,0,0,0,0,0,0,0,0,0,0,0,0,298.15,42,CC[S+](CC)CC.O=S(=O)([N-]S(=O)(=O)C(F)(F)F)C(F)(F)F,0.431782416
0.75462963,-6.721527778,0.525794007,13.72727273,0,2.273069195,0.0,-0.21,12410.9578,7.873328065,4.127401125,17.25856082,0.0,0.0,11.016661,0.0,16.83559397,0.0,31.66619235,0.0,0.0,30.94156306,0.0,17.25856082,0.0,0.0,45.11081579,30.94156306,0.0,4.127401125,0.0,0.0,15.02238188,17.25856082,0.0,0.0,20.7712116,0.0,0.0,0.0,4.145833333,0.0,0.0,6.821759259,-12.68842593,1.0,0,0,0,2.7237,0,0,0,0,0,0,1,0,0,0,0,0,0,0,0,0,0,0,0,0,0,0,0,0,0,0,0,0,0,308.15,43,CC[S+](CC)CC.O=S(=O)([N-]S(=O)(=O)C(F)(F)F)C(F)(F)F,0.444685821
0.75462963,-6.721527778,0.525794007,13.72727273,0,2.273069195,0.0,-0.21,12410.9578,7.873328065,4.127401125,17.25856082,0.0,0.0,11.016661,0.0,16.83559397,0.0,31.66619235,0.0,0.0,30.94156306,0.0,17.25856082,0.0,0.0,45.11081579,30.94156306,0.0,4.127401125,0.0,0.0,15.02238188,17.25856082,0.0,0.0,20.7712116,0.0,0.0,0.0,4.145833333,0.0,0.0,6.821759259,-12.68842593,1.0,0,0,0,2.7237,0,0,0,0,0,0,1,0,0,0,0,0,0,0,0,0,0,0,0,0,0,0,0,0,0,0,0,0,0,318.15,44,CC[S+](CC)CC.O=S(=O)([N-]S(=O)(=O)C(F)(F)F)C(F)(F)F,0.457424847
0.75462963,-6.721527778,0.525794007,13.72727273,0,2.273069195,0.0,-0.21,12410.9578,7.873328065,4.127401125,17.25856082,0.0,0.0,11.016661,0.0,16.83559397,0.0,31.66619235,0.0,0.0,30.94156306,0.0,17.25856082,0.0,0.0,45.11081579,30.94156306,0.0,4.127401125,0.0,0.0,15.02238188,17.25856082,0.0,0.0,20.7712116,0.0,0.0,0.0,4.145833333,0.0,0.0,6.821759259,-12.68842593,1.0,0,0,0,2.7237,0,0,0,0,0,0,1,0,0,0,0,0,0,0,0,0,0,0,0,0,0,0,0,0,0,0,0,0,0,328.15,45,CC[S+](CC)CC.O=S(=O)([N-]S(=O)(=O)C(F)(F)F)C(F)(F)F,0.470003629
0.75462963,-6.721527778,0.525794007,13.72727273,0,2.273069195,0.0,-0.21,12410.9578,7.873328065,4.127401125,17.25856082,0.0,0.0,11.016661,0.0,16.83559397,0.0,31.66619235,0.0,0.0,30.94156306,0.0,17.25856082,0.0,0.0,45.11081579,30.94156306,0.0,4.127401125,0.0,0.0,15.02238188,17.25856082,0.0,0.0,20.7712116,0.0,0.0,0.0,4.145833333,0.0,0.0,6.821759259,-12.68842593,1.0,0,0,0,2.7237,0,0,0,0,0,0,1,0,0,0,0,0,0,0,0,0,0,0,0,0,0,0,0,0,0,0,0,0,0,338.15,46,CC[S+](CC)CC.O=S(=O)([N-]S(=O)(=O)C(F)(F)F)C(F)(F)F,0.482426149
0.75462963,-6.721527778,0.525794007,13.72727273,0,2.273069195,0.0,-0.21,12410.9578,7.873328065,4.127401125,17.25856082,0.0,0.0,11.016661,0.0,16.83559397,0.0,31.66619235,0.0,0.0,30.94156306,0.0,17.25856082,0.0,0.0,45.11081579,30.94156306,0.0,4.127401125,0.0,0.0,15.02238188,17.25856082,0.0,0.0,20.7712116,0.0,0.0,0.0,4.145833333,0.0,0.0,6.821759259,-12.68842593,1.0,0,0,0,2.7237,0,0,0,0,0,0,1,0,0,0,0,0,0,0,0,0,0,0,0,0,0,0,0,0,0,0,0,0,0,348.15,47,CC[S+](CC)CC.O=S(=O)([N-]S(=O)(=O)C(F)(F)F)C(F)(F)F,0.488580015
0.75462963,-6.721527778,0.525794007,13.72727273,0,2.273069195,0.0,-0.21,12410.9578,7.873328065,4.127401125,17.25856082,0.0,0.0,11.016661,0.0,16.83559397,0.0,31.66619235,0.0,0.0,30.94156306,0.0,17.25856082,0.0,0.0,45.11081579,30.94156306,0.0,4.127401125,0.0,0.0,15.02238188,17.25856082,0.0,0.0,20.7712116,0.0,0.0,0.0,4.145833333,0.0,0.0,6.821759259,-12.68842593,1.0,0,0,0,2.7237,0,0,0,0,0,0,1,0,0,0,0,0,0,0,0,0,0,0,0,0,0,0,0,0,0,0,0,0,0,358.15,48,CC[S+](CC)CC.O=S(=O)([N-]S(=O)(=O)C(F)(F)F)C(F)(F)F,0.500775288
0.75462963,-6.721527778,0.525794007,13.72727273,0,2.273069195,0.0,-0.21,12410.9578,7.873328065,4.127401125,17.25856082,0.0,0.0,11.016661,0.0,16.83559397,0.0,31.66619235,0.0,0.0,30.94156306,0.0,17.25856082,0.0,0.0,45.11081579,30.94156306,0.0,4.127401125,0.0,0.0,15.02238188,17.25856082,0.0,0.0,20.7712116,0.0,0.0,0.0,4.145833333,0.0,0.0,6.821759259,-12.68842593,1.0,0,0,0,2.7237,0,0,0,0,0,0,1,0,0,0,0,0,0,0,0,0,0,0,0,0,0,0,0,0,0,0,0,0,0,368.15,49,CC[S+](CC)CC.O=S(=O)([N-]S(=O)(=O)C(F)(F)F)C(F)(F)F,0.506817602
0.673576389,-6.721527778,0.309362262,13.10344828,0,2.934841035,5.41e-07,-1.39,608119.6064,10.27208057,8.864264079,12.39368714,6.327320075,0.0,11.016661,0.0,25.96979326,0.0,6.420821623,0.0,13.65455395,20.04658231,7.047671983,6.606881965,4.567099648,0.0,39.02623658,38.56193399,0.0,4.127401125,0.0,6.730816747,10.73428309,25.68328649,0.0,34.9028785,6.9237372,4.736862954,0.0,0.0,0.0,0.0,11.1299542,3.77335034,-11.43140057,0.769230769,0,0,1,2.9263,0,0,0,0,0,0,3,0,0,0,0,0,0,0,1,0,0,1,0,0,0,0,0,0,0,0,0,0,4,298.15,50,CCCCCCOC[n+]1ccn(C)c1.O=S(=O)([N-]S(=O)(=O)C(F)(F)F)C(F)(F)F,0.049742092
0.673576389,-6.721527778,0.309362262,13.10344828,0,2.934841035,5.41e-07,-1.39,608119.6064,10.27208057,8.864264079,12.39368714,6.327320075,0.0,11.016661,0.0,25.96979326,0.0,6.420821623,0.0,13.65455395,20.04658231,7.047671983,6.606881965,4.567099648,0.0,39.02623658,38.56193399,0.0,4.127401125,0.0,6.730816747,10.73428309,25.68328649,0.0,34.9028785,6.9237372,4.736862954,0.0,0.0,0.0,0.0,11.1299542,3.77335034,-11.43140057,0.769230769,0,0,1,2.9263,0,0,0,0,0,0,3,0,0,0,0,0,0,0,1,0,0,1,0,0,0,0,0,0,0,0,0,0,4,308.15,51,CCCCCCOC[n+]1ccn(C)c1.O=S(=O)([N-]S(=O)(=O)C(F)(F)F)C(F)(F)F,0.058268908
0.673576389,-6.721527778,0.309362262,13.10344828,0,2.934841035,5.41e-07,-1.39,608119.6064,10.27208057,8.864264079,12.39368714,6.327320075,0.0,11.016661,0.0,25.96979326,0.0,6.420821623,0.0,13.65455395,20.04658231,7.047671983,6.606881965,4.567099648,0.0,39.02623658,38.56193399,0.0,4.127401125,0.0,6.730816747,10.73428309,25.68328649,0.0,34.9028785,6.9237372,4.736862954,0.0,0.0,0.0,0.0,11.1299542,3.77335034,-11.43140057,0.769230769,0,0,1,2.9263,0,0,0,0,0,0,3,0,0,0,0,0,0,0,1,0,0,1,0,0,0,0,0,0,0,0,0,0,4,318.15,52,CCCCCCOC[n+]1ccn(C)c1.O=S(=O)([N-]S(=O)(=O)C(F)(F)F)C(F)(F)F,0.067658648
0.673576389,-6.721527778,0.309362262,13.10344828,0,2.934841035,5.41e-07,-1.39,608119.6064,10.27208057,8.864264079,12.39368714,6.327320075,0.0,11.016661,0.0,25.96979326,0.0,6.420821623,0.0,13.65455395,20.04658231,7.047671983,6.606881965,4.567099648,0.0,39.02623658,38.56193399,0.0,4.127401125,0.0,6.730816747,10.73428309,25.68328649,0.0,34.9028785,6.9237372,4.736862954,0.0,0.0,0.0,0.0,11.1299542,3.77335034,-11.43140057,0.769230769,0,0,1,2.9263,0,0,0,0,0,0,3,0,0,0,0,0,0,0,1,0,0,1,0,0,0,0,0,0,0,0,0,0,4,328.15,53,CCCCCCOC[n+]1ccn(C)c1.O=S(=O)([N-]S(=O)(=O)C(F)(F)F)C(F)(F)F,0.076961041
0.673576389,-6.721527778,0.309362262,13.10344828,0,2.934841035,5.41e-07,-1.39,608119.6064,10.27208057,8.864264079,12.39368714,6.327320075,0.0,11.016661,0.0,25.96979326,0.0,6.420821623,0.0,13.65455395,20.04658231,7.047671983,6.606881965,4.567099648,0.0,39.02623658,38.56193399,0.0,4.127401125,0.0,6.730816747,10.73428309,25.68328649,0.0,34.9028785,6.9237372,4.736862954,0.0,0.0,0.0,0.0,11.1299542,3.77335034,-11.43140057,0.769230769,0,0,1,2.9263,0,0,0,0,0,0,3,0,0,0,0,0,0,0,1,0,0,1,0,0,0,0,0,0,0,0,0,0,4,338.15,54,CCCCCCOC[n+]1ccn(C)c1.O=S(=O)([N-]S(=O)(=O)C(F)(F)F)C(F)(F)F,0.083421608
0.673576389,-6.721527778,0.309362262,13.10344828,0,2.934841035,5.41e-07,-1.39,608119.6064,10.27208057,8.864264079,12.39368714,6.327320075,0.0,11.016661,0.0,25.96979326,0.0,6.420821623,0.0,13.65455395,20.04658231,7.047671983,6.606881965,4.567099648,0.0,39.02623658,38.56193399,0.0,4.127401125,0.0,6.730816747,10.73428309,25.68328649,0.0,34.9028785,6.9237372,4.736862954,0.0,0.0,0.0,0.0,11.1299542,3.77335034,-11.43140057,0.769230769,0,0,1,2.9263,0,0,0,0,0,0,3,0,0,0,0,0,0,0,1,0,0,1,0,0,0,0,0,0,0,0,0,0,4,348.15,55,CCCCCCOC[n+]1ccn(C)c1.O=S(=O)([N-]S(=O)(=O)C(F)(F)F)C(F)(F)F,0.091667189
0.673576389,-6.721527778,0.309362262,13.10344828,0,2.934841035,5.41e-07,-1.39,608119.6064,10.27208057,8.864264079,12.39368714,6.327320075,0.0,11.016661,0.0,25.96979326,0.0,6.420821623,0.0,13.65455395,20.04658231,7.047671983,6.606881965,4.567099648,0.0,39.02623658,38.56193399,0.0,4.127401125,0.0,6.730816747,10.73428309,25.68328649,0.0,34.9028785,6.9237372,4.736862954,0.0,0.0,0.0,0.0,11.1299542,3.77335034,-11.43140057,0.769230769,0,0,1,2.9263,0,0,0,0,0,0,3,0,0,0,0,0,0,0,1,0,0,1,0,0,0,0,0,0,0,0,0,0,4,358.15,56,CCCCCCOC[n+]1ccn(C)c1.O=S(=O)([N-]S(=O)(=O)C(F)(F)F)C(F)(F)F,0.09803374
0.673576389,-6.721527778,0.309362262,13.10344828,0,2.934841035,5.41e-07,-1.39,608119.6064,10.27208057,8.864264079,12.39368714,6.327320075,0.0,11.016661,0.0,25.96979326,0.0,6.420821623,0.0,13.65455395,20.04658231,7.047671983,6.606881965,4.567099648,0.0,39.02623658,38.56193399,0.0,4.127401125,0.0,6.730816747,10.73428309,25.68328649,0.0,34.9028785,6.9237372,4.736862954,0.0,0.0,0.0,0.0,11.1299542,3.77335034,-11.43140057,0.769230769,0,0,1,2.9263,0,0,0,0,0,0,3,0,0,0,0,0,0,0,1,0,0,1,0,0,0,0,0,0,0,0,0,0,4,368.15,57,CCCCCCOC[n+]1ccn(C)c1.O=S(=O)([N-]S(=O)(=O)C(F)(F)F)C(F)(F)F,0.105260511
1.1675,1.1675,0.331753064,8.866666667,0,2.604446515,5.83e-07,-1.08,2265.868468,7.951138526,12.62878915,12.39368714,6.327320075,0.0,0.0,0.0,14.39609085,0.0,12.84164325,0.0,13.59242839,12.62878915,7.047671983,0.0,4.567099648,0.0,4.567099648,26.22121754,0.0,0.0,0.0,0.0,0.0,37.62929619,0.0,0.0,54.45540484,5.261891555,3.699074074,0.0,0.0,0.0,11.69987733,3.413194444,2.05807831,0.636363636,0,0,1,1.90728,0,0,0,0,0,0,3,0,0,0,0,0,0,0,2,0,0,0,0,0,0,0,0,0,0,0,0,1,2,298.15,58,CCCCCC[n+]1ccn(C)c1.N#C[S-],1.026041596
1.1675,1.1675,0.331753064,8.866666667,0,2.604446515,5.83e-07,-1.08,2265.868468,7.951138526,12.62878915,12.39368714,6.327320075,0.0,0.0,0.0,14.39609085,0.0,12.84164325,0.0,13.59242839,12.62878915,7.047671983,0.0,4.567099648,0.0,4.567099648,26.22121754,0.0,0.0,0.0,0.0,0.0,37.62929619,0.0,0.0,54.45540484,5.261891555,3.699074074,0.0,0.0,0.0,11.69987733,3.413194444,2.05807831,0.636363636,0,0,1,1.90728,0,0,0,0,0,0,3,0,0,0,0,0,0,0,2,0,0,0,0,0,0,0,0,0,0,0,0,1,2,308.15,59,CCCCCC[n+]1ccn(C)c1.N#C[S-],1.047318994
1.1675,1.1675,0.331753064,8.866666667,0,2.604446515,5.83e-07,-1.08,2265.868468,7.951138526,12.62878915,12.39368714,6.327320075,0.0,0.0,0.0,14.39609085,0.0,12.84164325,0.0,13.59242839,12.62878915,7.047671983,0.0,4.567099648,0.0,4.567099648,26.22121754,0.0,0.0,0.0,0.0,0.0,37.62929619,0.0,0.0,54.45540484,5.261891555,3.699074074,0.0,0.0,0.0,11.69987733,3.413194444,2.05807831,0.636363636,0,0,1,1.90728,0,0,0,0,0,0,3,0,0,0,0,0,0,0,2,0,0,0,0,0,0,0,0,0,0,0,0,1,2,318.15,60,CCCCCC[n+]1ccn(C)c1.N#C[S-],1.068153081
1.1675,1.1675,0.331753064,8.866666667,0,2.604446515,5.83e-07,-1.08,2265.868468,7.951138526,12.62878915,12.39368714,6.327320075,0.0,0.0,0.0,14.39609085,0.0,12.84164325,0.0,13.59242839,12.62878915,7.047671983,0.0,4.567099648,0.0,4.567099648,26.22121754,0.0,0.0,0.0,0.0,0.0,37.62929619,0.0,0.0,54.45540484,5.261891555,3.699074074,0.0,0.0,0.0,11.69987733,3.413194444,2.05807831,0.636363636,0,0,1,1.90728,0,0,0,0,0,0,3,0,0,0,0,0,0,0,2,0,0,0,0,0,0,0,0,0,0,0,0,1,2,328.15,61,CCCCCC[n+]1ccn(C)c1.N#C[S-],1.088561953
1.1675,1.1675,0.331753064,8.866666667,0,2.604446515,5.83e-07,-1.08,2265.868468,7.951138526,12.62878915,12.39368714,6.327320075,0.0,0.0,0.0,14.39609085,0.0,12.84164325,0.0,13.59242839,12.62878915,7.047671983,0.0,4.567099648,0.0,4.567099648,26.22121754,0.0,0.0,0.0,0.0,0.0,37.62929619,0.0,0.0,54.45540484,5.261891555,3.699074074,0.0,0.0,0.0,11.69987733,3.413194444,2.05807831,0.636363636,0,0,1,1.90728,0,0,0,0,0,0,3,0,0,0,0,0,0,0,2,0,0,0,0,0,0,0,0,0,0,0,0,1,2,338.15,62,CCCCCC[n+]1ccn(C)c1.N#C[S-],1.10856262
1.1675,1.1675,0.331753064,8.866666667,0,2.604446515,5.83e-07,-1.08,2265.868468,7.951138526,12.62878915,12.39368714,6.327320075,0.0,0.0,0.0,14.39609085,0.0,12.84164325,0.0,13.59242839,12.62878915,7.047671983,0.0,4.567099648,0.0,4.567099648,26.22121754,0.0,0.0,0.0,0.0,0.0,37.62929619,0.0,0.0,54.45540484,5.261891555,3.699074074,0.0,0.0,0.0,11.69987733,3.413194444,2.05807831,0.636363636,0,0,1,1.90728,0,0,0,0,0,0,3,0,0,0,0,0,0,0,2,0,0,0,0,0,0,0,0,0,0,0,0,1,2,348.15,63,CCCCCC[n+]1ccn(C)c1.N#C[S-],1.124929597
1.1675,1.1675,0.331753064,8.866666667,0,2.604446515,5.83e-07,-1.08,2265.868468,7.951138526,12.62878915,12.39368714,6.327320075,0.0,0.0,0.0,14.39609085,0.0,12.84164325,0.0,13.59242839,12.62878915,7.047671983,0.0,4.567099648,0.0,4.567099648,26.22121754,0.0,0.0,0.0,0.0,0.0,37.62929619,0.0,0.0,54.45540484,5.261891555,3.699074074,0.0,0.0,0.0,11.69987733,3.413194444,2.05807831,0.636363636,0,0,1,1.90728,0,0,0,0,0,0,3,0,0,0,0,0,0,0,2,0,0,0,0,0,0,0,0,0,0,0,0,1,2,358.15,64,CCCCCC[n+]1ccn(C)c1.N#C[S-],1.1442228
1.1675,1.1675,0.331753064,8.866666667,0,2.604446515,5.83e-07,-1.08,2265.868468,7.951138526,12.62878915,12.39368714,6.327320075,0.0,0.0,0.0,14.39609085,0.0,12.84164325,0.0,13.59242839,12.62878915,7.047671983,0.0,4.567099648,0.0,4.567099648,26.22121754,0.0,0.0,0.0,0.0,0.0,37.62929619,0.0,0.0,54.45540484,5.261891555,3.699074074,0.0,0.0,0.0,11.69987733,3.413194444,2.05807831,0.636363636,0,0,1,1.90728,0,0,0,0,0,0,3,0,0,0,0,0,0,0,2,0,0,0,0,0,0,0,0,0,0,0,0,1,2,368.15,65,CCCCCC[n+]1ccn(C)c1.N#C[S-],1.156881197
0.6966063,-6.0,0.037982827,12.0,0,2.865344452,0.0,0.214935065,66513226.43,34.24254798,17.26263557,0.0,0.0,0.0,7.254408353,0.0,0.0,0.0,51.36657298,7.262479191,24.64764011,14.51688754,0.0,24.64764011,0.0,7.262479191,31.90204846,0.0,0.0,0.0,0.0,0.0,0.0,128.4164325,50.3309266,0.0,27.6949488,0.0,0.0,0.0,0.0,0.0,42.08897022,9.413191634,-6.6966063,1.0,0,0,0,13.746,0,0,0,0,0,0,0,0,0,0,0,0,0,0,0,0,0,0,0,0,0,0,0,0,0,0,0,0,16,313.15,66,CCCCCCCCCCCCCC[P+](CCCCCC)(CCCCCC)CCCCCC.F[B-](F)(F)F,-0.642454066
0.6966063,-6.0,0.037982827,12.0,0,2.865344452,0.0,0.214935065,66513226.43,34.24254798,17.26263557,0.0,0.0,0.0,7.254408353,0.0,0.0,0.0,51.36657298,7.262479191,24.64764011,14.51688754,0.0,24.64764011,0.0,7.262479191,31.90204846,0.0,0.0,0.0,0.0,0.0,0.0,128.4164325,50.3309266,0.0,27.6949488,0.0,0.0,0.0,0.0,0.0,42.08897022,9.413191634,-6.6966063,1.0,0,0,0,13.746,0,0,0,0,0,0,0,0,0,0,0,0,0,0,0,0,0,0,0,0,0,0,0,0,0,0,0,0,16,333.15,67,CCCCCCCCCCCCCC[P+](CCCCCC)(CCCCCC)CCCCCC.F[B-](F)(F)F,-0.632993258
0.6966063,-6.0,0.037982827,12.0,0,2.865344452,0.0,0.214935065,66513226.43,34.24254798,17.26263557,0.0,0.0,0.0,7.254408353,0.0,0.0,0.0,51.36657298,7.262479191,24.64764011,14.51688754,0.0,24.64764011,0.0,7.262479191,31.90204846,0.0,0.0,0.0,0.0,0.0,0.0,128.4164325,50.3309266,0.0,27.6949488,0.0,0.0,0.0,0.0,0.0,42.08897022,9.413191634,-6.6966063,1.0,0,0,0,13.746,0,0,0,0,0,0,0,0,0,0,0,0,0,0,0,0,0,0,0,0,0,0,0,0,0,0,0,0,16,353.15,68,CCCCCCCCCCCCCC[P+](CCCCCC)(CCCCCC)CCCCCC.F[B-](F)(F)F,-0.579818495
0.6966063,-6.0,0.037982827,12.0,0,2.865344452,0.0,0.214935065,66513226.43,34.24254798,17.26263557,0.0,0.0,0.0,7.254408353,0.0,0.0,0.0,51.36657298,7.262479191,24.64764011,14.51688754,0.0,24.64764011,0.0,7.262479191,31.90204846,0.0,0.0,0.0,0.0,0.0,0.0,128.4164325,50.3309266,0.0,27.6949488,0.0,0.0,0.0,0.0,0.0,42.08897022,9.413191634,-6.6966063,1.0,0,0,0,13.746,0,0,0,0,0,0,0,0,0,0,0,0,0,0,0,0,0,0,0,0,0,0,0,0,0,0,0,0,16,373.15,69,CCCCCCCCCCCCCC[P+](CCCCCC)(CCCCCC)CCCCCC.F[B-](F)(F)F,-0.555125883
0.634548611,-6.721527778,0.15638459,12.88888889,0,3.18725433,7.23e-07,-1.43,20056275.96,14.34500221,13.60112703,12.39368714,6.327320075,0.0,11.016661,0.0,25.96979326,0.0,12.84164325,0.0,13.21376393,20.04658231,0.0,13.21376393,4.567099648,0.0,45.63311855,42.98194171,0.0,4.127401125,0.0,13.46163349,30.1828083,38.52492974,0.0,18.72100722,22.98167369,9.473725908,0.0,0.0,0.0,0.0,16.14102788,7.430643575,-13.44305556,0.842105263,0,0,1,4.9437,0,0,0,0,0,0,3,0,0,0,0,0,0,0,0,0,0,2,0,0,0,0,0,0,0,0,0,0,8,308.15,70,CCCCCCOCn1cc[n+](COCCCCCC)c1.O=S(=O)([N-]S(=O)(=O)C(F)(F)F)C(F)(F)F,-0.297059234
0.634548611,-6.721527778,0.15638459,12.88888889,0,3.18725433,7.23e-07,-1.43,20056275.96,14.34500221,13.60112703,12.39368714,6.327320075,0.0,11.016661,0.0,25.96979326,0.0,12.84164325,0.0,13.21376393,20.04658231,0.0,13.21376393,4.567099648,0.0,45.63311855,42.98194171,0.0,4.127401125,0.0,13.46163349,30.1828083,38.52492974,0.0,18.72100722,22.98167369,9.473725908,0.0,0.0,0.0,0.0,16.14102788,7.430643575,-13.44305556,0.842105263,0,0,1,4.9437,0,0,0,0,0,0,3,0,0,0,0,0,0,0,0,0,0,2,0,0,0,0,0,0,0,0,0,0,8,318.15,71,CCCCCCOCn1cc[n+](COCCCCCC)c1.O=S(=O)([N-]S(=O)(=O)C(F)(F)F)C(F)(F)F,-0.293029679
0.634548611,-6.721527778,0.15638459,12.88888889,0,3.18725433,7.23e-07,-1.43,20056275.96,14.34500221,13.60112703,12.39368714,6.327320075,0.0,11.016661,0.0,25.96979326,0.0,12.84164325,0.0,13.21376393,20.04658231,0.0,13.21376393,4.567099648,0.0,45.63311855,42.98194171,0.0,4.127401125,0.0,13.46163349,30.1828083,38.52492974,0.0,18.72100722,22.98167369,9.473725908,0.0,0.0,0.0,0.0,16.14102788,7.430643575,-13.44305556,0.842105263,0,0,1,4.9437,0,0,0,0,0,0,3,0,0,0,0,0,0,0,0,0,0,2,0,0,0,0,0,0,0,0,0,0,8,328.15,72,CCCCCCOCn1cc[n+](COCCCCCC)c1.O=S(=O)([N-]S(=O)(=O)C(F)(F)F)C(F)(F)F,-0.289016295
0.634548611,-6.721527778,0.15638459,12.88888889,0,3.18725433,7.23e-07,-1.43,20056275.96,14.34500221,13.60112703,12.39368714,6.327320075,0.0,11.016661,0.0,25.96979326,0.0,12.84164325,0.0,13.21376393,20.04658231,0.0,13.21376393,4.567099648,0.0,45.63311855,42.98194171,0.0,4.127401125,0.0,13.46163349,30.1828083,38.52492974,0.0,18.72100722,22.98167369,9.473725908,0.0,0.0,0.0,0.0,16.14102788,7.430643575,-13.44305556,0.842105263,0,0,1,4.9437,0,0,0,0,0,0,3,0,0,0,0,0,0,0,0,0,0,2,0,0,0,0,0,0,0,0,0,0,8,338.15,73,CCCCCCOCn1cc[n+](COCCCCCC)c1.O=S(=O)([N-]S(=O)(=O)C(F)(F)F)C(F)(F)F,-0.283690051
0.634548611,-6.721527778,0.15638459,12.88888889,0,3.18725433,7.23e-07,-1.43,20056275.96,14.34500221,13.60112703,12.39368714,6.327320075,0.0,11.016661,0.0,25.96979326,0.0,12.84164325,0.0,13.21376393,20.04658231,0.0,13.21376393,4.567099648,0.0,45.63311855,42.98194171,0.0,4.127401125,0.0,13.46163349,30.1828083,38.52492974,0.0,18.72100722,22.98167369,9.473725908,0.0,0.0,0.0,0.0,16.14102788,7.430643575,-13.44305556,0.842105263,0,0,1,4.9437,0,0,0,0,0,0,3,0,0,0,0,0,0,0,0,0,0,2,0,0,0,0,0,0,0,0,0,0,8,348.15,74,CCCCCCOCn1cc[n+](COCCCCCC)c1.O=S(=O)([N-]S(=O)(=O)C(F)(F)F)C(F)(F)F,-0.279713903
0.634548611,-6.721527778,0.15638459,12.88888889,0,3.18725433,7.23e-07,-1.43,20056275.96,14.34500221,13.60112703,12.39368714,6.327320075,0.0,11.016661,0.0,25.96979326,0.0,12.84164325,0.0,13.21376393,20.04658231,0.0,13.21376393,4.567099648,0.0,45.63311855,42.98194171,0.0,4.127401125,0.0,13.46163349,30.1828083,38.52492974,0.0,18.72100722,22.98167369,9.473725908,0.0,0.0,0.0,0.0,16.14102788,7.430643575,-13.44305556,0.842105263,0,0,1,4.9437,0,0,0,0,0,0,3,0,0,0,0,0,0,0,0,0,0,2,0,0,0,0,0,0,0,0,0,0,8,358.15,75,CCCCCCOCn1cc[n+](COCCCCCC)c1.O=S(=O)([N-]S(=O)(=O)C(F)(F)F)C(F)(F)F,-0.277071893
0.634548611,-6.721527778,0.15638459,12.88888889,0,3.18725433,7.23e-07,-1.43,20056275.96,14.34500221,13.60112703,12.39368714,6.327320075,0.0,11.016661,0.0,25.96979326,0.0,12.84164325,0.0,13.21376393,20.04658231,0.0,13.21376393,4.567099648,0.0,45.63311855,42.98194171,0.0,4.127401125,0.0,13.46163349,30.1828083,38.52492974,0.0,18.72100722,22.98167369,9.473725908,0.0,0.0,0.0,0.0,16.14102788,7.430643575,-13.44305556,0.842105263,0,0,1,4.9437,0,0,0,0,0,0,3,0,0,0,0,0,0,0,0,0,0,2,0,0,0,0,0,0,0,0,0,0,8,368.15,76,CCCCCCOCn1cc[n+](COCCCCCC)c1.O=S(=O)([N-]S(=O)(=O)C(F)(F)F)C(F)(F)F,-0.273121921
1.150138889,-1.75,0.413459461,9.0,0,2.466584845,3.64e-07,-1.59,1095.163671,7.080414577,15.32157129,12.39368714,6.327320075,0.0,0.0,0.0,9.134199296,0.0,6.420821623,0.0,18.67904743,0.0,7.047671983,0.0,4.567099648,0.0,9.653718691,13.59242839,0.0,0.0,0.0,0.0,6.544756406,12.84164325,0.0,7.047671983,34.77894371,15.32157129,0.0,8.25,0.0,0.0,8.817018141,3.361944444,2.044092971,0.625,0,0,1,0.8736,0,0,0,0,0,0,3,0,0,0,0,0,0,0,2,0,0,0,0,0,0,0,0,0,0,0,0,0,0,303.15,77,CCCC[n+]1ccn(C)c1.O=[N+]([O-])[O-],1.127847414
1.150138889,-1.75,0.413459461,9.0,0,2.466584845,3.64e-07,-1.59,1095.163671,7.080414577,15.32157129,12.39368714,6.327320075,0.0,0.0,0.0,9.134199296,0.0,6.420821623,0.0,18.67904743,0.0,7.047671983,0.0,4.567099648,0.0,9.653718691,13.59242839,0.0,0.0,0.0,0.0,6.544756406,12.84164325,0.0,7.047671983,34.77894371,15.32157129,0.0,8.25,0.0,0.0,8.817018141,3.361944444,2.044092971,0.625,0,0,1,0.8736,0,0,0,0,0,0,3,0,0,0,0,0,0,0,2,0,0,0,0,0,0,0,0,0,0,0,0,0,0,313.15,78,CCCC[n+]1ccn(C)c1.O=[N+]([O-])[O-],1.146767331
1.150138889,-1.75,0.413459461,9.0,0,2.466584845,3.64e-07,-1.59,1095.163671,7.080414577,15.32157129,12.39368714,6.327320075,0.0,0.0,0.0,9.134199296,0.0,6.420821623,0.0,18.67904743,0.0,7.047671983,0.0,4.567099648,0.0,9.653718691,13.59242839,0.0,0.0,0.0,0.0,6.544756406,12.84164325,0.0,7.047671983,34.77894371,15.32157129,0.0,8.25,0.0,0.0,8.817018141,3.361944444,2.044092971,0.625,0,0,1,0.8736,0,0,0,0,0,0,3,0,0,0,0,0,0,0,2,0,0,0,0,0,0,0,0,0,0,0,0,0,0,323.15,79,CCCC[n+]1ccn(C)c1.O=[N+]([O-])[O-],1.160960914
1.150138889,-1.75,0.413459461,9.0,0,2.466584845,3.64e-07,-1.59,1095.163671,7.080414577,15.32157129,12.39368714,6.327320075,0.0,0.0,0.0,9.134199296,0.0,6.420821623,0.0,18.67904743,0.0,7.047671983,0.0,4.567099648,0.0,9.653718691,13.59242839,0.0,0.0,0.0,0.0,6.544756406,12.84164325,0.0,7.047671983,34.77894371,15.32157129,0.0,8.25,0.0,0.0,8.817018141,3.361944444,2.044092971,0.625,0,0,1,0.8736,0,0,0,0,0,0,3,0,0,0,0,0,0,0,2,0,0,0,0,0,0,0,0,0,0,0,0,0,0,333.15,80,CCCC[n+]1ccn(C)c1.O=[N+]([O-])[O-],1.176190423
1.150138889,-1.75,0.413459461,9.0,0,2.466584845,3.64e-07,-1.59,1095.163671,7.080414577,15.32157129,12.39368714,6.327320075,0.0,0.0,0.0,9.134199296,0.0,6.420821623,0.0,18.67904743,0.0,7.047671983,0.0,4.567099648,0.0,9.653718691,13.59242839,0.0,0.0,0.0,0.0,6.544756406,12.84164325,0.0,7.047671983,34.77894371,15.32157129,0.0,8.25,0.0,0.0,8.817018141,3.361944444,2.044092971,0.625,0,0,1,0.8736,0,0,0,0,0,0,3,0,0,0,0,0,0,0,2,0,0,0,0,0,0,0,0,0,0,0,0,0,0,343.15,81,CCCC[n+]1ccn(C)c1.O=[N+]([O-])[O-],1.19119147
1.150138889,-1.75,0.413459461,9.0,0,2.466584845,3.64e-07,-1.59,1095.163671,7.080414577,15.32157129,12.39368714,6.327320075,0.0,0.0,0.0,9.134199296,0.0,6.420821623,0.0,18.67904743,0.0,7.047671983,0.0,4.567099648,0.0,9.653718691,13.59242839,0.0,0.0,0.0,0.0,6.544756406,12.84164325,0.0,7.047671983,34.77894371,15.32157129,0.0,8.25,0.0,0.0,8.817018141,3.361944444,2.044092971,0.625,0,0,1,0.8736,0,0,0,0,0,0,3,0,0,0,0,0,0,0,2,0,0,0,0,0,0,0,0,0,0,0,0,0,0,353.15,82,CCCC[n+]1ccn(C)c1.O=[N+]([O-])[O-],1.204172784
1.150138889,-1.75,0.413459461,9.0,0,2.466584845,3.64e-07,-1.59,1095.163671,7.080414577,15.32157129,12.39368714,6.327320075,0.0,0.0,0.0,9.134199296,0.0,6.420821623,0.0,18.67904743,0.0,7.047671983,0.0,4.567099648,0.0,9.653718691,13.59242839,0.0,0.0,0.0,0.0,6.544756406,12.84164325,0.0,7.047671983,34.77894371,15.32157129,0.0,8.25,0.0,0.0,8.817018141,3.361944444,2.044092971,0.625,0,0,1,0.8736,0,0,0,0,0,0,3,0,0,0,0,0,0,0,2,0,0,0,0,0,0,0,0,0,0,0,0,0,0,363.15,83,CCCC[n+]1ccn(C)c1.O=[N+]([O-])[O-],1.213725096
1.150138889,-6.090277778,0.476113751,11.88888889,0,2.588571201,3.31e-07,-1.09,4884.633856,6.59817512,4.552749874,12.39368714,6.327320075,0.0,5.508330501,0.0,17.55199628,0.0,6.420821623,0.0,13.59242839,10.11812686,7.047671983,0.0,4.567099648,0.0,23.04597701,23.71055525,0.0,0.0,0.0,0.0,6.544756406,12.84164325,0.0,7.047671983,34.77894371,12.97054686,0.0,0.0,0.0,0.0,8.817018141,3.361944444,-4.046184807,0.666666667,0,0,1,1.1641,0,0,0,0,0,0,2,0,0,0,0,0,0,0,2,0,0,0,0,0,0,0,0,0,0,0,0,0,0,303.15,84,CCCC[n+]1ccn(C)c1.O=S(=O)([O-])C(F)(F)F,1.001734214
1.150138889,-6.090277778,0.476113751,11.88888889,0,2.588571201,3.31e-07,-1.09,4884.633856,6.59817512,4.552749874,12.39368714,6.327320075,0.0,5.508330501,0.0,17.55199628,0.0,6.420821623,0.0,13.59242839,10.11812686,7.047671983,0.0,4.567099648,0.0,23.04597701,23.71055525,0.0,0.0,0.0,0.0,6.544756406,12.84164325,0.0,7.047671983,34.77894371,12.97054686,0.0,0.0,0.0,0.0,8.817018141,3.361944444,-4.046184807,0.666666667,0,0,1,1.1641,0,0,0,0,0,0,2,0,0,0,0,0,0,0,2,0,0,0,0,0,0,0,0,0,0,0,0,0,0,313.15,85,CCCC[n+]1ccn(C)c1.O=S(=O)([O-])C(F)(F)F,1.011237209
1.150138889,-6.090277778,0.476113751,11.88888889,0,2.588571201,3.31e-07,-1.09,4884.633856,6.59817512,4.552749874,12.39368714,6.327320075,0.0,5.508330501,0.0,17.55199628,0.0,6.420821623,0.0,13.59242839,10.11812686,7.047671983,0.0,4.567099648,0.0,23.04597701,23.71055525,0.0,0.0,0.0,0.0,6.544756406,12.84164325,0.0,7.047671983,34.77894371,12.97054686,0.0,0.0,0.0,0.0,8.817018141,3.361944444,-4.046184807,0.666666667,0,0,1,1.1641,0,0,0,0,0,0,2,0,0,0,0,0,0,0,2,0,0,0,0,0,0,0,0,0,0,0,0,0,0,323.15,86,CCCC[n+]1ccn(C)c1.O=S(=O)([O-])C(F)(F)F,1.021371208
1.150138889,-6.090277778,0.476113751,11.88888889,0,2.588571201,3.31e-07,-1.09,4884.633856,6.59817512,4.552749874,12.39368714,6.327320075,0.0,5.508330501,0.0,17.55199628,0.0,6.420821623,0.0,13.59242839,10.11812686,7.047671983,0.0,4.567099648,0.0,23.04597701,23.71055525,0.0,0.0,0.0,0.0,6.544756406,12.84164325,0.0,7.047671983,34.77894371,12.97054686,0.0,0.0,0.0,0.0,8.817018141,3.361944444,-4.046184807,0.666666667,0,0,1,1.1641,0,0,0,0,0,0,2,0,0,0,0,0,0,0,2,0,0,0,0,0,0,0,0,0,0,0,0,0,0,333.15,87,CCCC[n+]1ccn(C)c1.O=S(=O)([O-])C(F)(F)F,1.031046969
1.150138889,-6.090277778,0.476113751,11.88888889,0,2.588571201,3.31e-07,-1.09,4884.633856,6.59817512,4.552749874,12.39368714,6.327320075,0.0,5.508330501,0.0,17.55199628,0.0,6.420821623,0.0,13.59242839,10.11812686,7.047671983,0.0,4.567099648,0.0,23.04597701,23.71055525,0.0,0.0,0.0,0.0,6.544756406,12.84164325,0.0,7.047671983,34.77894371,12.97054686,0.0,0.0,0.0,0.0,8.817018141,3.361944444,-4.046184807,0.666666667,0,0,1,1.1641,0,0,0,0,0,0,2,0,0,0,0,0,0,0,2,0,0,0,0,0,0,0,0,0,0,0,0,0,0,343.15,88,CCCC[n+]1ccn(C)c1.O=S(=O)([O-])C(F)(F)F,1.041336221
1.150138889,-6.090277778,0.476113751,11.88888889,0,2.588571201,3.31e-07,-1.09,4884.633856,6.59817512,4.552749874,12.39368714,6.327320075,0.0,5.508330501,0.0,17.55199628,0.0,6.420821623,0.0,13.59242839,10.11812686,7.047671983,0.0,4.567099648,0.0,23.04597701,23.71055525,0.0,0.0,0.0,0.0,6.544756406,12.84164325,0.0,7.047671983,34.77894371,12.97054686,0.0,0.0,0.0,0.0,8.817018141,3.361944444,-4.046184807,0.666666667,0,0,1,1.1641,0,0,0,0,0,0,2,0,0,0,0,0,0,0,2,0,0,0,0,0,0,0,0,0,0,0,0,0,0,353.15,89,CCCC[n+]1ccn(C)c1.O=S(=O)([O-])C(F)(F)F,1.048371072
1.150138889,-6.090277778,0.476113751,11.88888889,0,2.588571201,3.31e-07,-1.09,4884.633856,6.59817512,4.552749874,12.39368714,6.327320075,0.0,5.508330501,0.0,17.55199628,0.0,6.420821623,0.0,13.59242839,10.11812686,7.047671983,0.0,4.567099648,0.0,23.04597701,23.71055525,0.0,0.0,0.0,0.0,6.544756406,12.84164325,0.0,7.047671983,34.77894371,12.97054686,0.0,0.0,0.0,0.0,8.817018141,3.361944444,-4.046184807,0.666666667,0,0,1,1.1641,0,0,0,0,0,0,2,0,0,0,0,0,0,0,2,0,0,0,0,0,0,0,0,0,0,0,0,0,0,363.15,90,CCCC[n+]1ccn(C)c1.O=S(=O)([O-])C(F)(F)F,1.056052674
1.1675,-5.194444444,0.600698505,10.78947368,0,2.700821183,3.99e-07,-1.53,10182.09586,9.097011807,9.901064579,18.36299243,6.327320075,0.0,6.176298517,0.0,9.134199296,0.0,12.84164325,0.0,13.59242839,5.969305288,7.047671983,0.0,9.673627043,0.0,16.71270345,18.38696557,0.0,0.0,0.0,0.0,0.0,32.2280429,0.0,0.0,41.8266157,9.901064579,0.0,8.784722222,-3.006944444,0.0,6.505432886,3.413194444,2.05807831,0.666666667,0,0,1,1.1915,0,0,0,0,1,1,2,0,0,0,0,0,0,0,2,0,0,0,0,0,0,0,0,0,0,0,0,0,2,303.15,91,CCCCCC[n+]1ccn(C)c1.O=C([O-])C(F)(F)F,1.088561953
1.1675,-5.194444444,0.600698505,10.78947368,0,2.700821183,3.99e-07,-1.53,10182.09586,9.097011807,9.901064579,18.36299243,6.327320075,0.0,6.176298517,0.0,9.134199296,0.0,12.84164325,0.0,13.59242839,5.969305288,7.047671983,0.0,9.673627043,0.0,16.71270345,18.38696557,0.0,0.0,0.0,0.0,0.0,32.2280429,0.0,0.0,41.8266157,9.901064579,0.0,8.784722222,-3.006944444,0.0,6.505432886,3.413194444,2.05807831,0.666666667,0,0,1,1.1915,0,0,0,0,1,1,2,0,0,0,0,0,0,0,2,0,0,0,0,0,0,0,0,0,0,0,0,0,2,313.15,92,CCCCCC[n+]1ccn(C)c1.O=C([O-])C(F)(F)F,1.105256831
1.1675,-5.194444444,0.600698505,10.78947368,0,2.700821183,3.99e-07,-1.53,10182.09586,9.097011807,9.901064579,18.36299243,6.327320075,0.0,6.176298517,0.0,9.134199296,0.0,12.84164325,0.0,13.59242839,5.969305288,7.047671983,0.0,9.673627043,0.0,16.71270345,18.38696557,0.0,0.0,0.0,0.0,0.0,32.2280429,0.0,0.0,41.8266157,9.901064579,0.0,8.784722222,-3.006944444,0.0,6.505432886,3.413194444,2.05807831,0.666666667,0,0,1,1.1915,0,0,0,0,1,1,2,0,0,0,0,0,0,0,2,0,0,0,0,0,0,0,0,0,0,0,0,0,2,323.15,93,CCCCCC[n+]1ccn(C)c1.O=C([O-])C(F)(F)F,1.118414916
1.1675,-5.194444444,0.600698505,10.78947368,0,2.700821183,3.99e-07,-1.53,10182.09586,9.097011807,9.901064579,18.36299243,6.327320075,0.0,6.176298517,0.0,9.134199296,0.0,12.84164325,0.0,13.59242839,5.969305288,7.047671983,0.0,9.673627043,0.0,16.71270345,18.38696557,0.0,0.0,0.0,0.0,0.0,32.2280429,0.0,0.0,41.8266157,9.901064579,0.0,8.784722222,-3.006944444,0.0,6.505432886,3.413194444,2.05807831,0.666666667,0,0,1,1.1915,0,0,0,0,1,1,2,0,0,0,0,0,0,0,2,0,0,0,0,0,0,0,0,0,0,0,0,0,2,333.15,94,CCCCCC[n+]1ccn(C)c1.O=C([O-])C(F)(F)F,1.131402111
1.1675,-5.194444444,0.600698505,10.78947368,0,2.700821183,3.99e-07,-1.53,10182.09586,9.097011807,9.901064579,18.36299243,6.327320075,0.0,6.176298517,0.0,9.134199296,0.0,12.84164325,0.0,13.59242839,5.969305288,7.047671983,0.0,9.673627043,0.0,16.71270345,18.38696557,0.0,0.0,0.0,0.0,0.0,32.2280429,0.0,0.0,41.8266157,9.901064579,0.0,8.784722222,-3.006944444,0.0,6.505432886,3.413194444,2.05807831,0.666666667,0,0,1,1.1915,0,0,0,0,1,1,2,0,0,0,0,0,0,0,2,0,0,0,0,0,0,0,0,0,0,0,0,0,2,343.15,95,CCCCCC[n+]1ccn(C)c1.O=C([O-])C(F)(F)F,1.1442228
1.1675,-5.194444444,0.600698505,10.78947368,0,2.700821183,3.99e-07,-1.53,10182.09586,9.097011807,9.901064579,18.36299243,6.327320075,0.0,6.176298517,0.0,9.134199296,0.0,12.84164325,0.0,13.59242839,5.969305288,7.047671983,0.0,9.673627043,0.0,16.71270345,18.38696557,0.0,0.0,0.0,0.0,0.0,32.2280429,0.0,0.0,41.8266157,9.901064579,0.0,8.784722222,-3.006944444,0.0,6.505432886,3.413194444,2.05807831,0.666666667,0,0,1,1.1915,0,0,0,0,1,1,2,0,0,0,0,0,0,0,2,0,0,0,0,0,0,0,0,0,0,0,0,0,2,353.15,96,CCCCCC[n+]1ccn(C)c1.O=C([O-])C(F)(F)F,1.153731588
1.1675,-5.194444444,0.600698505,10.78947368,0,2.700821183,3.99e-07,-1.53,10182.09586,9.097011807,9.901064579,18.36299243,6.327320075,0.0,6.176298517,0.0,9.134199296,0.0,12.84164325,0.0,13.59242839,5.969305288,7.047671983,0.0,9.673627043,0.0,16.71270345,18.38696557,0.0,0.0,0.0,0.0,0.0,32.2280429,0.0,0.0,41.8266157,9.901064579,0.0,8.784722222,-3.006944444,0.0,6.505432886,3.413194444,2.05807831,0.666666667,0,0,1,1.1915,0,0,0,0,1,1,2,0,0,0,0,0,0,0,2,0,0,0,0,0,0,0,0,0,0,0,0,0,2,363.15,97,CCCCCC[n+]1ccn(C)c1.O=C([O-])C(F)(F)F,1.16315081
1.176388889,-6.0,0.269204266,11.14285714,0,2.763693975,6.9e-07,-1.005064935,27457.29964,16.94245203,17.26263557,12.39368714,6.327320075,0.0,7.254408353,0.0,9.134199296,0.0,12.84164325,0.0,13.59242839,7.254408353,7.047671983,0.0,4.567099648,0.0,11.821508,13.59242839,0.0,0.0,0.0,0.0,0.0,57.91132939,0.0,0.0,41.8266157,0.0,0.0,0.0,0.0,0.0,17.59826927,3.451272754,-3.926358656,0.785714286,0,0,1,4.7533,0,0,0,0,0,0,2,0,0,0,0,0,0,0,2,0,0,0,0,0,0,0,0,0,0,0,0,0,6,303.15,98,CCCCCCCCCC[n+]1ccn(C)c1.F[B-](F)(F)F,0.418710335
1.176388889,-6.0,0.269204266,11.14285714,0,2.763693975,6.9e-07,-1.005064935,27457.29964,16.94245203,17.26263557,12.39368714,6.327320075,0.0,7.254408353,0.0,9.134199296,0.0,12.84164325,0.0,13.59242839,7.254408353,7.047671983,0.0,4.567099648,0.0,11.821508,13.59242839,0.0,0.0,0.0,0.0,0.0,57.91132939,0.0,0.0,41.8266157,0.0,0.0,0.0,0.0,0.0,17.59826927,3.451272754,-3.926358656,0.785714286,0,0,1,4.7533,0,0,0,0,0,0,2,0,0,0,0,0,0,0,2,0,0,0,0,0,0,0,0,0,0,0,0,0,6,313.15,99,CCCCCCCCCC[n+]1ccn(C)c1.F[B-](F)(F)F,0.39877612
1.176388889,-6.0,0.269204266,11.14285714,0,2.763693975,6.9e-07,-1.005064935,27457.29964,16.94245203,17.26263557,12.39368714,6.327320075,0.0,7.254408353,0.0,9.134199296,0.0,12.84164325,0.0,13.59242839,7.254408353,7.047671983,0.0,4.567099648,0.0,11.821508,13.59242839,0.0,0.0,0.0,0.0,0.0,57.91132939,0.0,0.0,41.8266157,0.0,0.0,0.0,0.0,0.0,17.59826927,3.451272754,-3.926358656,0.785714286,0,0,1,4.7533,0,0,0,0,0,0,2,0,0,0,0,0,0,0,2,0,0,0,0,0,0,0,0,0,0,0,0,0,6,323.15,100,CCCCCCCCCC[n+]1ccn(C)c1.F[B-](F)(F)F,0.385262401
1.176388889,-6.0,0.269204266,11.14285714,0,2.763693975,6.9e-07,-1.005064935,27457.29964,16.94245203,17.26263557,12.39368714,6.327320075,0.0,7.254408353,0.0,9.134199296,0.0,12.84164325,0.0,13.59242839,7.254408353,7.047671983,0.0,4.567099648,0.0,11.821508,13.59242839,0.0,0.0,0.0,0.0,0.0,57.91132939,0.0,0.0,41.8266157,0.0,0.0,0.0,0.0,0.0,17.59826927,3.451272754,-3.926358656,0.785714286,0,0,1,4.7533,0,0,0,0,0,0,2,0,0,0,0,0,0,0,2,0,0,0,0,0,0,0,0,0,0,0,0,0,6,333.15,101,CCCCCCCCCC[n+]1ccn(C)c1.F[B-](F)(F)F,0.357674444
1.176388889,-6.0,0.269204266,11.14285714,0,2.763693975,6.9e-07,-1.005064935,27457.29964,16.94245203,17.26263557,12.39368714,6.327320075,0.0,7.254408353,0.0,9.134199296,0.0,12.84164325,0.0,13.59242839,7.254408353,7.047671983,0.0,4.567099648,0.0,11.821508,13.59242839,0.0,0.0,0.0,0.0,0.0,57.91132939,0.0,0.0,41.8266157,0.0,0.0,0.0,0.0,0.0,17.59826927,3.451272754,-3.926358656,0.785714286,0,0,1,4.7533,0,0,0,0,0,0,2,0,0,0,0,0,0,0,2,0,0,0,0,0,0,0,0,0,0,0,0,0,6,343.15,102,CCCCCCCCCC[n+]1ccn(C)c1.F[B-](F)(F)F,0.343589704
1.176388889,-6.0,0.269204266,11.14285714,0,2.763693975,6.9e-07,-1.005064935,27457.29964,16.94245203,17.26263557,12.39368714,6.327320075,0.0,7.254408353,0.0,9.134199296,0.0,12.84164325,0.0,13.59242839,7.254408353,7.047671983,0.0,4.567099648,0.0,11.821508,13.59242839,0.0,0.0,0.0,0.0,0.0,57.91132939,0.0,0.0,41.8266157,0.0,0.0,0.0,0.0,0.0,17.59826927,3.451272754,-3.926358656,0.785714286,0,0,1,4.7533,0,0,0,0,0,0,2,0,0,0,0,0,0,0,2,0,0,0,0,0,0,0,0,0,0,0,0,0,6,353.15,103,CCCCCCCCCC[n+]1ccn(C)c1.F[B-](F)(F)F,0.336472237
1.176388889,-6.0,0.269204266,11.14285714,0,2.763693975,6.9e-07,-1.005064935,27457.29964,16.94245203,17.26263557,12.39368714,6.327320075,0.0,7.254408353,0.0,9.134199296,0.0,12.84164325,0.0,13.59242839,7.254408353,7.047671983,0.0,4.567099648,0.0,11.821508,13.59242839,0.0,0.0,0.0,0.0,0.0,57.91132939,0.0,0.0,41.8266157,0.0,0.0,0.0,0.0,0.0,17.59826927,3.451272754,-3.926358656,0.785714286,0,0,1,4.7533,0,0,0,0,0,0,2,0,0,0,0,0,0,0,2,0,0,0,0,0,0,0,0,0,0,0,0,0,6,363.15,104,CCCCCCCCCC[n+]1ccn(C)c1.F[B-](F)(F)F,0.300104592
0.265768141,-6.721527778,0.575054404,13.08,0,2.43199751,4.96e-07,-1.45,82327.9797,7.97763377,9.23392852,0.0,0.0,0.0,11.016661,0.0,21.40269362,0.0,0.0,25.16043772,0.0,20.04658231,0.0,6.606881965,4.567099648,0.0,39.56566433,26.59133871,0.0,4.127401125,6.606881965,0.0,17.09297915,0.0,0.0,30.59278835,4.567099648,5.106527395,0.0,0.0,0.0,5.948605442,4.819444444,1.165907029,-13.44305556,0.5,0,0,1,1.4158,1,1,0,0,0,0,2,0,0,0,0,0,0,0,1,0,0,0,0,0,0,0,0,0,0,1,0,0,0,318.15,105,O=S(=O)([N-]S(=O)(=O)C(F)(F)F)C(F)(F)F.OCCC[n+]1ccccc1,0.858661619
0.265768141,-6.721527778,0.575054404,13.08,0,2.43199751,4.96e-07,-1.45,82327.9797,7.97763377,9.23392852,0.0,0.0,0.0,11.016661,0.0,21.40269362,0.0,0.0,25.16043772,0.0,20.04658231,0.0,6.606881965,4.567099648,0.0,39.56566433,26.59133871,0.0,4.127401125,6.606881965,0.0,17.09297915,0.0,0.0,30.59278835,4.567099648,5.106527395,0.0,0.0,0.0,5.948605442,4.819444444,1.165907029,-13.44305556,0.5,0,0,1,1.4158,1,1,0,0,0,0,2,0,0,0,0,0,0,0,1,0,0,0,0,0,0,0,0,0,0,1,0,0,0,328.15,106,O=S(=O)([N-]S(=O)(=O)C(F)(F)F)C(F)(F)F.OCCC[n+]1ccccc1,0.862889955
0.265768141,-6.721527778,0.575054404,13.08,0,2.43199751,4.96e-07,-1.45,82327.9797,7.97763377,9.23392852,0.0,0.0,0.0,11.016661,0.0,21.40269362,0.0,0.0,25.16043772,0.0,20.04658231,0.0,6.606881965,4.567099648,0.0,39.56566433,26.59133871,0.0,4.127401125,6.606881965,0.0,17.09297915,0.0,0.0,30.59278835,4.567099648,5.106527395,0.0,0.0,0.0,5.948605442,4.819444444,1.165907029,-13.44305556,0.5,0,0,1,1.4158,1,1,0,0,0,0,2,0,0,0,0,0,0,0,1,0,0,0,0,0,0,0,0,0,0,1,0,0,0,338.15,107,O=S(=O)([N-]S(=O)(=O)C(F)(F)F)C(F)(F)F.OCCC[n+]1ccccc1,0.867100488
0.265768141,-6.721527778,0.575054404,13.08,0,2.43199751,4.96e-07,-1.45,82327.9797,7.97763377,9.23392852,0.0,0.0,0.0,11.016661,0.0,21.40269362,0.0,0.0,25.16043772,0.0,20.04658231,0.0,6.606881965,4.567099648,0.0,39.56566433,26.59133871,0.0,4.127401125,6.606881965,0.0,17.09297915,0.0,0.0,30.59278835,4.567099648,5.106527395,0.0,0.0,0.0,5.948605442,4.819444444,1.165907029,-13.44305556,0.5,0,0,1,1.4158,1,1,0,0,0,0,2,0,0,0,0,0,0,0,1,0,0,0,0,0,0,0,0,0,0,1,0,0,0,348.15,108,O=S(=O)([N-]S(=O)(=O)C(F)(F)F)C(F)(F)F.OCCC[n+]1ccccc1,0.871293366
0.265768141,-6.721527778,0.575054404,13.08,0,2.43199751,4.96e-07,-1.45,82327.9797,7.97763377,9.23392852,0.0,0.0,0.0,11.016661,0.0,21.40269362,0.0,0.0,25.16043772,0.0,20.04658231,0.0,6.606881965,4.567099648,0.0,39.56566433,26.59133871,0.0,4.127401125,6.606881965,0.0,17.09297915,0.0,0.0,30.59278835,4.567099648,5.106527395,0.0,0.0,0.0,5.948605442,4.819444444,1.165907029,-13.44305556,0.5,0,0,1,1.4158,1,1,0,0,0,0,2,0,0,0,0,0,0,0,1,0,0,0,0,0,0,0,0,0,0,1,0,0,0,358.15,109,O=S(=O)([N-]S(=O)(=O)C(F)(F)F)C(F)(F)F.OCCC[n+]1ccccc1,0.875468737
0.265768141,-6.721527778,0.575054404,13.08,0,2.43199751,4.96e-07,-1.45,82327.9797,7.97763377,9.23392852,0.0,0.0,0.0,11.016661,0.0,21.40269362,0.0,0.0,25.16043772,0.0,20.04658231,0.0,6.606881965,4.567099648,0.0,39.56566433,26.59133871,0.0,4.127401125,6.606881965,0.0,17.09297915,0.0,0.0,30.59278835,4.567099648,5.106527395,0.0,0.0,0.0,5.948605442,4.819444444,1.165907029,-13.44305556,0.5,0,0,1,1.4158,1,1,0,0,0,0,2,0,0,0,0,0,0,0,1,0,0,0,0,0,0,0,0,0,0,1,0,0,0,368.15,110,O=S(=O)([N-]S(=O)(=O)C(F)(F)F)C(F)(F)F.OCCC[n+]1ccccc1,0.879626748
0.265768141,-6.721527778,0.575054404,13.08,0,2.43199751,4.96e-07,-1.45,82327.9797,7.97763377,9.23392852,0.0,0.0,0.0,11.016661,0.0,21.40269362,0.0,0.0,25.16043772,0.0,20.04658231,0.0,6.606881965,4.567099648,0.0,39.56566433,26.59133871,0.0,4.127401125,6.606881965,0.0,17.09297915,0.0,0.0,30.59278835,4.567099648,5.106527395,0.0,0.0,0.0,5.948605442,4.819444444,1.165907029,-13.44305556,0.5,0,0,1,1.4158,1,1,0,0,0,0,2,0,0,0,0,0,0,0,1,0,0,0,0,0,0,0,0,0,0,1,0,0,0,378.15,111,O=S(=O)([N-]S(=O)(=O)C(F)(F)F)C(F)(F)F.OCCC[n+]1ccccc1,0.88376754
0.724767101,-6.721527778,0.515501888,12.66666667,0,2.506370238,5.11e-07,-1.92,205271.7225,8.095818092,4.127401125,6.544756406,0.0,0.0,11.016661,0.0,21.40269362,0.0,0.0,18.55355576,11.6326728,20.04658231,0.0,0.0,4.567099648,0.0,27.85225497,26.59133871,0.0,4.127401125,0.0,0.0,16.23560902,12.84164325,0.0,24.52642128,17.56005816,5.261891555,0.0,0.0,0.0,5.782761558,6.297614087,3.214698759,-13.44305556,0.5,0,0,1,2.70518,0,0,0,0,0,0,3,0,0,0,0,0,0,0,1,0,0,0,0,0,0,0,0,0,0,1,0,0,0,308.15,112,CCCC[n+]1ccc(C#N)cc1.O=S(=O)([N-]S(=O)(=O)C(F)(F)F)C(F)(F)F,0.378436436
0.724767101,-6.721527778,0.515501888,12.66666667,0,2.506370238,5.11e-07,-1.92,205271.7225,8.095818092,4.127401125,6.544756406,0.0,0.0,11.016661,0.0,21.40269362,0.0,0.0,18.55355576,11.6326728,20.04658231,0.0,0.0,4.567099648,0.0,27.85225497,26.59133871,0.0,4.127401125,0.0,0.0,16.23560902,12.84164325,0.0,24.52642128,17.56005816,5.261891555,0.0,0.0,0.0,5.782761558,6.297614087,3.214698759,-13.44305556,0.5,0,0,1,2.70518,0,0,0,0,0,0,3,0,0,0,0,0,0,0,1,0,0,0,0,0,0,0,0,0,0,1,0,0,0,318.15,113,CCCC[n+]1ccc(C#N)cc1.O=S(=O)([N-]S(=O)(=O)C(F)(F)F)C(F)(F)F,0.431782416
0.724767101,-6.721527778,0.515501888,12.66666667,0,2.506370238,5.11e-07,-1.92,205271.7225,8.095818092,4.127401125,6.544756406,0.0,0.0,11.016661,0.0,21.40269362,0.0,0.0,18.55355576,11.6326728,20.04658231,0.0,0.0,4.567099648,0.0,27.85225497,26.59133871,0.0,4.127401125,0.0,0.0,16.23560902,12.84164325,0.0,24.52642128,17.56005816,5.261891555,0.0,0.0,0.0,5.782761558,6.297614087,3.214698759,-13.44305556,0.5,0,0,1,2.70518,0,0,0,0,0,0,3,0,0,0,0,0,0,0,1,0,0,0,0,0,0,0,0,0,0,1,0,0,0,328.15,114,CCCC[n+]1ccc(C#N)cc1.O=S(=O)([N-]S(=O)(=O)C(F)(F)F)C(F)(F)F,0.482426149
0.724767101,-6.721527778,0.515501888,12.66666667,0,2.506370238,5.11e-07,-1.92,205271.7225,8.095818092,4.127401125,6.544756406,0.0,0.0,11.016661,0.0,21.40269362,0.0,0.0,18.55355576,11.6326728,20.04658231,0.0,0.0,4.567099648,0.0,27.85225497,26.59133871,0.0,4.127401125,0.0,0.0,16.23560902,12.84164325,0.0,24.52642128,17.56005816,5.261891555,0.0,0.0,0.0,5.782761558,6.297614087,3.214698759,-13.44305556,0.5,0,0,1,2.70518,0,0,0,0,0,0,3,0,0,0,0,0,0,0,1,0,0,0,0,0,0,0,0,0,0,1,0,0,0,338.15,115,CCCC[n+]1ccc(C#N)cc1.O=S(=O)([N-]S(=O)(=O)C(F)(F)F)C(F)(F)F,0.530628251
0.724767101,-6.721527778,0.515501888,12.66666667,0,2.506370238,5.11e-07,-1.92,205271.7225,8.095818092,4.127401125,6.544756406,0.0,0.0,11.016661,0.0,21.40269362,0.0,0.0,18.55355576,11.6326728,20.04658231,0.0,0.0,4.567099648,0.0,27.85225497,26.59133871,0.0,4.127401125,0.0,0.0,16.23560902,12.84164325,0.0,24.52642128,17.56005816,5.261891555,0.0,0.0,0.0,5.782761558,6.297614087,3.214698759,-13.44305556,0.5,0,0,1,2.70518,0,0,0,0,0,0,3,0,0,0,0,0,0,0,1,0,0,0,0,0,0,0,0,0,0,1,0,0,0,348.15,116,CCCC[n+]1ccc(C#N)cc1.O=S(=O)([N-]S(=O)(=O)C(F)(F)F)C(F)(F)F,0.576613364
0.724767101,-6.721527778,0.515501888,12.66666667,0,2.506370238,5.11e-07,-1.92,205271.7225,8.095818092,4.127401125,6.544756406,0.0,0.0,11.016661,0.0,21.40269362,0.0,0.0,18.55355576,11.6326728,20.04658231,0.0,0.0,4.567099648,0.0,27.85225497,26.59133871,0.0,4.127401125,0.0,0.0,16.23560902,12.84164325,0.0,24.52642128,17.56005816,5.261891555,0.0,0.0,0.0,5.782761558,6.297614087,3.214698759,-13.44305556,0.5,0,0,1,2.70518,0,0,0,0,0,0,3,0,0,0,0,0,0,0,1,0,0,0,0,0,0,0,0,0,0,1,0,0,0,358.15,117,CCCC[n+]1ccc(C#N)cc1.O=S(=O)([N-]S(=O)(=O)C(F)(F)F)C(F)(F)F,0.620576488
0.724767101,-6.721527778,0.515501888,12.66666667,0,2.506370238,5.11e-07,-1.92,205271.7225,8.095818092,4.127401125,6.544756406,0.0,0.0,11.016661,0.0,21.40269362,0.0,0.0,18.55355576,11.6326728,20.04658231,0.0,0.0,4.567099648,0.0,27.85225497,26.59133871,0.0,4.127401125,0.0,0.0,16.23560902,12.84164325,0.0,24.52642128,17.56005816,5.261891555,0.0,0.0,0.0,5.782761558,6.297614087,3.214698759,-13.44305556,0.5,0,0,1,2.70518,0,0,0,0,0,0,3,0,0,0,0,0,0,0,1,0,0,0,0,0,0,0,0,0,0,1,0,0,0,368.15,118,CCCC[n+]1ccc(C#N)cc1.O=S(=O)([N-]S(=O)(=O)C(F)(F)F)C(F)(F)F,0.662687973
0.777777778,-6.721527778,0.307356887,12.96969697,0,3.373456996,6.33e-07,-1.55,4656342.21,7.734352222,4.127401125,0.0,0.0,0.0,28.07881983,14.69972919,16.83559397,0.0,41.5424232,39.26853844,0.0,37.10874113,0.0,53.96826763,14.69972919,0.0,67.12079341,20.04658231,0.0,4.127401125,0.0,0.0,43.39593956,17.06215882,0.0,0.0,56.24215239,0.0,0.0,7.462222222,0.0,0.0,0.0,20.05888889,-13.44305556,0.823529412,0,0,1,4.4412,0,0,0,0,0,0,4,0,0,0,0,0,0,3,0,0,0,0,0,0,0,0,0,0,0,0,0,0,0,323.15,119,CCN(CC)c1c(N(CC)CC)[c+]1N(CC)CC.O=S(=O)([N-]S(=O)(=O)C(F)(F)F)C(F)(F)F,-0.356674944
0.777777778,-6.721527778,0.307356887,12.96969697,0,3.373456996,6.33e-07,-1.55,4656342.21,7.734352222,4.127401125,0.0,0.0,0.0,28.07881983,14.69972919,16.83559397,0.0,41.5424232,39.26853844,0.0,37.10874113,0.0,53.96826763,14.69972919,0.0,67.12079341,20.04658231,0.0,4.127401125,0.0,0.0,43.39593956,17.06215882,0.0,0.0,56.24215239,0.0,0.0,7.462222222,0.0,0.0,0.0,20.05888889,-13.44305556,0.823529412,0,0,1,4.4412,0,0,0,0,0,0,4,0,0,0,0,0,0,3,0,0,0,0,0,0,0,0,0,0,0,0,0,0,0,333.15,120,CCN(CC)c1c(N(CC)CC)[c+]1N(CC)CC.O=S(=O)([N-]S(=O)(=O)C(F)(F)F)C(F)(F)F,-0.332679438
0.777777778,-6.721527778,0.307356887,12.96969697,0,3.373456996,6.33e-07,-1.55,4656342.21,7.734352222,4.127401125,0.0,0.0,0.0,28.07881983,14.69972919,16.83559397,0.0,41.5424232,39.26853844,0.0,37.10874113,0.0,53.96826763,14.69972919,0.0,67.12079341,20.04658231,0.0,4.127401125,0.0,0.0,43.39593956,17.06215882,0.0,0.0,56.24215239,0.0,0.0,7.462222222,0.0,0.0,0.0,20.05888889,-13.44305556,0.823529412,0,0,1,4.4412,0,0,0,0,0,0,4,0,0,0,0,0,0,3,0,0,0,0,0,0,0,0,0,0,0,0,0,0,0,343.15,121,CCN(CC)c1c(N(CC)CC)[c+]1N(CC)CC.O=S(=O)([N-]S(=O)(=O)C(F)(F)F)C(F)(F)F,-0.299754654
0.777777778,-6.721527778,0.307356887,12.96969697,0,3.373456996,6.33e-07,-1.55,4656342.21,7.734352222,4.127401125,0.0,0.0,0.0,28.07881983,14.69972919,16.83559397,0.0,41.5424232,39.26853844,0.0,37.10874113,0.0,53.96826763,14.69972919,0.0,67.12079341,20.04658231,0.0,4.127401125,0.0,0.0,43.39593956,17.06215882,0.0,0.0,56.24215239,0.0,0.0,7.462222222,0.0,0.0,0.0,20.05888889,-13.44305556,0.823529412,0,0,1,4.4412,0,0,0,0,0,0,4,0,0,0,0,0,0,3,0,0,0,0,0,0,0,0,0,0,0,0,0,0,0,353.15,122,CCN(CC)c1c(N(CC)CC)[c+]1N(CC)CC.O=S(=O)([N-]S(=O)(=O)C(F)(F)F)C(F)(F)F,-0.249744233
0.777777778,-6.721527778,0.307356887,12.96969697,0,3.373456996,6.33e-07,-1.55,4656342.21,7.734352222,4.127401125,0.0,0.0,0.0,28.07881983,14.69972919,16.83559397,0.0,41.5424232,39.26853844,0.0,37.10874113,0.0,53.96826763,14.69972919,0.0,67.12079341,20.04658231,0.0,4.127401125,0.0,0.0,43.39593956,17.06215882,0.0,0.0,56.24215239,0.0,0.0,7.462222222,0.0,0.0,0.0,20.05888889,-13.44305556,0.823529412,0,0,1,4.4412,0,0,0,0,0,0,4,0,0,0,0,0,0,3,0,0,0,0,0,0,0,0,0,0,0,0,0,0,0,363.15,123,CCN(CC)c1c(N(CC)CC)[c+]1N(CC)CC.O=S(=O)([N-]S(=O)(=O)C(F)(F)F)C(F)(F)F,-0.211956362
0.777777778,-6.721527778,0.307356887,12.96969697,0,3.373456996,6.33e-07,-1.55,4656342.21,7.734352222,4.127401125,0.0,0.0,0.0,28.07881983,14.69972919,16.83559397,0.0,41.5424232,39.26853844,0.0,37.10874113,0.0,53.96826763,14.69972919,0.0,67.12079341,20.04658231,0.0,4.127401125,0.0,0.0,43.39593956,17.06215882,0.0,0.0,56.24215239,0.0,0.0,7.462222222,0.0,0.0,0.0,20.05888889,-13.44305556,0.823529412,0,0,1,4.4412,0,0,0,0,0,0,4,0,0,0,0,0,0,3,0,0,0,0,0,0,0,0,0,0,0,0,0,0,0,373.15,124,CCN(CC)c1c(N(CC)CC)[c+]1N(CC)CC.O=S(=O)([N-]S(=O)(=O)C(F)(F)F)C(F)(F)F,-0.181521877
1.152777778,-5.619791667,0.284374638,12.58333333,0,2.442199871,0.0,-0.32,49703.65177,16.53472402,8.610431983,0.0,20.81849155,0.0,0.0,0.0,16.83559397,7.771517605,33.61285484,0.0,26.17902562,20.81849155,0.0,26.17902562,0.0,0.0,47.49765045,20.81849155,0.0,4.127401125,0.0,0.0,4.127401125,69.18698622,0.0,0.0,27.6949488,0.0,0.0,0.0,0.0,0.0,8.554866544,14.61797296,-11.23958333,1.0,0,0,0,4.0121,0,0,0,0,0,0,2,0,0,0,0,0,0,0,0,0,0,0,0,0,0,0,0,0,0,0,1,0,4,318.15,125,CCCCCCCC[N+](CC)(CC)CC.O=S(=O)(F)[N-]S(=O)(=O)F,-0.183922838
1.152777778,-5.619791667,0.284374638,12.58333333,0,2.442199871,0.0,-0.32,49703.65177,16.53472402,8.610431983,0.0,20.81849155,0.0,0.0,0.0,16.83559397,7.771517605,33.61285484,0.0,26.17902562,20.81849155,0.0,26.17902562,0.0,0.0,47.49765045,20.81849155,0.0,4.127401125,0.0,0.0,4.127401125,69.18698622,0.0,0.0,27.6949488,0.0,0.0,0.0,0.0,0.0,8.554866544,14.61797296,-11.23958333,1.0,0,0,0,4.0121,0,0,0,0,0,0,2,0,0,0,0,0,0,0,0,0,0,0,0,0,0,0,0,0,0,0,1,0,4,328.15,126,CCCCCCCC[N+](CC)(CC)CC.O=S(=O)(F)[N-]S(=O)(=O)F,-0.116533816
1.152777778,-5.619791667,0.284374638,12.58333333,0,2.442199871,0.0,-0.32,49703.65177,16.53472402,8.610431983,0.0,20.81849155,0.0,0.0,0.0,16.83559397,7.771517605,33.61285484,0.0,26.17902562,20.81849155,0.0,26.17902562,0.0,0.0,47.49765045,20.81849155,0.0,4.127401125,0.0,0.0,4.127401125,69.18698622,0.0,0.0,27.6949488,0.0,0.0,0.0,0.0,0.0,8.554866544,14.61797296,-11.23958333,1.0,0,0,0,4.0121,0,0,0,0,0,0,2,0,0,0,0,0,0,0,0,0,0,0,0,0,0,0,0,0,0,0,1,0,4,338.15,127,CCCCCCCC[N+](CC)(CC)CC.O=S(=O)(F)[N-]S(=O)(=O)F,-0.050241216
1.152777778,-5.619791667,0.284374638,12.58333333,0,2.442199871,0.0,-0.32,49703.65177,16.53472402,8.610431983,0.0,20.81849155,0.0,0.0,0.0,16.83559397,7.771517605,33.61285484,0.0,26.17902562,20.81849155,0.0,26.17902562,0.0,0.0,47.49765045,20.81849155,0.0,4.127401125,0.0,0.0,4.127401125,69.18698622,0.0,0.0,27.6949488,0.0,0.0,0.0,0.0,0.0,8.554866544,14.61797296,-11.23958333,1.0,0,0,0,4.0121,0,0,0,0,0,0,2,0,0,0,0,0,0,0,0,0,0,0,0,0,0,0,0,0,0,0,1,0,4,348.15,128,CCCCCCCC[N+](CC)(CC)CC.O=S(=O)(F)[N-]S(=O)(=O)F,0.009950331
1.152777778,-5.619791667,0.284374638,12.58333333,0,2.442199871,0.0,-0.32,49703.65177,16.53472402,8.610431983,0.0,20.81849155,0.0,0.0,0.0,16.83559397,7.771517605,33.61285484,0.0,26.17902562,20.81849155,0.0,26.17902562,0.0,0.0,47.49765045,20.81849155,0.0,4.127401125,0.0,0.0,4.127401125,69.18698622,0.0,0.0,27.6949488,0.0,0.0,0.0,0.0,0.0,8.554866544,14.61797296,-11.23958333,1.0,0,0,0,4.0121,0,0,0,0,0,0,2,0,0,0,0,0,0,0,0,0,0,0,0,0,0,0,0,0,0,0,1,0,4,358.15,129,CCCCCCCC[N+](CC)(CC)CC.O=S(=O)(F)[N-]S(=O)(=O)F,0.067658648
1.152777778,-5.619791667,0.284374638,12.58333333,0,2.442199871,0.0,-0.32,49703.65177,16.53472402,8.610431983,0.0,20.81849155,0.0,0.0,0.0,16.83559397,7.771517605,33.61285484,0.0,26.17902562,20.81849155,0.0,26.17902562,0.0,0.0,47.49765045,20.81849155,0.0,4.127401125,0.0,0.0,4.127401125,69.18698622,0.0,0.0,27.6949488,0.0,0.0,0.0,0.0,0.0,8.554866544,14.61797296,-11.23958333,1.0,0,0,0,4.0121,0,0,0,0,0,0,2,0,0,0,0,0,0,0,0,0,0,0,0,0,0,0,0,0,0,0,1,0,4,368.15,130,CCCCCCCC[N+](CC)(CC)CC.O=S(=O)(F)[N-]S(=O)(=O)F,0.122217633
1.152777778,-5.619791667,0.570797065,18.73684211,0,2.579278556,3.44e-07,-0.32,6499.781962,11.22339348,8.610431983,0.0,20.81849155,0.0,0.0,0.0,16.83559397,7.771517605,6.420821623,12.84164325,26.6819412,20.81849155,0.0,26.6819412,0.0,0.0,48.00056603,20.81849155,0.0,4.127401125,0.0,0.0,4.127401125,49.80058657,0.0,0.0,13.97140918,0.0,0.0,0.0,0.0,0.0,5.685286281,6.554297052,-8.834166667,1.0,0,0,1,1.8156,0,0,0,0,0,0,2,0,0,1,0,0,0,0,0,0,0,0,0,0,0,0,0,0,0,0,1,0,0,318.15,131,CCCC[N+]1(C)CCCC1.O=S(=O)(F)[N-]S(=O)(=O)F,0.39877612
1.152777778,-5.619791667,0.570797065,18.73684211,0,2.579278556,3.44e-07,-0.32,6499.781962,11.22339348,8.610431983,0.0,20.81849155,0.0,0.0,0.0,16.83559397,7.771517605,6.420821623,12.84164325,26.6819412,20.81849155,0.0,26.6819412,0.0,0.0,48.00056603,20.81849155,0.0,4.127401125,0.0,0.0,4.127401125,49.80058657,0.0,0.0,13.97140918,0.0,0.0,0.0,0.0,0.0,5.685286281,6.554297052,-8.834166667,1.0,0,0,1,1.8156,0,0,0,0,0,0,2,0,0,1,0,0,0,0,0,0,0,0,0,0,0,0,0,0,0,0,1,0,0,328.15,132,CCCC[N+]1(C)CCCC1.O=S(=O)(F)[N-]S(=O)(=O)F,0.463734016
1.152777778,-5.619791667,0.570797065,18.73684211,0,2.579278556,3.44e-07,-0.32,6499.781962,11.22339348,8.610431983,0.0,20.81849155,0.0,0.0,0.0,16.83559397,7.771517605,6.420821623,12.84164325,26.6819412,20.81849155,0.0,26.6819412,0.0,0.0,48.00056603,20.81849155,0.0,4.127401125,0.0,0.0,4.127401125,49.80058657,0.0,0.0,13.97140918,0.0,0.0,0.0,0.0,0.0,5.685286281,6.554297052,-8.834166667,1.0,0,0,1,1.8156,0,0,0,0,0,0,2,0,0,1,0,0,0,0,0,0,0,0,0,0,0,0,0,0,0,0,1,0,0,338.15,133,CCCC[N+]1(C)CCCC1.O=S(=O)(F)[N-]S(=O)(=O)F,0.518793793
1.152777778,-5.619791667,0.570797065,18.73684211,0,2.579278556,3.44e-07,-0.32,6499.781962,11.22339348,8.610431983,0.0,20.81849155,0.0,0.0,0.0,16.83559397,7.771517605,6.420821623,12.84164325,26.6819412,20.81849155,0.0,26.6819412,0.0,0.0,48.00056603,20.81849155,0.0,4.127401125,0.0,0.0,4.127401125,49.80058657,0.0,0.0,13.97140918,0.0,0.0,0.0,0.0,0.0,5.685286281,6.554297052,-8.834166667,1.0,0,0,1,1.8156,0,0,0,0,0,0,2,0,0,1,0,0,0,0,0,0,0,0,0,0,0,0,0,0,0,0,1,0,0,348.15,134,CCCC[N+]1(C)CCCC1.O=S(=O)(F)[N-]S(=O)(=O)F,0.576613364
1.152777778,-5.619791667,0.570797065,18.73684211,0,2.579278556,3.44e-07,-0.32,6499.781962,11.22339348,8.610431983,0.0,20.81849155,0.0,0.0,0.0,16.83559397,7.771517605,6.420821623,12.84164325,26.6819412,20.81849155,0.0,26.6819412,0.0,0.0,48.00056603,20.81849155,0.0,4.127401125,0.0,0.0,4.127401125,49.80058657,0.0,0.0,13.97140918,0.0,0.0,0.0,0.0,0.0,5.685286281,6.554297052,-8.834166667,1.0,0,0,1,1.8156,0,0,0,0,0,0,2,0,0,1,0,0,0,0,0,0,0,0,0,0,0,0,0,0,0,0,1,0,0,358.15,135,CCCC[N+]1(C)CCCC1.O=S(=O)(F)[N-]S(=O)(=O)F,0.631271777
1.152777778,-5.619791667,0.570797065,18.73684211,0,2.579278556,3.44e-07,-0.32,6499.781962,11.22339348,8.610431983,0.0,20.81849155,0.0,0.0,0.0,16.83559397,7.771517605,6.420821623,12.84164325,26.6819412,20.81849155,0.0,26.6819412,0.0,0.0,48.00056603,20.81849155,0.0,4.127401125,0.0,0.0,4.127401125,49.80058657,0.0,0.0,13.97140918,0.0,0.0,0.0,0.0,0.0,5.685286281,6.554297052,-8.834166667,1.0,0,0,1,1.8156,0,0,0,0,0,0,2,0,0,1,0,0,0,0,0,0,0,0,0,0,0,0,0,0,0,0,1,0,0,368.15,136,CCCC[N+]1(C)CCCC1.O=S(=O)(F)[N-]S(=O)(=O)F,0.678033543
0.604166667,-3.916666667,0.459092664,10.46153846,0,2.312410047,2.52e-07,-0.88,497.1681601,9.030950023,4.552749874,12.39368714,6.327320075,0.0,0.0,0.0,17.55199628,0.0,6.9237372,6.255769184,23.71055525,10.11812686,7.047671983,6.255769184,4.567099648,0.0,23.79341569,23.71055525,0.0,0.0,0.0,6.255769184,6.544756406,0.0,0.0,17.8116152,24.01500049,12.97054686,0.0,0.0,0.0,0.0,6.746527778,3.181388889,-1.896666667,0.571428571,0,0,1,-0.5061,0,0,0,0,0,0,2,0,0,0,0,0,0,0,2,0,0,0,0,0,0,0,0,0,0,0,0,0,0,308.15,137,CC[n+]1ccn(C)c1.CS(=O)(=O)[O-],2.211565695
0.604166667,-3.916666667,0.459092664,10.46153846,0,2.312410047,2.52e-07,-0.88,497.1681601,9.030950023,4.552749874,12.39368714,6.327320075,0.0,0.0,0.0,17.55199628,0.0,6.9237372,6.255769184,23.71055525,10.11812686,7.047671983,6.255769184,4.567099648,0.0,23.79341569,23.71055525,0.0,0.0,0.0,6.255769184,6.544756406,0.0,0.0,17.8116152,24.01500049,12.97054686,0.0,0.0,0.0,0.0,6.746527778,3.181388889,-1.896666667,0.571428571,0,0,1,-0.5061,0,0,0,0,0,0,2,0,0,0,0,0,0,0,2,0,0,0,0,0,0,0,0,0,0,0,0,0,0,318.15,138,CC[n+]1ccn(C)c1.CS(=O)(=O)[O-],2.200552367
0.604166667,-3.916666667,0.459092664,10.46153846,0,2.312410047,2.52e-07,-0.88,497.1681601,9.030950023,4.552749874,12.39368714,6.327320075,0.0,0.0,0.0,17.55199628,0.0,6.9237372,6.255769184,23.71055525,10.11812686,7.047671983,6.255769184,4.567099648,0.0,23.79341569,23.71055525,0.0,0.0,0.0,6.255769184,6.544756406,0.0,0.0,17.8116152,24.01500049,12.97054686,0.0,0.0,0.0,0.0,6.746527778,3.181388889,-1.896666667,0.571428571,0,0,1,-0.5061,0,0,0,0,0,0,2,0,0,0,0,0,0,0,2,0,0,0,0,0,0,0,0,0,0,0,0,0,0,328.15,139,CC[n+]1ccn(C)c1.CS(=O)(=O)[O-],2.183801557
0.604166667,-3.916666667,0.459092664,10.46153846,0,2.312410047,2.52e-07,-0.88,497.1681601,9.030950023,4.552749874,12.39368714,6.327320075,0.0,0.0,0.0,17.55199628,0.0,6.9237372,6.255769184,23.71055525,10.11812686,7.047671983,6.255769184,4.567099648,0.0,23.79341569,23.71055525,0.0,0.0,0.0,6.255769184,6.544756406,0.0,0.0,17.8116152,24.01500049,12.97054686,0.0,0.0,0.0,0.0,6.746527778,3.181388889,-1.896666667,0.571428571,0,0,1,-0.5061,0,0,0,0,0,0,2,0,0,0,0,0,0,0,2,0,0,0,0,0,0,0,0,0,0,0,0,0,0,338.15,140,CC[n+]1ccn(C)c1.CS(=O)(=O)[O-],2.171336806
0.604166667,-3.916666667,0.459092664,10.46153846,0,2.312410047,2.52e-07,-0.88,497.1681601,9.030950023,4.552749874,12.39368714,6.327320075,0.0,0.0,0.0,17.55199628,0.0,6.9237372,6.255769184,23.71055525,10.11812686,7.047671983,6.255769184,4.567099648,0.0,23.79341569,23.71055525,0.0,0.0,0.0,6.255769184,6.544756406,0.0,0.0,17.8116152,24.01500049,12.97054686,0.0,0.0,0.0,0.0,6.746527778,3.181388889,-1.896666667,0.571428571,0,0,1,-0.5061,0,0,0,0,0,0,2,0,0,0,0,0,0,0,2,0,0,0,0,0,0,0,0,0,0,0,0,0,0,348.15,141,CC[n+]1ccn(C)c1.CS(=O)(=O)[O-],2.157559321
0.604166667,-3.916666667,0.459092664,10.46153846,0,2.312410047,2.52e-07,-0.88,497.1681601,9.030950023,4.552749874,12.39368714,6.327320075,0.0,0.0,0.0,17.55199628,0.0,6.9237372,6.255769184,23.71055525,10.11812686,7.047671983,6.255769184,4.567099648,0.0,23.79341569,23.71055525,0.0,0.0,0.0,6.255769184,6.544756406,0.0,0.0,17.8116152,24.01500049,12.97054686,0.0,0.0,0.0,0.0,6.746527778,3.181388889,-1.896666667,0.571428571,0,0,1,-0.5061,0,0,0,0,0,0,2,0,0,0,0,0,0,0,2,0,0,0,0,0,0,0,0,0,0,0,0,0,0,358.15,142,CC[n+]1ccn(C)c1.CS(=O)(=O)[O-],2.143589362
0.402777778,-0.402777778,0.552632241,15.70588235,0,2.77287314,3.25e-07,-1.7,5823.033595,6.460171997,4.483030858,0.0,0.0,0.0,0.0,0.0,15.78567466,0.0,6.420821623,12.84164325,26.6819412,0.0,0.0,26.6819412,0.0,0.0,31.16497206,0.0,0.0,0.0,0.0,0.0,0.0,68.00825051,0.0,0.0,13.97140918,15.78567466,0.0,0.0,-0.402777778,4.1875,5.685286281,6.554297052,2.405416667,0.692307692,0,0,1,2.15853,0,0,0,0,0,0,4,0,0,1,0,0,0,0,0,0,0,0,0,0,0,0,0,0,0,0,1,0,0,318.15,143,CCCC[N+]1(C)CCCC1.N#C[C-](C#N)C#N,0.357674444
0.402777778,-0.402777778,0.552632241,15.70588235,0,2.77287314,3.25e-07,-1.7,5823.033595,6.460171997,4.483030858,0.0,0.0,0.0,0.0,0.0,15.78567466,0.0,6.420821623,12.84164325,26.6819412,0.0,0.0,26.6819412,0.0,0.0,31.16497206,0.0,0.0,0.0,0.0,0.0,0.0,68.00825051,0.0,0.0,13.97140918,15.78567466,0.0,0.0,-0.402777778,4.1875,5.685286281,6.554297052,2.405416667,0.692307692,0,0,1,2.15853,0,0,0,0,0,0,4,0,0,1,0,0,0,0,0,0,0,0,0,0,0,0,0,0,0,0,1,0,0,328.15,144,CCCC[N+]1(C)CCCC1.N#C[C-](C#N)C#N,0.385262401
0.402777778,-0.402777778,0.552632241,15.70588235,0,2.77287314,3.25e-07,-1.7,5823.033595,6.460171997,4.483030858,0.0,0.0,0.0,0.0,0.0,15.78567466,0.0,6.420821623,12.84164325,26.6819412,0.0,0.0,26.6819412,0.0,0.0,31.16497206,0.0,0.0,0.0,0.0,0.0,0.0,68.00825051,0.0,0.0,13.97140918,15.78567466,0.0,0.0,-0.402777778,4.1875,5.685286281,6.554297052,2.405416667,0.692307692,0,0,1,2.15853,0,0,0,0,0,0,4,0,0,1,0,0,0,0,0,0,0,0,0,0,0,0,0,0,0,0,1,0,0,338.15,145,CCCC[N+]1(C)CCCC1.N#C[C-](C#N)C#N,0.412109651
0.402777778,-0.402777778,0.552632241,15.70588235,0,2.77287314,3.25e-07,-1.7,5823.033595,6.460171997,4.483030858,0.0,0.0,0.0,0.0,0.0,15.78567466,0.0,6.420821623,12.84164325,26.6819412,0.0,0.0,26.6819412,0.0,0.0,31.16497206,0.0,0.0,0.0,0.0,0.0,0.0,68.00825051,0.0,0.0,13.97140918,15.78567466,0.0,0.0,-0.402777778,4.1875,5.685286281,6.554297052,2.405416667,0.692307692,0,0,1,2.15853,0,0,0,0,0,0,4,0,0,1,0,0,0,0,0,0,0,0,0,0,0,0,0,0,0,0,1,0,0,348.15,146,CCCC[N+]1(C)CCCC1.N#C[C-](C#N)C#N,0.438254931
0.402777778,-0.402777778,0.552632241,15.70588235,0,2.77287314,3.25e-07,-1.7,5823.033595,6.460171997,4.483030858,0.0,0.0,0.0,0.0,0.0,15.78567466,0.0,6.420821623,12.84164325,26.6819412,0.0,0.0,26.6819412,0.0,0.0,31.16497206,0.0,0.0,0.0,0.0,0.0,0.0,68.00825051,0.0,0.0,13.97140918,15.78567466,0.0,0.0,-0.402777778,4.1875,5.685286281,6.554297052,2.405416667,0.692307692,0,0,1,2.15853,0,0,0,0,0,0,4,0,0,1,0,0,0,0,0,0,0,0,0,0,0,0,0,0,0,0,1,0,0,358.15,147,CCCC[N+]1(C)CCCC1.N#C[C-](C#N)C#N,0.451075619
0.402777778,-0.402777778,0.552632241,15.70588235,0,2.77287314,3.25e-07,-1.7,5823.033595,6.460171997,4.483030858,0.0,0.0,0.0,0.0,0.0,15.78567466,0.0,6.420821623,12.84164325,26.6819412,0.0,0.0,26.6819412,0.0,0.0,31.16497206,0.0,0.0,0.0,0.0,0.0,0.0,68.00825051,0.0,0.0,13.97140918,15.78567466,0.0,0.0,-0.402777778,4.1875,5.685286281,6.554297052,2.405416667,0.692307692,0,0,1,2.15853,0,0,0,0,0,0,4,0,0,1,0,0,0,0,0,0,0,0,0,0,0,0,0,0,0,0,1,0,0,368.15,148,CCCC[N+]1(C)CCCC1.N#C[C-](C#N)C#N,0.470003629
0.777777778,-6.721527778,0.530611175,13.07692308,0,2.437243638,5.02e-07,-1.41,117104.6823,7.864963231,4.127401125,6.544756406,0.0,0.0,11.016661,0.0,21.40269362,0.0,12.48718869,18.55355576,0.0,20.04658231,0.0,0.0,4.567099648,0.0,27.85225497,26.59133871,0.0,4.127401125,0.0,0.0,10.67215753,18.40509474,0.0,0.0,42.94099533,0.0,0.0,0.0,0.0,4.296944444,6.823998724,5.481836026,-13.44305556,0.583333333,0,0,1,3.14192,0,0,0,0,0,0,2,0,0,0,0,0,0,0,2,0,0,0,0,0,0,0,0,0,0,1,0,0,0,318.15,149,CCCC[n+]1ccc(C)cc1.O=S(=O)([N-]S(=O)(=O)C(F)(F)F)C(F)(F)F,-0.027371197
0.777777778,-6.721527778,0.530611175,13.07692308,0,2.437243638,5.02e-07,-1.41,117104.6823,7.864963231,4.127401125,6.544756406,0.0,0.0,11.016661,0.0,21.40269362,0.0,12.48718869,18.55355576,0.0,20.04658231,0.0,0.0,4.567099648,0.0,27.85225497,26.59133871,0.0,4.127401125,0.0,0.0,10.67215753,18.40509474,0.0,0.0,42.94099533,0.0,0.0,0.0,0.0,4.296944444,6.823998724,5.481836026,-13.44305556,0.583333333,0,0,1,3.14192,0,0,0,0,0,0,2,0,0,0,0,0,0,0,2,0,0,0,0,0,0,0,0,0,0,1,0,0,0,328.15,150,CCCC[n+]1ccc(C)cc1.O=S(=O)([N-]S(=O)(=O)C(F)(F)F)C(F)(F)F,0.0
0.777777778,-6.721527778,0.530611175,13.07692308,0,2.437243638,5.02e-07,-1.41,117104.6823,7.864963231,4.127401125,6.544756406,0.0,0.0,11.016661,0.0,21.40269362,0.0,12.48718869,18.55355576,0.0,20.04658231,0.0,0.0,4.567099648,0.0,27.85225497,26.59133871,0.0,4.127401125,0.0,0.0,10.67215753,18.40509474,0.0,0.0,42.94099533,0.0,0.0,0.0,0.0,4.296944444,6.823998724,5.481836026,-13.44305556,0.583333333,0,0,1,3.14192,0,0,0,0,0,0,2,0,0,0,0,0,0,0,2,0,0,0,0,0,0,0,0,0,0,1,0,0,0,338.15,151,CCCC[n+]1ccc(C)cc1.O=S(=O)([N-]S(=O)(=O)C(F)(F)F)C(F)(F)F,0.023716527
0.777777778,-6.721527778,0.530611175,13.07692308,0,2.437243638,5.02e-07,-1.41,117104.6823,7.864963231,4.127401125,6.544756406,0.0,0.0,11.016661,0.0,21.40269362,0.0,12.48718869,18.55355576,0.0,20.04658231,0.0,0.0,4.567099648,0.0,27.85225497,26.59133871,0.0,4.127401125,0.0,0.0,10.67215753,18.40509474,0.0,0.0,42.94099533,0.0,0.0,0.0,0.0,4.296944444,6.823998724,5.481836026,-13.44305556,0.583333333,0,0,1,3.14192,0,0,0,0,0,0,2,0,0,0,0,0,0,0,2,0,0,0,0,0,0,0,0,0,0,1,0,0,0,348.15,152,CCCC[n+]1ccc(C)cc1.O=S(=O)([N-]S(=O)(=O)C(F)(F)F)C(F)(F)F,0.044973366
0.777777778,-6.721527778,0.530611175,13.07692308,0,2.437243638,5.02e-07,-1.41,117104.6823,7.864963231,4.127401125,6.544756406,0.0,0.0,11.016661,0.0,21.40269362,0.0,12.48718869,18.55355576,0.0,20.04658231,0.0,0.0,4.567099648,0.0,27.85225497,26.59133871,0.0,4.127401125,0.0,0.0,10.67215753,18.40509474,0.0,0.0,42.94099533,0.0,0.0,0.0,0.0,4.296944444,6.823998724,5.481836026,-13.44305556,0.583333333,0,0,1,3.14192,0,0,0,0,0,0,2,0,0,0,0,0,0,0,2,0,0,0,0,0,0,0,0,0,0,1,0,0,0,358.15,153,CCCC[n+]1ccc(C)cc1.O=S(=O)([N-]S(=O)(=O)C(F)(F)F)C(F)(F)F,0.066723632
0.777777778,-6.721527778,0.530611175,13.07692308,0,2.437243638,5.02e-07,-1.41,117104.6823,7.864963231,4.127401125,6.544756406,0.0,0.0,11.016661,0.0,21.40269362,0.0,12.48718869,18.55355576,0.0,20.04658231,0.0,0.0,4.567099648,0.0,27.85225497,26.59133871,0.0,4.127401125,0.0,0.0,10.67215753,18.40509474,0.0,0.0,42.94099533,0.0,0.0,0.0,0.0,4.296944444,6.823998724,5.481836026,-13.44305556,0.583333333,0,0,1,3.14192,0,0,0,0,0,0,2,0,0,0,0,0,0,0,2,0,0,0,0,0,0,0,0,0,0,1,0,0,0,368.15,154,CCCC[n+]1ccc(C)cc1.O=S(=O)([N-]S(=O)(=O)C(F)(F)F)C(F)(F)F,0.088010877
0.777777778,-6.721527778,0.515041463,19.04,0,2.357800354,4.96e-07,-0.6,64367.94968,7.661259973,8.610431983,0.0,0.0,0.0,11.016661,0.0,16.83559397,0.0,25.68328649,0.0,26.6819412,20.04658231,0.0,26.6819412,0.0,0.0,59.01722703,20.04658231,0.0,4.127401125,0.0,0.0,4.127401125,49.80058657,0.0,0.0,13.97140918,0.0,0.0,0.0,0.0,0.0,5.723268141,6.527565193,-11.03763889,1.0,0,0,1,3.0862,0,0,0,0,0,0,2,0,0,1,0,0,0,0,0,0,0,0,0,0,0,0,0,1,0,0,1,0,0,308.15,155,CCC[N+]1(C)CCCCC1.O=S(=O)([N-]S(=O)(=O)C(F)(F)F)C(F)(F)F,0.231111721
0.777777778,-6.721527778,0.515041463,19.04,0,2.357800354,4.96e-07,-0.6,64367.94968,7.661259973,8.610431983,0.0,0.0,0.0,11.016661,0.0,16.83559397,0.0,25.68328649,0.0,26.6819412,20.04658231,0.0,26.6819412,0.0,0.0,59.01722703,20.04658231,0.0,4.127401125,0.0,0.0,4.127401125,49.80058657,0.0,0.0,13.97140918,0.0,0.0,0.0,0.0,0.0,5.723268141,6.527565193,-11.03763889,1.0,0,0,1,3.0862,0,0,0,0,0,0,2,0,0,1,0,0,0,0,0,0,0,0,0,0,0,0,0,1,0,0,1,0,0,318.15,156,CCC[N+]1(C)CCCCC1.O=S(=O)([N-]S(=O)(=O)C(F)(F)F)C(F)(F)F,0.2390169
0.777777778,-6.721527778,0.515041463,19.04,0,2.357800354,4.96e-07,-0.6,64367.94968,7.661259973,8.610431983,0.0,0.0,0.0,11.016661,0.0,16.83559397,0.0,25.68328649,0.0,26.6819412,20.04658231,0.0,26.6819412,0.0,0.0,59.01722703,20.04658231,0.0,4.127401125,0.0,0.0,4.127401125,49.80058657,0.0,0.0,13.97140918,0.0,0.0,0.0,0.0,0.0,5.723268141,6.527565193,-11.03763889,1.0,0,0,1,3.0862,0,0,0,0,0,0,2,0,0,1,0,0,0,0,0,0,0,0,0,0,0,0,0,1,0,0,1,0,0,328.15,157,CCC[N+]1(C)CCCCC1.O=S(=O)([N-]S(=O)(=O)C(F)(F)F)C(F)(F)F,0.254642218
0.777777778,-6.721527778,0.515041463,19.04,0,2.357800354,4.96e-07,-0.6,64367.94968,7.661259973,8.610431983,0.0,0.0,0.0,11.016661,0.0,16.83559397,0.0,25.68328649,0.0,26.6819412,20.04658231,0.0,26.6819412,0.0,0.0,59.01722703,20.04658231,0.0,4.127401125,0.0,0.0,4.127401125,49.80058657,0.0,0.0,13.97140918,0.0,0.0,0.0,0.0,0.0,5.723268141,6.527565193,-11.03763889,1.0,0,0,1,3.0862,0,0,0,0,0,0,2,0,0,1,0,0,0,0,0,0,0,0,0,0,0,0,0,1,0,0,1,0,0,338.15,158,CCC[N+]1(C)CCCCC1.O=S(=O)([N-]S(=O)(=O)C(F)(F)F)C(F)(F)F,0.262364264
0.777777778,-6.721527778,0.515041463,19.04,0,2.357800354,4.96e-07,-0.6,64367.94968,7.661259973,8.610431983,0.0,0.0,0.0,11.016661,0.0,16.83559397,0.0,25.68328649,0.0,26.6819412,20.04658231,0.0,26.6819412,0.0,0.0,59.01722703,20.04658231,0.0,4.127401125,0.0,0.0,4.127401125,49.80058657,0.0,0.0,13.97140918,0.0,0.0,0.0,0.0,0.0,5.723268141,6.527565193,-11.03763889,1.0,0,0,1,3.0862,0,0,0,0,0,0,2,0,0,1,0,0,0,0,0,0,0,0,0,0,0,0,0,1,0,0,1,0,0,348.15,159,CCC[N+]1(C)CCCCC1.O=S(=O)([N-]S(=O)(=O)C(F)(F)F)C(F)(F)F,0.285178942
0.777777778,-6.721527778,0.515041463,19.04,0,2.357800354,4.96e-07,-0.6,64367.94968,7.661259973,8.610431983,0.0,0.0,0.0,11.016661,0.0,16.83559397,0.0,25.68328649,0.0,26.6819412,20.04658231,0.0,26.6819412,0.0,0.0,59.01722703,20.04658231,0.0,4.127401125,0.0,0.0,4.127401125,49.80058657,0.0,0.0,13.97140918,0.0,0.0,0.0,0.0,0.0,5.723268141,6.527565193,-11.03763889,1.0,0,0,1,3.0862,0,0,0,0,0,0,2,0,0,1,0,0,0,0,0,0,0,0,0,0,0,0,0,1,0,0,1,0,0,358.15,160,CCC[N+]1(C)CCCCC1.O=S(=O)([N-]S(=O)(=O)C(F)(F)F)C(F)(F)F,0.300104592
0.777777778,-6.721527778,0.196429634,12.96969697,0,3.061354719,6.33e-07,-1.35,4347570.659,13.2041739,4.127401125,12.39368714,6.327320075,0.0,11.016661,0.0,25.96979326,0.0,12.84164325,0.0,13.59242839,20.04658231,7.047671983,0.0,4.567099648,0.0,32.41935462,33.6390107,0.0,4.127401125,0.0,0.0,4.127401125,70.75297264,0.0,0.0,41.8266157,0.0,0.0,0.0,0.0,0.0,20.57124974,3.460404986,-11.36464097,0.833333333,0,0,1,5.2928,0,0,0,0,0,0,3,0,0,0,0,0,0,0,2,0,0,0,0,0,0,0,0,0,0,0,0,0,8,318.15,161,CCCCCCCCCCCC[n+]1ccn(C)c1.O=S(=O)([N-]S(=O)(=O)C(F)(F)F)C(F)(F)F,-0.358104537
0.777777778,-6.721527778,0.196429634,12.96969697,0,3.061354719,6.33e-07,-1.35,4347570.659,13.2041739,4.127401125,12.39368714,6.327320075,0.0,11.016661,0.0,25.96979326,0.0,12.84164325,0.0,13.59242839,20.04658231,7.047671983,0.0,4.567099648,0.0,32.41935462,33.6390107,0.0,4.127401125,0.0,0.0,4.127401125,70.75297264,0.0,0.0,41.8266157,0.0,0.0,0.0,0.0,0.0,20.57124974,3.460404986,-11.36464097,0.833333333,0,0,1,5.2928,0,0,0,0,0,0,3,0,0,0,0,0,0,0,2,0,0,0,0,0,0,0,0,0,0,0,0,0,8,328.15,162,CCCCCCCCCCCC[n+]1ccn(C)c1.O=S(=O)([N-]S(=O)(=O)C(F)(F)F)C(F)(F)F,-0.311974765
0.777777778,-6.721527778,0.196429634,12.96969697,0,3.061354719,6.33e-07,-1.35,4347570.659,13.2041739,4.127401125,12.39368714,6.327320075,0.0,11.016661,0.0,25.96979326,0.0,12.84164325,0.0,13.59242839,20.04658231,7.047671983,0.0,4.567099648,0.0,32.41935462,33.6390107,0.0,4.127401125,0.0,0.0,4.127401125,70.75297264,0.0,0.0,41.8266157,0.0,0.0,0.0,0.0,0.0,20.57124974,3.460404986,-11.36464097,0.833333333,0,0,1,5.2928,0,0,0,0,0,0,3,0,0,0,0,0,0,0,2,0,0,0,0,0,0,0,0,0,0,0,0,0,8,338.15,163,CCCCCCCCCCCC[n+]1ccn(C)c1.O=S(=O)([N-]S(=O)(=O)C(F)(F)F)C(F)(F)F,-0.267879445
0.777777778,-6.721527778,0.196429634,12.96969697,0,3.061354719,6.33e-07,-1.35,4347570.659,13.2041739,4.127401125,12.39368714,6.327320075,0.0,11.016661,0.0,25.96979326,0.0,12.84164325,0.0,13.59242839,20.04658231,7.047671983,0.0,4.567099648,0.0,32.41935462,33.6390107,0.0,4.127401125,0.0,0.0,4.127401125,70.75297264,0.0,0.0,41.8266157,0.0,0.0,0.0,0.0,0.0,20.57124974,3.460404986,-11.36464097,0.833333333,0,0,1,5.2928,0,0,0,0,0,0,3,0,0,0,0,0,0,0,2,0,0,0,0,0,0,0,0,0,0,0,0,0,8,348.15,164,CCCCCCCCCCCC[n+]1ccn(C)c1.O=S(=O)([N-]S(=O)(=O)C(F)(F)F)C(F)(F)F,-0.223143551
0.777777778,-6.721527778,0.196429634,12.96969697,0,3.061354719,6.33e-07,-1.35,4347570.659,13.2041739,4.127401125,12.39368714,6.327320075,0.0,11.016661,0.0,25.96979326,0.0,12.84164325,0.0,13.59242839,20.04658231,7.047671983,0.0,4.567099648,0.0,32.41935462,33.6390107,0.0,4.127401125,0.0,0.0,4.127401125,70.75297264,0.0,0.0,41.8266157,0.0,0.0,0.0,0.0,0.0,20.57124974,3.460404986,-11.36464097,0.833333333,0,0,1,5.2928,0,0,0,0,0,0,3,0,0,0,0,0,0,0,2,0,0,0,0,0,0,0,0,0,0,0,0,0,8,358.15,165,CCCCCCCCCCCC[n+]1ccn(C)c1.O=S(=O)([N-]S(=O)(=O)C(F)(F)F)C(F)(F)F,-0.183922838
0.777777778,-6.721527778,0.196429634,12.96969697,0,3.061354719,6.33e-07,-1.35,4347570.659,13.2041739,4.127401125,12.39368714,6.327320075,0.0,11.016661,0.0,25.96979326,0.0,12.84164325,0.0,13.59242839,20.04658231,7.047671983,0.0,4.567099648,0.0,32.41935462,33.6390107,0.0,4.127401125,0.0,0.0,4.127401125,70.75297264,0.0,0.0,41.8266157,0.0,0.0,0.0,0.0,0.0,20.57124974,3.460404986,-11.36464097,0.833333333,0,0,1,5.2928,0,0,0,0,0,0,3,0,0,0,0,0,0,0,2,0,0,0,0,0,0,0,0,0,0,0,0,0,8,368.15,166,CCCCCCCCCCCC[n+]1ccn(C)c1.O=S(=O)([N-]S(=O)(=O)C(F)(F)F)C(F)(F)F,-0.14618251
1.355,-15.00578704,0.165239823,20.57142857,0,3.037497754,9.52e-07,-0.87,3449625.45,4.430108985,4.483030858,0.0,0.0,0.0,120.8430761,0.0,0.0,0.0,6.420821623,12.84164325,26.6819412,6.876385235,0.0,26.6819412,0.0,6.876385235,66.68472033,0.0,0.0,0.0,0.0,0.0,0.0,49.80058657,0.0,0.0,13.97140918,0.0,0.0,0.0,0.0,0.0,-20.4264344,-8.451489985,2.405416667,1.0,0,0,1,9.2211,0,0,0,0,0,0,1,0,0,1,0,0,0,0,0,0,0,0,0,0,0,0,0,0,0,0,1,0,0,318.15,167,CCCC[N+]1(C)CCCC1.FC(F)(F)C(F)(F)[P-](F)(F)(F)(C(F)(F)C(F)(F)F)C(F)(F)C(F)(F)F,-0.242071561
1.355,-15.00578704,0.165239823,20.57142857,0,3.037497754,9.52e-07,-0.87,3449625.45,4.430108985,4.483030858,0.0,0.0,0.0,120.8430761,0.0,0.0,0.0,6.420821623,12.84164325,26.6819412,6.876385235,0.0,26.6819412,0.0,6.876385235,66.68472033,0.0,0.0,0.0,0.0,0.0,0.0,49.80058657,0.0,0.0,13.97140918,0.0,0.0,0.0,0.0,0.0,-20.4264344,-8.451489985,2.405416667,1.0,0,0,1,9.2211,0,0,0,0,0,0,1,0,0,1,0,0,0,0,0,0,0,0,0,0,0,0,0,0,0,0,1,0,0,328.15,168,CCCC[N+]1(C)CCCC1.FC(F)(F)C(F)(F)[P-](F)(F)(F)(C(F)(F)C(F)(F)F)C(F)(F)C(F)(F)F,-0.211956362
1.355,-15.00578704,0.165239823,20.57142857,0,3.037497754,9.52e-07,-0.87,3449625.45,4.430108985,4.483030858,0.0,0.0,0.0,120.8430761,0.0,0.0,0.0,6.420821623,12.84164325,26.6819412,6.876385235,0.0,26.6819412,0.0,6.876385235,66.68472033,0.0,0.0,0.0,0.0,0.0,0.0,49.80058657,0.0,0.0,13.97140918,0.0,0.0,0.0,0.0,0.0,-20.4264344,-8.451489985,2.405416667,1.0,0,0,1,9.2211,0,0,0,0,0,0,1,0,0,1,0,0,0,0,0,0,0,0,0,0,0,0,0,0,0,0,1,0,0,338.15,169,CCCC[N+]1(C)CCCC1.FC(F)(F)C(F)(F)[P-](F)(F)(F)(C(F)(F)C(F)(F)F)C(F)(F)C(F)(F)F,-0.179126666
1.355,-15.00578704,0.165239823,20.57142857,0,3.037497754,9.52e-07,-0.87,3449625.45,4.430108985,4.483030858,0.0,0.0,0.0,120.8430761,0.0,0.0,0.0,6.420821623,12.84164325,26.6819412,6.876385235,0.0,26.6819412,0.0,6.876385235,66.68472033,0.0,0.0,0.0,0.0,0.0,0.0,49.80058657,0.0,0.0,13.97140918,0.0,0.0,0.0,0.0,0.0,-20.4264344,-8.451489985,2.405416667,1.0,0,0,1,9.2211,0,0,0,0,0,0,1,0,0,1,0,0,0,0,0,0,0,0,0,0,0,0,0,0,0,0,1,0,0,348.15,170,CCCC[N+]1(C)CCCC1.FC(F)(F)C(F)(F)[P-](F)(F)(F)(C(F)(F)C(F)(F)F)C(F)(F)C(F)(F)F,-0.148500008
1.355,-15.00578704,0.165239823,20.57142857,0,3.037497754,9.52e-07,-0.87,3449625.45,4.430108985,4.483030858,0.0,0.0,0.0,120.8430761,0.0,0.0,0.0,6.420821623,12.84164325,26.6819412,6.876385235,0.0,26.6819412,0.0,6.876385235,66.68472033,0.0,0.0,0.0,0.0,0.0,0.0,49.80058657,0.0,0.0,13.97140918,0.0,0.0,0.0,0.0,0.0,-20.4264344,-8.451489985,2.405416667,1.0,0,0,1,9.2211,0,0,0,0,0,0,1,0,0,1,0,0,0,0,0,0,0,0,0,0,0,0,0,0,0,0,1,0,0,358.15,171,CCCC[N+]1(C)CCCC1.FC(F)(F)C(F)(F)[P-](F)(F)(F)(C(F)(F)C(F)(F)F)C(F)(F)C(F)(F)F,-0.122167634
1.355,-15.00578704,0.165239823,20.57142857,0,3.037497754,9.52e-07,-0.87,3449625.45,4.430108985,4.483030858,0.0,0.0,0.0,120.8430761,0.0,0.0,0.0,6.420821623,12.84164325,26.6819412,6.876385235,0.0,26.6819412,0.0,6.876385235,66.68472033,0.0,0.0,0.0,0.0,0.0,0.0,49.80058657,0.0,0.0,13.97140918,0.0,0.0,0.0,0.0,0.0,-20.4264344,-8.451489985,2.405416667,1.0,0,0,1,9.2211,0,0,0,0,0,0,1,0,0,1,0,0,0,0,0,0,0,0,0,0,0,0,0,0,0,0,1,0,0,368.15,172,CCCC[N+]1(C)CCCC1.FC(F)(F)C(F)(F)[P-](F)(F)(F)(C(F)(F)C(F)(F)F)C(F)(F)C(F)(F)F,-0.097612829
0.28125,-6.721527778,0.56909936,14.27272727,0,2.096938912,0.0,-0.64,8014.500522,8.718033241,13.71695938,6.544756406,0.0,0.0,11.016661,0.0,16.83559397,0.0,0.0,0.0,27.74989791,20.04658231,0.0,34.29465432,0.0,0.0,71.73646754,20.04658231,0.0,4.127401125,6.606881965,0.0,15.15518839,0.0,0.0,0.0,21.14301595,5.106527395,0.0,0.0,0.0,0.0,0.0,1.114583333,-7.287638889,1.0,0,0,0,0.7442,1,1,0,0,0,0,2,0,1,0,0,0,0,0,0,0,0,0,0,0,0,0,0,0,0,0,1,0,0,318.15,173,C[N+](C)(C)CCO.O=S(=O)([N-]S(=O)(=O)C(F)(F)F)C(F)(F)F,1.360976553
0.28125,-6.721527778,0.56909936,14.27272727,0,2.096938912,0.0,-0.64,8014.500522,8.718033241,13.71695938,6.544756406,0.0,0.0,11.016661,0.0,16.83559397,0.0,0.0,0.0,27.74989791,20.04658231,0.0,34.29465432,0.0,0.0,71.73646754,20.04658231,0.0,4.127401125,6.606881965,0.0,15.15518839,0.0,0.0,0.0,21.14301595,5.106527395,0.0,0.0,0.0,0.0,0.0,1.114583333,-7.287638889,1.0,0,0,0,0.7442,1,1,0,0,0,0,2,0,1,0,0,0,0,0,0,0,0,0,0,0,0,0,0,0,0,0,1,0,0,328.15,174,C[N+](C)(C)CCO.O=S(=O)([N-]S(=O)(=O)C(F)(F)F)C(F)(F)F,1.381281819
0.28125,-6.721527778,0.56909936,14.27272727,0,2.096938912,0.0,-0.64,8014.500522,8.718033241,13.71695938,6.544756406,0.0,0.0,11.016661,0.0,16.83559397,0.0,0.0,0.0,27.74989791,20.04658231,0.0,34.29465432,0.0,0.0,71.73646754,20.04658231,0.0,4.127401125,6.606881965,0.0,15.15518839,0.0,0.0,0.0,21.14301595,5.106527395,0.0,0.0,0.0,0.0,0.0,1.114583333,-7.287638889,1.0,0,0,0,0.7442,1,1,0,0,0,0,2,0,1,0,0,0,0,0,0,0,0,0,0,0,0,0,0,0,0,0,1,0,0,338.15,175,C[N+](C)(C)CCO.O=S(=O)([N-]S(=O)(=O)C(F)(F)F)C(F)(F)F,1.398716881
0.28125,-6.721527778,0.56909936,14.27272727,0,2.096938912,0.0,-0.64,8014.500522,8.718033241,13.71695938,6.544756406,0.0,0.0,11.016661,0.0,16.83559397,0.0,0.0,0.0,27.74989791,20.04658231,0.0,34.29465432,0.0,0.0,71.73646754,20.04658231,0.0,4.127401125,6.606881965,0.0,15.15518839,0.0,0.0,0.0,21.14301595,5.106527395,0.0,0.0,0.0,0.0,0.0,1.114583333,-7.287638889,1.0,0,0,0,0.7442,1,1,0,0,0,0,2,0,1,0,0,0,0,0,0,0,0,0,0,0,0,0,0,0,0,0,1,0,0,348.15,176,C[N+](C)(C)CCO.O=S(=O)([N-]S(=O)(=O)C(F)(F)F)C(F)(F)F,1.413423029
0.28125,-6.721527778,0.56909936,14.27272727,0,2.096938912,0.0,-0.64,8014.500522,8.718033241,13.71695938,6.544756406,0.0,0.0,11.016661,0.0,16.83559397,0.0,0.0,0.0,27.74989791,20.04658231,0.0,34.29465432,0.0,0.0,71.73646754,20.04658231,0.0,4.127401125,6.606881965,0.0,15.15518839,0.0,0.0,0.0,21.14301595,5.106527395,0.0,0.0,0.0,0.0,0.0,1.114583333,-7.287638889,1.0,0,0,0,0.7442,1,1,0,0,0,0,2,0,1,0,0,0,0,0,0,0,0,0,0,0,0,0,0,0,0,0,1,0,0,358.15,177,C[N+](C)(C)CCO.O=S(=O)([N-]S(=O)(=O)C(F)(F)F)C(F)(F)F,1.437462648
0.28125,-6.721527778,0.56909936,14.27272727,0,2.096938912,0.0,-0.64,8014.500522,8.718033241,13.71695938,6.544756406,0.0,0.0,11.016661,0.0,16.83559397,0.0,0.0,0.0,27.74989791,20.04658231,0.0,34.29465432,0.0,0.0,71.73646754,20.04658231,0.0,4.127401125,6.606881965,0.0,15.15518839,0.0,0.0,0.0,21.14301595,5.106527395,0.0,0.0,0.0,0.0,0.0,1.114583333,-7.287638889,1.0,0,0,0,0.7442,1,1,0,0,0,0,2,0,1,0,0,0,0,0,0,0,0,0,0,0,0,0,0,0,0,0,1,0,0,368.15,178,C[N+](C)(C)CCO.O=S(=O)([N-]S(=O)(=O)C(F)(F)F)C(F)(F)F,1.44926916
1.134259259,-1.435185185,0.60749336,20.85714286,0,2.540117777,2.55e-07,-0.61,1041.448288,5.191317362,19.49062283,0.0,0.0,0.0,0.0,0.0,0.0,0.0,13.8474744,12.84164325,38.75521288,5.969305288,0.0,26.6819412,5.106527395,0.0,48.34477113,4.794537184,0.0,0.0,0.0,0.0,6.9237372,36.95894332,0.0,0.0,13.97140918,5.106527395,0.0,9.337962963,-1.435185185,0.0,1.554907407,7.563148148,2.354166667,0.9,0,0,1,-0.6362,1,1,0,0,1,1,1,0,0,1,0,0,0,0,0,0,0,0,0,0,0,0,0,0,0,0,1,0,0,318.15,179,CC(O)C(=O)[O-].CC[N+]1(C)CCCC1,1.678963975
1.134259259,-1.435185185,0.60749336,20.85714286,0,2.540117777,2.55e-07,-0.61,1041.448288,5.191317362,19.49062283,0.0,0.0,0.0,0.0,0.0,0.0,0.0,13.8474744,12.84164325,38.75521288,5.969305288,0.0,26.6819412,5.106527395,0.0,48.34477113,4.794537184,0.0,0.0,0.0,0.0,6.9237372,36.95894332,0.0,0.0,13.97140918,5.106527395,0.0,9.337962963,-1.435185185,0.0,1.554907407,7.563148148,2.354166667,0.9,0,0,1,-0.6362,1,1,0,0,1,1,1,0,0,1,0,0,0,0,0,0,0,0,0,0,0,0,0,0,0,0,1,0,0,328.15,180,CC(O)C(=O)[O-].CC[N+]1(C)CCCC1,1.704748092
1.134259259,-1.435185185,0.60749336,20.85714286,0,2.540117777,2.55e-07,-0.61,1041.448288,5.191317362,19.49062283,0.0,0.0,0.0,0.0,0.0,0.0,0.0,13.8474744,12.84164325,38.75521288,5.969305288,0.0,26.6819412,5.106527395,0.0,48.34477113,4.794537184,0.0,0.0,0.0,0.0,6.9237372,36.95894332,0.0,0.0,13.97140918,5.106527395,0.0,9.337962963,-1.435185185,0.0,1.554907407,7.563148148,2.354166667,0.9,0,0,1,-0.6362,1,1,0,0,1,1,1,0,0,1,0,0,0,0,0,0,0,0,0,0,0,0,0,0,0,0,1,0,0,338.15,181,CC(O)C(=O)[O-].CC[N+]1(C)CCCC1,1.726331664
1.134259259,-1.435185185,0.60749336,20.85714286,0,2.540117777,2.55e-07,-0.61,1041.448288,5.191317362,19.49062283,0.0,0.0,0.0,0.0,0.0,0.0,0.0,13.8474744,12.84164325,38.75521288,5.969305288,0.0,26.6819412,5.106527395,0.0,48.34477113,4.794537184,0.0,0.0,0.0,0.0,6.9237372,36.95894332,0.0,0.0,13.97140918,5.106527395,0.0,9.337962963,-1.435185185,0.0,1.554907407,7.563148148,2.354166667,0.9,0,0,1,-0.6362,1,1,0,0,1,1,1,0,0,1,0,0,0,0,0,0,0,0,0,0,0,0,0,0,0,0,1,0,0,348.15,182,CC(O)C(=O)[O-].CC[N+]1(C)CCCC1,1.750937475
1.134259259,-1.435185185,0.60749336,20.85714286,0,2.540117777,2.55e-07,-0.61,1041.448288,5.191317362,19.49062283,0.0,0.0,0.0,0.0,0.0,0.0,0.0,13.8474744,12.84164325,38.75521288,5.969305288,0.0,26.6819412,5.106527395,0.0,48.34477113,4.794537184,0.0,0.0,0.0,0.0,6.9237372,36.95894332,0.0,0.0,13.97140918,5.106527395,0.0,9.337962963,-1.435185185,0.0,1.554907407,7.563148148,2.354166667,0.9,0,0,1,-0.6362,1,1,0,0,1,1,1,0,0,1,0,0,0,0,0,0,0,0,0,0,0,0,0,0,0,0,1,0,0,358.15,183,CC(O)C(=O)[O-].CC[N+]1(C)CCCC1,1.773255998
1.134259259,-1.435185185,0.60749336,20.85714286,0,2.540117777,2.55e-07,-0.61,1041.448288,5.191317362,19.49062283,0.0,0.0,0.0,0.0,0.0,0.0,0.0,13.8474744,12.84164325,38.75521288,5.969305288,0.0,26.6819412,5.106527395,0.0,48.34477113,4.794537184,0.0,0.0,0.0,0.0,6.9237372,36.95894332,0.0,0.0,13.97140918,5.106527395,0.0,9.337962963,-1.435185185,0.0,1.554907407,7.563148148,2.354166667,0.9,0,0,1,-0.6362,1,1,0,0,1,1,1,0,0,1,0,0,0,0,0,0,0,0,0,0,0,0,0,0,0,0,1,0,0,368.15,184,CC(O)C(=O)[O-].CC[N+]1(C)CCCC1,1.8017098
0.265768141,0.265768141,0.579822417,7.666666667,0,2.296419669,3.36e-07,-2.11,2278.048311,8.226417157,15.6303105,0.0,0.0,0.0,0.0,5.316788604,4.567099648,0.0,0.0,37.54674992,0.0,0.0,0.0,6.606881965,4.567099648,0.0,11.71340936,6.544756406,0.0,5.316788604,6.606881965,0.0,12.96557803,12.38631219,0.0,30.59278835,9.883888252,15.6303105,0.0,0.0,0.0,5.948605442,7.381944444,1.165907029,0.0,0.3,0,0,1,0.67876,1,1,0,0,0,0,4,0,0,0,0,0,0,0,1,0,0,0,0,0,0,0,0,0,0,1,0,0,0,318.15,185,N#C[N-]C#N.OCCC[n+]1ccccc1,2.132982309
0.265768141,0.265768141,0.579822417,7.666666667,0,2.296419669,3.36e-07,-2.11,2278.048311,8.226417157,15.6303105,0.0,0.0,0.0,0.0,5.316788604,4.567099648,0.0,0.0,37.54674992,0.0,0.0,0.0,6.606881965,4.567099648,0.0,11.71340936,6.544756406,0.0,5.316788604,6.606881965,0.0,12.96557803,12.38631219,0.0,30.59278835,9.883888252,15.6303105,0.0,0.0,0.0,5.948605442,7.381944444,1.165907029,0.0,0.3,0,0,1,0.67876,1,1,0,0,0,0,4,0,0,0,0,0,0,0,1,0,0,0,0,0,0,0,0,0,0,1,0,0,0,328.15,186,N#C[N-]C#N.OCCC[n+]1ccccc1,2.165619238
0.265768141,0.265768141,0.579822417,7.666666667,0,2.296419669,3.36e-07,-2.11,2278.048311,8.226417157,15.6303105,0.0,0.0,0.0,0.0,5.316788604,4.567099648,0.0,0.0,37.54674992,0.0,0.0,0.0,6.606881965,4.567099648,0.0,11.71340936,6.544756406,0.0,5.316788604,6.606881965,0.0,12.96557803,12.38631219,0.0,30.59278835,9.883888252,15.6303105,0.0,0.0,0.0,5.948605442,7.381944444,1.165907029,0.0,0.3,0,0,1,0.67876,1,1,0,0,0,0,4,0,0,0,0,0,0,0,1,0,0,0,0,0,0,0,0,0,0,1,0,0,0,338.15,187,N#C[N-]C#N.OCCC[n+]1ccccc1,2.200552367
0.265768141,0.265768141,0.579822417,7.666666667,0,2.296419669,3.36e-07,-2.11,2278.048311,8.226417157,15.6303105,0.0,0.0,0.0,0.0,5.316788604,4.567099648,0.0,0.0,37.54674992,0.0,0.0,0.0,6.606881965,4.567099648,0.0,11.71340936,6.544756406,0.0,5.316788604,6.606881965,0.0,12.96557803,12.38631219,0.0,30.59278835,9.883888252,15.6303105,0.0,0.0,0.0,5.948605442,7.381944444,1.165907029,0.0,0.3,0,0,1,0.67876,1,1,0,0,0,0,4,0,0,0,0,0,0,0,1,0,0,0,0,0,0,0,0,0,0,1,0,0,0,348.15,188,N#C[N-]C#N.OCCC[n+]1ccccc1,2.231089091
0.265768141,0.265768141,0.579822417,7.666666667,0,2.296419669,3.36e-07,-2.11,2278.048311,8.226417157,15.6303105,0.0,0.0,0.0,0.0,5.316788604,4.567099648,0.0,0.0,37.54674992,0.0,0.0,0.0,6.606881965,4.567099648,0.0,11.71340936,6.544756406,0.0,5.316788604,6.606881965,0.0,12.96557803,12.38631219,0.0,30.59278835,9.883888252,15.6303105,0.0,0.0,0.0,5.948605442,7.381944444,1.165907029,0.0,0.3,0,0,1,0.67876,1,1,0,0,0,0,4,0,0,0,0,0,0,0,1,0,0,0,0,0,0,0,0,0,0,1,0,0,0,358.15,189,N#C[N-]C#N.OCCC[n+]1ccccc1,2.259677592
0.265768141,0.265768141,0.579822417,7.666666667,0,2.296419669,3.36e-07,-2.11,2278.048311,8.226417157,15.6303105,0.0,0.0,0.0,0.0,5.316788604,4.567099648,0.0,0.0,37.54674992,0.0,0.0,0.0,6.606881965,4.567099648,0.0,11.71340936,6.544756406,0.0,5.316788604,6.606881965,0.0,12.96557803,12.38631219,0.0,30.59278835,9.883888252,15.6303105,0.0,0.0,0.0,5.948605442,7.381944444,1.165907029,0.0,0.3,0,0,1,0.67876,1,1,0,0,0,0,4,0,0,0,0,0,0,0,1,0,0,0,0,0,0,0,0,0,0,1,0,0,0,368.15,190,N#C[N-]C#N.OCCC[n+]1ccccc1,2.287471455
0.718490611,-6.721527778,0.041428521,13.04166667,0,2.985773806,0.0,-0.13,3780404828.0,25.76453822,4.127401125,0.0,0.0,0.0,11.016661,0.0,16.83559397,0.0,51.36657298,7.262479191,24.64764011,27.3090615,0.0,24.64764011,0.0,7.262479191,52.49989508,20.04658231,0.0,4.127401125,0.0,0.0,4.127401125,128.4164325,50.3309266,0.0,27.6949488,0.0,0.0,0.0,0.0,0.0,42.14274434,9.381301829,-14.16154617,1.0,0,0,0,13.5053,0,0,0,0,0,0,1,0,0,0,0,0,0,0,0,0,0,0,0,0,0,0,0,0,0,0,0,0,16,318.15,191,CCCCCCCC[P+](CCCCCCCC)(CCCCCCCC)CCCCCCCC.O=S(=O)([N-]S(=O)(=O)C(F)(F)F)C(F)(F)F,-0.709276562
0.718490611,-6.721527778,0.041428521,13.04166667,0,2.985773806,0.0,-0.13,3780404828.0,25.76453822,4.127401125,0.0,0.0,0.0,11.016661,0.0,16.83559397,0.0,51.36657298,7.262479191,24.64764011,27.3090615,0.0,24.64764011,0.0,7.262479191,52.49989508,20.04658231,0.0,4.127401125,0.0,0.0,4.127401125,128.4164325,50.3309266,0.0,27.6949488,0.0,0.0,0.0,0.0,0.0,42.14274434,9.381301829,-14.16154617,1.0,0,0,0,13.5053,0,0,0,0,0,0,1,0,0,0,0,0,0,0,0,0,0,0,0,0,0,0,0,0,0,0,0,0,16,328.15,192,CCCCCCCC[P+](CCCCCCCC)(CCCCCCCC)CCCCCCCC.O=S(=O)([N-]S(=O)(=O)C(F)(F)F)C(F)(F)F,-0.669430654
0.718490611,-6.721527778,0.041428521,13.04166667,0,2.985773806,0.0,-0.13,3780404828.0,25.76453822,4.127401125,0.0,0.0,0.0,11.016661,0.0,16.83559397,0.0,51.36657298,7.262479191,24.64764011,27.3090615,0.0,24.64764011,0.0,7.262479191,52.49989508,20.04658231,0.0,4.127401125,0.0,0.0,4.127401125,128.4164325,50.3309266,0.0,27.6949488,0.0,0.0,0.0,0.0,0.0,42.14274434,9.381301829,-14.16154617,1.0,0,0,0,13.5053,0,0,0,0,0,0,1,0,0,0,0,0,0,0,0,0,0,0,0,0,0,0,0,0,0,0,0,0,16,338.15,193,CCCCCCCC[P+](CCCCCCCC)(CCCCCCCC)CCCCCCCC.O=S(=O)([N-]S(=O)(=O)C(F)(F)F)C(F)(F)F,-0.629233855
0.718490611,-6.721527778,0.041428521,13.04166667,0,2.985773806,0.0,-0.13,3780404828.0,25.76453822,4.127401125,0.0,0.0,0.0,11.016661,0.0,16.83559397,0.0,51.36657298,7.262479191,24.64764011,27.3090615,0.0,24.64764011,0.0,7.262479191,52.49989508,20.04658231,0.0,4.127401125,0.0,0.0,4.127401125,128.4164325,50.3309266,0.0,27.6949488,0.0,0.0,0.0,0.0,0.0,42.14274434,9.381301829,-14.16154617,1.0,0,0,0,13.5053,0,0,0,0,0,0,1,0,0,0,0,0,0,0,0,0,0,0,0,0,0,0,0,0,0,0,0,0,16,348.15,194,CCCCCCCC[P+](CCCCCCCC)(CCCCCCCC)CCCCCCCC.O=S(=O)([N-]S(=O)(=O)C(F)(F)F)C(F)(F)F,-0.590590592
0.718490611,-6.721527778,0.041428521,13.04166667,0,2.985773806,0.0,-0.13,3780404828.0,25.76453822,4.127401125,0.0,0.0,0.0,11.016661,0.0,16.83559397,0.0,51.36657298,7.262479191,24.64764011,27.3090615,0.0,24.64764011,0.0,7.262479191,52.49989508,20.04658231,0.0,4.127401125,0.0,0.0,4.127401125,128.4164325,50.3309266,0.0,27.6949488,0.0,0.0,0.0,0.0,0.0,42.14274434,9.381301829,-14.16154617,1.0,0,0,0,13.5053,0,0,0,0,0,0,1,0,0,0,0,0,0,0,0,0,0,0,0,0,0,0,0,0,0,0,0,0,16,358.15,195,CCCCCCCC[P+](CCCCCCCC)(CCCCCCCC)CCCCCCCC.O=S(=O)([N-]S(=O)(=O)C(F)(F)F)C(F)(F)F,-0.556869562
0.718490611,-6.721527778,0.041428521,13.04166667,0,2.985773806,0.0,-0.13,3780404828.0,25.76453822,4.127401125,0.0,0.0,0.0,11.016661,0.0,16.83559397,0.0,51.36657298,7.262479191,24.64764011,27.3090615,0.0,24.64764011,0.0,7.262479191,52.49989508,20.04658231,0.0,4.127401125,0.0,0.0,4.127401125,128.4164325,50.3309266,0.0,27.6949488,0.0,0.0,0.0,0.0,0.0,42.14274434,9.381301829,-14.16154617,1.0,0,0,0,13.5053,0,0,0,0,0,0,1,0,0,0,0,0,0,0,0,0,0,0,0,0,0,0,0,0,0,0,0,0,16,368.15,196,CCCCCCCC[P+](CCCCCCCC)(CCCCCCCC)CCCCCCCC.O=S(=O)([N-]S(=O)(=O)C(F)(F)F)C(F)(F)F,-0.524248644
0.94875,0.94875,0.459854664,18.0,0,2.212359905,2.92e-07,-1.3,1132.728271,5.36396718,19.74367692,13.08951281,0.0,0.0,0.0,5.316788604,0.0,0.0,6.9237372,12.38631219,26.80619232,0.0,0.0,39.89570513,0.0,0.0,44.37873599,4.736862954,0.0,5.316788604,0.0,0.0,13.21376393,36.50361227,0.0,0.0,19.28819779,15.26064606,0.0,0.0,0.0,0.0,2.5625,7.760277778,2.294166667,0.777777778,0,0,1,0.80536,0,0,0,0,0,0,4,0,1,0,0,0,0,0,0,0,0,1,0,0,1,0,0,0,0,0,1,0,0,318.15,197,CC[N+]1(C)CCOCC1.N#C[N-]C#N,2.063058062
0.94875,0.94875,0.459854664,18.0,0,2.212359905,2.92e-07,-1.3,1132.728271,5.36396718,19.74367692,13.08951281,0.0,0.0,0.0,5.316788604,0.0,0.0,6.9237372,12.38631219,26.80619232,0.0,0.0,39.89570513,0.0,0.0,44.37873599,4.736862954,0.0,5.316788604,0.0,0.0,13.21376393,36.50361227,0.0,0.0,19.28819779,15.26064606,0.0,0.0,0.0,0.0,2.5625,7.760277778,2.294166667,0.777777778,0,0,1,0.80536,0,0,0,0,0,0,4,0,1,0,0,0,0,0,0,0,0,1,0,0,1,0,0,0,0,0,1,0,0,328.15,198,CC[N+]1(C)CCOCC1.N#C[N-]C#N,2.091864062
0.94875,0.94875,0.459854664,18.0,0,2.212359905,2.92e-07,-1.3,1132.728271,5.36396718,19.74367692,13.08951281,0.0,0.0,0.0,5.316788604,0.0,0.0,6.9237372,12.38631219,26.80619232,0.0,0.0,39.89570513,0.0,0.0,44.37873599,4.736862954,0.0,5.316788604,0.0,0.0,13.21376393,36.50361227,0.0,0.0,19.28819779,15.26064606,0.0,0.0,0.0,0.0,2.5625,7.760277778,2.294166667,0.777777778,0,0,1,0.80536,0,0,0,0,0,0,4,0,1,0,0,0,0,0,0,0,0,1,0,0,1,0,0,0,0,0,1,0,0,338.15,199,CC[N+]1(C)CCOCC1.N#C[N-]C#N,2.119863456
0.94875,0.94875,0.459854664,18.0,0,2.212359905,2.92e-07,-1.3,1132.728271,5.36396718,19.74367692,13.08951281,0.0,0.0,0.0,5.316788604,0.0,0.0,6.9237372,12.38631219,26.80619232,0.0,0.0,39.89570513,0.0,0.0,44.37873599,4.736862954,0.0,5.316788604,0.0,0.0,13.21376393,36.50361227,0.0,0.0,19.28819779,15.26064606,0.0,0.0,0.0,0.0,2.5625,7.760277778,2.294166667,0.777777778,0,0,1,0.80536,0,0,0,0,0,0,4,0,1,0,0,0,0,0,0,0,0,1,0,0,1,0,0,0,0,0,1,0,0,348.15,200,CC[N+]1(C)CCOCC1.N#C[N-]C#N,2.14710019
0.94875,0.94875,0.459854664,18.0,0,2.212359905,2.92e-07,-1.3,1132.728271,5.36396718,19.74367692,13.08951281,0.0,0.0,0.0,5.316788604,0.0,0.0,6.9237372,12.38631219,26.80619232,0.0,0.0,39.89570513,0.0,0.0,44.37873599,4.736862954,0.0,5.316788604,0.0,0.0,13.21376393,36.50361227,0.0,0.0,19.28819779,15.26064606,0.0,0.0,0.0,0.0,2.5625,7.760277778,2.294166667,0.777777778,0,0,1,0.80536,0,0,0,0,0,0,4,0,1,0,0,0,0,0,0,0,0,1,0,0,1,0,0,0,0,0,1,0,0,358.15,201,CC[N+]1(C)CCOCC1.N#C[N-]C#N,2.171336806
0.94875,0.94875,0.459854664,18.0,0,2.212359905,2.92e-07,-1.3,1132.728271,5.36396718,19.74367692,13.08951281,0.0,0.0,0.0,5.316788604,0.0,0.0,6.9237372,12.38631219,26.80619232,0.0,0.0,39.89570513,0.0,0.0,44.37873599,4.736862954,0.0,5.316788604,0.0,0.0,13.21376393,36.50361227,0.0,0.0,19.28819779,15.26064606,0.0,0.0,0.0,0.0,2.5625,7.760277778,2.294166667,0.777777778,0,0,1,0.80536,0,0,0,0,0,0,4,0,1,0,0,0,0,0,0,0,0,1,0,0,1,0,0,0,0,0,1,0,0,368.15,202,CC[N+]1(C)CCOCC1.N#C[N-]C#N,2.196112848
0.562253086,-6.721527778,0.171786049,13.5625,0,2.646033817,0.0,-0.13,1535030.368,12.93580683,4.127401125,0.0,0.0,0.0,11.016661,0.0,16.83559397,0.0,25.68328649,7.262479191,24.64764011,27.3090615,0.0,24.64764011,0.0,7.262479191,52.49989508,20.04658231,0.0,4.127401125,0.0,0.0,4.127401125,51.36657298,24.64764011,0.0,27.6949488,0.0,0.0,0.0,0.0,0.0,17.94660966,9.42119898,-14.00530864,1.0,0,0,0,7.2637,0,0,0,0,0,0,1,0,0,0,0,0,0,0,0,0,0,0,0,0,0,0,0,0,0,0,0,0,0,358.15,203,CCCC[P+](CCCC)(CCCC)CCCC.O=S(=O)([N-]S(=O)(=O)C(F)(F)F)C(F)(F)F,0.104360015
0.562253086,-6.721527778,0.171786049,13.5625,0,2.646033817,0.0,-0.13,1535030.368,12.93580683,4.127401125,0.0,0.0,0.0,11.016661,0.0,16.83559397,0.0,25.68328649,7.262479191,24.64764011,27.3090615,0.0,24.64764011,0.0,7.262479191,52.49989508,20.04658231,0.0,4.127401125,0.0,0.0,4.127401125,51.36657298,24.64764011,0.0,27.6949488,0.0,0.0,0.0,0.0,0.0,17.94660966,9.42119898,-14.00530864,1.0,0,0,0,7.2637,0,0,0,0,0,0,1,0,0,0,0,0,0,0,0,0,0,0,0,0,0,0,0,0,0,0,0,0,0,368.15,204,CCCC[P+](CCCC)(CCCC)CCCC.O=S(=O)([N-]S(=O)(=O)C(F)(F)F)C(F)(F)F,0.148420005
0.562253086,-6.721527778,0.171786049,13.5625,0,2.646033817,0.0,-0.13,1535030.368,12.93580683,4.127401125,0.0,0.0,0.0,11.016661,0.0,16.83559397,0.0,25.68328649,7.262479191,24.64764011,27.3090615,0.0,24.64764011,0.0,7.262479191,52.49989508,20.04658231,0.0,4.127401125,0.0,0.0,4.127401125,51.36657298,24.64764011,0.0,27.6949488,0.0,0.0,0.0,0.0,0.0,17.94660966,9.42119898,-14.00530864,1.0,0,0,0,7.2637,0,0,0,0,0,0,1,0,0,0,0,0,0,0,0,0,0,0,0,0,0,0,0,0,0,0,0,0,0,378.15,205,CCCC[P+](CCCC)(CCCC)CCCC.O=S(=O)([N-]S(=O)(=O)C(F)(F)F)C(F)(F)F,0.182321557
0.562253086,-6.721527778,0.171786049,13.5625,0,2.646033817,0.0,-0.13,1535030.368,12.93580683,4.127401125,0.0,0.0,0.0,11.016661,0.0,16.83559397,0.0,25.68328649,7.262479191,24.64764011,27.3090615,0.0,24.64764011,0.0,7.262479191,52.49989508,20.04658231,0.0,4.127401125,0.0,0.0,4.127401125,51.36657298,24.64764011,0.0,27.6949488,0.0,0.0,0.0,0.0,0.0,17.94660966,9.42119898,-14.00530864,1.0,0,0,0,7.2637,0,0,0,0,0,0,1,0,0,0,0,0,0,0,0,0,0,0,0,0,0,0,0,0,0,0,0,0,0,388.15,206,CCCC[P+](CCCC)(CCCC)CCCC.O=S(=O)([N-]S(=O)(=O)C(F)(F)F)C(F)(F)F,0.21511138
0.562253086,-6.721527778,0.171786049,13.5625,0,2.646033817,0.0,-0.13,1535030.368,12.93580683,4.127401125,0.0,0.0,0.0,11.016661,0.0,16.83559397,0.0,25.68328649,7.262479191,24.64764011,27.3090615,0.0,24.64764011,0.0,7.262479191,52.49989508,20.04658231,0.0,4.127401125,0.0,0.0,4.127401125,51.36657298,24.64764011,0.0,27.6949488,0.0,0.0,0.0,0.0,0.0,17.94660966,9.42119898,-14.00530864,1.0,0,0,0,7.2637,0,0,0,0,0,0,1,0,0,0,0,0,0,0,0,0,0,0,0,0,0,0,0,0,0,0,0,0,0,398.15,207,CCCC[P+](CCCC)(CCCC)CCCC.O=S(=O)([N-]S(=O)(=O)C(F)(F)F)C(F)(F)F,0.246860078
0.562253086,-6.721527778,0.171786049,13.5625,0,2.646033817,0.0,-0.13,1535030.368,12.93580683,4.127401125,0.0,0.0,0.0,11.016661,0.0,16.83559397,0.0,25.68328649,7.262479191,24.64764011,27.3090615,0.0,24.64764011,0.0,7.262479191,52.49989508,20.04658231,0.0,4.127401125,0.0,0.0,4.127401125,51.36657298,24.64764011,0.0,27.6949488,0.0,0.0,0.0,0.0,0.0,17.94660966,9.42119898,-14.00530864,1.0,0,0,0,7.2637,0,0,0,0,0,0,1,0,0,0,0,0,0,0,0,0,0,0,0,0,0,0,0,0,0,0,0,0,0,408.15,208,CCCC[P+](CCCC)(CCCC)CCCC.O=S(=O)([N-]S(=O)(=O)C(F)(F)F)C(F)(F)F,0.277631737
0.777777778,-6.721527778,0.105866415,13.05128205,0,2.790155211,8.3e-07,-1.58,57320379.46,16.97289759,13.34729494,18.9011502,0.0,0.0,11.016661,0.0,16.83559397,0.0,24.97437738,0.0,20.64010037,20.04658231,0.0,33.79173874,4.736862954,0.0,66.12702457,20.04658231,0.0,4.127401125,0.0,0.0,27.51158219,70.75297264,0.0,30.33183534,21.01908117,4.736862954,0.0,0.0,0.98281176,10.13974449,14.09562138,5.420182694,-8.800032128,0.75,0,0,1,7.122,0,0,0,0,0,0,2,0,1,0,0,0,0,0,0,0,0,1,0,0,0,0,0,0,0,0,1,0,8,318.15,209,CCCCCCCCCCCC[N+](C)(C)CCOc1ccccc1.O=S(=O)([N-]S(=O)(=O)C(F)(F)F)C(F)(F)F,-0.384192973
0.777777778,-6.721527778,0.105866415,13.05128205,0,2.790155211,8.3e-07,-1.58,57320379.46,16.97289759,13.34729494,18.9011502,0.0,0.0,11.016661,0.0,16.83559397,0.0,24.97437738,0.0,20.64010037,20.04658231,0.0,33.79173874,4.736862954,0.0,66.12702457,20.04658231,0.0,4.127401125,0.0,0.0,27.51158219,70.75297264,0.0,30.33183534,21.01908117,4.736862954,0.0,0.0,0.98281176,10.13974449,14.09562138,5.420182694,-8.800032128,0.75,0,0,1,7.122,0,0,0,0,0,0,2,0,1,0,0,0,0,0,0,0,0,1,0,0,0,0,0,0,0,0,1,0,8,328.15,210,CCCCCCCCCCCC[N+](C)(C)CCOc1ccccc1.O=S(=O)([N-]S(=O)(=O)C(F)(F)F)C(F)(F)F,-0.321583624
0.777777778,-6.721527778,0.105866415,13.05128205,0,2.790155211,8.3e-07,-1.58,57320379.46,16.97289759,13.34729494,18.9011502,0.0,0.0,11.016661,0.0,16.83559397,0.0,24.97437738,0.0,20.64010037,20.04658231,0.0,33.79173874,4.736862954,0.0,66.12702457,20.04658231,0.0,4.127401125,0.0,0.0,27.51158219,70.75297264,0.0,30.33183534,21.01908117,4.736862954,0.0,0.0,0.98281176,10.13974449,14.09562138,5.420182694,-8.800032128,0.75,0,0,1,7.122,0,0,0,0,0,0,2,0,1,0,0,0,0,0,0,0,0,1,0,0,0,0,0,0,0,0,1,0,8,338.15,211,CCCCCCCCCCCC[N+](C)(C)CCOc1ccccc1.O=S(=O)([N-]S(=O)(=O)C(F)(F)F)C(F)(F)F,-0.266573109
0.777777778,-6.721527778,0.105866415,13.05128205,0,2.790155211,8.3e-07,-1.58,57320379.46,16.97289759,13.34729494,18.9011502,0.0,0.0,11.016661,0.0,16.83559397,0.0,24.97437738,0.0,20.64010037,20.04658231,0.0,33.79173874,4.736862954,0.0,66.12702457,20.04658231,0.0,4.127401125,0.0,0.0,27.51158219,70.75297264,0.0,30.33183534,21.01908117,4.736862954,0.0,0.0,0.98281176,10.13974449,14.09562138,5.420182694,-8.800032128,0.75,0,0,1,7.122,0,0,0,0,0,0,2,0,1,0,0,0,0,0,0,0,0,1,0,0,0,0,0,0,0,0,1,0,8,348.15,212,CCCCCCCCCCCC[N+](C)(C)CCOc1ccccc1.O=S(=O)([N-]S(=O)(=O)C(F)(F)F)C(F)(F)F,-0.210721031
0.777777778,-6.721527778,0.105866415,13.05128205,0,2.790155211,8.3e-07,-1.58,57320379.46,16.97289759,13.34729494,18.9011502,0.0,0.0,11.016661,0.0,16.83559397,0.0,24.97437738,0.0,20.64010037,20.04658231,0.0,33.79173874,4.736862954,0.0,66.12702457,20.04658231,0.0,4.127401125,0.0,0.0,27.51158219,70.75297264,0.0,30.33183534,21.01908117,4.736862954,0.0,0.0,0.98281176,10.13974449,14.09562138,5.420182694,-8.800032128,0.75,0,0,1,7.122,0,0,0,0,0,0,2,0,1,0,0,0,0,0,0,0,0,1,0,0,0,0,0,0,0,0,1,0,8,358.15,213,CCCCCCCCCCCC[N+](C)(C)CCOc1ccccc1.O=S(=O)([N-]S(=O)(=O)C(F)(F)F)C(F)(F)F,-0.16134315
0.777777778,-6.721527778,0.105866415,13.05128205,0,2.790155211,8.3e-07,-1.58,57320379.46,16.97289759,13.34729494,18.9011502,0.0,0.0,11.016661,0.0,16.83559397,0.0,24.97437738,0.0,20.64010037,20.04658231,0.0,33.79173874,4.736862954,0.0,66.12702457,20.04658231,0.0,4.127401125,0.0,0.0,27.51158219,70.75297264,0.0,30.33183534,21.01908117,4.736862954,0.0,0.0,0.98281176,10.13974449,14.09562138,5.420182694,-8.800032128,0.75,0,0,1,7.122,0,0,0,0,0,0,2,0,1,0,0,0,0,0,0,0,0,1,0,0,0,0,0,0,0,0,1,0,8,368.15,214,CCCCCCCCCCCC[N+](C)(C)CCOc1ccccc1.O=S(=O)([N-]S(=O)(=O)C(F)(F)F)C(F)(F)F,-0.113168698
0.80037037,0.80037037,0.194580479,10.24137931,0,2.710124113,1.39e-06,-2.24,1631538.078,18.87121262,19.74367692,18.9011502,0.0,0.0,0.0,5.316788604,0.0,0.0,24.97437738,12.38631219,20.64010037,0.0,0.0,33.79173874,4.736862954,0.0,38.2747696,0.0,0.0,5.316788604,0.0,0.0,23.38418106,83.13928483,0.0,30.33183534,26.33586977,15.26064606,0.0,0.0,0.98281176,10.13974449,16.65812138,5.420182694,4.643023428,0.666666667,0,0,1,6.38496,0,0,0,0,0,0,4,0,1,0,0,0,0,0,0,0,0,1,0,0,0,0,0,0,0,0,1,0,8,328.15,215,CCCCCCCCCCCC[N+](C)(C)CCOc1ccccc1.N#C[N-]C#N,0.048790164
0.80037037,0.80037037,0.194580479,10.24137931,0,2.710124113,1.39e-06,-2.24,1631538.078,18.87121262,19.74367692,18.9011502,0.0,0.0,0.0,5.316788604,0.0,0.0,24.97437738,12.38631219,20.64010037,0.0,0.0,33.79173874,4.736862954,0.0,38.2747696,0.0,0.0,5.316788604,0.0,0.0,23.38418106,83.13928483,0.0,30.33183534,26.33586977,15.26064606,0.0,0.0,0.98281176,10.13974449,16.65812138,5.420182694,4.643023428,0.666666667,0,0,1,6.38496,0,0,0,0,0,0,4,0,1,0,0,0,0,0,0,0,0,1,0,0,0,0,0,0,0,0,1,0,8,338.15,216,CCCCCCCCCCCC[N+](C)(C)CCOc1ccccc1.N#C[N-]C#N,0.09531018
0.80037037,0.80037037,0.194580479,10.24137931,0,2.710124113,1.39e-06,-2.24,1631538.078,18.87121262,19.74367692,18.9011502,0.0,0.0,0.0,5.316788604,0.0,0.0,24.97437738,12.38631219,20.64010037,0.0,0.0,33.79173874,4.736862954,0.0,38.2747696,0.0,0.0,5.316788604,0.0,0.0,23.38418106,83.13928483,0.0,30.33183534,26.33586977,15.26064606,0.0,0.0,0.98281176,10.13974449,16.65812138,5.420182694,4.643023428,0.666666667,0,0,1,6.38496,0,0,0,0,0,0,4,0,1,0,0,0,0,0,0,0,0,1,0,0,0,0,0,0,0,0,1,0,8,348.15,217,CCCCCCCCCCCC[N+](C)(C)CCOc1ccccc1.N#C[N-]C#N,0.139761942
0.80037037,0.80037037,0.194580479,10.24137931,0,2.710124113,1.39e-06,-2.24,1631538.078,18.87121262,19.74367692,18.9011502,0.0,0.0,0.0,5.316788604,0.0,0.0,24.97437738,12.38631219,20.64010037,0.0,0.0,33.79173874,4.736862954,0.0,38.2747696,0.0,0.0,5.316788604,0.0,0.0,23.38418106,83.13928483,0.0,30.33183534,26.33586977,15.26064606,0.0,0.0,0.98281176,10.13974449,16.65812138,5.420182694,4.643023428,0.666666667,0,0,1,6.38496,0,0,0,0,0,0,4,0,1,0,0,0,0,0,0,0,0,1,0,0,0,0,0,0,0,0,1,0,8,358.15,218,CCCCCCCCCCCC[N+](C)(C)CCOc1ccccc1.N#C[N-]C#N,0.173953307
0.80037037,0.80037037,0.194580479,10.24137931,0,2.710124113,1.39e-06,-2.24,1631538.078,18.87121262,19.74367692,18.9011502,0.0,0.0,0.0,5.316788604,0.0,0.0,24.97437738,12.38631219,20.64010037,0.0,0.0,33.79173874,4.736862954,0.0,38.2747696,0.0,0.0,5.316788604,0.0,0.0,23.38418106,83.13928483,0.0,30.33183534,26.33586977,15.26064606,0.0,0.0,0.98281176,10.13974449,16.65812138,5.420182694,4.643023428,0.666666667,0,0,1,6.38496,0,0,0,0,0,0,4,0,1,0,0,0,0,0,0,0,0,1,0,0,0,0,0,0,0,0,1,0,8,368.15,219,CCCCCCCCCCCC[N+](C)(C)CCOc1ccccc1.N#C[N-]C#N,0.21511138
0.80037037,0.80037037,0.194580479,10.24137931,0,2.710124113,1.39e-06,-2.24,1631538.078,18.87121262,19.74367692,18.9011502,0.0,0.0,0.0,5.316788604,0.0,0.0,24.97437738,12.38631219,20.64010037,0.0,0.0,33.79173874,4.736862954,0.0,38.2747696,0.0,0.0,5.316788604,0.0,0.0,23.38418106,83.13928483,0.0,30.33183534,26.33586977,15.26064606,0.0,0.0,0.98281176,10.13974449,16.65812138,5.420182694,4.643023428,0.666666667,0,0,1,6.38496,0,0,0,0,0,0,4,0,1,0,0,0,0,0,0,0,0,1,0,0,0,0,0,0,0,0,1,0,8,378.15,220,CCCCCCCCCCCC[N+](C)(C)CCOc1ccccc1.N#C[N-]C#N,0.246860078
0.73,0.73,0.412122732,15.875,0,2.680749653,3.85e-07,-1.77,3624.373531,6.649456709,15.00681397,0.0,0.0,0.0,0.0,5.316788604,0.0,0.0,0.0,38.06959868,32.75116251,0.0,0.0,26.6819412,0.0,0.0,31.16497206,0.0,0.0,5.316788604,0.0,0.0,12.84164325,49.34525551,0.0,0.0,18.4336819,15.78567466,0.0,0.0,0.0,2.198871882,7.124947562,3.851604308,2.309895125,0.727272727,0,0,1,1.85284,0,0,0,0,0,0,5,0,0,1,0,0,0,0,0,0,0,0,0,0,0,0,0,0,0,0,1,0,1,318.15,221,C[N+]1(CCCC#N)CCCC1.N#C[N-]C#N,1.857859271
0.73,0.73,0.412122732,15.875,0,2.680749653,3.85e-07,-1.77,3624.373531,6.649456709,15.00681397,0.0,0.0,0.0,0.0,5.316788604,0.0,0.0,0.0,38.06959868,32.75116251,0.0,0.0,26.6819412,0.0,0.0,31.16497206,0.0,0.0,5.316788604,0.0,0.0,12.84164325,49.34525551,0.0,0.0,18.4336819,15.78567466,0.0,0.0,0.0,2.198871882,7.124947562,3.851604308,2.309895125,0.727272727,0,0,1,1.85284,0,0,0,0,0,0,5,0,0,1,0,0,0,0,0,0,0,0,0,0,0,0,0,0,0,0,1,0,1,328.15,222,C[N+]1(CCCC#N)CCCC1.N#C[N-]C#N,1.89009537
0.73,0.73,0.412122732,15.875,0,2.680749653,3.85e-07,-1.77,3624.373531,6.649456709,15.00681397,0.0,0.0,0.0,0.0,5.316788604,0.0,0.0,0.0,38.06959868,32.75116251,0.0,0.0,26.6819412,0.0,0.0,31.16497206,0.0,0.0,5.316788604,0.0,0.0,12.84164325,49.34525551,0.0,0.0,18.4336819,15.78567466,0.0,0.0,0.0,2.198871882,7.124947562,3.851604308,2.309895125,0.727272727,0,0,1,1.85284,0,0,0,0,0,0,5,0,0,1,0,0,0,0,0,0,0,0,0,0,0,0,0,0,0,0,1,0,1,338.15,223,C[N+]1(CCCC#N)CCCC1.N#C[N-]C#N,1.921324674
0.73,0.73,0.412122732,15.875,0,2.680749653,3.85e-07,-1.77,3624.373531,6.649456709,15.00681397,0.0,0.0,0.0,0.0,5.316788604,0.0,0.0,0.0,38.06959868,32.75116251,0.0,0.0,26.6819412,0.0,0.0,31.16497206,0.0,0.0,5.316788604,0.0,0.0,12.84164325,49.34525551,0.0,0.0,18.4336819,15.78567466,0.0,0.0,0.0,2.198871882,7.124947562,3.851604308,2.309895125,0.727272727,0,0,1,1.85284,0,0,0,0,0,0,5,0,0,1,0,0,0,0,0,0,0,0,0,0,0,0,0,0,0,0,1,0,1,348.15,224,C[N+]1(CCCC#N)CCCC1.N#C[N-]C#N,1.948763218
0.73,0.73,0.412122732,15.875,0,2.680749653,3.85e-07,-1.77,3624.373531,6.649456709,15.00681397,0.0,0.0,0.0,0.0,5.316788604,0.0,0.0,0.0,38.06959868,32.75116251,0.0,0.0,26.6819412,0.0,0.0,31.16497206,0.0,0.0,5.316788604,0.0,0.0,12.84164325,49.34525551,0.0,0.0,18.4336819,15.78567466,0.0,0.0,0.0,2.198871882,7.124947562,3.851604308,2.309895125,0.727272727,0,0,1,1.85284,0,0,0,0,0,0,5,0,0,1,0,0,0,0,0,0,0,0,0,0,0,0,0,0,0,0,1,0,1,358.15,225,C[N+]1(CCCC#N)CCCC1.N#C[N-]C#N,1.978239036
0.73,0.73,0.412122732,15.875,0,2.680749653,3.85e-07,-1.77,3624.373531,6.649456709,15.00681397,0.0,0.0,0.0,0.0,5.316788604,0.0,0.0,0.0,38.06959868,32.75116251,0.0,0.0,26.6819412,0.0,0.0,31.16497206,0.0,0.0,5.316788604,0.0,0.0,12.84164325,49.34525551,0.0,0.0,18.4336819,15.78567466,0.0,0.0,0.0,2.198871882,7.124947562,3.851604308,2.309895125,0.727272727,0,0,1,1.85284,0,0,0,0,0,0,5,0,0,1,0,0,0,0,0,0,0,0,0,0,0,0,0,0,0,0,1,0,1,368.15,226,C[N+]1(CCCC#N)CCCC1.N#C[N-]C#N,2.004179057
0.640768141,0.640768141,0.433545074,7.3125,0,2.326727412,3.85e-07,-2.58,3722.763859,8.03819153,10.52378311,6.544756406,0.0,0.0,0.0,5.316788604,4.567099648,0.0,0.0,37.36068957,6.069221313,0.0,0.0,0.0,4.567099648,0.0,0.0,6.544756406,0.0,5.316788604,0.0,6.420821623,12.96557803,12.38631219,0.0,30.59278835,15.95310956,15.78567466,0.0,0.0,0.0,8.096376921,8.161530612,0.938888889,0.0,0.272727273,0,0,1,1.60014,0,0,0,0,0,0,5,0,0,0,0,0,0,0,1,0,0,0,0,0,0,0,0,0,0,1,0,0,1,318.15,227,N#CCCC[n+]1ccccc1.N#C[N-]C#N,2.312535424
0.640768141,0.640768141,0.433545074,7.3125,0,2.326727412,3.85e-07,-2.58,3722.763859,8.03819153,10.52378311,6.544756406,0.0,0.0,0.0,5.316788604,4.567099648,0.0,0.0,37.36068957,6.069221313,0.0,0.0,0.0,4.567099648,0.0,0.0,6.544756406,0.0,5.316788604,0.0,6.420821623,12.96557803,12.38631219,0.0,30.59278835,15.95310956,15.78567466,0.0,0.0,0.0,8.096376921,8.161530612,0.938888889,0.0,0.272727273,0,0,1,1.60014,0,0,0,0,0,0,5,0,0,0,0,0,0,0,1,0,0,0,0,0,0,0,0,0,0,1,0,0,1,328.15,228,N#CCCC[n+]1ccccc1.N#C[N-]C#N,2.332143895
0.640768141,0.640768141,0.433545074,7.3125,0,2.326727412,3.85e-07,-2.58,3722.763859,8.03819153,10.52378311,6.544756406,0.0,0.0,0.0,5.316788604,4.567099648,0.0,0.0,37.36068957,6.069221313,0.0,0.0,0.0,4.567099648,0.0,0.0,6.544756406,0.0,5.316788604,0.0,6.420821623,12.96557803,12.38631219,0.0,30.59278835,15.95310956,15.78567466,0.0,0.0,0.0,8.096376921,8.161530612,0.938888889,0.0,0.272727273,0,0,1,1.60014,0,0,0,0,0,0,5,0,0,0,0,0,0,0,1,0,0,0,0,0,0,0,0,0,0,1,0,0,1,338.15,229,N#CCCC[n+]1ccccc1.N#C[N-]C#N,2.360854001
0.640768141,0.640768141,0.433545074,7.3125,0,2.326727412,3.85e-07,-2.58,3722.763859,8.03819153,10.52378311,6.544756406,0.0,0.0,0.0,5.316788604,4.567099648,0.0,0.0,37.36068957,6.069221313,0.0,0.0,0.0,4.567099648,0.0,0.0,6.544756406,0.0,5.316788604,0.0,6.420821623,12.96557803,12.38631219,0.0,30.59278835,15.95310956,15.78567466,0.0,0.0,0.0,8.096376921,8.161530612,0.938888889,0.0,0.272727273,0,0,1,1.60014,0,0,0,0,0,0,5,0,0,0,0,0,0,0,1,0,0,0,0,0,0,0,0,0,0,1,0,0,1,348.15,230,N#CCCC[n+]1ccccc1.N#C[N-]C#N,2.379546134
0.640768141,0.640768141,0.433545074,7.3125,0,2.326727412,3.85e-07,-2.58,3722.763859,8.03819153,10.52378311,6.544756406,0.0,0.0,0.0,5.316788604,4.567099648,0.0,0.0,37.36068957,6.069221313,0.0,0.0,0.0,4.567099648,0.0,0.0,6.544756406,0.0,5.316788604,0.0,6.420821623,12.96557803,12.38631219,0.0,30.59278835,15.95310956,15.78567466,0.0,0.0,0.0,8.096376921,8.161530612,0.938888889,0.0,0.272727273,0,0,1,1.60014,0,0,0,0,0,0,5,0,0,0,0,0,0,0,1,0,0,0,0,0,0,0,0,0,0,1,0,0,1,358.15,231,N#CCCC[n+]1ccccc1.N#C[N-]C#N,2.397895273
0.640768141,0.640768141,0.433545074,7.3125,0,2.326727412,3.85e-07,-2.58,3722.763859,8.03819153,10.52378311,6.544756406,0.0,0.0,0.0,5.316788604,4.567099648,0.0,0.0,37.36068957,6.069221313,0.0,0.0,0.0,4.567099648,0.0,0.0,6.544756406,0.0,5.316788604,0.0,6.420821623,12.96557803,12.38631219,0.0,30.59278835,15.95310956,15.78567466,0.0,0.0,0.0,8.096376921,8.161530612,0.938888889,0.0,0.272727273,0,0,1,1.60014,0,0,0,0,0,0,5,0,0,0,0,0,0,0,1,0,0,0,0,0,0,0,0,0,0,1,0,0,1,368.15,232,N#CCCC[n+]1ccccc1.N#C[N-]C#N,2.424802726
0.225597994,-4.001929012,0.349815811,11.17391304,0,2.915467872,4.33e-07,-0.68,88023.806,13.45470882,13.94090593,12.39368714,6.327320075,7.822697123,0.0,4.565048285,9.134199296,0.0,19.26246487,0.0,26.80619232,7.822697123,7.047671983,13.21376393,9.460511251,7.822697123,17.78086358,27.204971,0.0,0.0,13.21376393,0.0,32.2280429,12.84164325,0.0,20.89514638,43.82643804,0.0,0.0,10.96352608,0.0,0.0,12.11925579,7.751692492,-1.957836042,0.8125,0,0,1,3.2009,0,0,0,0,0,0,2,0,0,0,0,0,0,0,2,0,0,0,0,0,0,1,1,0,0,0,0,0,2,313.15,233,CCCCOP(=O)([O-])OCCCC.CCCC[n+]1ccn(C)c1,0.329303747
0.225597994,-4.001929012,0.349815811,11.17391304,0,2.915467872,4.33e-07,-0.68,88023.806,13.45470882,13.94090593,12.39368714,6.327320075,7.822697123,0.0,4.565048285,9.134199296,0.0,19.26246487,0.0,26.80619232,7.822697123,7.047671983,13.21376393,9.460511251,7.822697123,17.78086358,27.204971,0.0,0.0,13.21376393,0.0,32.2280429,12.84164325,0.0,20.89514638,43.82643804,0.0,0.0,10.96352608,0.0,0.0,12.11925579,7.751692492,-1.957836042,0.8125,0,0,1,3.2009,0,0,0,0,0,0,2,0,0,0,0,0,0,0,2,0,0,0,0,0,0,1,1,0,0,0,0,0,2,323.15,234,CCCCOP(=O)([O-])OCCCC.CCCC[n+]1ccn(C)c1,0.300104592
0.225597994,-4.001929012,0.349815811,11.17391304,0,2.915467872,4.33e-07,-0.68,88023.806,13.45470882,13.94090593,12.39368714,6.327320075,7.822697123,0.0,4.565048285,9.134199296,0.0,19.26246487,0.0,26.80619232,7.822697123,7.047671983,13.21376393,9.460511251,7.822697123,17.78086358,27.204971,0.0,0.0,13.21376393,0.0,32.2280429,12.84164325,0.0,20.89514638,43.82643804,0.0,0.0,10.96352608,0.0,0.0,12.11925579,7.751692492,-1.957836042,0.8125,0,0,1,3.2009,0,0,0,0,0,0,2,0,0,0,0,0,0,0,2,0,0,0,0,0,0,1,1,0,0,0,0,0,2,333.15,235,CCCCOP(=O)([O-])OCCCC.CCCC[n+]1ccn(C)c1,0.277631737
0.225597994,-4.001929012,0.349815811,11.17391304,0,2.915467872,4.33e-07,-0.68,88023.806,13.45470882,13.94090593,12.39368714,6.327320075,7.822697123,0.0,4.565048285,9.134199296,0.0,19.26246487,0.0,26.80619232,7.822697123,7.047671983,13.21376393,9.460511251,7.822697123,17.78086358,27.204971,0.0,0.0,13.21376393,0.0,32.2280429,12.84164325,0.0,20.89514638,43.82643804,0.0,0.0,10.96352608,0.0,0.0,12.11925579,7.751692492,-1.957836042,0.8125,0,0,1,3.2009,0,0,0,0,0,0,2,0,0,0,0,0,0,0,2,0,0,0,0,0,0,1,1,0,0,0,0,0,2,343.15,236,CCCCOP(=O)([O-])OCCCC.CCCC[n+]1ccn(C)c1,0.262364264
0.225597994,-4.001929012,0.349815811,11.17391304,0,2.915467872,4.33e-07,-0.68,88023.806,13.45470882,13.94090593,12.39368714,6.327320075,7.822697123,0.0,4.565048285,9.134199296,0.0,19.26246487,0.0,26.80619232,7.822697123,7.047671983,13.21376393,9.460511251,7.822697123,17.78086358,27.204971,0.0,0.0,13.21376393,0.0,32.2280429,12.84164325,0.0,20.89514638,43.82643804,0.0,0.0,10.96352608,0.0,0.0,12.11925579,7.751692492,-1.957836042,0.8125,0,0,1,3.2009,0,0,0,0,0,0,2,0,0,0,0,0,0,0,2,0,0,0,0,0,0,1,1,0,0,0,0,0,2,353.15,237,CCCCOP(=O)([O-])OCCCC.CCCC[n+]1ccn(C)c1,0.254642218
0.225597994,-4.001929012,0.349815811,11.17391304,0,2.915467872,4.33e-07,-0.68,88023.806,13.45470882,13.94090593,12.39368714,6.327320075,7.822697123,0.0,4.565048285,9.134199296,0.0,19.26246487,0.0,26.80619232,7.822697123,7.047671983,13.21376393,9.460511251,7.822697123,17.78086358,27.204971,0.0,0.0,13.21376393,0.0,32.2280429,12.84164325,0.0,20.89514638,43.82643804,0.0,0.0,10.96352608,0.0,0.0,12.11925579,7.751692492,-1.957836042,0.8125,0,0,1,3.2009,0,0,0,0,0,0,2,0,0,0,0,0,0,0,2,0,0,0,0,0,0,1,1,0,0,0,0,0,2,363.15,238,CCCCOP(=O)([O-])OCCCC.CCCC[n+]1ccn(C)c1,0.2390169
0.80787037,-4.412037037,0.434587442,10.75,0,2.609993054,3.25e-07,-0.92,2607.383061,8.393419499,4.552749874,12.39368714,16.72632066,0.0,0.0,4.183085433,17.55199628,0.0,6.420821623,0.0,20.70222593,10.39900058,7.047671983,7.109797541,4.567099648,0.0,24.64744405,28.1745144,0.0,0.0,0.0,0.0,13.65455395,12.84164325,0.0,7.047671983,38.96202915,0.0,0.0,0.0,0.0,0.0,8.817018141,3.361944444,-1.560073696,0.666666667,0,0,1,0.2057,0,0,0,0,0,0,2,0,0,0,0,0,0,0,2,0,0,0,0,0,0,0,0,0,0,0,0,0,0,313.15,239,CCCC[n+]1ccn(C)c1.COS(=O)(=O)[O-],2.727852828
0.80787037,-4.412037037,0.434587442,10.75,0,2.609993054,3.25e-07,-0.92,2607.383061,8.393419499,4.552749874,12.39368714,16.72632066,0.0,0.0,4.183085433,17.55199628,0.0,6.420821623,0.0,20.70222593,10.39900058,7.047671983,7.109797541,4.567099648,0.0,24.64744405,28.1745144,0.0,0.0,0.0,0.0,13.65455395,12.84164325,0.0,7.047671983,38.96202915,0.0,0.0,0.0,0.0,0.0,8.817018141,3.361944444,-1.560073696,0.666666667,0,0,1,0.2057,0,0,0,0,0,0,2,0,0,0,0,0,0,0,2,0,0,0,0,0,0,0,0,0,0,0,0,0,0,323.15,240,CCCC[n+]1ccn(C)c1.COS(=O)(=O)[O-],2.624668592
0.80787037,-4.412037037,0.434587442,10.75,0,2.609993054,3.25e-07,-0.92,2607.383061,8.393419499,4.552749874,12.39368714,16.72632066,0.0,0.0,4.183085433,17.55199628,0.0,6.420821623,0.0,20.70222593,10.39900058,7.047671983,7.109797541,4.567099648,0.0,24.64744405,28.1745144,0.0,0.0,0.0,0.0,13.65455395,12.84164325,0.0,7.047671983,38.96202915,0.0,0.0,0.0,0.0,0.0,8.817018141,3.361944444,-1.560073696,0.666666667,0,0,1,0.2057,0,0,0,0,0,0,2,0,0,0,0,0,0,0,2,0,0,0,0,0,0,0,0,0,0,0,0,0,0,333.15,241,CCCC[n+]1ccn(C)c1.COS(=O)(=O)[O-],2.525728644
0.80787037,-4.412037037,0.434587442,10.75,0,2.609993054,3.25e-07,-0.92,2607.383061,8.393419499,4.552749874,12.39368714,16.72632066,0.0,0.0,4.183085433,17.55199628,0.0,6.420821623,0.0,20.70222593,10.39900058,7.047671983,7.109797541,4.567099648,0.0,24.64744405,28.1745144,0.0,0.0,0.0,0.0,13.65455395,12.84164325,0.0,7.047671983,38.96202915,0.0,0.0,0.0,0.0,0.0,8.817018141,3.361944444,-1.560073696,0.666666667,0,0,1,0.2057,0,0,0,0,0,0,2,0,0,0,0,0,0,0,2,0,0,0,0,0,0,0,0,0,0,0,0,0,0,343.15,242,CCCC[n+]1ccn(C)c1.COS(=O)(=O)[O-],2.424802726
0.80787037,-4.412037037,0.434587442,10.75,0,2.609993054,3.25e-07,-0.92,2607.383061,8.393419499,4.552749874,12.39368714,16.72632066,0.0,0.0,4.183085433,17.55199628,0.0,6.420821623,0.0,20.70222593,10.39900058,7.047671983,7.109797541,4.567099648,0.0,24.64744405,28.1745144,0.0,0.0,0.0,0.0,13.65455395,12.84164325,0.0,7.047671983,38.96202915,0.0,0.0,0.0,0.0,0.0,8.817018141,3.361944444,-1.560073696,0.666666667,0,0,1,0.2057,0,0,0,0,0,0,2,0,0,0,0,0,0,0,2,0,0,0,0,0,0,0,0,0,0,0,0,0,0,353.15,243,CCCC[n+]1ccn(C)c1.COS(=O)(=O)[O-],2.32238772
0.80787037,-4.412037037,0.434587442,10.75,0,2.609993054,3.25e-07,-0.92,2607.383061,8.393419499,4.552749874,12.39368714,16.72632066,0.0,0.0,4.183085433,17.55199628,0.0,6.420821623,0.0,20.70222593,10.39900058,7.047671983,7.109797541,4.567099648,0.0,24.64744405,28.1745144,0.0,0.0,0.0,0.0,13.65455395,12.84164325,0.0,7.047671983,38.96202915,0.0,0.0,0.0,0.0,0.0,8.817018141,3.361944444,-1.560073696,0.666666667,0,0,1,0.2057,0,0,0,0,0,0,2,0,0,0,0,0,0,0,2,0,0,0,0,0,0,0,0,0,0,0,0,0,0,363.15,244,CCCC[n+]1ccn(C)c1.COS(=O)(=O)[O-],2.232162629
1.038966049,-3.904320988,0.55028619,10.73333333,0,2.650534788,2.65e-07,-0.68,1823.567934,6.408505623,13.94090593,12.39368714,6.327320075,7.822697123,0.0,4.565048285,9.134199296,0.0,6.9237372,14.21959508,13.59242839,7.822697123,7.047671983,14.21959508,9.460511251,7.822697123,18.78669473,27.204971,0.0,0.0,0.0,0.0,20.76435149,0.0,0.0,17.8116152,33.06249482,0.0,0.0,9.951388889,0.0,0.0,6.142361111,3.181388889,0.193611111,0.625,0,0,1,0.0801,0,0,0,0,0,0,2,0,0,0,0,0,0,0,2,0,0,0,0,0,0,1,1,0,0,0,0,0,0,313.15,245,CC[n+]1ccn(C)c1.COP(=O)([O-])OC,1.864080131
1.038966049,-3.904320988,0.55028619,10.73333333,0,2.650534788,2.65e-07,-0.68,1823.567934,6.408505623,13.94090593,12.39368714,6.327320075,7.822697123,0.0,4.565048285,9.134199296,0.0,6.9237372,14.21959508,13.59242839,7.822697123,7.047671983,14.21959508,9.460511251,7.822697123,18.78669473,27.204971,0.0,0.0,0.0,0.0,20.76435149,0.0,0.0,17.8116152,33.06249482,0.0,0.0,9.951388889,0.0,0.0,6.142361111,3.181388889,0.193611111,0.625,0,0,1,0.0801,0,0,0,0,0,0,2,0,0,0,0,0,0,0,2,0,0,0,0,0,0,1,1,0,0,0,0,0,0,323.15,246,CC[n+]1ccn(C)c1.COP(=O)([O-])OC,1.814824742
1.038966049,-3.904320988,0.55028619,10.73333333,0,2.650534788,2.65e-07,-0.68,1823.567934,6.408505623,13.94090593,12.39368714,6.327320075,7.822697123,0.0,4.565048285,9.134199296,0.0,6.9237372,14.21959508,13.59242839,7.822697123,7.047671983,14.21959508,9.460511251,7.822697123,18.78669473,27.204971,0.0,0.0,0.0,0.0,20.76435149,0.0,0.0,17.8116152,33.06249482,0.0,0.0,9.951388889,0.0,0.0,6.142361111,3.181388889,0.193611111,0.625,0,0,1,0.0801,0,0,0,0,0,0,2,0,0,0,0,0,0,0,2,0,0,0,0,0,0,1,1,0,0,0,0,0,0,333.15,247,CC[n+]1ccn(C)c1.COP(=O)([O-])OC,1.781709133
1.038966049,-3.904320988,0.55028619,10.73333333,0,2.650534788,2.65e-07,-0.68,1823.567934,6.408505623,13.94090593,12.39368714,6.327320075,7.822697123,0.0,4.565048285,9.134199296,0.0,6.9237372,14.21959508,13.59242839,7.822697123,7.047671983,14.21959508,9.460511251,7.822697123,18.78669473,27.204971,0.0,0.0,0.0,0.0,20.76435149,0.0,0.0,17.8116152,33.06249482,0.0,0.0,9.951388889,0.0,0.0,6.142361111,3.181388889,0.193611111,0.625,0,0,1,0.0801,0,0,0,0,0,0,2,0,0,0,0,0,0,0,2,0,0,0,0,0,0,1,1,0,0,0,0,0,0,343.15,248,CC[n+]1ccn(C)c1.COP(=O)([O-])OC,1.745715531
1.038966049,-3.904320988,0.55028619,10.73333333,0,2.650534788,2.65e-07,-0.68,1823.567934,6.408505623,13.94090593,12.39368714,6.327320075,7.822697123,0.0,4.565048285,9.134199296,0.0,6.9237372,14.21959508,13.59242839,7.822697123,7.047671983,14.21959508,9.460511251,7.822697123,18.78669473,27.204971,0.0,0.0,0.0,0.0,20.76435149,0.0,0.0,17.8116152,33.06249482,0.0,0.0,9.951388889,0.0,0.0,6.142361111,3.181388889,0.193611111,0.625,0,0,1,0.0801,0,0,0,0,0,0,2,0,0,0,0,0,0,0,2,0,0,0,0,0,0,1,1,0,0,0,0,0,0,353.15,249,CC[n+]1ccn(C)c1.COP(=O)([O-])OC,1.715598108
1.038966049,-3.904320988,0.55028619,10.73333333,0,2.650534788,2.65e-07,-0.68,1823.567934,6.408505623,13.94090593,12.39368714,6.327320075,7.822697123,0.0,4.565048285,9.134199296,0.0,6.9237372,14.21959508,13.59242839,7.822697123,7.047671983,14.21959508,9.460511251,7.822697123,18.78669473,27.204971,0.0,0.0,0.0,0.0,20.76435149,0.0,0.0,17.8116152,33.06249482,0.0,0.0,9.951388889,0.0,0.0,6.142361111,3.181388889,0.193611111,0.625,0,0,1,0.0801,0,0,0,0,0,0,2,0,0,0,0,0,0,0,2,0,0,0,0,0,0,1,1,0,0,0,0,0,0,363.15,250,CC[n+]1ccn(C)c1.COP(=O)([O-])OC,1.686398954
1.038966049,-3.904320988,0.50396101,10.64285714,0,2.510082582,2.41e-07,-0.68,1004.033033,5.879220998,13.94090593,12.39368714,6.327320075,7.822697123,0.0,4.565048285,9.134199296,0.0,0.0,14.21959508,14.09534397,7.822697123,14.09534397,14.21959508,9.460511251,7.822697123,18.78669473,27.70788657,0.0,0.0,0.0,0.0,14.21959508,0.0,0.0,41.95055048,9.047494323,0.0,0.0,9.951388889,0.0,0.0,6.0,0.0,2.173611111,0.571428571,0,0,1,-0.4028,0,0,0,0,0,0,2,0,0,0,0,0,0,0,2,0,0,0,0,0,0,1,1,0,0,0,0,0,0,313.15,251,COP(=O)([O-])OC.Cn1cc[n+](C)c1,2.023796688
1.038966049,-3.904320988,0.50396101,10.64285714,0,2.510082582,2.41e-07,-0.68,1004.033033,5.879220998,13.94090593,12.39368714,6.327320075,7.822697123,0.0,4.565048285,9.134199296,0.0,0.0,14.21959508,14.09534397,7.822697123,14.09534397,14.21959508,9.460511251,7.822697123,18.78669473,27.70788657,0.0,0.0,0.0,0.0,14.21959508,0.0,0.0,41.95055048,9.047494323,0.0,0.0,9.951388889,0.0,0.0,6.0,0.0,2.173611111,0.571428571,0,0,1,-0.4028,0,0,0,0,0,0,2,0,0,0,0,0,0,0,2,0,0,0,0,0,0,1,1,0,0,0,0,0,0,323.15,252,COP(=O)([O-])OC.Cn1cc[n+](C)c1,2.019956895
1.038966049,-3.904320988,0.50396101,10.64285714,0,2.510082582,2.41e-07,-0.68,1004.033033,5.879220998,13.94090593,12.39368714,6.327320075,7.822697123,0.0,4.565048285,9.134199296,0.0,0.0,14.21959508,14.09534397,7.822697123,14.09534397,14.21959508,9.460511251,7.822697123,18.78669473,27.70788657,0.0,0.0,0.0,0.0,14.21959508,0.0,0.0,41.95055048,9.047494323,0.0,0.0,9.951388889,0.0,0.0,6.0,0.0,2.173611111,0.571428571,0,0,1,-0.4028,0,0,0,0,0,0,2,0,0,0,0,0,0,0,2,0,0,0,0,0,0,1,1,0,0,0,0,0,0,333.15,253,COP(=O)([O-])OC.Cn1cc[n+](C)c1,2.016368613
1.038966049,-3.904320988,0.50396101,10.64285714,0,2.510082582,2.41e-07,-0.68,1004.033033,5.879220998,13.94090593,12.39368714,6.327320075,7.822697123,0.0,4.565048285,9.134199296,0.0,0.0,14.21959508,14.09534397,7.822697123,14.09534397,14.21959508,9.460511251,7.822697123,18.78669473,27.70788657,0.0,0.0,0.0,0.0,14.21959508,0.0,0.0,41.95055048,9.047494323,0.0,0.0,9.951388889,0.0,0.0,6.0,0.0,2.173611111,0.571428571,0,0,1,-0.4028,0,0,0,0,0,0,2,0,0,0,0,0,0,0,2,0,0,0,0,0,0,1,1,0,0,0,0,0,0,343.15,254,COP(=O)([O-])OC.Cn1cc[n+](C)c1,2.012633781
1.038966049,-3.904320988,0.50396101,10.64285714,0,2.510082582,2.41e-07,-0.68,1004.033033,5.879220998,13.94090593,12.39368714,6.327320075,7.822697123,0.0,4.565048285,9.134199296,0.0,0.0,14.21959508,14.09534397,7.822697123,14.09534397,14.21959508,9.460511251,7.822697123,18.78669473,27.70788657,0.0,0.0,0.0,0.0,14.21959508,0.0,0.0,41.95055048,9.047494323,0.0,0.0,9.951388889,0.0,0.0,6.0,0.0,2.173611111,0.571428571,0,0,1,-0.4028,0,0,0,0,0,0,2,0,0,0,0,0,0,0,2,0,0,0,0,0,0,1,1,0,0,0,0,0,0,353.15,255,COP(=O)([O-])OC.Cn1cc[n+](C)c1,2.010627226
1.038966049,-3.904320988,0.50396101,10.64285714,0,2.510082582,2.41e-07,-0.68,1004.033033,5.879220998,13.94090593,12.39368714,6.327320075,7.822697123,0.0,4.565048285,9.134199296,0.0,0.0,14.21959508,14.09534397,7.822697123,14.09534397,14.21959508,9.460511251,7.822697123,18.78669473,27.70788657,0.0,0.0,0.0,0.0,14.21959508,0.0,0.0,41.95055048,9.047494323,0.0,0.0,9.951388889,0.0,0.0,6.0,0.0,2.173611111,0.571428571,0,0,1,-0.4028,0,0,0,0,0,0,2,0,0,0,0,0,0,0,2,0,0,0,0,0,0,1,1,0,0,0,0,0,0,363.15,256,COP(=O)([O-])OC.Cn1cc[n+](C)c1,2.007542666
0.777777778,-6.721527778,0.552082513,13.32,0,2.679891529,4.96e-07,-1.35,74624.25952,6.465607276,4.127401125,12.39368714,0.0,5.824404498,11.016661,0.0,25.96979326,0.0,6.420821623,6.9237372,13.59242839,20.04658231,7.047671983,0.0,4.567099648,0.0,32.41935462,33.6390107,0.0,4.127401125,0.0,0.0,10.67215753,12.24522612,0.0,0.0,42.42303282,0.0,0.0,0.0,1.321157407,0.0,5.416018519,5.460092593,-11.37212963,0.7,0,0,1,2.09032,0,0,0,0,0,0,3,0,0,0,0,0,0,0,2,0,0,0,0,0,0,0,0,0,0,0,0,0,0,303.15,257,CCCn1cc[n+](C)c1C.O=S(=O)([N-]S(=O)(=O)C(F)(F)F)C(F)(F)F,0.438254931
0.777777778,-6.721527778,0.552082513,13.32,0,2.679891529,4.96e-07,-1.35,74624.25952,6.465607276,4.127401125,12.39368714,0.0,5.824404498,11.016661,0.0,25.96979326,0.0,6.420821623,6.9237372,13.59242839,20.04658231,7.047671983,0.0,4.567099648,0.0,32.41935462,33.6390107,0.0,4.127401125,0.0,0.0,10.67215753,12.24522612,0.0,0.0,42.42303282,0.0,0.0,0.0,1.321157407,0.0,5.416018519,5.460092593,-11.37212963,0.7,0,0,1,2.09032,0,0,0,0,0,0,3,0,0,0,0,0,0,0,2,0,0,0,0,0,0,0,0,0,0,0,0,0,0,313.15,258,CCCn1cc[n+](C)c1C.O=S(=O)([N-]S(=O)(=O)C(F)(F)F)C(F)(F)F,0.470003629
0.777777778,-6.721527778,0.552082513,13.32,0,2.679891529,4.96e-07,-1.35,74624.25952,6.465607276,4.127401125,12.39368714,0.0,5.824404498,11.016661,0.0,25.96979326,0.0,6.420821623,6.9237372,13.59242839,20.04658231,7.047671983,0.0,4.567099648,0.0,32.41935462,33.6390107,0.0,4.127401125,0.0,0.0,10.67215753,12.24522612,0.0,0.0,42.42303282,0.0,0.0,0.0,1.321157407,0.0,5.416018519,5.460092593,-11.37212963,0.7,0,0,1,2.09032,0,0,0,0,0,0,3,0,0,0,0,0,0,0,2,0,0,0,0,0,0,0,0,0,0,0,0,0,0,323.15,259,CCCn1cc[n+](C)c1C.O=S(=O)([N-]S(=O)(=O)C(F)(F)F)C(F)(F)F,0.506817602
0.777777778,-6.721527778,0.552082513,13.32,0,2.679891529,4.96e-07,-1.35,74624.25952,6.465607276,4.127401125,12.39368714,0.0,5.824404498,11.016661,0.0,25.96979326,0.0,6.420821623,6.9237372,13.59242839,20.04658231,7.047671983,0.0,4.567099648,0.0,32.41935462,33.6390107,0.0,4.127401125,0.0,0.0,10.67215753,12.24522612,0.0,0.0,42.42303282,0.0,0.0,0.0,1.321157407,0.0,5.416018519,5.460092593,-11.37212963,0.7,0,0,1,2.09032,0,0,0,0,0,0,3,0,0,0,0,0,0,0,2,0,0,0,0,0,0,0,0,0,0,0,0,0,0,333.15,260,CCCn1cc[n+](C)c1C.O=S(=O)([N-]S(=O)(=O)C(F)(F)F)C(F)(F)F,0.542324291
0.777777778,-6.721527778,0.552082513,13.32,0,2.679891529,4.96e-07,-1.35,74624.25952,6.465607276,4.127401125,12.39368714,0.0,5.824404498,11.016661,0.0,25.96979326,0.0,6.420821623,6.9237372,13.59242839,20.04658231,7.047671983,0.0,4.567099648,0.0,32.41935462,33.6390107,0.0,4.127401125,0.0,0.0,10.67215753,12.24522612,0.0,0.0,42.42303282,0.0,0.0,0.0,1.321157407,0.0,5.416018519,5.460092593,-11.37212963,0.7,0,0,1,2.09032,0,0,0,0,0,0,3,0,0,0,0,0,0,0,2,0,0,0,0,0,0,0,0,0,0,0,0,0,0,343.15,261,CCCn1cc[n+](C)c1C.O=S(=O)([N-]S(=O)(=O)C(F)(F)F)C(F)(F)F,0.576613364
0.777777778,-6.721527778,0.552082513,13.32,0,2.679891529,4.96e-07,-1.35,74624.25952,6.465607276,4.127401125,12.39368714,0.0,5.824404498,11.016661,0.0,25.96979326,0.0,6.420821623,6.9237372,13.59242839,20.04658231,7.047671983,0.0,4.567099648,0.0,32.41935462,33.6390107,0.0,4.127401125,0.0,0.0,10.67215753,12.24522612,0.0,0.0,42.42303282,0.0,0.0,0.0,1.321157407,0.0,5.416018519,5.460092593,-11.37212963,0.7,0,0,1,2.09032,0,0,0,0,0,0,3,0,0,0,0,0,0,0,2,0,0,0,0,0,0,0,0,0,0,0,0,0,0,353.15,262,CCCn1cc[n+](C)c1C.O=S(=O)([N-]S(=O)(=O)C(F)(F)F)C(F)(F)F,0.615185639
0.142100813,-0.142100813,0.442761307,8.222222222,0,2.765196772,4.94e-07,-2.54,9423.7906,7.71296717,15.26064606,12.39368714,6.327320075,0.0,5.969305288,10.11132579,9.134199296,0.0,6.420821623,18.80713381,20.70222593,5.969305288,7.047671983,7.109797541,4.567099648,0.0,17.64620248,23.12382853,0.0,5.316788604,5.969305288,6.420821623,12.96557803,19.49610973,0.0,34.9028785,10.05365156,10.52378311,0.0,10.77053225,-0.142100813,0.0,9.805007795,0.857083333,3.383730316,0.454545455,0,0,1,0.58806,0,0,0,0,1,1,5,0,0,0,0,0,0,0,2,0,1,1,0,1,0,0,0,0,0,0,0,0,0,318.15,263,COC(=O)CCC[n+]1ccn(C)c1.N#C[N-]C#N,1.5518088
0.142100813,-0.142100813,0.442761307,8.222222222,0,2.765196772,4.94e-07,-2.54,9423.7906,7.71296717,15.26064606,12.39368714,6.327320075,0.0,5.969305288,10.11132579,9.134199296,0.0,6.420821623,18.80713381,20.70222593,5.969305288,7.047671983,7.109797541,4.567099648,0.0,17.64620248,23.12382853,0.0,5.316788604,5.969305288,6.420821623,12.96557803,19.49610973,0.0,34.9028785,10.05365156,10.52378311,0.0,10.77053225,-0.142100813,0.0,9.805007795,0.857083333,3.383730316,0.454545455,0,0,1,0.58806,0,0,0,0,1,1,5,0,0,0,0,0,0,0,2,0,1,1,0,1,0,0,0,0,0,0,0,0,0,328.15,264,COC(=O)CCC[n+]1ccn(C)c1.N#C[N-]C#N,1.583093937
0.142100813,-0.142100813,0.442761307,8.222222222,0,2.765196772,4.94e-07,-2.54,9423.7906,7.71296717,15.26064606,12.39368714,6.327320075,0.0,5.969305288,10.11132579,9.134199296,0.0,6.420821623,18.80713381,20.70222593,5.969305288,7.047671983,7.109797541,4.567099648,0.0,17.64620248,23.12382853,0.0,5.316788604,5.969305288,6.420821623,12.96557803,19.49610973,0.0,34.9028785,10.05365156,10.52378311,0.0,10.77053225,-0.142100813,0.0,9.805007795,0.857083333,3.383730316,0.454545455,0,0,1,0.58806,0,0,0,0,1,1,5,0,0,0,0,0,0,0,2,0,1,1,0,1,0,0,0,0,0,0,0,0,0,338.15,265,COC(=O)CCC[n+]1ccn(C)c1.N#C[N-]C#N,1.609437912
0.142100813,-0.142100813,0.442761307,8.222222222,0,2.765196772,4.94e-07,-2.54,9423.7906,7.71296717,15.26064606,12.39368714,6.327320075,0.0,5.969305288,10.11132579,9.134199296,0.0,6.420821623,18.80713381,20.70222593,5.969305288,7.047671983,7.109797541,4.567099648,0.0,17.64620248,23.12382853,0.0,5.316788604,5.969305288,6.420821623,12.96557803,19.49610973,0.0,34.9028785,10.05365156,10.52378311,0.0,10.77053225,-0.142100813,0.0,9.805007795,0.857083333,3.383730316,0.454545455,0,0,1,0.58806,0,0,0,0,1,1,5,0,0,0,0,0,0,0,2,0,1,1,0,1,0,0,0,0,0,0,0,0,0,348.15,266,COC(=O)CCC[n+]1ccn(C)c1.N#C[N-]C#N,1.638996715
0.142100813,-0.142100813,0.442761307,8.222222222,0,2.765196772,4.94e-07,-2.54,9423.7906,7.71296717,15.26064606,12.39368714,6.327320075,0.0,5.969305288,10.11132579,9.134199296,0.0,6.420821623,18.80713381,20.70222593,5.969305288,7.047671983,7.109797541,4.567099648,0.0,17.64620248,23.12382853,0.0,5.316788604,5.969305288,6.420821623,12.96557803,19.49610973,0.0,34.9028785,10.05365156,10.52378311,0.0,10.77053225,-0.142100813,0.0,9.805007795,0.857083333,3.383730316,0.454545455,0,0,1,0.58806,0,0,0,0,1,1,5,0,0,0,0,0,0,0,2,0,1,1,0,1,0,0,0,0,0,0,0,0,0,358.15,267,COC(=O)CCC[n+]1ccn(C)c1.N#C[N-]C#N,1.662030363
0.142100813,-0.142100813,0.442761307,8.222222222,0,2.765196772,4.94e-07,-2.54,9423.7906,7.71296717,15.26064606,12.39368714,6.327320075,0.0,5.969305288,10.11132579,9.134199296,0.0,6.420821623,18.80713381,20.70222593,5.969305288,7.047671983,7.109797541,4.567099648,0.0,17.64620248,23.12382853,0.0,5.316788604,5.969305288,6.420821623,12.96557803,19.49610973,0.0,34.9028785,10.05365156,10.52378311,0.0,10.77053225,-0.142100813,0.0,9.805007795,0.857083333,3.383730316,0.454545455,0,0,1,0.58806,0,0,0,0,1,1,5,0,0,0,0,0,0,0,2,0,1,1,0,1,0,0,0,0,0,0,0,0,0,368.15,268,COC(=O)CCC[n+]1ccn(C)c1.N#C[N-]C#N,1.688249093
0.402777778,-0.402777778,0.488779243,7.4,0,2.676978509,2.65e-07,-2.45,2302.201518,4.975797995,0.0,12.39368714,6.327320075,0.0,0.0,0.0,24.91987396,0.0,6.9237372,0.0,13.59242839,0.0,7.047671983,0.0,4.567099648,0.0,4.567099648,13.59242839,0.0,0.0,0.0,0.0,6.544756406,18.20766394,0.0,17.8116152,24.01500049,15.78567466,0.0,0.0,-0.402777778,4.1875,6.142361111,3.181388889,2.02,0.3,0,0,1,0.46413,0,0,0,0,0,0,5,0,0,0,0,0,0,0,2,0,0,0,0,0,0,0,0,0,0,0,0,0,0,318.15,269,CC[n+]1ccn(C)c1.N#C[C-](C#N)C#N,0.951657876
0.402777778,-0.402777778,0.488779243,7.4,0,2.676978509,2.65e-07,-2.45,2302.201518,4.975797995,0.0,12.39368714,6.327320075,0.0,0.0,0.0,24.91987396,0.0,6.9237372,0.0,13.59242839,0.0,7.047671983,0.0,4.567099648,0.0,4.567099648,13.59242839,0.0,0.0,0.0,0.0,6.544756406,18.20766394,0.0,17.8116152,24.01500049,15.78567466,0.0,0.0,-0.402777778,4.1875,6.142361111,3.181388889,2.02,0.3,0,0,1,0.46413,0,0,0,0,0,0,5,0,0,0,0,0,0,0,2,0,0,0,0,0,0,0,0,0,0,0,0,0,0,328.15,270,CC[n+]1ccn(C)c1.N#C[C-](C#N)C#N,0.989541194
0.402777778,-0.402777778,0.488779243,7.4,0,2.676978509,2.65e-07,-2.45,2302.201518,4.975797995,0.0,12.39368714,6.327320075,0.0,0.0,0.0,24.91987396,0.0,6.9237372,0.0,13.59242839,0.0,7.047671983,0.0,4.567099648,0.0,4.567099648,13.59242839,0.0,0.0,0.0,0.0,6.544756406,18.20766394,0.0,17.8116152,24.01500049,15.78567466,0.0,0.0,-0.402777778,4.1875,6.142361111,3.181388889,2.02,0.3,0,0,1,0.46413,0,0,0,0,0,0,5,0,0,0,0,0,0,0,2,0,0,0,0,0,0,0,0,0,0,0,0,0,0,338.15,271,CC[n+]1ccn(C)c1.N#C[C-](C#N)C#N,1.026041596
0.402777778,-0.402777778,0.488779243,7.4,0,2.676978509,2.65e-07,-2.45,2302.201518,4.975797995,0.0,12.39368714,6.327320075,0.0,0.0,0.0,24.91987396,0.0,6.9237372,0.0,13.59242839,0.0,7.047671983,0.0,4.567099648,0.0,4.567099648,13.59242839,0.0,0.0,0.0,0.0,6.544756406,18.20766394,0.0,17.8116152,24.01500049,15.78567466,0.0,0.0,-0.402777778,4.1875,6.142361111,3.181388889,2.02,0.3,0,0,1,0.46413,0,0,0,0,0,0,5,0,0,0,0,0,0,0,2,0,0,0,0,0,0,0,0,0,0,0,0,0,0,348.15,272,CC[n+]1ccn(C)c1.N#C[C-](C#N)C#N,1.061256502
0.402777778,-0.402777778,0.488779243,7.4,0,2.676978509,2.65e-07,-2.45,2302.201518,4.975797995,0.0,12.39368714,6.327320075,0.0,0.0,0.0,24.91987396,0.0,6.9237372,0.0,13.59242839,0.0,7.047671983,0.0,4.567099648,0.0,4.567099648,13.59242839,0.0,0.0,0.0,0.0,6.544756406,18.20766394,0.0,17.8116152,24.01500049,15.78567466,0.0,0.0,-0.402777778,4.1875,6.142361111,3.181388889,2.02,0.3,0,0,1,0.46413,0,0,0,0,0,0,5,0,0,0,0,0,0,0,2,0,0,0,0,0,0,0,0,0,0,0,0,0,0,358.15,273,CC[n+]1ccn(C)c1.N#C[C-](C#N)C#N,1.095273387
0.402777778,-0.402777778,0.488779243,7.4,0,2.676978509,2.65e-07,-2.45,2302.201518,4.975797995,0.0,12.39368714,6.327320075,0.0,0.0,0.0,24.91987396,0.0,6.9237372,0.0,13.59242839,0.0,7.047671983,0.0,4.567099648,0.0,4.567099648,13.59242839,0.0,0.0,0.0,0.0,6.544756406,18.20766394,0.0,17.8116152,24.01500049,15.78567466,0.0,0.0,-0.402777778,4.1875,6.142361111,3.181388889,2.02,0.3,0,0,1,0.46413,0,0,0,0,0,0,5,0,0,0,0,0,0,0,2,0,0,0,0,0,0,0,0,0,0,0,0,0,0,368.15,274,CC[n+]1ccn(C)c1.N#C[C-](C#N)C#N,1.128171091
0.265768141,0.265768141,0.559038309,8.0,0,2.633932177,3.36e-07,-2.05,2338.931774,7.054634695,15.6303105,12.39368714,6.327320075,0.0,0.0,5.316788604,9.134199296,0.0,0.0,25.41401578,13.59242839,0.0,7.047671983,6.606881965,4.567099648,0.0,16.28050901,13.59242839,0.0,5.316788604,6.606881965,0.0,12.96557803,12.38631219,0.0,30.33577885,9.883888252,15.6303105,0.0,0.0,0.0,0.0,9.36545068,1.165907029,1.981592971,0.444444444,0,0,1,0.01726,1,1,0,0,0,0,5,0,0,0,0,0,0,0,2,0,0,0,0,0,0,0,0,0,0,0,0,0,0,318.15,275,Cn1cc[n+](CCCO)c1.N#C[N-]C#N,2.047692843
0.265768141,0.265768141,0.559038309,8.0,0,2.633932177,3.36e-07,-2.05,2338.931774,7.054634695,15.6303105,12.39368714,6.327320075,0.0,0.0,5.316788604,9.134199296,0.0,0.0,25.41401578,13.59242839,0.0,7.047671983,6.606881965,4.567099648,0.0,16.28050901,13.59242839,0.0,5.316788604,6.606881965,0.0,12.96557803,12.38631219,0.0,30.33577885,9.883888252,15.6303105,0.0,0.0,0.0,0.0,9.36545068,1.165907029,1.981592971,0.444444444,0,0,1,0.01726,1,1,0,0,0,0,5,0,0,0,0,0,0,0,2,0,0,0,0,0,0,0,0,0,0,0,0,0,0,328.15,276,Cn1cc[n+](CCCO)c1.N#C[N-]C#N,2.079441542
0.265768141,0.265768141,0.559038309,8.0,0,2.633932177,3.36e-07,-2.05,2338.931774,7.054634695,15.6303105,12.39368714,6.327320075,0.0,0.0,5.316788604,9.134199296,0.0,0.0,25.41401578,13.59242839,0.0,7.047671983,6.606881965,4.567099648,0.0,16.28050901,13.59242839,0.0,5.316788604,6.606881965,0.0,12.96557803,12.38631219,0.0,30.33577885,9.883888252,15.6303105,0.0,0.0,0.0,0.0,9.36545068,1.165907029,1.981592971,0.444444444,0,0,1,0.01726,1,1,0,0,0,0,5,0,0,0,0,0,0,0,2,0,0,0,0,0,0,0,0,0,0,0,0,0,0,338.15,277,Cn1cc[n+](CCCO)c1.N#C[N-]C#N,2.112634509
0.265768141,0.265768141,0.559038309,8.0,0,2.633932177,3.36e-07,-2.05,2338.931774,7.054634695,15.6303105,12.39368714,6.327320075,0.0,0.0,5.316788604,9.134199296,0.0,0.0,25.41401578,13.59242839,0.0,7.047671983,6.606881965,4.567099648,0.0,16.28050901,13.59242839,0.0,5.316788604,6.606881965,0.0,12.96557803,12.38631219,0.0,30.33577885,9.883888252,15.6303105,0.0,0.0,0.0,0.0,9.36545068,1.165907029,1.981592971,0.444444444,0,0,1,0.01726,1,1,0,0,0,0,5,0,0,0,0,0,0,0,2,0,0,0,0,0,0,0,0,0,0,0,0,0,0,348.15,278,Cn1cc[n+](CCCO)c1.N#C[N-]C#N,2.141241943
0.265768141,0.265768141,0.559038309,8.0,0,2.633932177,3.36e-07,-2.05,2338.931774,7.054634695,15.6303105,12.39368714,6.327320075,0.0,0.0,5.316788604,9.134199296,0.0,0.0,25.41401578,13.59242839,0.0,7.047671983,6.606881965,4.567099648,0.0,16.28050901,13.59242839,0.0,5.316788604,6.606881965,0.0,12.96557803,12.38631219,0.0,30.33577885,9.883888252,15.6303105,0.0,0.0,0.0,0.0,9.36545068,1.165907029,1.981592971,0.444444444,0,0,1,0.01726,1,1,0,0,0,0,5,0,0,0,0,0,0,0,2,0,0,0,0,0,0,0,0,0,0,0,0,0,0,358.15,279,Cn1cc[n+](CCCO)c1.N#C[N-]C#N,2.179286877
0.265768141,0.265768141,0.559038309,8.0,0,2.633932177,3.36e-07,-2.05,2338.931774,7.054634695,15.6303105,12.39368714,6.327320075,0.0,0.0,5.316788604,9.134199296,0.0,0.0,25.41401578,13.59242839,0.0,7.047671983,6.606881965,4.567099648,0.0,16.28050901,13.59242839,0.0,5.316788604,6.606881965,0.0,12.96557803,12.38631219,0.0,30.33577885,9.883888252,15.6303105,0.0,0.0,0.0,0.0,9.36545068,1.165907029,1.981592971,0.444444444,0,0,1,0.01726,1,1,0,0,0,0,5,0,0,0,0,0,0,0,2,0,0,0,0,0,0,0,0,0,0,0,0,0,0,368.15,280,Cn1cc[n+](CCCO)c1.N#C[N-]C#N,2.207174908
0.314183673,0.314183673,0.548141642,17.25,0,2.294657921,3.85e-07,-1.34,3010.591192,7.01854827,24.85020432,13.08951281,0.0,0.0,0.0,5.316788604,0.0,0.0,0.0,25.41401578,26.80619232,0.0,0.0,46.50258709,0.0,0.0,56.09214535,4.736862954,0.0,5.316788604,0.0,6.606881965,43.75188563,12.38631219,0.0,0.0,12.36446059,20.36717346,0.0,0.0,0.0,0.0,3.475694444,5.345649093,2.234305556,0.8,0,0,1,0.16786,1,1,0,0,0,0,4,0,1,0,0,0,0,0,0,0,0,1,0,0,1,0,0,0,0,0,1,0,0,318.15,281,C[N+]1(CCCO)CCOCC1.N#C[N-]C#N,2.564949357
0.314183673,0.314183673,0.548141642,17.25,0,2.294657921,3.85e-07,-1.34,3010.591192,7.01854827,24.85020432,13.08951281,0.0,0.0,0.0,5.316788604,0.0,0.0,0.0,25.41401578,26.80619232,0.0,0.0,46.50258709,0.0,0.0,56.09214535,4.736862954,0.0,5.316788604,0.0,6.606881965,43.75188563,12.38631219,0.0,0.0,12.36446059,20.36717346,0.0,0.0,0.0,0.0,3.475694444,5.345649093,2.234305556,0.8,0,0,1,0.16786,1,1,0,0,0,0,4,0,1,0,0,0,0,0,0,0,0,1,0,0,1,0,0,0,0,0,1,0,0,328.15,282,C[N+]1(CCCO)CCOCC1.N#C[N-]C#N,2.57261223
0.314183673,0.314183673,0.548141642,17.25,0,2.294657921,3.85e-07,-1.34,3010.591192,7.01854827,24.85020432,13.08951281,0.0,0.0,0.0,5.316788604,0.0,0.0,0.0,25.41401578,26.80619232,0.0,0.0,46.50258709,0.0,0.0,56.09214535,4.736862954,0.0,5.316788604,0.0,6.606881965,43.75188563,12.38631219,0.0,0.0,12.36446059,20.36717346,0.0,0.0,0.0,0.0,3.475694444,5.345649093,2.234305556,0.8,0,0,1,0.16786,1,1,0,0,0,0,4,0,1,0,0,0,0,0,0,0,0,1,0,0,1,0,0,0,0,0,1,0,0,338.15,283,C[N+]1(CCCO)CCOCC1.N#C[N-]C#N,2.587764035
0.314183673,0.314183673,0.548141642,17.25,0,2.294657921,3.85e-07,-1.34,3010.591192,7.01854827,24.85020432,13.08951281,0.0,0.0,0.0,5.316788604,0.0,0.0,0.0,25.41401578,26.80619232,0.0,0.0,46.50258709,0.0,0.0,56.09214535,4.736862954,0.0,5.316788604,0.0,6.606881965,43.75188563,12.38631219,0.0,0.0,12.36446059,20.36717346,0.0,0.0,0.0,0.0,3.475694444,5.345649093,2.234305556,0.8,0,0,1,0.16786,1,1,0,0,0,0,4,0,1,0,0,0,0,0,0,0,0,1,0,0,1,0,0,0,0,0,1,0,0,348.15,284,C[N+]1(CCCO)CCOCC1.N#C[N-]C#N,2.595254707
0.314183673,0.314183673,0.548141642,17.25,0,2.294657921,3.85e-07,-1.34,3010.591192,7.01854827,24.85020432,13.08951281,0.0,0.0,0.0,5.316788604,0.0,0.0,0.0,25.41401578,26.80619232,0.0,0.0,46.50258709,0.0,0.0,56.09214535,4.736862954,0.0,5.316788604,0.0,6.606881965,43.75188563,12.38631219,0.0,0.0,12.36446059,20.36717346,0.0,0.0,0.0,0.0,3.475694444,5.345649093,2.234305556,0.8,0,0,1,0.16786,1,1,0,0,0,0,4,0,1,0,0,0,0,0,0,0,0,1,0,0,1,0,0,0,0,0,1,0,0,358.15,285,C[N+]1(CCCO)CCOCC1.N#C[N-]C#N,2.610069793
0.314183673,0.314183673,0.548141642,17.25,0,2.294657921,3.85e-07,-1.34,3010.591192,7.01854827,24.85020432,13.08951281,0.0,0.0,0.0,5.316788604,0.0,0.0,0.0,25.41401578,26.80619232,0.0,0.0,46.50258709,0.0,0.0,56.09214535,4.736862954,0.0,5.316788604,0.0,6.606881965,43.75188563,12.38631219,0.0,0.0,12.36446059,20.36717346,0.0,0.0,0.0,0.0,3.475694444,5.345649093,2.234305556,0.8,0,0,1,0.16786,1,1,0,0,0,0,4,0,1,0,0,0,0,0,0,0,0,1,0,0,1,0,0,0,0,0,1,0,0,368.15,286,C[N+]1(CCCO)CCOCC1.N#C[N-]C#N,2.617395833
1.150138889,-2.611111111,0.585055242,11.86666667,1,2.445635406,3.36e-07,0.889480519,1357.32765,12.82266714,0.0,12.39368714,6.327320075,0.0,49.59028801,0.0,9.134199296,0.0,6.420821623,0.0,13.59242839,40.39203128,7.047671983,0.0,4.567099648,40.39203128,4.567099648,22.79068512,0.0,0.0,0.0,0.0,6.544756406,12.84164325,0.0,7.047671983,34.77894371,40.39203128,0.0,0.0,0.0,0.0,8.817018141,3.361944444,19.23853741,0.625,0,0,1,3.8682,0,0,0,0,0,0,2,0,0,0,0,0,0,0,2,0,0,0,0,0,0,0,0,0,0,0,0,0,0,323.15,287,CCCCn1cc[n+](C)c1.Cl[Fe-](Cl)(Cl)Cl,0.113328685
1.150138889,-2.611111111,0.585055242,11.86666667,1,2.445635406,3.36e-07,0.889480519,1357.32765,12.82266714,0.0,12.39368714,6.327320075,0.0,49.59028801,0.0,9.134199296,0.0,6.420821623,0.0,13.59242839,40.39203128,7.047671983,0.0,4.567099648,40.39203128,4.567099648,22.79068512,0.0,0.0,0.0,0.0,6.544756406,12.84164325,0.0,7.047671983,34.77894371,40.39203128,0.0,0.0,0.0,0.0,8.817018141,3.361944444,19.23853741,0.625,0,0,1,3.8682,0,0,0,0,0,0,2,0,0,0,0,0,0,0,2,0,0,0,0,0,0,0,0,0,0,0,0,0,0,333.15,288,CCCCn1cc[n+](C)c1.Cl[Fe-](Cl)(Cl)Cl,0.131028262
1.150138889,-2.611111111,0.585055242,11.86666667,1,2.445635406,3.36e-07,0.889480519,1357.32765,12.82266714,0.0,12.39368714,6.327320075,0.0,49.59028801,0.0,9.134199296,0.0,6.420821623,0.0,13.59242839,40.39203128,7.047671983,0.0,4.567099648,40.39203128,4.567099648,22.79068512,0.0,0.0,0.0,0.0,6.544756406,12.84164325,0.0,7.047671983,34.77894371,40.39203128,0.0,0.0,0.0,0.0,8.817018141,3.361944444,19.23853741,0.625,0,0,1,3.8682,0,0,0,0,0,0,2,0,0,0,0,0,0,0,2,0,0,0,0,0,0,0,0,0,0,0,0,0,0,343.15,289,CCCCn1cc[n+](C)c1.Cl[Fe-](Cl)(Cl)Cl,0.148420005
1.150138889,-2.611111111,0.585055242,11.86666667,1,2.445635406,3.36e-07,0.889480519,1357.32765,12.82266714,0.0,12.39368714,6.327320075,0.0,49.59028801,0.0,9.134199296,0.0,6.420821623,0.0,13.59242839,40.39203128,7.047671983,0.0,4.567099648,40.39203128,4.567099648,22.79068512,0.0,0.0,0.0,0.0,6.544756406,12.84164325,0.0,7.047671983,34.77894371,40.39203128,0.0,0.0,0.0,0.0,8.817018141,3.361944444,19.23853741,0.625,0,0,1,3.8682,0,0,0,0,0,0,2,0,0,0,0,0,0,0,2,0,0,0,0,0,0,0,0,0,0,0,0,0,0,353.15,290,CCCCn1cc[n+](C)c1.Cl[Fe-](Cl)(Cl)Cl,0.198850859
1.150138889,-2.611111111,0.585055242,11.86666667,1,2.445635406,3.36e-07,0.889480519,1357.32765,12.82266714,0.0,12.39368714,6.327320075,0.0,49.59028801,0.0,9.134199296,0.0,6.420821623,0.0,13.59242839,40.39203128,7.047671983,0.0,4.567099648,40.39203128,4.567099648,22.79068512,0.0,0.0,0.0,0.0,6.544756406,12.84164325,0.0,7.047671983,34.77894371,40.39203128,0.0,0.0,0.0,0.0,8.817018141,3.361944444,19.23853741,0.625,0,0,1,3.8682,0,0,0,0,0,0,2,0,0,0,0,0,0,0,2,0,0,0,0,0,0,0,0,0,0,0,0,0,0,363.15,291,CCCCn1cc[n+](C)c1.Cl[Fe-](Cl)(Cl)Cl,0.21511138
1.150138889,-2.611111111,0.585055242,11.86666667,1,2.445635406,3.36e-07,0.889480519,1357.32765,12.82266714,0.0,12.39368714,6.327320075,0.0,49.59028801,0.0,9.134199296,0.0,6.420821623,0.0,13.59242839,40.39203128,7.047671983,0.0,4.567099648,40.39203128,4.567099648,22.79068512,0.0,0.0,0.0,0.0,6.544756406,12.84164325,0.0,7.047671983,34.77894371,40.39203128,0.0,0.0,0.0,0.0,8.817018141,3.361944444,19.23853741,0.625,0,0,1,3.8682,0,0,0,0,0,0,2,0,0,0,0,0,0,0,2,0,0,0,0,0,0,0,0,0,0,0,0,0,0,373.15,292,CCCCn1cc[n+](C)c1.Cl[Fe-](Cl)(Cl)Cl,0.2390169
0.402777778,-0.402777778,0.577408413,7.941176471,0,2.755232103,3.25e-07,-2.45,6116.615268,6.599442776,0.0,12.39368714,6.327320075,0.0,0.0,0.0,24.91987396,0.0,6.420821623,0.0,13.59242839,0.0,7.047671983,0.0,4.567099648,0.0,4.567099648,13.59242839,0.0,0.0,0.0,0.0,6.544756406,31.04930718,0.0,7.047671983,34.77894371,15.78567466,0.0,0.0,-0.402777778,4.1875,8.817018141,3.361944444,2.044092971,0.416666667,0,0,1,1.24433,0,0,0,0,0,0,5,0,0,0,0,0,0,0,2,0,0,0,0,0,0,0,0,0,0,0,0,0,0,318.15,293,CCCC[n+]1ccn(C)c1.N#C[C-](C#N)C#N,0.593326845
0.402777778,-0.402777778,0.577408413,7.941176471,0,2.755232103,3.25e-07,-2.45,6116.615268,6.599442776,0.0,12.39368714,6.327320075,0.0,0.0,0.0,24.91987396,0.0,6.420821623,0.0,13.59242839,0.0,7.047671983,0.0,4.567099648,0.0,4.567099648,13.59242839,0.0,0.0,0.0,0.0,6.544756406,31.04930718,0.0,7.047671983,34.77894371,15.78567466,0.0,0.0,-0.402777778,4.1875,8.817018141,3.361944444,2.044092971,0.416666667,0,0,1,1.24433,0,0,0,0,0,0,5,0,0,0,0,0,0,0,2,0,0,0,0,0,0,0,0,0,0,0,0,0,0,328.15,294,CCCC[n+]1ccn(C)c1.N#C[C-](C#N)C#N,0.615185639
0.402777778,-0.402777778,0.577408413,7.941176471,0,2.755232103,3.25e-07,-2.45,6116.615268,6.599442776,0.0,12.39368714,6.327320075,0.0,0.0,0.0,24.91987396,0.0,6.420821623,0.0,13.59242839,0.0,7.047671983,0.0,4.567099648,0.0,4.567099648,13.59242839,0.0,0.0,0.0,0.0,6.544756406,31.04930718,0.0,7.047671983,34.77894371,15.78567466,0.0,0.0,-0.402777778,4.1875,8.817018141,3.361944444,2.044092971,0.416666667,0,0,1,1.24433,0,0,0,0,0,0,5,0,0,0,0,0,0,0,2,0,0,0,0,0,0,0,0,0,0,0,0,0,0,338.15,295,CCCC[n+]1ccn(C)c1.N#C[C-](C#N)C#N,0.636576829
0.402777778,-0.402777778,0.577408413,7.941176471,0,2.755232103,3.25e-07,-2.45,6116.615268,6.599442776,0.0,12.39368714,6.327320075,0.0,0.0,0.0,24.91987396,0.0,6.420821623,0.0,13.59242839,0.0,7.047671983,0.0,4.567099648,0.0,4.567099648,13.59242839,0.0,0.0,0.0,0.0,6.544756406,31.04930718,0.0,7.047671983,34.77894371,15.78567466,0.0,0.0,-0.402777778,4.1875,8.817018141,3.361944444,2.044092971,0.416666667,0,0,1,1.24433,0,0,0,0,0,0,5,0,0,0,0,0,0,0,2,0,0,0,0,0,0,0,0,0,0,0,0,0,0,348.15,296,CCCC[n+]1ccn(C)c1.N#C[C-](C#N)C#N,0.667829373
0.402777778,-0.402777778,0.577408413,7.941176471,0,2.755232103,3.25e-07,-2.45,6116.615268,6.599442776,0.0,12.39368714,6.327320075,0.0,0.0,0.0,24.91987396,0.0,6.420821623,0.0,13.59242839,0.0,7.047671983,0.0,4.567099648,0.0,4.567099648,13.59242839,0.0,0.0,0.0,0.0,6.544756406,31.04930718,0.0,7.047671983,34.77894371,15.78567466,0.0,0.0,-0.402777778,4.1875,8.817018141,3.361944444,2.044092971,0.416666667,0,0,1,1.24433,0,0,0,0,0,0,5,0,0,0,0,0,0,0,2,0,0,0,0,0,0,0,0,0,0,0,0,0,0,358.15,297,CCCC[n+]1ccn(C)c1.N#C[C-](C#N)C#N,0.678033543
0.402777778,-0.402777778,0.577408413,7.941176471,0,2.755232103,3.25e-07,-2.45,6116.615268,6.599442776,0.0,12.39368714,6.327320075,0.0,0.0,0.0,24.91987396,0.0,6.420821623,0.0,13.59242839,0.0,7.047671983,0.0,4.567099648,0.0,4.567099648,13.59242839,0.0,0.0,0.0,0.0,6.544756406,31.04930718,0.0,7.047671983,34.77894371,15.78567466,0.0,0.0,-0.402777778,4.1875,8.817018141,3.361944444,2.044092971,0.416666667,0,0,1,1.24433,0,0,0,0,0,0,5,0,0,0,0,0,0,0,2,0,0,0,0,0,0,0,0,0,0,0,0,0,0,368.15,298,CCCC[n+]1ccn(C)c1.N#C[C-](C#N)C#N,0.698134722
0.402777778,-0.402777778,0.600100785,7.944444444,0,2.408470809,3.6e-07,-2.51,8477.817248,6.879505267,0.0,6.544756406,0.0,0.0,0.0,0.0,20.35277431,0.0,12.48718869,18.55355576,0.0,0.0,0.0,0.0,4.567099648,0.0,0.0,6.544756406,0.0,0.0,0.0,0.0,6.544756406,36.61275868,0.0,0.0,42.94099533,15.78567466,0.0,0.0,-0.402777778,8.484444444,6.823998724,5.481836026,0.0,0.357142857,0,0,1,2.21425,0,0,0,0,0,0,4,0,0,0,0,0,0,0,2,0,0,0,0,0,0,0,0,0,0,1,0,0,0,318.15,299,CCCC[n+]1ccc(C)cc1.N#C[C-](C#N)C#N,0.173953307
0.402777778,-0.402777778,0.600100785,7.944444444,0,2.408470809,3.6e-07,-2.51,8477.817248,6.879505267,0.0,6.544756406,0.0,0.0,0.0,0.0,20.35277431,0.0,12.48718869,18.55355576,0.0,0.0,0.0,0.0,4.567099648,0.0,0.0,6.544756406,0.0,0.0,0.0,0.0,6.544756406,36.61275868,0.0,0.0,42.94099533,15.78567466,0.0,0.0,-0.402777778,8.484444444,6.823998724,5.481836026,0.0,0.357142857,0,0,1,2.21425,0,0,0,0,0,0,4,0,0,0,0,0,0,0,2,0,0,0,0,0,0,0,0,0,0,1,0,0,0,328.15,300,CCCC[n+]1ccc(C)cc1.N#C[C-](C#N)C#N,0.207014169
0.402777778,-0.402777778,0.600100785,7.944444444,0,2.408470809,3.6e-07,-2.51,8477.817248,6.879505267,0.0,6.544756406,0.0,0.0,0.0,0.0,20.35277431,0.0,12.48718869,18.55355576,0.0,0.0,0.0,0.0,4.567099648,0.0,0.0,6.544756406,0.0,0.0,0.0,0.0,6.544756406,36.61275868,0.0,0.0,42.94099533,15.78567466,0.0,0.0,-0.402777778,8.484444444,6.823998724,5.481836026,0.0,0.357142857,0,0,1,2.21425,0,0,0,0,0,0,4,0,0,0,0,0,0,0,2,0,0,0,0,0,0,0,0,0,0,1,0,0,0,338.15,301,CCCC[n+]1ccc(C)cc1.N#C[C-](C#N)C#N,0.2390169
0.402777778,-0.402777778,0.600100785,7.944444444,0,2.408470809,3.6e-07,-2.51,8477.817248,6.879505267,0.0,6.544756406,0.0,0.0,0.0,0.0,20.35277431,0.0,12.48718869,18.55355576,0.0,0.0,0.0,0.0,4.567099648,0.0,0.0,6.544756406,0.0,0.0,0.0,0.0,6.544756406,36.61275868,0.0,0.0,42.94099533,15.78567466,0.0,0.0,-0.402777778,8.484444444,6.823998724,5.481836026,0.0,0.357142857,0,0,1,2.21425,0,0,0,0,0,0,4,0,0,0,0,0,0,0,2,0,0,0,0,0,0,0,0,0,0,1,0,0,0,348.15,302,CCCC[n+]1ccc(C)cc1.N#C[C-](C#N)C#N,0.277631737
0.402777778,-0.402777778,0.600100785,7.944444444,0,2.408470809,3.6e-07,-2.51,8477.817248,6.879505267,0.0,6.544756406,0.0,0.0,0.0,0.0,20.35277431,0.0,12.48718869,18.55355576,0.0,0.0,0.0,0.0,4.567099648,0.0,0.0,6.544756406,0.0,0.0,0.0,0.0,6.544756406,36.61275868,0.0,0.0,42.94099533,15.78567466,0.0,0.0,-0.402777778,8.484444444,6.823998724,5.481836026,0.0,0.357142857,0,0,1,2.21425,0,0,0,0,0,0,4,0,0,0,0,0,0,0,2,0,0,0,0,0,0,0,0,0,0,1,0,0,0,358.15,303,CCCC[n+]1ccc(C)cc1.N#C[C-](C#N)C#N,0.3074847
0.402777778,-0.402777778,0.600100785,7.944444444,0,2.408470809,3.6e-07,-2.51,8477.817248,6.879505267,0.0,6.544756406,0.0,0.0,0.0,0.0,20.35277431,0.0,12.48718869,18.55355576,0.0,0.0,0.0,0.0,4.567099648,0.0,0.0,6.544756406,0.0,0.0,0.0,0.0,6.544756406,36.61275868,0.0,0.0,42.94099533,15.78567466,0.0,0.0,-0.402777778,8.484444444,6.823998724,5.481836026,0.0,0.357142857,0,0,1,2.21425,0,0,0,0,0,0,4,0,0,0,0,0,0,0,2,0,0,0,0,0,0,0,0,0,0,1,0,0,0,368.15,304,CCCC[n+]1ccc(C)cc1.N#C[C-](C#N)C#N,0.336472237
0.777777778,-6.721527778,0.496921815,18.56,0,2.805862298,4.96e-07,-0.64,80430.04277,7.635924049,13.34729494,6.544756406,0.0,0.0,11.016661,0.0,16.83559397,0.0,0.0,19.95144079,26.74406676,20.04658231,0.0,40.39862071,0.0,0.0,72.73390654,24.78344526,0.0,4.127401125,0.0,0.0,10.73428309,36.95894332,7.109797541,0.0,7.047671983,4.736862954,0.0,0.0,0.0,0.0,2.805980726,4.805277778,-9.337647392,1.0,0,0,1,1.9325,0,0,0,0,0,0,2,0,1,1,0,0,0,0,0,0,0,1,0,1,0,0,0,0,0,0,1,0,0,318.15,305,COCC[N+]1(C)CCCC1.O=S(=O)([N-]S(=O)(=O)C(F)(F)F)C(F)(F)F,0.392042088
0.777777778,-6.721527778,0.496921815,18.56,0,2.805862298,4.96e-07,-0.64,80430.04277,7.635924049,13.34729494,6.544756406,0.0,0.0,11.016661,0.0,16.83559397,0.0,0.0,19.95144079,26.74406676,20.04658231,0.0,40.39862071,0.0,0.0,72.73390654,24.78344526,0.0,4.127401125,0.0,0.0,10.73428309,36.95894332,7.109797541,0.0,7.047671983,4.736862954,0.0,0.0,0.0,0.0,2.805980726,4.805277778,-9.337647392,1.0,0,0,1,1.9325,0,0,0,0,0,0,2,0,1,1,0,0,0,0,0,0,0,1,0,1,0,0,0,0,0,0,1,0,0,328.15,306,COCC[N+]1(C)CCCC1.O=S(=O)([N-]S(=O)(=O)C(F)(F)F)C(F)(F)F,0.405465108
0.777777778,-6.721527778,0.496921815,18.56,0,2.805862298,4.96e-07,-0.64,80430.04277,7.635924049,13.34729494,6.544756406,0.0,0.0,11.016661,0.0,16.83559397,0.0,0.0,19.95144079,26.74406676,20.04658231,0.0,40.39862071,0.0,0.0,72.73390654,24.78344526,0.0,4.127401125,0.0,0.0,10.73428309,36.95894332,7.109797541,0.0,7.047671983,4.736862954,0.0,0.0,0.0,0.0,2.805980726,4.805277778,-9.337647392,1.0,0,0,1,1.9325,0,0,0,0,0,0,2,0,1,1,0,0,0,0,0,0,0,1,0,1,0,0,0,0,0,0,1,0,0,338.15,307,COCC[N+]1(C)CCCC1.O=S(=O)([N-]S(=O)(=O)C(F)(F)F)C(F)(F)F,0.412109651
0.777777778,-6.721527778,0.496921815,18.56,0,2.805862298,4.96e-07,-0.64,80430.04277,7.635924049,13.34729494,6.544756406,0.0,0.0,11.016661,0.0,16.83559397,0.0,0.0,19.95144079,26.74406676,20.04658231,0.0,40.39862071,0.0,0.0,72.73390654,24.78344526,0.0,4.127401125,0.0,0.0,10.73428309,36.95894332,7.109797541,0.0,7.047671983,4.736862954,0.0,0.0,0.0,0.0,2.805980726,4.805277778,-9.337647392,1.0,0,0,1,1.9325,0,0,0,0,0,0,2,0,1,1,0,0,0,0,0,0,0,1,0,1,0,0,0,0,0,0,1,0,0,348.15,308,COCC[N+]1(C)CCCC1.O=S(=O)([N-]S(=O)(=O)C(F)(F)F)C(F)(F)F,0.425267735
0.777777778,-6.721527778,0.496921815,18.56,0,2.805862298,4.96e-07,-0.64,80430.04277,7.635924049,13.34729494,6.544756406,0.0,0.0,11.016661,0.0,16.83559397,0.0,0.0,19.95144079,26.74406676,20.04658231,0.0,40.39862071,0.0,0.0,72.73390654,24.78344526,0.0,4.127401125,0.0,0.0,10.73428309,36.95894332,7.109797541,0.0,7.047671983,4.736862954,0.0,0.0,0.0,0.0,2.805980726,4.805277778,-9.337647392,1.0,0,0,1,1.9325,0,0,0,0,0,0,2,0,1,1,0,0,0,0,0,0,0,1,0,1,0,0,0,0,0,0,1,0,0,358.15,309,COCC[N+]1(C)CCCC1.O=S(=O)([N-]S(=O)(=O)C(F)(F)F)C(F)(F)F,0.438254931
0.777777778,-6.721527778,0.496921815,18.56,0,2.805862298,4.96e-07,-0.64,80430.04277,7.635924049,13.34729494,6.544756406,0.0,0.0,11.016661,0.0,16.83559397,0.0,0.0,19.95144079,26.74406676,20.04658231,0.0,40.39862071,0.0,0.0,72.73390654,24.78344526,0.0,4.127401125,0.0,0.0,10.73428309,36.95894332,7.109797541,0.0,7.047671983,4.736862954,0.0,0.0,0.0,0.0,2.805980726,4.805277778,-9.337647392,1.0,0,0,1,1.9325,0,0,0,0,0,0,2,0,1,1,0,0,0,0,0,0,0,1,0,1,0,0,0,0,0,0,1,0,0,368.15,310,COCC[N+]1(C)CCCC1.O=S(=O)([N-]S(=O)(=O)C(F)(F)F)C(F)(F)F,0.444685821
0.777777778,-6.721527778,0.485404428,18.76923077,0,2.43043765,5.02e-07,-0.64,108815.5545,7.937052261,13.34729494,6.544756406,0.0,0.0,11.016661,0.0,16.83559397,0.0,19.26246487,7.109797541,26.74406676,20.04658231,0.0,40.39862071,0.0,0.0,72.73390654,24.78344526,0.0,4.127401125,0.0,0.0,10.73428309,43.37976494,7.109797541,0.0,7.047671983,4.736862954,0.0,0.0,0.0,0.0,4.237351899,4.805277778,-9.309834892,1.0,0,0,1,2.3226,0,0,0,0,0,0,2,0,1,1,0,0,0,0,0,0,0,1,0,1,0,0,0,1,0,0,1,0,0,318.15,311,COCC[N+]1(C)CCCCC1.O=S(=O)([N-]S(=O)(=O)C(F)(F)F)C(F)(F)F,0.254642218
0.777777778,-6.721527778,0.485404428,18.76923077,0,2.43043765,5.02e-07,-0.64,108815.5545,7.937052261,13.34729494,6.544756406,0.0,0.0,11.016661,0.0,16.83559397,0.0,19.26246487,7.109797541,26.74406676,20.04658231,0.0,40.39862071,0.0,0.0,72.73390654,24.78344526,0.0,4.127401125,0.0,0.0,10.73428309,43.37976494,7.109797541,0.0,7.047671983,4.736862954,0.0,0.0,0.0,0.0,4.237351899,4.805277778,-9.309834892,1.0,0,0,1,2.3226,0,0,0,0,0,0,2,0,1,1,0,0,0,0,0,0,0,1,0,1,0,0,0,1,0,0,1,0,0,328.15,312,COCC[N+]1(C)CCCCC1.O=S(=O)([N-]S(=O)(=O)C(F)(F)F)C(F)(F)F,0.262364264
0.777777778,-6.721527778,0.485404428,18.76923077,0,2.43043765,5.02e-07,-0.64,108815.5545,7.937052261,13.34729494,6.544756406,0.0,0.0,11.016661,0.0,16.83559397,0.0,19.26246487,7.109797541,26.74406676,20.04658231,0.0,40.39862071,0.0,0.0,72.73390654,24.78344526,0.0,4.127401125,0.0,0.0,10.73428309,43.37976494,7.109797541,0.0,7.047671983,4.736862954,0.0,0.0,0.0,0.0,4.237351899,4.805277778,-9.309834892,1.0,0,0,1,2.3226,0,0,0,0,0,0,2,0,1,1,0,0,0,0,0,0,0,1,0,1,0,0,0,1,0,0,1,0,0,338.15,313,COCC[N+]1(C)CCCCC1.O=S(=O)([N-]S(=O)(=O)C(F)(F)F)C(F)(F)F,0.277631737
0.777777778,-6.721527778,0.485404428,18.76923077,0,2.43043765,5.02e-07,-0.64,108815.5545,7.937052261,13.34729494,6.544756406,0.0,0.0,11.016661,0.0,16.83559397,0.0,19.26246487,7.109797541,26.74406676,20.04658231,0.0,40.39862071,0.0,0.0,72.73390654,24.78344526,0.0,4.127401125,0.0,0.0,10.73428309,43.37976494,7.109797541,0.0,7.047671983,4.736862954,0.0,0.0,0.0,0.0,4.237351899,4.805277778,-9.309834892,1.0,0,0,1,2.3226,0,0,0,0,0,0,2,0,1,1,0,0,0,0,0,0,0,1,0,1,0,0,0,1,0,0,1,0,0,348.15,314,COCC[N+]1(C)CCCCC1.O=S(=O)([N-]S(=O)(=O)C(F)(F)F)C(F)(F)F,0.285178942
0.777777778,-6.721527778,0.485404428,18.76923077,0,2.43043765,5.02e-07,-0.64,108815.5545,7.937052261,13.34729494,6.544756406,0.0,0.0,11.016661,0.0,16.83559397,0.0,19.26246487,7.109797541,26.74406676,20.04658231,0.0,40.39862071,0.0,0.0,72.73390654,24.78344526,0.0,4.127401125,0.0,0.0,10.73428309,43.37976494,7.109797541,0.0,7.047671983,4.736862954,0.0,0.0,0.0,0.0,4.237351899,4.805277778,-9.309834892,1.0,0,0,1,2.3226,0,0,0,0,0,0,2,0,1,1,0,0,0,0,0,0,0,1,0,1,0,0,0,1,0,0,1,0,0,358.15,315,COCC[N+]1(C)CCCCC1.O=S(=O)([N-]S(=O)(=O)C(F)(F)F)C(F)(F)F,0.292669614
0.777777778,-6.721527778,0.485404428,18.76923077,0,2.43043765,5.02e-07,-0.64,108815.5545,7.937052261,13.34729494,6.544756406,0.0,0.0,11.016661,0.0,16.83559397,0.0,19.26246487,7.109797541,26.74406676,20.04658231,0.0,40.39862071,0.0,0.0,72.73390654,24.78344526,0.0,4.127401125,0.0,0.0,10.73428309,43.37976494,7.109797541,0.0,7.047671983,4.736862954,0.0,0.0,0.0,0.0,4.237351899,4.805277778,-9.309834892,1.0,0,0,1,2.3226,0,0,0,0,0,0,2,0,1,1,0,0,0,0,0,0,0,1,0,1,0,0,0,1,0,0,1,0,0,368.15,316,COCC[N+]1(C)CCCCC1.O=S(=O)([N-]S(=O)(=O)C(F)(F)F)C(F)(F)F,0.300104592
0.913194444,-15.00578704,0.168316686,20.66666667,0,2.641148102,9.18e-07,-0.91,4684931.891,4.597595782,9.219893811,6.544756406,0.0,0.0,120.8430761,0.0,0.0,0.0,19.26246487,7.109797541,26.74406676,6.876385235,0.0,40.39862071,0.0,6.876385235,80.40139983,4.736862954,0.0,0.0,0.0,0.0,6.606881965,43.37976494,7.109797541,0.0,7.047671983,4.736862954,0.0,0.0,0.0,0.0,-21.87436878,-10.20050926,4.133220663,1.0,0,0,1,8.4575,0,0,0,0,0,0,1,0,1,1,0,0,0,0,0,0,0,1,0,1,0,0,0,1,0,0,1,0,0,318.15,317,COCC[N+]1(C)CCCCC1.FC(F)(F)C(F)(F)[P-](F)(F)(F)(C(F)(F)C(F)(F)F)C(F)(F)C(F)(F)F,-0.318828801
0.913194444,-15.00578704,0.168316686,20.66666667,0,2.641148102,9.18e-07,-0.91,4684931.891,4.597595782,9.219893811,6.544756406,0.0,0.0,120.8430761,0.0,0.0,0.0,19.26246487,7.109797541,26.74406676,6.876385235,0.0,40.39862071,0.0,6.876385235,80.40139983,4.736862954,0.0,0.0,0.0,0.0,6.606881965,43.37976494,7.109797541,0.0,7.047671983,4.736862954,0.0,0.0,0.0,0.0,-21.87436878,-10.20050926,4.133220663,1.0,0,0,1,8.4575,0,0,0,0,0,0,1,0,1,1,0,0,0,0,0,0,0,1,0,1,0,0,0,1,0,0,1,0,0,328.15,318,COCC[N+]1(C)CCCCC1.FC(F)(F)C(F)(F)[P-](F)(F)(F)(C(F)(F)C(F)(F)F)C(F)(F)C(F)(F)F,-0.25489225
0.913194444,-15.00578704,0.168316686,20.66666667,0,2.641148102,9.18e-07,-0.91,4684931.891,4.597595782,9.219893811,6.544756406,0.0,0.0,120.8430761,0.0,0.0,0.0,19.26246487,7.109797541,26.74406676,6.876385235,0.0,40.39862071,0.0,6.876385235,80.40139983,4.736862954,0.0,0.0,0.0,0.0,6.606881965,43.37976494,7.109797541,0.0,7.047671983,4.736862954,0.0,0.0,0.0,0.0,-21.87436878,-10.20050926,4.133220663,1.0,0,0,1,8.4575,0,0,0,0,0,0,1,0,1,1,0,0,0,0,0,0,0,1,0,1,0,0,0,1,0,0,1,0,0,338.15,319,COCC[N+]1(C)CCCCC1.FC(F)(F)C(F)(F)[P-](F)(F)(F)(C(F)(F)C(F)(F)F)C(F)(F)C(F)(F)F,-0.193584749
0.913194444,-15.00578704,0.168316686,20.66666667,0,2.641148102,9.18e-07,-0.91,4684931.891,4.597595782,9.219893811,6.544756406,0.0,0.0,120.8430761,0.0,0.0,0.0,19.26246487,7.109797541,26.74406676,6.876385235,0.0,40.39862071,0.0,6.876385235,80.40139983,4.736862954,0.0,0.0,0.0,0.0,6.606881965,43.37976494,7.109797541,0.0,7.047671983,4.736862954,0.0,0.0,0.0,0.0,-21.87436878,-10.20050926,4.133220663,1.0,0,0,1,8.4575,0,0,0,0,0,0,1,0,1,1,0,0,0,0,0,0,0,1,0,1,0,0,0,1,0,0,1,0,0,348.15,320,COCC[N+]1(C)CCCCC1.FC(F)(F)C(F)(F)[P-](F)(F)(F)(C(F)(F)C(F)(F)F)C(F)(F)C(F)(F)F,-0.126697653
0.913194444,-15.00578704,0.168316686,20.66666667,0,2.641148102,9.18e-07,-0.91,4684931.891,4.597595782,9.219893811,6.544756406,0.0,0.0,120.8430761,0.0,0.0,0.0,19.26246487,7.109797541,26.74406676,6.876385235,0.0,40.39862071,0.0,6.876385235,80.40139983,4.736862954,0.0,0.0,0.0,0.0,6.606881965,43.37976494,7.109797541,0.0,7.047671983,4.736862954,0.0,0.0,0.0,0.0,-21.87436878,-10.20050926,4.133220663,1.0,0,0,1,8.4575,0,0,0,0,0,0,1,0,1,1,0,0,0,0,0,0,0,1,0,1,0,0,0,1,0,0,1,0,0,358.15,321,COCC[N+]1(C)CCCCC1.FC(F)(F)C(F)(F)[P-](F)(F)(F)(C(F)(F)C(F)(F)F)C(F)(F)C(F)(F)F,-0.076881044
0.913194444,-15.00578704,0.168316686,20.66666667,0,2.641148102,9.18e-07,-0.91,4684931.891,4.597595782,9.219893811,6.544756406,0.0,0.0,120.8430761,0.0,0.0,0.0,19.26246487,7.109797541,26.74406676,6.876385235,0.0,40.39862071,0.0,6.876385235,80.40139983,4.736862954,0.0,0.0,0.0,0.0,6.606881965,43.37976494,7.109797541,0.0,7.047671983,4.736862954,0.0,0.0,0.0,0.0,-21.87436878,-10.20050926,4.133220663,1.0,0,0,1,8.4575,0,0,0,0,0,0,1,0,1,1,0,0,0,0,0,0,0,1,0,1,0,0,0,1,0,0,1,0,0,368.15,322,COCC[N+]1(C)CCCCC1.FC(F)(F)C(F)(F)[P-](F)(F)(F)(C(F)(F)C(F)(F)F)C(F)(F)C(F)(F)F,-0.022245609
0.203055556,-15.00578704,0.243943018,16.94117647,0,2.968917955,9.99e-07,-1.66,2183603.529,3.852246508,5.106527395,18.93844355,6.327320075,0.0,120.8430761,0.0,9.134199296,0.0,0.0,0.0,13.65455395,6.876385235,7.047671983,6.606881965,4.567099648,6.876385235,51.80025728,13.59242839,0.0,0.0,6.606881965,6.544756406,0.0,0.0,0.0,34.9028785,0.0,5.106527395,0.0,0.0,0.0,0.0,-20.31797068,-14.12134259,1.952256236,0.75,0,0,1,6.4991,1,1,0,0,0,0,2,0,0,0,0,0,0,0,1,0,0,0,0,0,0,0,0,0,0,0,0,0,0,318.15,323,C[n+]1ccn(CCO)c1.FC(F)(F)C(F)(F)[P-](F)(F)(F)(C(F)(F)C(F)(F)F)C(F)(F)C(F)(F)F,0.500775288
0.203055556,-15.00578704,0.243943018,16.94117647,0,2.968917955,9.99e-07,-1.66,2183603.529,3.852246508,5.106527395,18.93844355,6.327320075,0.0,120.8430761,0.0,9.134199296,0.0,0.0,0.0,13.65455395,6.876385235,7.047671983,6.606881965,4.567099648,6.876385235,51.80025728,13.59242839,0.0,0.0,6.606881965,6.544756406,0.0,0.0,0.0,34.9028785,0.0,5.106527395,0.0,0.0,0.0,0.0,-20.31797068,-14.12134259,1.952256236,0.75,0,0,1,6.4991,1,1,0,0,0,0,2,0,0,0,0,0,0,0,1,0,0,0,0,0,0,0,0,0,0,0,0,0,0,328.15,324,C[n+]1ccn(CCO)c1.FC(F)(F)C(F)(F)[P-](F)(F)(F)(C(F)(F)C(F)(F)F)C(F)(F)C(F)(F)F,0.542324291
0.203055556,-15.00578704,0.243943018,16.94117647,0,2.968917955,9.99e-07,-1.66,2183603.529,3.852246508,5.106527395,18.93844355,6.327320075,0.0,120.8430761,0.0,9.134199296,0.0,0.0,0.0,13.65455395,6.876385235,7.047671983,6.606881965,4.567099648,6.876385235,51.80025728,13.59242839,0.0,0.0,6.606881965,6.544756406,0.0,0.0,0.0,34.9028785,0.0,5.106527395,0.0,0.0,0.0,0.0,-20.31797068,-14.12134259,1.952256236,0.75,0,0,1,6.4991,1,1,0,0,0,0,2,0,0,0,0,0,0,0,1,0,0,0,0,0,0,0,0,0,0,0,0,0,0,338.15,325,C[n+]1ccn(CCO)c1.FC(F)(F)C(F)(F)[P-](F)(F)(F)(C(F)(F)C(F)(F)F)C(F)(F)C(F)(F)F,0.587786665
0.203055556,-15.00578704,0.243943018,16.94117647,0,2.968917955,9.99e-07,-1.66,2183603.529,3.852246508,5.106527395,18.93844355,6.327320075,0.0,120.8430761,0.0,9.134199296,0.0,0.0,0.0,13.65455395,6.876385235,7.047671983,6.606881965,4.567099648,6.876385235,51.80025728,13.59242839,0.0,0.0,6.606881965,6.544756406,0.0,0.0,0.0,34.9028785,0.0,5.106527395,0.0,0.0,0.0,0.0,-20.31797068,-14.12134259,1.952256236,0.75,0,0,1,6.4991,1,1,0,0,0,0,2,0,0,0,0,0,0,0,1,0,0,0,0,0,0,0,0,0,0,0,0,0,0,348.15,326,C[n+]1ccn(CCO)c1.FC(F)(F)C(F)(F)[P-](F)(F)(F)(C(F)(F)C(F)(F)F)C(F)(F)C(F)(F)F,0.620576488
0.203055556,-15.00578704,0.243943018,16.94117647,0,2.968917955,9.99e-07,-1.66,2183603.529,3.852246508,5.106527395,18.93844355,6.327320075,0.0,120.8430761,0.0,9.134199296,0.0,0.0,0.0,13.65455395,6.876385235,7.047671983,6.606881965,4.567099648,6.876385235,51.80025728,13.59242839,0.0,0.0,6.606881965,6.544756406,0.0,0.0,0.0,34.9028785,0.0,5.106527395,0.0,0.0,0.0,0.0,-20.31797068,-14.12134259,1.952256236,0.75,0,0,1,6.4991,1,1,0,0,0,0,2,0,0,0,0,0,0,0,1,0,0,0,0,0,0,0,0,0,0,0,0,0,0,358.15,327,C[n+]1ccn(CCO)c1.FC(F)(F)C(F)(F)[P-](F)(F)(F)(C(F)(F)C(F)(F)F)C(F)(F)C(F)(F)F,0.657520003
0.203055556,-15.00578704,0.243943018,16.94117647,0,2.968917955,9.99e-07,-1.66,2183603.529,3.852246508,5.106527395,18.93844355,6.327320075,0.0,120.8430761,0.0,9.134199296,0.0,0.0,0.0,13.65455395,6.876385235,7.047671983,6.606881965,4.567099648,6.876385235,51.80025728,13.59242839,0.0,0.0,6.606881965,6.544756406,0.0,0.0,0.0,34.9028785,0.0,5.106527395,0.0,0.0,0.0,0.0,-20.31797068,-14.12134259,1.952256236,0.75,0,0,1,6.4991,1,1,0,0,0,0,2,0,0,0,0,0,0,0,1,0,0,0,0,0,0,0,0,0,0,0,0,0,0,368.15,328,C[n+]1ccn(CCO)c1.FC(F)(F)C(F)(F)[P-](F)(F)(F)(C(F)(F)C(F)(F)F)C(F)(F)C(F)(F)F,0.688134639
0.913194444,-15.00578704,0.173146817,20.57142857,0,3.037497754,9.52e-07,-0.91,3449625.45,4.417546848,9.219893811,6.544756406,0.0,0.0,120.8430761,0.0,0.0,0.0,0.0,19.95144079,26.74406676,6.876385235,0.0,40.39862071,0.0,6.876385235,80.40139983,4.736862954,0.0,0.0,0.0,0.0,6.606881965,36.95894332,7.109797541,0.0,7.047671983,4.736862954,0.0,0.0,0.0,0.0,-23.30573995,-10.20050926,4.105408163,1.0,0,0,1,8.0674,0,0,0,0,0,0,1,0,1,1,0,0,0,0,0,0,0,1,0,1,0,0,0,0,0,0,1,0,0,318.15,329,COCC[N+]1(C)CCCC1.FC(F)(F)C(F)(F)[P-](F)(F)(F)(C(F)(F)C(F)(F)F)C(F)(F)C(F)(F)F,-0.16134315
0.913194444,-15.00578704,0.173146817,20.57142857,0,3.037497754,9.52e-07,-0.91,3449625.45,4.417546848,9.219893811,6.544756406,0.0,0.0,120.8430761,0.0,0.0,0.0,0.0,19.95144079,26.74406676,6.876385235,0.0,40.39862071,0.0,6.876385235,80.40139983,4.736862954,0.0,0.0,0.0,0.0,6.606881965,36.95894332,7.109797541,0.0,7.047671983,4.736862954,0.0,0.0,0.0,0.0,-23.30573995,-10.20050926,4.105408163,1.0,0,0,1,8.0674,0,0,0,0,0,0,1,0,1,1,0,0,0,0,0,0,0,1,0,1,0,0,0,0,0,0,1,0,0,328.15,330,COCC[N+]1(C)CCCC1.FC(F)(F)C(F)(F)[P-](F)(F)(F)(C(F)(F)C(F)(F)F)C(F)(F)C(F)(F)F,-0.095410185
0.913194444,-15.00578704,0.173146817,20.57142857,0,3.037497754,9.52e-07,-0.91,3449625.45,4.417546848,9.219893811,6.544756406,0.0,0.0,120.8430761,0.0,0.0,0.0,0.0,19.95144079,26.74406676,6.876385235,0.0,40.39862071,0.0,6.876385235,80.40139983,4.736862954,0.0,0.0,0.0,0.0,6.606881965,36.95894332,7.109797541,0.0,7.047671983,4.736862954,0.0,0.0,0.0,0.0,-23.30573995,-10.20050926,4.105408163,1.0,0,0,1,8.0674,0,0,0,0,0,0,1,0,1,1,0,0,0,0,0,0,0,1,0,1,0,0,0,0,0,0,1,0,0,338.15,331,COCC[N+]1(C)CCCC1.FC(F)(F)C(F)(F)[P-](F)(F)(F)(C(F)(F)C(F)(F)F)C(F)(F)C(F)(F)F,-0.046043939
0.913194444,-15.00578704,0.173146817,20.57142857,0,3.037497754,9.52e-07,-0.91,3449625.45,4.417546848,9.219893811,6.544756406,0.0,0.0,120.8430761,0.0,0.0,0.0,0.0,19.95144079,26.74406676,6.876385235,0.0,40.39862071,0.0,6.876385235,80.40139983,4.736862954,0.0,0.0,0.0,0.0,6.606881965,36.95894332,7.109797541,0.0,7.047671983,4.736862954,0.0,0.0,0.0,0.0,-23.30573995,-10.20050926,4.105408163,1.0,0,0,1,8.0674,0,0,0,0,0,0,1,0,1,1,0,0,0,0,0,0,0,1,0,1,0,0,0,0,0,0,1,0,0,348.15,332,COCC[N+]1(C)CCCC1.FC(F)(F)C(F)(F)[P-](F)(F)(F)(C(F)(F)C(F)(F)F)C(F)(F)C(F)(F)F,0.009950331
0.913194444,-15.00578704,0.173146817,20.57142857,0,3.037497754,9.52e-07,-0.91,3449625.45,4.417546848,9.219893811,6.544756406,0.0,0.0,120.8430761,0.0,0.0,0.0,0.0,19.95144079,26.74406676,6.876385235,0.0,40.39862071,0.0,6.876385235,80.40139983,4.736862954,0.0,0.0,0.0,0.0,6.606881965,36.95894332,7.109797541,0.0,7.047671983,4.736862954,0.0,0.0,0.0,0.0,-23.30573995,-10.20050926,4.105408163,1.0,0,0,1,8.0674,0,0,0,0,0,0,1,0,1,1,0,0,0,0,0,0,0,1,0,1,0,0,0,0,0,0,1,0,0,358.15,333,COCC[N+]1(C)CCCC1.FC(F)(F)C(F)(F)[P-](F)(F)(F)(C(F)(F)C(F)(F)F)C(F)(F)C(F)(F)F,0.058268908
0.913194444,-15.00578704,0.173146817,20.57142857,0,3.037497754,9.52e-07,-0.91,3449625.45,4.417546848,9.219893811,6.544756406,0.0,0.0,120.8430761,0.0,0.0,0.0,0.0,19.95144079,26.74406676,6.876385235,0.0,40.39862071,0.0,6.876385235,80.40139983,4.736862954,0.0,0.0,0.0,0.0,6.606881965,36.95894332,7.109797541,0.0,7.047671983,4.736862954,0.0,0.0,0.0,0.0,-23.30573995,-10.20050926,4.105408163,1.0,0,0,1,8.0674,0,0,0,0,0,0,1,0,1,1,0,0,0,0,0,0,0,1,0,1,0,0,0,0,0,0,1,0,0,368.15,334,COCC[N+]1(C)CCCC1.FC(F)(F)C(F)(F)[P-](F)(F)(F)(C(F)(F)C(F)(F)F)C(F)(F)C(F)(F)F,0.104360015
0.861944444,-15.00578704,0.169841969,17.47058824,0,2.567574819,0.0,-0.91,1138606.459,4.500097739,9.219893811,6.544756406,0.0,0.0,120.8430761,0.0,0.0,0.0,6.9237372,7.109797541,27.24698234,6.876385235,0.0,40.90153628,0.0,6.876385235,80.90431541,4.736862954,0.0,0.0,0.0,0.0,17.63466923,6.544756406,7.109797541,0.0,21.01908117,4.736862954,0.0,0.0,0.0,0.0,-26.11172068,-9.679537037,6.160416667,1.0,0,0,0,7.9233,0,0,0,0,0,0,1,0,1,0,0,0,0,0,0,0,0,1,0,1,0,0,0,0,0,0,1,0,0,318.15,335,CC[N+](C)(C)CCOC.FC(F)(F)C(F)(F)[P-](F)(F)(F)(C(F)(F)C(F)(F)F)C(F)(F)C(F)(F)F,0.048790164
0.861944444,-15.00578704,0.169841969,17.47058824,0,2.567574819,0.0,-0.91,1138606.459,4.500097739,9.219893811,6.544756406,0.0,0.0,120.8430761,0.0,0.0,0.0,6.9237372,7.109797541,27.24698234,6.876385235,0.0,40.90153628,0.0,6.876385235,80.90431541,4.736862954,0.0,0.0,0.0,0.0,17.63466923,6.544756406,7.109797541,0.0,21.01908117,4.736862954,0.0,0.0,0.0,0.0,-26.11172068,-9.679537037,6.160416667,1.0,0,0,0,7.9233,0,0,0,0,0,0,1,0,1,0,0,0,0,0,0,0,0,1,0,1,0,0,0,0,0,0,1,0,0,328.15,336,CC[N+](C)(C)CCOC.FC(F)(F)C(F)(F)[P-](F)(F)(F)(C(F)(F)C(F)(F)F)C(F)(F)C(F)(F)F,0.113328685
0.861944444,-15.00578704,0.169841969,17.47058824,0,2.567574819,0.0,-0.91,1138606.459,4.500097739,9.219893811,6.544756406,0.0,0.0,120.8430761,0.0,0.0,0.0,6.9237372,7.109797541,27.24698234,6.876385235,0.0,40.90153628,0.0,6.876385235,80.90431541,4.736862954,0.0,0.0,0.0,0.0,17.63466923,6.544756406,7.109797541,0.0,21.01908117,4.736862954,0.0,0.0,0.0,0.0,-26.11172068,-9.679537037,6.160416667,1.0,0,0,0,7.9233,0,0,0,0,0,0,1,0,1,0,0,0,0,0,0,0,0,1,0,1,0,0,0,0,0,0,1,0,0,338.15,337,CC[N+](C)(C)CCOC.FC(F)(F)C(F)(F)[P-](F)(F)(F)(C(F)(F)C(F)(F)F)C(F)(F)C(F)(F)F,0.165514438
0.861944444,-15.00578704,0.169841969,17.47058824,0,2.567574819,0.0,-0.91,1138606.459,4.500097739,9.219893811,6.544756406,0.0,0.0,120.8430761,0.0,0.0,0.0,6.9237372,7.109797541,27.24698234,6.876385235,0.0,40.90153628,0.0,6.876385235,80.90431541,4.736862954,0.0,0.0,0.0,0.0,17.63466923,6.544756406,7.109797541,0.0,21.01908117,4.736862954,0.0,0.0,0.0,0.0,-26.11172068,-9.679537037,6.160416667,1.0,0,0,0,7.9233,0,0,0,0,0,0,1,0,1,0,0,0,0,0,0,0,0,1,0,1,0,0,0,0,0,0,1,0,0,348.15,338,CC[N+](C)(C)CCOC.FC(F)(F)C(F)(F)[P-](F)(F)(F)(C(F)(F)C(F)(F)F)C(F)(F)C(F)(F)F,0.21511138
0.861944444,-15.00578704,0.169841969,17.47058824,0,2.567574819,0.0,-0.91,1138606.459,4.500097739,9.219893811,6.544756406,0.0,0.0,120.8430761,0.0,0.0,0.0,6.9237372,7.109797541,27.24698234,6.876385235,0.0,40.90153628,0.0,6.876385235,80.90431541,4.736862954,0.0,0.0,0.0,0.0,17.63466923,6.544756406,7.109797541,0.0,21.01908117,4.736862954,0.0,0.0,0.0,0.0,-26.11172068,-9.679537037,6.160416667,1.0,0,0,0,7.9233,0,0,0,0,0,0,1,0,1,0,0,0,0,0,0,0,0,1,0,1,0,0,0,0,0,0,1,0,0,358.15,339,CC[N+](C)(C)CCOC.FC(F)(F)C(F)(F)[P-](F)(F)(F)(C(F)(F)C(F)(F)F)C(F)(F)C(F)(F)F,0.270027137
0.861944444,-15.00578704,0.169841969,17.47058824,0,2.567574819,0.0,-0.91,1138606.459,4.500097739,9.219893811,6.544756406,0.0,0.0,120.8430761,0.0,0.0,0.0,6.9237372,7.109797541,27.24698234,6.876385235,0.0,40.90153628,0.0,6.876385235,80.90431541,4.736862954,0.0,0.0,0.0,0.0,17.63466923,6.544756406,7.109797541,0.0,21.01908117,4.736862954,0.0,0.0,0.0,0.0,-26.11172068,-9.679537037,6.160416667,1.0,0,0,0,7.9233,0,0,0,0,0,0,1,0,1,0,0,0,0,0,0,0,0,1,0,1,0,0,0,0,0,0,1,0,0,368.15,340,CC[N+](C)(C)CCOC.FC(F)(F)C(F)(F)[P-](F)(F)(F)(C(F)(F)C(F)(F)F)C(F)(F)C(F)(F)F,0.3074847
0.777777778,-6.721527778,0.319874492,25.4137931,0,2.580711895,2.9e-07,-0.64,735533.8586,7.523882543,8.610431983,0.0,0.0,0.0,11.016661,4.899909731,16.83559397,0.0,12.84164325,19.63426922,26.17902562,20.04658231,0.0,45.81329484,0.0,0.0,83.0484904,20.04658231,0.0,4.127401125,0.0,0.0,4.127401125,75.97961219,0.0,0.0,11.82364693,0.0,0.0,2.630994977,0.0,0.0,5.730116134,12.18034297,-13.44305556,1.0,0,0,3,2.772,0,0,0,0,0,0,3,0,0,0,0,0,0,0,0,3,0,0,0,0,0,0,0,0,3,0,1,0,2,313.15,341,CCCCCC[N+]12CCN(CC1)CC2.O=S(=O)([N-]S(=O)(=O)C(F)(F)F)C(F)(F)F,0.31481074
0.777777778,-6.721527778,0.319874492,25.4137931,0,2.580711895,2.9e-07,-0.64,735533.8586,7.523882543,8.610431983,0.0,0.0,0.0,11.016661,4.899909731,16.83559397,0.0,12.84164325,19.63426922,26.17902562,20.04658231,0.0,45.81329484,0.0,0.0,83.0484904,20.04658231,0.0,4.127401125,0.0,0.0,4.127401125,75.97961219,0.0,0.0,11.82364693,0.0,0.0,2.630994977,0.0,0.0,5.730116134,12.18034297,-13.44305556,1.0,0,0,3,2.772,0,0,0,0,0,0,3,0,0,0,0,0,0,0,0,3,0,0,0,0,0,0,0,0,3,0,1,0,2,323.15,342,CCCCCC[N+]12CCN(CC1)CC2.O=S(=O)([N-]S(=O)(=O)C(F)(F)F)C(F)(F)F,0.322083499
0.777777778,-6.721527778,0.319874492,25.4137931,0,2.580711895,2.9e-07,-0.64,735533.8586,7.523882543,8.610431983,0.0,0.0,0.0,11.016661,4.899909731,16.83559397,0.0,12.84164325,19.63426922,26.17902562,20.04658231,0.0,45.81329484,0.0,0.0,83.0484904,20.04658231,0.0,4.127401125,0.0,0.0,4.127401125,75.97961219,0.0,0.0,11.82364693,0.0,0.0,2.630994977,0.0,0.0,5.730116134,12.18034297,-13.44305556,1.0,0,0,3,2.772,0,0,0,0,0,0,3,0,0,0,0,0,0,0,0,3,0,0,0,0,0,0,0,0,3,0,1,0,2,333.15,343,CCCCCC[N+]12CCN(CC1)CC2.O=S(=O)([N-]S(=O)(=O)C(F)(F)F)C(F)(F)F,0.329303747
0.777777778,-6.721527778,0.319874492,25.4137931,0,2.580711895,2.9e-07,-0.64,735533.8586,7.523882543,8.610431983,0.0,0.0,0.0,11.016661,4.899909731,16.83559397,0.0,12.84164325,19.63426922,26.17902562,20.04658231,0.0,45.81329484,0.0,0.0,83.0484904,20.04658231,0.0,4.127401125,0.0,0.0,4.127401125,75.97961219,0.0,0.0,11.82364693,0.0,0.0,2.630994977,0.0,0.0,5.730116134,12.18034297,-13.44305556,1.0,0,0,3,2.772,0,0,0,0,0,0,3,0,0,0,0,0,0,0,0,3,0,0,0,0,0,0,0,0,3,0,1,0,2,343.15,344,CCCCCC[N+]12CCN(CC1)CC2.O=S(=O)([N-]S(=O)(=O)C(F)(F)F)C(F)(F)F,0.343589704
0.777777778,-6.721527778,0.319874492,25.4137931,0,2.580711895,2.9e-07,-0.64,735533.8586,7.523882543,8.610431983,0.0,0.0,0.0,11.016661,4.899909731,16.83559397,0.0,12.84164325,19.63426922,26.17902562,20.04658231,0.0,45.81329484,0.0,0.0,83.0484904,20.04658231,0.0,4.127401125,0.0,0.0,4.127401125,75.97961219,0.0,0.0,11.82364693,0.0,0.0,2.630994977,0.0,0.0,5.730116134,12.18034297,-13.44305556,1.0,0,0,3,2.772,0,0,0,0,0,0,3,0,0,0,0,0,0,0,0,3,0,0,0,0,0,0,0,0,3,0,1,0,2,353.15,345,CCCCCC[N+]12CCN(CC1)CC2.O=S(=O)([N-]S(=O)(=O)C(F)(F)F)C(F)(F)F,0.350656872
0.777777778,-6.721527778,0.319874492,25.4137931,0,2.580711895,2.9e-07,-0.64,735533.8586,7.523882543,8.610431983,0.0,0.0,0.0,11.016661,4.899909731,16.83559397,0.0,12.84164325,19.63426922,26.17902562,20.04658231,0.0,45.81329484,0.0,0.0,83.0484904,20.04658231,0.0,4.127401125,0.0,0.0,4.127401125,75.97961219,0.0,0.0,11.82364693,0.0,0.0,2.630994977,0.0,0.0,5.730116134,12.18034297,-13.44305556,1.0,0,0,3,2.772,0,0,0,0,0,0,3,0,0,0,0,0,0,0,0,3,0,0,0,0,0,0,0,0,3,0,1,0,2,363.15,346,CCCCCC[N+]12CCN(CC1)CC2.O=S(=O)([N-]S(=O)(=O)C(F)(F)F)C(F)(F)F,0.357674444
0.532083333,-6.721527778,0.402864104,13.91666667,0,2.240893703,0.0,-1.11,22023.50331,7.639769564,8.610431983,6.069221313,0.0,0.0,11.016661,0.0,16.83559397,0.0,13.8474744,0.0,20.13718479,20.04658231,0.0,20.64010037,0.0,0.0,59.01722703,20.04658231,0.0,4.127401125,0.0,12.58659724,8.610431983,0.0,0.0,0.0,34.01203968,5.261891555,0.0,0.0,0.0,2.693611111,0.0,4.83962963,-9.316296296,0.888888889,0,0,0,2.05408,0,0,0,0,0,0,3,0,0,0,0,0,0,0,0,0,0,0,0,0,0,0,0,0,0,0,1,0,0,313.15,347,CC(C)[N+](C)(C)CC#N.O=S(=O)([N-]S(=O)(=O)C(F)(F)F)C(F)(F)F,1.212833433
0.532083333,-6.721527778,0.402864104,13.91666667,0,2.240893703,0.0,-1.11,22023.50331,7.639769564,8.610431983,6.069221313,0.0,0.0,11.016661,0.0,16.83559397,0.0,13.8474744,0.0,20.13718479,20.04658231,0.0,20.64010037,0.0,0.0,59.01722703,20.04658231,0.0,4.127401125,0.0,12.58659724,8.610431983,0.0,0.0,0.0,34.01203968,5.261891555,0.0,0.0,0.0,2.693611111,0.0,4.83962963,-9.316296296,0.888888889,0,0,0,2.05408,0,0,0,0,0,0,3,0,0,0,0,0,0,0,0,0,0,0,0,0,0,0,0,0,0,0,1,0,0,323.15,348,CC(C)[N+](C)(C)CC#N.O=S(=O)([N-]S(=O)(=O)C(F)(F)F)C(F)(F)F,1.211047718
0.532083333,-6.721527778,0.402864104,13.91666667,0,2.240893703,0.0,-1.11,22023.50331,7.639769564,8.610431983,6.069221313,0.0,0.0,11.016661,0.0,16.83559397,0.0,13.8474744,0.0,20.13718479,20.04658231,0.0,20.64010037,0.0,0.0,59.01722703,20.04658231,0.0,4.127401125,0.0,12.58659724,8.610431983,0.0,0.0,0.0,34.01203968,5.261891555,0.0,0.0,0.0,2.693611111,0.0,4.83962963,-9.316296296,0.888888889,0,0,0,2.05408,0,0,0,0,0,0,3,0,0,0,0,0,0,0,0,0,0,0,0,0,0,0,0,0,0,0,1,0,0,333.15,349,CC(C)[N+](C)(C)CC#N.O=S(=O)([N-]S(=O)(=O)C(F)(F)F)C(F)(F)F,1.208960346
0.532083333,-6.721527778,0.402864104,13.91666667,0,2.240893703,0.0,-1.11,22023.50331,7.639769564,8.610431983,6.069221313,0.0,0.0,11.016661,0.0,16.83559397,0.0,13.8474744,0.0,20.13718479,20.04658231,0.0,20.64010037,0.0,0.0,59.01722703,20.04658231,0.0,4.127401125,0.0,12.58659724,8.610431983,0.0,0.0,0.0,34.01203968,5.261891555,0.0,0.0,0.0,2.693611111,0.0,4.83962963,-9.316296296,0.888888889,0,0,0,2.05408,0,0,0,0,0,0,3,0,0,0,0,0,0,0,0,0,0,0,0,0,0,0,0,0,0,0,1,0,0,343.15,350,CC(C)[N+](C)(C)CC#N.O=S(=O)([N-]S(=O)(=O)C(F)(F)F)C(F)(F)F,1.206868607
0.532083333,-6.721527778,0.402864104,13.91666667,0,2.240893703,0.0,-1.11,22023.50331,7.639769564,8.610431983,6.069221313,0.0,0.0,11.016661,0.0,16.83559397,0.0,13.8474744,0.0,20.13718479,20.04658231,0.0,20.64010037,0.0,0.0,59.01722703,20.04658231,0.0,4.127401125,0.0,12.58659724,8.610431983,0.0,0.0,0.0,34.01203968,5.261891555,0.0,0.0,0.0,2.693611111,0.0,4.83962963,-9.316296296,0.888888889,0,0,0,2.05408,0,0,0,0,0,0,3,0,0,0,0,0,0,0,0,0,0,0,0,0,0,0,0,0,0,0,1,0,0,353.15,351,CC(C)[N+](C)(C)CC#N.O=S(=O)([N-]S(=O)(=O)C(F)(F)F)C(F)(F)F,1.2050722
0.532083333,-6.721527778,0.402864104,13.91666667,0,2.240893703,0.0,-1.11,22023.50331,7.639769564,8.610431983,6.069221313,0.0,0.0,11.016661,0.0,16.83559397,0.0,13.8474744,0.0,20.13718479,20.04658231,0.0,20.64010037,0.0,0.0,59.01722703,20.04658231,0.0,4.127401125,0.0,12.58659724,8.610431983,0.0,0.0,0.0,34.01203968,5.261891555,0.0,0.0,0.0,2.693611111,0.0,4.83962963,-9.316296296,0.888888889,0,0,0,2.05408,0,0,0,0,0,0,3,0,0,0,0,0,0,0,0,0,0,0,0,0,0,0,0,0,0,0,1,0,0,363.15,352,CC(C)[N+](C)(C)CC#N.O=S(=O)([N-]S(=O)(=O)C(F)(F)F)C(F)(F)F,1.203272559
0.777777778,-6.721527778,0.511458256,17.10714286,0,2.905275466,2.81e-07,-1.35,510782.2903,7.236202598,4.127401125,12.39368714,6.327320075,0.0,11.016661,0.0,25.96979326,0.0,18.75954929,0.0,13.59242839,20.04658231,12.96557803,0.0,4.567099648,0.0,32.41935462,33.6390107,0.0,4.127401125,0.0,0.0,10.04530717,38.64886452,0.0,0.0,34.9028785,0.0,0.0,0.0,0.93162037,0.0,13.66855482,1.223055556,-11.36233103,0.769230769,1,1,2,2.9522,0,0,0,0,0,0,3,0,0,0,0,0,0,0,1,0,0,0,0,0,0,0,0,0,0,0,0,0,0,323.15,353,C[n+]1ccn(CC2CCCCC2)c1.O=S(=O)([N-]S(=O)(=O)C(F)(F)F)C(F)(F)F,0.107957142
0.777777778,-6.721527778,0.511458256,17.10714286,0,2.905275466,2.81e-07,-1.35,510782.2903,7.236202598,4.127401125,12.39368714,6.327320075,0.0,11.016661,0.0,25.96979326,0.0,18.75954929,0.0,13.59242839,20.04658231,12.96557803,0.0,4.567099648,0.0,32.41935462,33.6390107,0.0,4.127401125,0.0,0.0,10.04530717,38.64886452,0.0,0.0,34.9028785,0.0,0.0,0.0,0.93162037,0.0,13.66855482,1.223055556,-11.36233103,0.769230769,1,1,2,2.9522,0,0,0,0,0,0,3,0,0,0,0,0,0,0,1,0,0,0,0,0,0,0,0,0,0,0,0,0,0,333.15,354,C[n+]1ccn(CC2CCCCC2)c1.O=S(=O)([N-]S(=O)(=O)C(F)(F)F)C(F)(F)F,0.128393215
0.777777778,-6.721527778,0.511458256,17.10714286,0,2.905275466,2.81e-07,-1.35,510782.2903,7.236202598,4.127401125,12.39368714,6.327320075,0.0,11.016661,0.0,25.96979326,0.0,18.75954929,0.0,13.59242839,20.04658231,12.96557803,0.0,4.567099648,0.0,32.41935462,33.6390107,0.0,4.127401125,0.0,0.0,10.04530717,38.64886452,0.0,0.0,34.9028785,0.0,0.0,0.0,0.93162037,0.0,13.66855482,1.223055556,-11.36233103,0.769230769,1,1,2,2.9522,0,0,0,0,0,0,3,0,0,0,0,0,0,0,1,0,0,0,0,0,0,0,0,0,0,0,0,0,0,343.15,355,C[n+]1ccn(CC2CCCCC2)c1.O=S(=O)([N-]S(=O)(=O)C(F)(F)F)C(F)(F)F,0.153579088
0.777777778,-6.721527778,0.511458256,17.10714286,0,2.905275466,2.81e-07,-1.35,510782.2903,7.236202598,4.127401125,12.39368714,6.327320075,0.0,11.016661,0.0,25.96979326,0.0,18.75954929,0.0,13.59242839,20.04658231,12.96557803,0.0,4.567099648,0.0,32.41935462,33.6390107,0.0,4.127401125,0.0,0.0,10.04530717,38.64886452,0.0,0.0,34.9028785,0.0,0.0,0.0,0.93162037,0.0,13.66855482,1.223055556,-11.36233103,0.769230769,1,1,2,2.9522,0,0,0,0,0,0,3,0,0,0,0,0,0,0,1,0,0,0,0,0,0,0,0,0,0,0,0,0,0,353.15,356,C[n+]1ccn(CC2CCCCC2)c1.O=S(=O)([N-]S(=O)(=O)C(F)(F)F)C(F)(F)F,0.186479567
0.777777778,-6.721527778,0.511458256,17.10714286,0,2.905275466,2.81e-07,-1.35,510782.2903,7.236202598,4.127401125,12.39368714,6.327320075,0.0,11.016661,0.0,25.96979326,0.0,18.75954929,0.0,13.59242839,20.04658231,12.96557803,0.0,4.567099648,0.0,32.41935462,33.6390107,0.0,4.127401125,0.0,0.0,10.04530717,38.64886452,0.0,0.0,34.9028785,0.0,0.0,0.0,0.93162037,0.0,13.66855482,1.223055556,-11.36233103,0.769230769,1,1,2,2.9522,0,0,0,0,0,0,3,0,0,0,0,0,0,0,1,0,0,0,0,0,0,0,0,0,0,0,0,0,0,363.15,357,C[n+]1ccn(CC2CCCCC2)c1.O=S(=O)([N-]S(=O)(=O)C(F)(F)F)C(F)(F)F,0.21993842
0.777777778,-6.721527778,0.511458256,17.10714286,0,2.905275466,2.81e-07,-1.35,510782.2903,7.236202598,4.127401125,12.39368714,6.327320075,0.0,11.016661,0.0,25.96979326,0.0,18.75954929,0.0,13.59242839,20.04658231,12.96557803,0.0,4.567099648,0.0,32.41935462,33.6390107,0.0,4.127401125,0.0,0.0,10.04530717,38.64886452,0.0,0.0,34.9028785,0.0,0.0,0.0,0.93162037,0.0,13.66855482,1.223055556,-11.36233103,0.769230769,1,1,2,2.9522,0,0,0,0,0,0,3,0,0,0,0,0,0,0,1,0,0,0,0,0,0,0,0,0,0,0,0,0,0,373.15,358,C[n+]1ccn(CC2CCCCC2)c1.O=S(=O)([N-]S(=O)(=O)C(F)(F)F)C(F)(F)F,0.21993842
0.777777778,-6.721527778,0.51317457,17.67857143,0,2.915854073,2.81e-07,-1.38,480801.0098,6.89904064,8.610431983,6.544756406,0.0,0.0,11.016661,0.0,16.83559397,0.0,0.0,18.40509474,20.13718479,20.04658231,0.0,20.13718479,0.0,0.0,52.47247062,26.59133871,0.0,4.127401125,0.0,0.0,4.127401125,42.52239481,0.0,0.0,37.37950732,0.0,0.0,0.0,0.0,10.83953467,2.812169785,3.921258503,-11.06805556,0.571428571,0,0,2,3.4863,0,0,0,0,0,0,2,0,0,1,0,0,0,0,0,0,0,0,0,0,0,0,0,0,0,0,1,0,0,323.15,359,C[N+]1(Cc2ccccc2)CCCC1.O=S(=O)([N-]S(=O)(=O)C(F)(F)F)C(F)(F)F,0.469378434
0.777777778,-6.721527778,0.51317457,17.67857143,0,2.915854073,2.81e-07,-1.38,480801.0098,6.89904064,8.610431983,6.544756406,0.0,0.0,11.016661,0.0,16.83559397,0.0,0.0,18.40509474,20.13718479,20.04658231,0.0,20.13718479,0.0,0.0,52.47247062,26.59133871,0.0,4.127401125,0.0,0.0,4.127401125,42.52239481,0.0,0.0,37.37950732,0.0,0.0,0.0,0.0,10.83953467,2.812169785,3.921258503,-11.06805556,0.571428571,0,0,2,3.4863,0,0,0,0,0,0,2,0,0,1,0,0,0,0,0,0,0,0,0,0,0,0,0,0,0,0,1,0,0,333.15,360,C[N+]1(Cc2ccccc2)CCCC1.O=S(=O)([N-]S(=O)(=O)C(F)(F)F)C(F)(F)F,0.470003629
0.777777778,-6.721527778,0.51317457,17.67857143,0,2.915854073,2.81e-07,-1.38,480801.0098,6.89904064,8.610431983,6.544756406,0.0,0.0,11.016661,0.0,16.83559397,0.0,0.0,18.40509474,20.13718479,20.04658231,0.0,20.13718479,0.0,0.0,52.47247062,26.59133871,0.0,4.127401125,0.0,0.0,4.127401125,42.52239481,0.0,0.0,37.37950732,0.0,0.0,0.0,0.0,10.83953467,2.812169785,3.921258503,-11.06805556,0.571428571,0,0,2,3.4863,0,0,0,0,0,0,2,0,0,1,0,0,0,0,0,0,0,0,0,0,0,0,0,0,0,0,1,0,0,343.15,361,C[N+]1(Cc2ccccc2)CCCC1.O=S(=O)([N-]S(=O)(=O)C(F)(F)F)C(F)(F)F,0.468752847
0.777777778,-6.721527778,0.51317457,17.67857143,0,2.915854073,2.81e-07,-1.38,480801.0098,6.89904064,8.610431983,6.544756406,0.0,0.0,11.016661,0.0,16.83559397,0.0,0.0,18.40509474,20.13718479,20.04658231,0.0,20.13718479,0.0,0.0,52.47247062,26.59133871,0.0,4.127401125,0.0,0.0,4.127401125,42.52239481,0.0,0.0,37.37950732,0.0,0.0,0.0,0.0,10.83953467,2.812169785,3.921258503,-11.06805556,0.571428571,0,0,2,3.4863,0,0,0,0,0,0,2,0,0,1,0,0,0,0,0,0,0,0,0,0,0,0,0,0,0,0,1,0,0,353.15,362,C[N+]1(Cc2ccccc2)CCCC1.O=S(=O)([N-]S(=O)(=O)C(F)(F)F)C(F)(F)F,0.468126869
0.777777778,-6.721527778,0.51317457,17.67857143,0,2.915854073,2.81e-07,-1.38,480801.0098,6.89904064,8.610431983,6.544756406,0.0,0.0,11.016661,0.0,16.83559397,0.0,0.0,18.40509474,20.13718479,20.04658231,0.0,20.13718479,0.0,0.0,52.47247062,26.59133871,0.0,4.127401125,0.0,0.0,4.127401125,42.52239481,0.0,0.0,37.37950732,0.0,0.0,0.0,0.0,10.83953467,2.812169785,3.921258503,-11.06805556,0.571428571,0,0,2,3.4863,0,0,0,0,0,0,2,0,0,1,0,0,0,0,0,0,0,0,0,0,0,0,0,0,0,0,1,0,0,363.15,363,C[N+]1(Cc2ccccc2)CCCC1.O=S(=O)([N-]S(=O)(=O)C(F)(F)F)C(F)(F)F,0.468126869
0.777777778,-6.721527778,0.51317457,17.67857143,0,2.915854073,2.81e-07,-1.38,480801.0098,6.89904064,8.610431983,6.544756406,0.0,0.0,11.016661,0.0,16.83559397,0.0,0.0,18.40509474,20.13718479,20.04658231,0.0,20.13718479,0.0,0.0,52.47247062,26.59133871,0.0,4.127401125,0.0,0.0,4.127401125,42.52239481,0.0,0.0,37.37950732,0.0,0.0,0.0,0.0,10.83953467,2.812169785,3.921258503,-11.06805556,0.571428571,0,0,2,3.4863,0,0,0,0,0,0,2,0,0,1,0,0,0,0,0,0,0,0,0,0,0,0,0,0,0,0,1,0,0,373.15,364,C[N+]1(Cc2ccccc2)CCCC1.O=S(=O)([N-]S(=O)(=O)C(F)(F)F)C(F)(F)F,0.467500499
0.777777778,-6.721527778,0.525331295,12.96428571,0,2.905275466,2.81e-07,-2.13,510782.2903,6.793252874,4.127401125,18.93844355,6.327320075,0.0,11.016661,0.0,25.96979326,0.0,5.563451492,0.0,7.047671983,20.04658231,7.047671983,0.0,4.567099648,0.0,32.41935462,33.6390107,0.0,4.127401125,0.0,0.0,10.67215753,5.563451492,0.0,23.87798227,41.35673157,0.0,0.0,0.0,0.0,10.45518519,6.197361111,0.946111111,-11.4137963,0.307692308,0,0,2,2.4202,0,0,0,0,0,0,3,0,0,0,0,0,0,0,1,0,0,0,0,0,0,0,0,0,0,0,0,0,0,323.15,365,Cn1cc[n+](Cc2ccccc2)c1.O=S(=O)([N-]S(=O)(=O)C(F)(F)F)C(F)(F)F,0.5086232
0.777777778,-6.721527778,0.525331295,12.96428571,0,2.905275466,2.81e-07,-2.13,510782.2903,6.793252874,4.127401125,18.93844355,6.327320075,0.0,11.016661,0.0,25.96979326,0.0,5.563451492,0.0,7.047671983,20.04658231,7.047671983,0.0,4.567099648,0.0,32.41935462,33.6390107,0.0,4.127401125,0.0,0.0,10.67215753,5.563451492,0.0,23.87798227,41.35673157,0.0,0.0,0.0,0.0,10.45518519,6.197361111,0.946111111,-11.4137963,0.307692308,0,0,2,2.4202,0,0,0,0,0,0,3,0,0,0,0,0,0,0,1,0,0,0,0,0,0,0,0,0,0,0,0,0,0,333.15,366,Cn1cc[n+](Cc2ccccc2)c1.O=S(=O)([N-]S(=O)(=O)C(F)(F)F)C(F)(F)F,0.508021696
0.777777778,-6.721527778,0.525331295,12.96428571,0,2.905275466,2.81e-07,-2.13,510782.2903,6.793252874,4.127401125,18.93844355,6.327320075,0.0,11.016661,0.0,25.96979326,0.0,5.563451492,0.0,7.047671983,20.04658231,7.047671983,0.0,4.567099648,0.0,32.41935462,33.6390107,0.0,4.127401125,0.0,0.0,10.67215753,5.563451492,0.0,23.87798227,41.35673157,0.0,0.0,0.0,0.0,10.45518519,6.197361111,0.946111111,-11.4137963,0.307692308,0,0,2,2.4202,0,0,0,0,0,0,3,0,0,0,0,0,0,0,1,0,0,0,0,0,0,0,0,0,0,0,0,0,0,343.15,367,Cn1cc[n+](Cc2ccccc2)c1.O=S(=O)([N-]S(=O)(=O)C(F)(F)F)C(F)(F)F,0.501986675
0.777777778,-6.721527778,0.525331295,12.96428571,0,2.905275466,2.81e-07,-2.13,510782.2903,6.793252874,4.127401125,18.93844355,6.327320075,0.0,11.016661,0.0,25.96979326,0.0,5.563451492,0.0,7.047671983,20.04658231,7.047671983,0.0,4.567099648,0.0,32.41935462,33.6390107,0.0,4.127401125,0.0,0.0,10.67215753,5.563451492,0.0,23.87798227,41.35673157,0.0,0.0,0.0,0.0,10.45518519,6.197361111,0.946111111,-11.4137963,0.307692308,0,0,2,2.4202,0,0,0,0,0,0,3,0,0,0,0,0,0,0,1,0,0,0,0,0,0,0,0,0,0,0,0,0,0,353.15,368,Cn1cc[n+](Cc2ccccc2)c1.O=S(=O)([N-]S(=O)(=O)C(F)(F)F)C(F)(F)F,0.495915011
0.777777778,-6.721527778,0.525331295,12.96428571,0,2.905275466,2.81e-07,-2.13,510782.2903,6.793252874,4.127401125,18.93844355,6.327320075,0.0,11.016661,0.0,25.96979326,0.0,5.563451492,0.0,7.047671983,20.04658231,7.047671983,0.0,4.567099648,0.0,32.41935462,33.6390107,0.0,4.127401125,0.0,0.0,10.67215753,5.563451492,0.0,23.87798227,41.35673157,0.0,0.0,0.0,0.0,10.45518519,6.197361111,0.946111111,-11.4137963,0.307692308,0,0,2,2.4202,0,0,0,0,0,0,3,0,0,0,0,0,0,0,1,0,0,0,0,0,0,0,0,0,0,0,0,0,0,363.15,369,Cn1cc[n+](Cc2ccccc2)c1.O=S(=O)([N-]S(=O)(=O)C(F)(F)F)C(F)(F)F,0.4940863
0.777777778,-6.721527778,0.525331295,12.96428571,0,2.905275466,2.81e-07,-2.13,510782.2903,6.793252874,4.127401125,18.93844355,6.327320075,0.0,11.016661,0.0,25.96979326,0.0,5.563451492,0.0,7.047671983,20.04658231,7.047671983,0.0,4.567099648,0.0,32.41935462,33.6390107,0.0,4.127401125,0.0,0.0,10.67215753,5.563451492,0.0,23.87798227,41.35673157,0.0,0.0,0.0,0.0,10.45518519,6.197361111,0.946111111,-11.4137963,0.307692308,0,0,2,2.4202,0,0,0,0,0,0,3,0,0,0,0,0,0,0,1,0,0,0,0,0,0,0,0,0,0,0,0,0,0,373.15,370,Cn1cc[n+](Cc2ccccc2)c1.O=S(=O)([N-]S(=O)(=O)C(F)(F)F)C(F)(F)F,0.491642804
0.777777778,-6.721527778,0.511741002,16.92857143,0,2.54162491,2.81e-07,-1.41,499581.7924,7.543955716,4.127401125,0.0,0.0,0.0,11.016661,0.0,21.40269362,0.0,12.84164325,18.05064018,0.0,20.04658231,5.917906046,0.0,4.567099648,0.0,27.85225497,26.59133871,0.0,4.127401125,0.0,0.0,10.04530717,38.64886452,0.0,0.0,35.159888,0.0,0.0,0.0,0.93162037,6.308554737,11.55463971,1.223055556,-13.44305556,0.642857143,1,1,2,3.6137,0,0,0,0,0,0,2,0,0,0,0,0,0,0,0,0,0,0,0,0,0,0,0,0,0,1,0,0,0,323.15,371,O=S(=O)([N-]S(=O)(=O)C(F)(F)F)C(F)(F)F.c1cc[n+](CC2CCCCC2)cc1,0.004987542
0.777777778,-6.721527778,0.511741002,16.92857143,0,2.54162491,2.81e-07,-1.41,499581.7924,7.543955716,4.127401125,0.0,0.0,0.0,11.016661,0.0,21.40269362,0.0,12.84164325,18.05064018,0.0,20.04658231,5.917906046,0.0,4.567099648,0.0,27.85225497,26.59133871,0.0,4.127401125,0.0,0.0,10.04530717,38.64886452,0.0,0.0,35.159888,0.0,0.0,0.0,0.93162037,6.308554737,11.55463971,1.223055556,-13.44305556,0.642857143,1,1,2,3.6137,0,0,0,0,0,0,2,0,0,0,0,0,0,0,0,0,0,0,0,0,0,0,0,0,0,1,0,0,0,333.15,372,O=S(=O)([N-]S(=O)(=O)C(F)(F)F)C(F)(F)F.c1cc[n+](CC2CCCCC2)cc1,0.027615167
0.777777778,-6.721527778,0.511741002,16.92857143,0,2.54162491,2.81e-07,-1.41,499581.7924,7.543955716,4.127401125,0.0,0.0,0.0,11.016661,0.0,21.40269362,0.0,12.84164325,18.05064018,0.0,20.04658231,5.917906046,0.0,4.567099648,0.0,27.85225497,26.59133871,0.0,4.127401125,0.0,0.0,10.04530717,38.64886452,0.0,0.0,35.159888,0.0,0.0,0.0,0.93162037,6.308554737,11.55463971,1.223055556,-13.44305556,0.642857143,1,1,2,3.6137,0,0,0,0,0,0,2,0,0,0,0,0,0,0,0,0,0,0,0,0,0,0,0,0,0,1,0,0,0,343.15,373,O=S(=O)([N-]S(=O)(=O)C(F)(F)F)C(F)(F)F.c1cc[n+](CC2CCCCC2)cc1,0.056380333
0.777777778,-6.721527778,0.511741002,16.92857143,0,2.54162491,2.81e-07,-1.41,499581.7924,7.543955716,4.127401125,0.0,0.0,0.0,11.016661,0.0,21.40269362,0.0,12.84164325,18.05064018,0.0,20.04658231,5.917906046,0.0,4.567099648,0.0,27.85225497,26.59133871,0.0,4.127401125,0.0,0.0,10.04530717,38.64886452,0.0,0.0,35.159888,0.0,0.0,0.0,0.93162037,6.308554737,11.55463971,1.223055556,-13.44305556,0.642857143,1,1,2,3.6137,0,0,0,0,0,0,2,0,0,0,0,0,0,0,0,0,0,0,0,0,0,0,0,0,0,1,0,0,0,353.15,374,O=S(=O)([N-]S(=O)(=O)C(F)(F)F)C(F)(F)F.c1cc[n+](CC2CCCCC2)cc1,0.102556588
0.777777778,-6.721527778,0.511741002,16.92857143,0,2.54162491,2.81e-07,-1.41,499581.7924,7.543955716,4.127401125,0.0,0.0,0.0,11.016661,0.0,21.40269362,0.0,12.84164325,18.05064018,0.0,20.04658231,5.917906046,0.0,4.567099648,0.0,27.85225497,26.59133871,0.0,4.127401125,0.0,0.0,10.04530717,38.64886452,0.0,0.0,35.159888,0.0,0.0,0.0,0.93162037,6.308554737,11.55463971,1.223055556,-13.44305556,0.642857143,1,1,2,3.6137,0,0,0,0,0,0,2,0,0,0,0,0,0,0,0,0,0,0,0,0,0,0,0,0,0,1,0,0,0,363.15,375,O=S(=O)([N-]S(=O)(=O)C(F)(F)F)C(F)(F)F.c1cc[n+](CC2CCCCC2)cc1,0.123102197
0.777777778,-6.721527778,0.511741002,16.92857143,0,2.54162491,2.81e-07,-1.41,499581.7924,7.543955716,4.127401125,0.0,0.0,0.0,11.016661,0.0,21.40269362,0.0,12.84164325,18.05064018,0.0,20.04658231,5.917906046,0.0,4.567099648,0.0,27.85225497,26.59133871,0.0,4.127401125,0.0,0.0,10.04530717,38.64886452,0.0,0.0,35.159888,0.0,0.0,0.0,0.93162037,6.308554737,11.55463971,1.223055556,-13.44305556,0.642857143,1,1,2,3.6137,0,0,0,0,0,0,2,0,0,0,0,0,0,0,0,0,0,0,0,0,0,0,0,0,0,1,0,0,0,373.15,376,O=S(=O)([N-]S(=O)(=O)C(F)(F)F)C(F)(F)F.c1cc[n+](CC2CCCCC2)cc1,0.152721087
0.777777778,-6.721527778,0.529367796,12.78571429,0,2.54162491,2.81e-07,-2.19,499581.7924,7.086791096,4.127401125,0.0,0.0,0.0,11.016661,0.0,21.40269362,0.0,0.0,17.69618563,0.0,20.04658231,0.0,0.0,4.567099648,0.0,27.85225497,26.59133871,0.0,4.127401125,0.0,0.0,10.67215753,5.563451492,0.0,24.26546827,41.22625506,0.0,0.0,0.0,0.0,16.57361111,4.152777778,0.946111111,-13.44305556,0.214285714,0,0,2,3.0817,0,0,0,0,0,0,2,0,0,0,0,0,0,0,0,0,0,0,0,0,0,0,0,0,0,1,0,0,0,323.15,377,O=S(=O)([N-]S(=O)(=O)C(F)(F)F)C(F)(F)F.c1ccc(C[n+]2ccccc2)cc1,0.223143551
0.777777778,-6.721527778,0.529367796,12.78571429,0,2.54162491,2.81e-07,-2.19,499581.7924,7.086791096,4.127401125,0.0,0.0,0.0,11.016661,0.0,21.40269362,0.0,0.0,17.69618563,0.0,20.04658231,0.0,0.0,4.567099648,0.0,27.85225497,26.59133871,0.0,4.127401125,0.0,0.0,10.67215753,5.563451492,0.0,24.26546827,41.22625506,0.0,0.0,0.0,0.0,16.57361111,4.152777778,0.946111111,-13.44305556,0.214285714,0,0,2,3.0817,0,0,0,0,0,0,2,0,0,0,0,0,0,0,0,0,0,0,0,0,0,0,0,0,0,1,0,0,0,333.15,378,O=S(=O)([N-]S(=O)(=O)C(F)(F)F)C(F)(F)F.c1ccc(C[n+]2ccccc2)cc1,0.2390169
0.777777778,-6.721527778,0.529367796,12.78571429,0,2.54162491,2.81e-07,-2.19,499581.7924,7.086791096,4.127401125,0.0,0.0,0.0,11.016661,0.0,21.40269362,0.0,0.0,17.69618563,0.0,20.04658231,0.0,0.0,4.567099648,0.0,27.85225497,26.59133871,0.0,4.127401125,0.0,0.0,10.67215753,5.563451492,0.0,24.26546827,41.22625506,0.0,0.0,0.0,0.0,16.57361111,4.152777778,0.946111111,-13.44305556,0.214285714,0,0,2,3.0817,0,0,0,0,0,0,2,0,0,0,0,0,0,0,0,0,0,0,0,0,0,0,0,0,0,1,0,0,0,343.15,379,O=S(=O)([N-]S(=O)(=O)C(F)(F)F)C(F)(F)F.c1ccc(C[n+]2ccccc2)cc1,0.254642218
0.777777778,-6.721527778,0.529367796,12.78571429,0,2.54162491,2.81e-07,-2.19,499581.7924,7.086791096,4.127401125,0.0,0.0,0.0,11.016661,0.0,21.40269362,0.0,0.0,17.69618563,0.0,20.04658231,0.0,0.0,4.567099648,0.0,27.85225497,26.59133871,0.0,4.127401125,0.0,0.0,10.67215753,5.563451492,0.0,24.26546827,41.22625506,0.0,0.0,0.0,0.0,16.57361111,4.152777778,0.946111111,-13.44305556,0.214285714,0,0,2,3.0817,0,0,0,0,0,0,2,0,0,0,0,0,0,0,0,0,0,0,0,0,0,0,0,0,0,1,0,0,0,353.15,380,O=S(=O)([N-]S(=O)(=O)C(F)(F)F)C(F)(F)F.c1ccc(C[n+]2ccccc2)cc1,0.292669614
0.777777778,-6.721527778,0.529367796,12.78571429,0,2.54162491,2.81e-07,-2.19,499581.7924,7.086791096,4.127401125,0.0,0.0,0.0,11.016661,0.0,21.40269362,0.0,0.0,17.69618563,0.0,20.04658231,0.0,0.0,4.567099648,0.0,27.85225497,26.59133871,0.0,4.127401125,0.0,0.0,10.67215753,5.563451492,0.0,24.26546827,41.22625506,0.0,0.0,0.0,0.0,16.57361111,4.152777778,0.946111111,-13.44305556,0.214285714,0,0,2,3.0817,0,0,0,0,0,0,2,0,0,0,0,0,0,0,0,0,0,0,0,0,0,0,0,0,0,1,0,0,0,363.15,381,O=S(=O)([N-]S(=O)(=O)C(F)(F)F)C(F)(F)F.c1ccc(C[n+]2ccccc2)cc1,0.322083499
0.777777778,-6.721527778,0.529367796,12.78571429,0,2.54162491,2.81e-07,-2.19,499581.7924,7.086791096,4.127401125,0.0,0.0,0.0,11.016661,0.0,21.40269362,0.0,0.0,17.69618563,0.0,20.04658231,0.0,0.0,4.567099648,0.0,27.85225497,26.59133871,0.0,4.127401125,0.0,0.0,10.67215753,5.563451492,0.0,24.26546827,41.22625506,0.0,0.0,0.0,0.0,16.57361111,4.152777778,0.946111111,-13.44305556,0.214285714,0,0,2,3.0817,0,0,0,0,0,0,2,0,0,0,0,0,0,0,0,0,0,0,0,0,0,0,0,0,0,1,0,0,0,373.15,382,O=S(=O)([N-]S(=O)(=O)C(F)(F)F)C(F)(F)F.c1ccc(C[n+]2ccccc2)cc1,0.343589704
0.777777778,-6.721527778,0.469256841,21.82142857,0,2.915854073,2.81e-07,-0.6,480801.0098,7.336715248,8.610431983,0.0,0.0,0.0,11.016661,0.0,16.83559397,0.0,12.84164325,18.75954929,26.6819412,20.04658231,5.917906046,26.6819412,0.0,0.0,59.01722703,20.04658231,0.0,4.127401125,0.0,0.0,10.04530717,69.06305144,0.0,0.0,7.047671983,0.0,0.0,0.0,1.066527778,0.0,10.50363851,4.395833333,-10.96924036,1.0,1,1,2,3.8664,0,0,0,0,0,0,2,0,0,1,0,0,0,0,0,0,0,0,0,0,0,0,0,0,0,0,1,0,0,323.15,383,C[N+]1(CC2CCCCC2)CCCC1.O=S(=O)([N-]S(=O)(=O)C(F)(F)F)C(F)(F)F,-0.020202707
0.777777778,-6.721527778,0.469256841,21.82142857,0,2.915854073,2.81e-07,-0.6,480801.0098,7.336715248,8.610431983,0.0,0.0,0.0,11.016661,0.0,16.83559397,0.0,12.84164325,18.75954929,26.6819412,20.04658231,5.917906046,26.6819412,0.0,0.0,59.01722703,20.04658231,0.0,4.127401125,0.0,0.0,10.04530717,69.06305144,0.0,0.0,7.047671983,0.0,0.0,0.0,1.066527778,0.0,10.50363851,4.395833333,-10.96924036,1.0,1,1,2,3.8664,0,0,0,0,0,0,2,0,0,1,0,0,0,0,0,0,0,0,0,0,0,0,0,0,0,0,1,0,0,333.15,384,C[N+]1(CC2CCCCC2)CCCC1.O=S(=O)([N-]S(=O)(=O)C(F)(F)F)C(F)(F)F,0.0
0.777777778,-6.721527778,0.469256841,21.82142857,0,2.915854073,2.81e-07,-0.6,480801.0098,7.336715248,8.610431983,0.0,0.0,0.0,11.016661,0.0,16.83559397,0.0,12.84164325,18.75954929,26.6819412,20.04658231,5.917906046,26.6819412,0.0,0.0,59.01722703,20.04658231,0.0,4.127401125,0.0,0.0,10.04530717,69.06305144,0.0,0.0,7.047671983,0.0,0.0,0.0,1.066527778,0.0,10.50363851,4.395833333,-10.96924036,1.0,1,1,2,3.8664,0,0,0,0,0,0,2,0,0,1,0,0,0,0,0,0,0,0,0,0,0,0,0,0,0,0,1,0,0,343.15,385,C[N+]1(CC2CCCCC2)CCCC1.O=S(=O)([N-]S(=O)(=O)C(F)(F)F)C(F)(F)F,0.029558802
0.777777778,-6.721527778,0.469256841,21.82142857,0,2.915854073,2.81e-07,-0.6,480801.0098,7.336715248,8.610431983,0.0,0.0,0.0,11.016661,0.0,16.83559397,0.0,12.84164325,18.75954929,26.6819412,20.04658231,5.917906046,26.6819412,0.0,0.0,59.01722703,20.04658231,0.0,4.127401125,0.0,0.0,10.04530717,69.06305144,0.0,0.0,7.047671983,0.0,0.0,0.0,1.066527778,0.0,10.50363851,4.395833333,-10.96924036,1.0,1,1,2,3.8664,0,0,0,0,0,0,2,0,0,1,0,0,0,0,0,0,0,0,0,0,0,0,0,0,0,0,1,0,0,353.15,386,C[N+]1(CC2CCCCC2)CCCC1.O=S(=O)([N-]S(=O)(=O)C(F)(F)F)C(F)(F)F,0.076961041
0.777777778,-6.721527778,0.469256841,21.82142857,0,2.915854073,2.81e-07,-0.6,480801.0098,7.336715248,8.610431983,0.0,0.0,0.0,11.016661,0.0,16.83559397,0.0,12.84164325,18.75954929,26.6819412,20.04658231,5.917906046,26.6819412,0.0,0.0,59.01722703,20.04658231,0.0,4.127401125,0.0,0.0,10.04530717,69.06305144,0.0,0.0,7.047671983,0.0,0.0,0.0,1.066527778,0.0,10.50363851,4.395833333,-10.96924036,1.0,1,1,2,3.8664,0,0,0,0,0,0,2,0,0,1,0,0,0,0,0,0,0,0,0,0,0,0,0,0,0,0,1,0,0,363.15,387,C[N+]1(CC2CCCCC2)CCCC1.O=S(=O)([N-]S(=O)(=O)C(F)(F)F)C(F)(F)F,0.113328685
0.777777778,-6.721527778,0.469256841,21.82142857,0,2.915854073,2.81e-07,-0.6,480801.0098,7.336715248,8.610431983,0.0,0.0,0.0,11.016661,0.0,16.83559397,0.0,12.84164325,18.75954929,26.6819412,20.04658231,5.917906046,26.6819412,0.0,0.0,59.01722703,20.04658231,0.0,4.127401125,0.0,0.0,10.04530717,69.06305144,0.0,0.0,7.047671983,0.0,0.0,0.0,1.066527778,0.0,10.50363851,4.395833333,-10.96924036,1.0,1,1,2,3.8664,0,0,0,0,0,0,2,0,0,1,0,0,0,0,0,0,0,0,0,0,0,0,0,0,0,0,1,0,0,373.15,388,C[N+]1(CC2CCCCC2)CCCC1.O=S(=O)([N-]S(=O)(=O)C(F)(F)F)C(F)(F)F,0.131028262
0.580378086,-6.721527778,0.408848138,13.92307692,0,2.465057982,0.0,-0.17,83447.14282,8.678869992,8.864264079,0.0,0.0,0.0,11.016661,0.0,16.83559397,0.0,20.7712116,14.37227673,31.25452207,27.3090615,0.0,38.36431962,0.0,7.262479191,66.21657459,24.78344526,0.0,4.127401125,0.0,0.0,10.73428309,24.64764011,7.109797541,0.0,20.7712116,4.736862954,0.0,0.0,0.0,0.0,5.503055556,7.951003086,-12.22218364,1.0,0,0,0,3.7694,0,0,0,0,0,0,1,0,0,0,0,0,0,0,0,0,0,1,0,1,0,0,0,0,0,0,0,0,0,323.15,389,CC[P+](CC)(CC)CCOC.O=S(=O)([N-]S(=O)(=O)C(F)(F)F)C(F)(F)F,0.717839793
0.580378086,-6.721527778,0.408848138,13.92307692,0,2.465057982,0.0,-0.17,83447.14282,8.678869992,8.864264079,0.0,0.0,0.0,11.016661,0.0,16.83559397,0.0,20.7712116,14.37227673,31.25452207,27.3090615,0.0,38.36431962,0.0,7.262479191,66.21657459,24.78344526,0.0,4.127401125,0.0,0.0,10.73428309,24.64764011,7.109797541,0.0,20.7712116,4.736862954,0.0,0.0,0.0,0.0,5.503055556,7.951003086,-12.22218364,1.0,0,0,0,3.7694,0,0,0,0,0,0,1,0,0,0,0,0,0,0,0,0,0,1,0,1,0,0,0,0,0,0,0,0,0,333.15,390,CC[P+](CC)(CC)CCOC.O=S(=O)([N-]S(=O)(=O)C(F)(F)F)C(F)(F)F,0.737164066
0.580378086,-6.721527778,0.408848138,13.92307692,0,2.465057982,0.0,-0.17,83447.14282,8.678869992,8.864264079,0.0,0.0,0.0,11.016661,0.0,16.83559397,0.0,20.7712116,14.37227673,31.25452207,27.3090615,0.0,38.36431962,0.0,7.262479191,66.21657459,24.78344526,0.0,4.127401125,0.0,0.0,10.73428309,24.64764011,7.109797541,0.0,20.7712116,4.736862954,0.0,0.0,0.0,0.0,5.503055556,7.951003086,-12.22218364,1.0,0,0,0,3.7694,0,0,0,0,0,0,1,0,0,0,0,0,0,0,0,0,0,1,0,1,0,0,0,0,0,0,0,0,0,343.15,391,CC[P+](CC)(CC)CCOC.O=S(=O)([N-]S(=O)(=O)C(F)(F)F)C(F)(F)F,0.779324877
0.580378086,-6.721527778,0.408848138,13.92307692,0,2.465057982,0.0,-0.17,83447.14282,8.678869992,8.864264079,0.0,0.0,0.0,11.016661,0.0,16.83559397,0.0,20.7712116,14.37227673,31.25452207,27.3090615,0.0,38.36431962,0.0,7.262479191,66.21657459,24.78344526,0.0,4.127401125,0.0,0.0,10.73428309,24.64764011,7.109797541,0.0,20.7712116,4.736862954,0.0,0.0,0.0,0.0,5.503055556,7.951003086,-12.22218364,1.0,0,0,0,3.7694,0,0,0,0,0,0,1,0,0,0,0,0,0,0,0,0,0,1,0,1,0,0,0,0,0,0,0,0,0,353.15,392,CC[P+](CC)(CC)CCOC.O=S(=O)([N-]S(=O)(=O)C(F)(F)F)C(F)(F)F,0.792992516
0.580378086,-6.721527778,0.408848138,13.92307692,0,2.465057982,0.0,-0.17,83447.14282,8.678869992,8.864264079,0.0,0.0,0.0,11.016661,0.0,16.83559397,0.0,20.7712116,14.37227673,31.25452207,27.3090615,0.0,38.36431962,0.0,7.262479191,66.21657459,24.78344526,0.0,4.127401125,0.0,0.0,10.73428309,24.64764011,7.109797541,0.0,20.7712116,4.736862954,0.0,0.0,0.0,0.0,5.503055556,7.951003086,-12.22218364,1.0,0,0,0,3.7694,0,0,0,0,0,0,1,0,0,0,0,0,0,0,0,0,0,1,0,1,0,0,0,0,0,0,0,0,0,363.15,393,CC[P+](CC)(CC)CCOC.O=S(=O)([N-]S(=O)(=O)C(F)(F)F)C(F)(F)F,0.810930216
0.580378086,-6.721527778,0.408848138,13.92307692,0,2.465057982,0.0,-0.17,83447.14282,8.678869992,8.864264079,0.0,0.0,0.0,11.016661,0.0,16.83559397,0.0,20.7712116,14.37227673,31.25452207,27.3090615,0.0,38.36431962,0.0,7.262479191,66.21657459,24.78344526,0.0,4.127401125,0.0,0.0,10.73428309,24.64764011,7.109797541,0.0,20.7712116,4.736862954,0.0,0.0,0.0,0.0,5.503055556,7.951003086,-12.22218364,1.0,0,0,0,3.7694,0,0,0,0,0,0,1,0,0,0,0,0,0,0,0,0,0,1,0,1,0,0,0,0,0,0,0,0,0,373.15,394,CC[P+](CC)(CC)CCOC.O=S(=O)([N-]S(=O)(=O)C(F)(F)F)C(F)(F)F,0.806475866
0.687253086,-6.721527778,0.195497354,13.5625,0,2.646033817,0.0,-0.17,1535030.368,12.90623584,8.864264079,0.0,0.0,0.0,11.016661,0.0,16.83559397,0.0,19.26246487,14.37227673,31.25452207,27.3090615,0.0,38.36431962,0.0,7.262479191,66.21657459,24.78344526,0.0,4.127401125,0.0,0.0,10.73428309,63.17256985,0.0,7.109797541,20.7712116,4.736862954,0.0,0.0,0.0,0.0,14.30931382,7.963141928,-12.2750089,1.0,0,0,0,6.11,0,0,0,0,0,0,1,0,0,0,0,0,0,0,0,0,0,1,0,1,0,0,0,0,0,0,0,0,0,323.15,395,CCCC[P+](CCCC)(CCCC)CCOC.O=S(=O)([N-]S(=O)(=O)C(F)(F)F)C(F)(F)F,0.476234179
0.687253086,-6.721527778,0.195497354,13.5625,0,2.646033817,0.0,-0.17,1535030.368,12.90623584,8.864264079,0.0,0.0,0.0,11.016661,0.0,16.83559397,0.0,19.26246487,14.37227673,31.25452207,27.3090615,0.0,38.36431962,0.0,7.262479191,66.21657459,24.78344526,0.0,4.127401125,0.0,0.0,10.73428309,63.17256985,0.0,7.109797541,20.7712116,4.736862954,0.0,0.0,0.0,0.0,14.30931382,7.963141928,-12.2750089,1.0,0,0,0,6.11,0,0,0,0,0,0,1,0,0,0,0,0,0,0,0,0,0,1,0,1,0,0,0,0,0,0,0,0,0,333.15,396,CCCC[P+](CCCC)(CCCC)CCOC.O=S(=O)([N-]S(=O)(=O)C(F)(F)F)C(F)(F)F,0.488580015
0.687253086,-6.721527778,0.195497354,13.5625,0,2.646033817,0.0,-0.17,1535030.368,12.90623584,8.864264079,0.0,0.0,0.0,11.016661,0.0,16.83559397,0.0,19.26246487,14.37227673,31.25452207,27.3090615,0.0,38.36431962,0.0,7.262479191,66.21657459,24.78344526,0.0,4.127401125,0.0,0.0,10.73428309,63.17256985,0.0,7.109797541,20.7712116,4.736862954,0.0,0.0,0.0,0.0,14.30931382,7.963141928,-12.2750089,1.0,0,0,0,6.11,0,0,0,0,0,0,1,0,0,0,0,0,0,0,0,0,0,1,0,1,0,0,0,0,0,0,0,0,0,343.15,397,CCCC[P+](CCCC)(CCCC)CCOC.O=S(=O)([N-]S(=O)(=O)C(F)(F)F)C(F)(F)F,0.506817602
0.687253086,-6.721527778,0.195497354,13.5625,0,2.646033817,0.0,-0.17,1535030.368,12.90623584,8.864264079,0.0,0.0,0.0,11.016661,0.0,16.83559397,0.0,19.26246487,14.37227673,31.25452207,27.3090615,0.0,38.36431962,0.0,7.262479191,66.21657459,24.78344526,0.0,4.127401125,0.0,0.0,10.73428309,63.17256985,0.0,7.109797541,20.7712116,4.736862954,0.0,0.0,0.0,0.0,14.30931382,7.963141928,-12.2750089,1.0,0,0,0,6.11,0,0,0,0,0,0,1,0,0,0,0,0,0,0,0,0,0,1,0,1,0,0,0,0,0,0,0,0,0,353.15,398,CCCC[P+](CCCC)(CCCC)CCOC.O=S(=O)([N-]S(=O)(=O)C(F)(F)F)C(F)(F)F,0.524728529
0.687253086,-6.721527778,0.195497354,13.5625,0,2.646033817,0.0,-0.17,1535030.368,12.90623584,8.864264079,0.0,0.0,0.0,11.016661,0.0,16.83559397,0.0,19.26246487,14.37227673,31.25452207,27.3090615,0.0,38.36431962,0.0,7.262479191,66.21657459,24.78344526,0.0,4.127401125,0.0,0.0,10.73428309,63.17256985,0.0,7.109797541,20.7712116,4.736862954,0.0,0.0,0.0,0.0,14.30931382,7.963141928,-12.2750089,1.0,0,0,0,6.11,0,0,0,0,0,0,1,0,0,0,0,0,0,0,0,0,0,1,0,1,0,0,0,0,0,0,0,0,0,363.15,399,CCCC[P+](CCCC)(CCCC)CCOC.O=S(=O)([N-]S(=O)(=O)C(F)(F)F)C(F)(F)F,0.536493371
0.687253086,-6.721527778,0.195497354,13.5625,0,2.646033817,0.0,-0.17,1535030.368,12.90623584,8.864264079,0.0,0.0,0.0,11.016661,0.0,16.83559397,0.0,19.26246487,14.37227673,31.25452207,27.3090615,0.0,38.36431962,0.0,7.262479191,66.21657459,24.78344526,0.0,4.127401125,0.0,0.0,10.73428309,63.17256985,0.0,7.109797541,20.7712116,4.736862954,0.0,0.0,0.0,0.0,14.30931382,7.963141928,-12.2750089,1.0,0,0,0,6.11,0,0,0,0,0,0,1,0,0,0,0,0,0,0,0,0,0,1,0,1,0,0,0,0,0,0,0,0,0,373.15,400,CCCC[P+](CCCC)(CCCC)CCOC.O=S(=O)([N-]S(=O)(=O)C(F)(F)F)C(F)(F)F,0.548121409
0.777777778,-6.721527778,0.427420966,13.92307692,0,2.465057982,0.0,-0.64,83447.14282,8.367634498,13.34729494,6.544756406,0.0,0.0,11.016661,0.0,16.83559397,0.0,20.7712116,7.109797541,26.24115118,20.04658231,0.0,39.89570513,0.0,0.0,72.23099096,24.78344526,0.0,4.127401125,0.0,0.0,17.2790395,24.11730008,7.109797541,0.0,20.7712116,4.736862954,0.0,0.0,0.0,0.0,0.0,12.45097222,-11.66958333,1.0,0,0,0,2.5686,0,0,0,0,0,0,2,0,1,0,0,0,0,0,0,0,0,1,0,1,0,0,0,0,0,0,1,0,0,323.15,401,CC[N+](CC)(CC)CCOC.O=S(=O)([N-]S(=O)(=O)C(F)(F)F)C(F)(F)F,0.810930216
0.777777778,-6.721527778,0.427420966,13.92307692,0,2.465057982,0.0,-0.64,83447.14282,8.367634498,13.34729494,6.544756406,0.0,0.0,11.016661,0.0,16.83559397,0.0,20.7712116,7.109797541,26.24115118,20.04658231,0.0,39.89570513,0.0,0.0,72.23099096,24.78344526,0.0,4.127401125,0.0,0.0,17.2790395,24.11730008,7.109797541,0.0,20.7712116,4.736862954,0.0,0.0,0.0,0.0,0.0,12.45097222,-11.66958333,1.0,0,0,0,2.5686,0,0,0,0,0,0,2,0,1,0,0,0,0,0,0,0,0,1,0,1,0,0,0,0,0,0,1,0,0,333.15,402,CC[N+](CC)(CC)CCOC.O=S(=O)([N-]S(=O)(=O)C(F)(F)F)C(F)(F)F,0.819779831
0.777777778,-6.721527778,0.427420966,13.92307692,0,2.465057982,0.0,-0.64,83447.14282,8.367634498,13.34729494,6.544756406,0.0,0.0,11.016661,0.0,16.83559397,0.0,20.7712116,7.109797541,26.24115118,20.04658231,0.0,39.89570513,0.0,0.0,72.23099096,24.78344526,0.0,4.127401125,0.0,0.0,17.2790395,24.11730008,7.109797541,0.0,20.7712116,4.736862954,0.0,0.0,0.0,0.0,0.0,12.45097222,-11.66958333,1.0,0,0,0,2.5686,0,0,0,0,0,0,2,0,1,0,0,0,0,0,0,0,0,1,0,1,0,0,0,0,0,0,1,0,0,343.15,403,CC[N+](CC)(CC)CCOC.O=S(=O)([N-]S(=O)(=O)C(F)(F)F)C(F)(F)F,0.858661619
0.777777778,-6.721527778,0.427420966,13.92307692,0,2.465057982,0.0,-0.64,83447.14282,8.367634498,13.34729494,6.544756406,0.0,0.0,11.016661,0.0,16.83559397,0.0,20.7712116,7.109797541,26.24115118,20.04658231,0.0,39.89570513,0.0,0.0,72.23099096,24.78344526,0.0,4.127401125,0.0,0.0,17.2790395,24.11730008,7.109797541,0.0,20.7712116,4.736862954,0.0,0.0,0.0,0.0,0.0,12.45097222,-11.66958333,1.0,0,0,0,2.5686,0,0,0,0,0,0,2,0,1,0,0,0,0,0,0,0,0,1,0,1,0,0,0,0,0,0,1,0,0,353.15,404,CC[N+](CC)(CC)CCOC.O=S(=O)([N-]S(=O)(=O)C(F)(F)F)C(F)(F)F,0.88376754
0.777777778,-6.721527778,0.427420966,13.92307692,0,2.465057982,0.0,-0.64,83447.14282,8.367634498,13.34729494,6.544756406,0.0,0.0,11.016661,0.0,16.83559397,0.0,20.7712116,7.109797541,26.24115118,20.04658231,0.0,39.89570513,0.0,0.0,72.23099096,24.78344526,0.0,4.127401125,0.0,0.0,17.2790395,24.11730008,7.109797541,0.0,20.7712116,4.736862954,0.0,0.0,0.0,0.0,0.0,12.45097222,-11.66958333,1.0,0,0,0,2.5686,0,0,0,0,0,0,2,0,1,0,0,0,0,0,0,0,0,1,0,1,0,0,0,0,0,0,1,0,0,363.15,405,CC[N+](CC)(CC)CCOC.O=S(=O)([N-]S(=O)(=O)C(F)(F)F)C(F)(F)F,0.90825856
0.777777778,-6.721527778,0.427420966,13.92307692,0,2.465057982,0.0,-0.64,83447.14282,8.367634498,13.34729494,6.544756406,0.0,0.0,11.016661,0.0,16.83559397,0.0,20.7712116,7.109797541,26.24115118,20.04658231,0.0,39.89570513,0.0,0.0,72.23099096,24.78344526,0.0,4.127401125,0.0,0.0,17.2790395,24.11730008,7.109797541,0.0,20.7712116,4.736862954,0.0,0.0,0.0,0.0,0.0,12.45097222,-11.66958333,1.0,0,0,0,2.5686,0,0,0,0,0,0,2,0,1,0,0,0,0,0,0,0,0,1,0,1,0,0,0,0,0,0,1,0,0,373.15,406,CC[N+](CC)(CC)CCOC.O=S(=O)([N-]S(=O)(=O)C(F)(F)F)C(F)(F)F,0.924258902
0.776184807,-6.721527778,0.498115971,13.23076923,0,2.899213787,5.02e-07,-1.39,151173.7045,7.464546525,8.864264079,18.93844355,6.327320075,0.0,11.016661,0.0,25.96979326,0.0,6.9237372,7.109797541,13.15163837,20.04658231,0.0,13.71667951,4.567099648,0.0,46.13603412,37.87295807,0.0,4.127401125,0.0,0.0,23.8237959,0.0,7.109797541,0.0,34.77894371,4.736862954,0.0,0.0,0.0,0.0,6.205555556,4.863628118,-11.7234375,0.7,0,0,1,1.5012,0,0,0,0,0,0,3,0,0,0,0,0,0,0,1,0,0,1,0,1,0,0,0,0,0,0,0,0,0,323.15,407,CC[n+]1ccn(CCOC)c1.O=S(=O)([N-]S(=O)(=O)C(F)(F)F)C(F)(F)F,1.068153081
0.776184807,-6.721527778,0.498115971,13.23076923,0,2.899213787,5.02e-07,-1.39,151173.7045,7.464546525,8.864264079,18.93844355,6.327320075,0.0,11.016661,0.0,25.96979326,0.0,6.9237372,7.109797541,13.15163837,20.04658231,0.0,13.71667951,4.567099648,0.0,46.13603412,37.87295807,0.0,4.127401125,0.0,0.0,23.8237959,0.0,7.109797541,0.0,34.77894371,4.736862954,0.0,0.0,0.0,0.0,6.205555556,4.863628118,-11.7234375,0.7,0,0,1,1.5012,0,0,0,0,0,0,3,0,0,0,0,0,0,0,1,0,0,1,0,1,0,0,0,0,0,0,0,0,0,333.15,408,CC[n+]1ccn(CCOC)c1.O=S(=O)([N-]S(=O)(=O)C(F)(F)F)C(F)(F)F,1.075002423
0.776184807,-6.721527778,0.498115971,13.23076923,0,2.899213787,5.02e-07,-1.39,151173.7045,7.464546525,8.864264079,18.93844355,6.327320075,0.0,11.016661,0.0,25.96979326,0.0,6.9237372,7.109797541,13.15163837,20.04658231,0.0,13.71667951,4.567099648,0.0,46.13603412,37.87295807,0.0,4.127401125,0.0,0.0,23.8237959,0.0,7.109797541,0.0,34.77894371,4.736862954,0.0,0.0,0.0,0.0,6.205555556,4.863628118,-11.7234375,0.7,0,0,1,1.5012,0,0,0,0,0,0,3,0,0,0,0,0,0,0,1,0,0,1,0,1,0,0,0,0,0,0,0,0,0,343.15,409,CC[n+]1ccn(CCOC)c1.O=S(=O)([N-]S(=O)(=O)C(F)(F)F)C(F)(F)F,1.098612289
0.776184807,-6.721527778,0.498115971,13.23076923,0,2.899213787,5.02e-07,-1.39,151173.7045,7.464546525,8.864264079,18.93844355,6.327320075,0.0,11.016661,0.0,25.96979326,0.0,6.9237372,7.109797541,13.15163837,20.04658231,0.0,13.71667951,4.567099648,0.0,46.13603412,37.87295807,0.0,4.127401125,0.0,0.0,23.8237959,0.0,7.109797541,0.0,34.77894371,4.736862954,0.0,0.0,0.0,0.0,6.205555556,4.863628118,-11.7234375,0.7,0,0,1,1.5012,0,0,0,0,0,0,3,0,0,0,0,0,0,0,1,0,0,1,0,1,0,0,0,0,0,0,0,0,0,353.15,410,CC[n+]1ccn(CCOC)c1.O=S(=O)([N-]S(=O)(=O)C(F)(F)F)C(F)(F)F,1.128171091
0.776184807,-6.721527778,0.498115971,13.23076923,0,2.899213787,5.02e-07,-1.39,151173.7045,7.464546525,8.864264079,18.93844355,6.327320075,0.0,11.016661,0.0,25.96979326,0.0,6.9237372,7.109797541,13.15163837,20.04658231,0.0,13.71667951,4.567099648,0.0,46.13603412,37.87295807,0.0,4.127401125,0.0,0.0,23.8237959,0.0,7.109797541,0.0,34.77894371,4.736862954,0.0,0.0,0.0,0.0,6.205555556,4.863628118,-11.7234375,0.7,0,0,1,1.5012,0,0,0,0,0,0,3,0,0,0,0,0,0,0,1,0,0,1,0,1,0,0,0,0,0,0,0,0,0,363.15,411,CC[n+]1ccn(CCOC)c1.O=S(=O)([N-]S(=O)(=O)C(F)(F)F)C(F)(F)F,1.141033005
0.776184807,-6.721527778,0.498115971,13.23076923,0,2.899213787,5.02e-07,-1.39,151173.7045,7.464546525,8.864264079,18.93844355,6.327320075,0.0,11.016661,0.0,25.96979326,0.0,6.9237372,7.109797541,13.15163837,20.04658231,0.0,13.71667951,4.567099648,0.0,46.13603412,37.87295807,0.0,4.127401125,0.0,0.0,23.8237959,0.0,7.109797541,0.0,34.77894371,4.736862954,0.0,0.0,0.0,0.0,6.205555556,4.863628118,-11.7234375,0.7,0,0,1,1.5012,0,0,0,0,0,0,3,0,0,0,0,0,0,0,1,0,0,1,0,1,0,0,0,0,0,0,0,0,0,373.15,412,CC[n+]1ccn(CCOC)c1.O=S(=O)([N-]S(=O)(=O)C(F)(F)F)C(F)(F)F,1.1442228
0.7725,-6.721527778,0.535695265,13.08,0,2.43199751,4.96e-07,-1.45,82327.9797,7.97763377,8.864264079,6.606881965,0.0,0.0,11.016661,0.0,21.40269362,0.0,0.0,19.24253168,0.0,20.04658231,0.0,13.71667951,4.567099648,0.0,41.56893448,31.32820167,0.0,4.127401125,0.0,0.0,17.2790395,0.0,7.109797541,30.59278835,4.567099648,4.736862954,0.0,0.0,0.0,6.022443311,4.053611111,1.700416667,-11.73125,0.5,0,0,1,1.6798,0,0,0,0,0,0,2,0,0,0,0,0,0,0,0,0,0,1,0,1,0,0,0,0,0,1,0,0,0,323.15,413,COCC[n+]1ccccc1.O=S(=O)([N-]S(=O)(=O)C(F)(F)F)C(F)(F)F,1.232560261
0.7725,-6.721527778,0.535695265,13.08,0,2.43199751,4.96e-07,-1.45,82327.9797,7.97763377,8.864264079,6.606881965,0.0,0.0,11.016661,0.0,21.40269362,0.0,0.0,19.24253168,0.0,20.04658231,0.0,13.71667951,4.567099648,0.0,41.56893448,31.32820167,0.0,4.127401125,0.0,0.0,17.2790395,0.0,7.109797541,30.59278835,4.567099648,4.736862954,0.0,0.0,0.0,6.022443311,4.053611111,1.700416667,-11.73125,0.5,0,0,1,1.6798,0,0,0,0,0,0,2,0,0,0,0,0,0,0,0,0,0,1,0,1,0,0,0,0,0,1,0,0,0,333.15,414,COCC[n+]1ccccc1.O=S(=O)([N-]S(=O)(=O)C(F)(F)F)C(F)(F)F,1.244154594
0.7725,-6.721527778,0.535695265,13.08,0,2.43199751,4.96e-07,-1.45,82327.9797,7.97763377,8.864264079,6.606881965,0.0,0.0,11.016661,0.0,21.40269362,0.0,0.0,19.24253168,0.0,20.04658231,0.0,13.71667951,4.567099648,0.0,41.56893448,31.32820167,0.0,4.127401125,0.0,0.0,17.2790395,0.0,7.109797541,30.59278835,4.567099648,4.736862954,0.0,0.0,0.0,6.022443311,4.053611111,1.700416667,-11.73125,0.5,0,0,1,1.6798,0,0,0,0,0,0,2,0,0,0,0,0,0,0,0,0,0,1,0,1,0,0,0,0,0,1,0,0,0,343.15,415,COCC[n+]1ccccc1.O=S(=O)([N-]S(=O)(=O)C(F)(F)F)C(F)(F)F,1.249901736
0.7725,-6.721527778,0.535695265,13.08,0,2.43199751,4.96e-07,-1.45,82327.9797,7.97763377,8.864264079,6.606881965,0.0,0.0,11.016661,0.0,21.40269362,0.0,0.0,19.24253168,0.0,20.04658231,0.0,13.71667951,4.567099648,0.0,41.56893448,31.32820167,0.0,4.127401125,0.0,0.0,17.2790395,0.0,7.109797541,30.59278835,4.567099648,4.736862954,0.0,0.0,0.0,6.022443311,4.053611111,1.700416667,-11.73125,0.5,0,0,1,1.6798,0,0,0,0,0,0,2,0,0,0,0,0,0,0,0,0,0,1,0,1,0,0,0,0,0,1,0,0,0,353.15,416,COCC[n+]1ccccc1.O=S(=O)([N-]S(=O)(=O)C(F)(F)F)C(F)(F)F,1.264126727
0.7725,-6.721527778,0.535695265,13.08,0,2.43199751,4.96e-07,-1.45,82327.9797,7.97763377,8.864264079,6.606881965,0.0,0.0,11.016661,0.0,21.40269362,0.0,0.0,19.24253168,0.0,20.04658231,0.0,13.71667951,4.567099648,0.0,41.56893448,31.32820167,0.0,4.127401125,0.0,0.0,17.2790395,0.0,7.109797541,30.59278835,4.567099648,4.736862954,0.0,0.0,0.0,6.022443311,4.053611111,1.700416667,-11.73125,0.5,0,0,1,1.6798,0,0,0,0,0,0,2,0,0,0,0,0,0,0,0,0,0,1,0,1,0,0,0,0,0,1,0,0,0,363.15,417,COCC[n+]1ccccc1.O=S(=O)([N-]S(=O)(=O)C(F)(F)F)C(F)(F)F,1.272565596
0.7725,-6.721527778,0.535695265,13.08,0,2.43199751,4.96e-07,-1.45,82327.9797,7.97763377,8.864264079,6.606881965,0.0,0.0,11.016661,0.0,21.40269362,0.0,0.0,19.24253168,0.0,20.04658231,0.0,13.71667951,4.567099648,0.0,41.56893448,31.32820167,0.0,4.127401125,0.0,0.0,17.2790395,0.0,7.109797541,30.59278835,4.567099648,4.736862954,0.0,0.0,0.0,6.022443311,4.053611111,1.700416667,-11.73125,0.5,0,0,1,1.6798,0,0,0,0,0,0,2,0,0,0,0,0,0,0,0,0,0,1,0,1,0,0,0,0,0,1,0,0,0,373.15,418,COCC[n+]1ccccc1.O=S(=O)([N-]S(=O)(=O)C(F)(F)F)C(F)(F)F,1.280933845
0.777777778,-6.721527778,0.488139634,18.76923077,0,2.43043765,5.02e-07,-0.6,108815.5545,7.9625,8.610431983,0.0,0.0,0.0,11.016661,0.0,16.83559397,0.0,25.68328649,0.0,26.6819412,20.04658231,0.0,26.6819412,0.0,0.0,59.01722703,20.04658231,0.0,4.127401125,0.0,0.0,4.127401125,56.22140819,0.0,0.0,13.97140918,0.0,0.0,0.0,0.0,0.0,7.157473781,6.562109552,-11.01763889,1.0,0,0,1,3.4763,0,0,0,0,0,0,2,0,0,1,0,0,0,0,0,0,0,0,0,0,0,0,0,1,0,0,1,0,0,308.15,419,CCCC[N+]1(C)CCCCC1.O=S(=O)([N-]S(=O)(=O)C(F)(F)F)C(F)(F)F,0.067658648
0.777777778,-6.721527778,0.488139634,18.76923077,0,2.43043765,5.02e-07,-0.6,108815.5545,7.9625,8.610431983,0.0,0.0,0.0,11.016661,0.0,16.83559397,0.0,25.68328649,0.0,26.6819412,20.04658231,0.0,26.6819412,0.0,0.0,59.01722703,20.04658231,0.0,4.127401125,0.0,0.0,4.127401125,56.22140819,0.0,0.0,13.97140918,0.0,0.0,0.0,0.0,0.0,7.157473781,6.562109552,-11.01763889,1.0,0,0,1,3.4763,0,0,0,0,0,0,2,0,0,1,0,0,0,0,0,0,0,0,0,0,0,0,0,1,0,0,1,0,0,318.15,420,CCCC[N+]1(C)CCCCC1.O=S(=O)([N-]S(=O)(=O)C(F)(F)F)C(F)(F)F,0.067658648
0.777777778,-6.721527778,0.488139634,18.76923077,0,2.43043765,5.02e-07,-0.6,108815.5545,7.9625,8.610431983,0.0,0.0,0.0,11.016661,0.0,16.83559397,0.0,25.68328649,0.0,26.6819412,20.04658231,0.0,26.6819412,0.0,0.0,59.01722703,20.04658231,0.0,4.127401125,0.0,0.0,4.127401125,56.22140819,0.0,0.0,13.97140918,0.0,0.0,0.0,0.0,0.0,7.157473781,6.562109552,-11.01763889,1.0,0,0,1,3.4763,0,0,0,0,0,0,2,0,0,1,0,0,0,0,0,0,0,0,0,0,0,0,0,1,0,0,1,0,0,328.15,421,CCCC[N+]1(C)CCCCC1.O=S(=O)([N-]S(=O)(=O)C(F)(F)F)C(F)(F)F,0.09531018
0.777777778,-6.721527778,0.488139634,18.76923077,0,2.43043765,5.02e-07,-0.6,108815.5545,7.9625,8.610431983,0.0,0.0,0.0,11.016661,0.0,16.83559397,0.0,25.68328649,0.0,26.6819412,20.04658231,0.0,26.6819412,0.0,0.0,59.01722703,20.04658231,0.0,4.127401125,0.0,0.0,4.127401125,56.22140819,0.0,0.0,13.97140918,0.0,0.0,0.0,0.0,0.0,7.157473781,6.562109552,-11.01763889,1.0,0,0,1,3.4763,0,0,0,0,0,0,2,0,0,1,0,0,0,0,0,0,0,0,0,0,0,0,0,1,0,0,1,0,0,338.15,422,CCCC[N+]1(C)CCCCC1.O=S(=O)([N-]S(=O)(=O)C(F)(F)F)C(F)(F)F,0.104360015
0.777777778,-6.721527778,0.488139634,18.76923077,0,2.43043765,5.02e-07,-0.6,108815.5545,7.9625,8.610431983,0.0,0.0,0.0,11.016661,0.0,16.83559397,0.0,25.68328649,0.0,26.6819412,20.04658231,0.0,26.6819412,0.0,0.0,59.01722703,20.04658231,0.0,4.127401125,0.0,0.0,4.127401125,56.22140819,0.0,0.0,13.97140918,0.0,0.0,0.0,0.0,0.0,7.157473781,6.562109552,-11.01763889,1.0,0,0,1,3.4763,0,0,0,0,0,0,2,0,0,1,0,0,0,0,0,0,0,0,0,0,0,0,0,1,0,0,1,0,0,348.15,423,CCCC[N+]1(C)CCCCC1.O=S(=O)([N-]S(=O)(=O)C(F)(F)F)C(F)(F)F,0.122217633
0.777777778,-6.721527778,0.488139634,18.76923077,0,2.43043765,5.02e-07,-0.6,108815.5545,7.9625,8.610431983,0.0,0.0,0.0,11.016661,0.0,16.83559397,0.0,25.68328649,0.0,26.6819412,20.04658231,0.0,26.6819412,0.0,0.0,59.01722703,20.04658231,0.0,4.127401125,0.0,0.0,4.127401125,56.22140819,0.0,0.0,13.97140918,0.0,0.0,0.0,0.0,0.0,7.157473781,6.562109552,-11.01763889,1.0,0,0,1,3.4763,0,0,0,0,0,0,2,0,0,1,0,0,0,0,0,0,0,0,0,0,0,0,0,1,0,0,1,0,0,358.15,424,CCCC[N+]1(C)CCCCC1.O=S(=O)([N-]S(=O)(=O)C(F)(F)F)C(F)(F)F,0.148420005
0.777777778,-6.721527778,0.320348082,18.28571429,0,2.496912047,5.25e-07,-0.6,291749.1912,9.265111264,8.610431983,0.0,0.0,0.0,11.016661,0.0,16.83559397,0.0,32.10410811,0.0,26.6819412,20.04658231,0.0,26.6819412,0.0,0.0,59.01722703,20.04658231,0.0,4.127401125,0.0,0.0,4.127401125,69.06305144,0.0,0.0,13.97140918,0.0,0.0,0.0,0.0,0.0,10.09300579,6.59268865,-10.99354592,1.0,0,0,1,4.2565,0,0,0,0,0,0,2,0,0,1,0,0,0,0,0,0,0,0,0,0,0,0,0,1,0,0,1,0,2,308.15,425,CCCCCC[N+]1(C)CCCCC1.O=S(=O)([N-]S(=O)(=O)C(F)(F)F)C(F)(F)F,-0.14618251
0.777777778,-6.721527778,0.320348082,18.28571429,0,2.496912047,5.25e-07,-0.6,291749.1912,9.265111264,8.610431983,0.0,0.0,0.0,11.016661,0.0,16.83559397,0.0,32.10410811,0.0,26.6819412,20.04658231,0.0,26.6819412,0.0,0.0,59.01722703,20.04658231,0.0,4.127401125,0.0,0.0,4.127401125,69.06305144,0.0,0.0,13.97140918,0.0,0.0,0.0,0.0,0.0,10.09300579,6.59268865,-10.99354592,1.0,0,0,1,4.2565,0,0,0,0,0,0,2,0,0,1,0,0,0,0,0,0,0,0,0,0,0,0,0,1,0,0,1,0,2,318.15,426,CCCCCC[N+]1(C)CCCCC1.O=S(=O)([N-]S(=O)(=O)C(F)(F)F)C(F)(F)F,-0.112049504
0.777777778,-6.721527778,0.320348082,18.28571429,0,2.496912047,5.25e-07,-0.6,291749.1912,9.265111264,8.610431983,0.0,0.0,0.0,11.016661,0.0,16.83559397,0.0,32.10410811,0.0,26.6819412,20.04658231,0.0,26.6819412,0.0,0.0,59.01722703,20.04658231,0.0,4.127401125,0.0,0.0,4.127401125,69.06305144,0.0,0.0,13.97140918,0.0,0.0,0.0,0.0,0.0,10.09300579,6.59268865,-10.99354592,1.0,0,0,1,4.2565,0,0,0,0,0,0,2,0,0,1,0,0,0,0,0,0,0,0,0,0,0,0,0,1,0,0,1,0,2,328.15,427,CCCCCC[N+]1(C)CCCCC1.O=S(=O)([N-]S(=O)(=O)C(F)(F)F)C(F)(F)F,-0.095410185
0.777777778,-6.721527778,0.320348082,18.28571429,0,2.496912047,5.25e-07,-0.6,291749.1912,9.265111264,8.610431983,0.0,0.0,0.0,11.016661,0.0,16.83559397,0.0,32.10410811,0.0,26.6819412,20.04658231,0.0,26.6819412,0.0,0.0,59.01722703,20.04658231,0.0,4.127401125,0.0,0.0,4.127401125,69.06305144,0.0,0.0,13.97140918,0.0,0.0,0.0,0.0,0.0,10.09300579,6.59268865,-10.99354592,1.0,0,0,1,4.2565,0,0,0,0,0,0,2,0,0,1,0,0,0,0,0,0,0,0,0,0,0,0,0,1,0,0,1,0,2,338.15,428,CCCCCC[N+]1(C)CCCCC1.O=S(=O)([N-]S(=O)(=O)C(F)(F)F)C(F)(F)F,-0.068278841
0.777777778,-6.721527778,0.320348082,18.28571429,0,2.496912047,5.25e-07,-0.6,291749.1912,9.265111264,8.610431983,0.0,0.0,0.0,11.016661,0.0,16.83559397,0.0,32.10410811,0.0,26.6819412,20.04658231,0.0,26.6819412,0.0,0.0,59.01722703,20.04658231,0.0,4.127401125,0.0,0.0,4.127401125,69.06305144,0.0,0.0,13.97140918,0.0,0.0,0.0,0.0,0.0,10.09300579,6.59268865,-10.99354592,1.0,0,0,1,4.2565,0,0,0,0,0,0,2,0,0,1,0,0,0,0,0,0,0,0,0,0,0,0,0,1,0,0,1,0,2,348.15,429,CCCCCC[N+]1(C)CCCCC1.O=S(=O)([N-]S(=O)(=O)C(F)(F)F)C(F)(F)F,-0.043951888
0.777777778,-6.721527778,0.320348082,18.28571429,0,2.496912047,5.25e-07,-0.6,291749.1912,9.265111264,8.610431983,0.0,0.0,0.0,11.016661,0.0,16.83559397,0.0,32.10410811,0.0,26.6819412,20.04658231,0.0,26.6819412,0.0,0.0,59.01722703,20.04658231,0.0,4.127401125,0.0,0.0,4.127401125,69.06305144,0.0,0.0,13.97140918,0.0,0.0,0.0,0.0,0.0,10.09300579,6.59268865,-10.99354592,1.0,0,0,1,4.2565,0,0,0,0,0,0,2,0,0,1,0,0,0,0,0,0,0,0,0,0,0,0,0,1,0,0,1,0,2,358.15,430,CCCCCC[N+]1(C)CCCCC1.O=S(=O)([N-]S(=O)(=O)C(F)(F)F)C(F)(F)F,-0.031490667
0.777777778,-6.721527778,0.349538042,18.51851852,0,2.450998359,5.11e-07,-0.6,176648.3537,8.959277487,8.610431983,0.0,0.0,0.0,11.016661,0.0,16.83559397,0.0,32.10410811,0.0,26.6819412,20.04658231,0.0,26.6819412,0.0,0.0,59.01722703,20.04658231,0.0,4.127401125,0.0,0.0,4.127401125,62.64222981,0.0,0.0,13.97140918,0.0,0.0,0.0,0.0,0.0,8.618757716,6.580825617,-11.00375,1.0,0,0,1,3.8664,0,0,0,0,0,0,2,0,0,1,0,0,0,0,0,0,0,0,0,0,0,0,0,1,0,0,1,0,1,308.15,431,CCCCC[N+]1(C)CCCCC1.O=S(=O)([N-]S(=O)(=O)C(F)(F)F)C(F)(F)F,-0.094310679
0.777777778,-6.721527778,0.349538042,18.51851852,0,2.450998359,5.11e-07,-0.6,176648.3537,8.959277487,8.610431983,0.0,0.0,0.0,11.016661,0.0,16.83559397,0.0,32.10410811,0.0,26.6819412,20.04658231,0.0,26.6819412,0.0,0.0,59.01722703,20.04658231,0.0,4.127401125,0.0,0.0,4.127401125,62.64222981,0.0,0.0,13.97140918,0.0,0.0,0.0,0.0,0.0,8.618757716,6.580825617,-11.00375,1.0,0,0,1,3.8664,0,0,0,0,0,0,2,0,0,1,0,0,0,0,0,0,0,0,0,0,0,0,0,1,0,0,1,0,1,318.15,432,CCCCC[N+]1(C)CCCCC1.O=S(=O)([N-]S(=O)(=O)C(F)(F)F)C(F)(F)F,-0.084469157
0.777777778,-6.721527778,0.349538042,18.51851852,0,2.450998359,5.11e-07,-0.6,176648.3537,8.959277487,8.610431983,0.0,0.0,0.0,11.016661,0.0,16.83559397,0.0,32.10410811,0.0,26.6819412,20.04658231,0.0,26.6819412,0.0,0.0,59.01722703,20.04658231,0.0,4.127401125,0.0,0.0,4.127401125,62.64222981,0.0,0.0,13.97140918,0.0,0.0,0.0,0.0,0.0,8.618757716,6.580825617,-11.00375,1.0,0,0,1,3.8664,0,0,0,0,0,0,2,0,0,1,0,0,0,0,0,0,0,0,0,0,0,0,0,1,0,0,1,0,1,328.15,433,CCCCC[N+]1(C)CCCCC1.O=S(=O)([N-]S(=O)(=O)C(F)(F)F)C(F)(F)F,-0.046043939
0.777777778,-6.721527778,0.349538042,18.51851852,0,2.450998359,5.11e-07,-0.6,176648.3537,8.959277487,8.610431983,0.0,0.0,0.0,11.016661,0.0,16.83559397,0.0,32.10410811,0.0,26.6819412,20.04658231,0.0,26.6819412,0.0,0.0,59.01722703,20.04658231,0.0,4.127401125,0.0,0.0,4.127401125,62.64222981,0.0,0.0,13.97140918,0.0,0.0,0.0,0.0,0.0,8.618757716,6.580825617,-11.00375,1.0,0,0,1,3.8664,0,0,0,0,0,0,2,0,0,1,0,0,0,0,0,0,0,0,0,0,0,0,0,1,0,0,1,0,1,338.15,434,CCCCC[N+]1(C)CCCCC1.O=S(=O)([N-]S(=O)(=O)C(F)(F)F)C(F)(F)F,-0.025317808
0.777777778,-6.721527778,0.349538042,18.51851852,0,2.450998359,5.11e-07,-0.6,176648.3537,8.959277487,8.610431983,0.0,0.0,0.0,11.016661,0.0,16.83559397,0.0,32.10410811,0.0,26.6819412,20.04658231,0.0,26.6819412,0.0,0.0,59.01722703,20.04658231,0.0,4.127401125,0.0,0.0,4.127401125,62.64222981,0.0,0.0,13.97140918,0.0,0.0,0.0,0.0,0.0,8.618757716,6.580825617,-11.00375,1.0,0,0,1,3.8664,0,0,0,0,0,0,2,0,0,1,0,0,0,0,0,0,0,0,0,0,0,0,0,1,0,0,1,0,1,348.15,435,CCCCC[N+]1(C)CCCCC1.O=S(=O)([N-]S(=O)(=O)C(F)(F)F)C(F)(F)F,0.009950331
0.777777778,-6.721527778,0.349538042,18.51851852,0,2.450998359,5.11e-07,-0.6,176648.3537,8.959277487,8.610431983,0.0,0.0,0.0,11.016661,0.0,16.83559397,0.0,32.10410811,0.0,26.6819412,20.04658231,0.0,26.6819412,0.0,0.0,59.01722703,20.04658231,0.0,4.127401125,0.0,0.0,4.127401125,62.64222981,0.0,0.0,13.97140918,0.0,0.0,0.0,0.0,0.0,8.618757716,6.580825617,-11.00375,1.0,0,0,1,3.8664,0,0,0,0,0,0,2,0,0,1,0,0,0,0,0,0,0,0,0,0,0,0,0,1,0,0,1,0,1,358.15,436,CCCCC[N+]1(C)CCCCC1.O=S(=O)([N-]S(=O)(=O)C(F)(F)F)C(F)(F)F,0.048790164
0.34375,-3.904320988,0.563320498,19.0625,0,2.664933954,2.93e-07,0.03,2728.892369,6.57762221,23.53046418,6.544756406,0.0,7.822697123,0.0,4.565048285,0.0,0.0,0.0,27.06123833,26.74406676,7.822697123,0.0,47.50841825,4.893411603,7.822697123,57.0979765,13.61254261,0.0,0.0,0.0,6.606881965,25.24738235,25.93115606,0.0,0.0,16.09516631,5.106527395,0.0,9.951388889,0.0,0.0,2.6875,3.817083333,0.399027778,1.0,0,0,1,-0.0333,1,1,0,0,0,0,1,0,1,1,0,0,0,0,0,0,0,0,0,0,0,1,1,0,0,0,1,0,0,318.15,437,COP(=O)([O-])OC.C[N+]1(CCO)CCCC1,2.218115936
0.34375,-3.904320988,0.563320498,19.0625,0,2.664933954,2.93e-07,0.03,2728.892369,6.57762221,23.53046418,6.544756406,0.0,7.822697123,0.0,4.565048285,0.0,0.0,0.0,27.06123833,26.74406676,7.822697123,0.0,47.50841825,4.893411603,7.822697123,57.0979765,13.61254261,0.0,0.0,0.0,6.606881965,25.24738235,25.93115606,0.0,0.0,16.09516631,5.106527395,0.0,9.951388889,0.0,0.0,2.6875,3.817083333,0.399027778,1.0,0,0,1,-0.0333,1,1,0,0,0,0,1,0,1,1,0,0,0,0,0,0,0,0,0,0,0,1,1,0,0,0,1,0,0,328.15,438,COP(=O)([O-])OC.C[N+]1(CCO)CCCC1,2.198335072
0.34375,-3.904320988,0.563320498,19.0625,0,2.664933954,2.93e-07,0.03,2728.892369,6.57762221,23.53046418,6.544756406,0.0,7.822697123,0.0,4.565048285,0.0,0.0,0.0,27.06123833,26.74406676,7.822697123,0.0,47.50841825,4.893411603,7.822697123,57.0979765,13.61254261,0.0,0.0,0.0,6.606881965,25.24738235,25.93115606,0.0,0.0,16.09516631,5.106527395,0.0,9.951388889,0.0,0.0,2.6875,3.817083333,0.399027778,1.0,0,0,1,-0.0333,1,1,0,0,0,0,1,0,1,1,0,0,0,0,0,0,0,0,0,0,0,1,1,0,0,0,1,0,0,338.15,439,COP(=O)([O-])OC.C[N+]1(CCO)CCCC1,2.178721106
0.34375,-3.904320988,0.563320498,19.0625,0,2.664933954,2.93e-07,0.03,2728.892369,6.57762221,23.53046418,6.544756406,0.0,7.822697123,0.0,4.565048285,0.0,0.0,0.0,27.06123833,26.74406676,7.822697123,0.0,47.50841825,4.893411603,7.822697123,57.0979765,13.61254261,0.0,0.0,0.0,6.606881965,25.24738235,25.93115606,0.0,0.0,16.09516631,5.106527395,0.0,9.951388889,0.0,0.0,2.6875,3.817083333,0.399027778,1.0,0,0,1,-0.0333,1,1,0,0,0,0,1,0,1,1,0,0,0,0,0,0,0,0,0,0,0,1,1,0,0,0,1,0,0,348.15,440,COP(=O)([O-])OC.C[N+]1(CCO)CCCC1,2.161021529
0.34375,-3.904320988,0.563320498,19.0625,0,2.664933954,2.93e-07,0.03,2728.892369,6.57762221,23.53046418,6.544756406,0.0,7.822697123,0.0,4.565048285,0.0,0.0,0.0,27.06123833,26.74406676,7.822697123,0.0,47.50841825,4.893411603,7.822697123,57.0979765,13.61254261,0.0,0.0,0.0,6.606881965,25.24738235,25.93115606,0.0,0.0,16.09516631,5.106527395,0.0,9.951388889,0.0,0.0,2.6875,3.817083333,0.399027778,1.0,0,0,1,-0.0333,1,1,0,0,0,0,1,0,1,1,0,0,0,0,0,0,0,0,0,0,0,1,1,0,0,0,1,0,0,358.15,441,COP(=O)([O-])OC.C[N+]1(CCO)CCCC1,2.143589362
0.34375,-3.904320988,0.563320498,19.0625,0,2.664933954,2.93e-07,0.03,2728.892369,6.57762221,23.53046418,6.544756406,0.0,7.822697123,0.0,4.565048285,0.0,0.0,0.0,27.06123833,26.74406676,7.822697123,0.0,47.50841825,4.893411603,7.822697123,57.0979765,13.61254261,0.0,0.0,0.0,6.606881965,25.24738235,25.93115606,0.0,0.0,16.09516631,5.106527395,0.0,9.951388889,0.0,0.0,2.6875,3.817083333,0.399027778,1.0,0,0,1,-0.0333,1,1,0,0,0,0,1,0,1,1,0,0,0,0,0,0,0,0,0,0,0,1,1,0,0,0,1,0,0,368.15,442,COP(=O)([O-])OC.C[N+]1(CCO)CCCC1,2.128231706
0.777777778,-6.721527778,0.247388853,13.86666667,0,2.494644488,0.0,-0.68,416795.2225,13.58842729,18.24720467,6.544756406,0.0,0.0,11.016661,0.0,16.83559397,0.0,20.51616559,6.544756406,33.8538643,20.04658231,0.0,61.03872108,0.0,0.0,98.27391664,24.78344526,0.0,4.127401125,0.0,0.0,34.91370872,19.38639965,0.0,0.0,40.01433486,4.736862954,0.0,2.149883866,0.0,0.0,2.59113526,7.363365772,-4.729615198,1.0,0,0,0,2.5004,0,0,0,0,0,0,3,0,2,0,0,0,0,0,0,0,0,1,0,0,0,0,0,0,0,0,1,0,2,323.15,443,CCCC[N+](C)(C)CCOCCN(C)C.O=S(=O)([N-]S(=O)(=O)C(F)(F)F)C(F)(F)F,0.779324877
0.777777778,-6.721527778,0.247388853,13.86666667,0,2.494644488,0.0,-0.68,416795.2225,13.58842729,18.24720467,6.544756406,0.0,0.0,11.016661,0.0,16.83559397,0.0,20.51616559,6.544756406,33.8538643,20.04658231,0.0,61.03872108,0.0,0.0,98.27391664,24.78344526,0.0,4.127401125,0.0,0.0,34.91370872,19.38639965,0.0,0.0,40.01433486,4.736862954,0.0,2.149883866,0.0,0.0,2.59113526,7.363365772,-4.729615198,1.0,0,0,0,2.5004,0,0,0,0,0,0,3,0,2,0,0,0,0,0,0,0,0,1,0,0,0,0,0,0,0,0,1,0,2,333.15,444,CCCC[N+](C)(C)CCOCCN(C)C.O=S(=O)([N-]S(=O)(=O)C(F)(F)F)C(F)(F)F,0.783901544
0.777777778,-6.721527778,0.247388853,13.86666667,0,2.494644488,0.0,-0.68,416795.2225,13.58842729,18.24720467,6.544756406,0.0,0.0,11.016661,0.0,16.83559397,0.0,20.51616559,6.544756406,33.8538643,20.04658231,0.0,61.03872108,0.0,0.0,98.27391664,24.78344526,0.0,4.127401125,0.0,0.0,34.91370872,19.38639965,0.0,0.0,40.01433486,4.736862954,0.0,2.149883866,0.0,0.0,2.59113526,7.363365772,-4.729615198,1.0,0,0,0,2.5004,0,0,0,0,0,0,3,0,2,0,0,0,0,0,0,0,0,1,0,0,0,0,0,0,0,0,1,0,2,343.15,445,CCCC[N+](C)(C)CCOCCN(C)C.O=S(=O)([N-]S(=O)(=O)C(F)(F)F)C(F)(F)F,0.78845736
0.777777778,-6.721527778,0.247388853,13.86666667,0,2.494644488,0.0,-0.68,416795.2225,13.58842729,18.24720467,6.544756406,0.0,0.0,11.016661,0.0,16.83559397,0.0,20.51616559,6.544756406,33.8538643,20.04658231,0.0,61.03872108,0.0,0.0,98.27391664,24.78344526,0.0,4.127401125,0.0,0.0,34.91370872,19.38639965,0.0,0.0,40.01433486,4.736862954,0.0,2.149883866,0.0,0.0,2.59113526,7.363365772,-4.729615198,1.0,0,0,0,2.5004,0,0,0,0,0,0,3,0,2,0,0,0,0,0,0,0,0,1,0,0,0,0,0,0,0,0,1,0,2,353.15,446,CCCC[N+](C)(C)CCOCCN(C)C.O=S(=O)([N-]S(=O)(=O)C(F)(F)F)C(F)(F)F,0.792992516
0.777777778,-6.721527778,0.247388853,13.86666667,0,2.494644488,0.0,-0.68,416795.2225,13.58842729,18.24720467,6.544756406,0.0,0.0,11.016661,0.0,16.83559397,0.0,20.51616559,6.544756406,33.8538643,20.04658231,0.0,61.03872108,0.0,0.0,98.27391664,24.78344526,0.0,4.127401125,0.0,0.0,34.91370872,19.38639965,0.0,0.0,40.01433486,4.736862954,0.0,2.149883866,0.0,0.0,2.59113526,7.363365772,-4.729615198,1.0,0,0,0,2.5004,0,0,0,0,0,0,3,0,2,0,0,0,0,0,0,0,0,1,0,0,0,0,0,0,0,0,1,0,2,363.15,447,CCCC[N+](C)(C)CCOCCN(C)C.O=S(=O)([N-]S(=O)(=O)C(F)(F)F)C(F)(F)F,0.802001585
0.777777778,-6.721527778,0.247388853,13.86666667,0,2.494644488,0.0,-0.68,416795.2225,13.58842729,18.24720467,6.544756406,0.0,0.0,11.016661,0.0,16.83559397,0.0,20.51616559,6.544756406,33.8538643,20.04658231,0.0,61.03872108,0.0,0.0,98.27391664,24.78344526,0.0,4.127401125,0.0,0.0,34.91370872,19.38639965,0.0,0.0,40.01433486,4.736862954,0.0,2.149883866,0.0,0.0,2.59113526,7.363365772,-4.729615198,1.0,0,0,0,2.5004,0,0,0,0,0,0,3,0,2,0,0,0,0,0,0,0,0,1,0,0,0,0,0,0,0,0,1,0,2,373.15,448,CCCC[N+](C)(C)CCOCCN(C)C.O=S(=O)([N-]S(=O)(=O)C(F)(F)F)C(F)(F)F,0.806475866
0.777777778,-6.721527778,0.448047241,14.15384615,0,2.329241219,0.0,-0.64,56593.57389,10.49456285,13.51034171,0.0,0.0,0.0,11.016661,0.0,16.83559397,0.0,20.51616559,6.544756406,27.18485678,20.04658231,0.0,47.82495715,0.0,0.0,85.06015271,20.04658231,0.0,4.127401125,0.0,0.0,8.610431983,26.05509084,0.0,0.0,40.01433486,0.0,0.0,2.245694444,0.0,0.0,1.278202948,5.969583333,-4.584036281,1.0,0,0,0,2.0937,0,0,0,0,0,0,3,0,2,0,0,0,0,0,0,0,0,0,0,0,0,0,0,0,0,0,1,0,0,323.15,449,CCC[N+](C)(C)CCN(C)C.O=S(=O)([N-]S(=O)(=O)C(F)(F)F)C(F)(F)F,0.329303747
0.777777778,-6.721527778,0.448047241,14.15384615,0,2.329241219,0.0,-0.64,56593.57389,10.49456285,13.51034171,0.0,0.0,0.0,11.016661,0.0,16.83559397,0.0,20.51616559,6.544756406,27.18485678,20.04658231,0.0,47.82495715,0.0,0.0,85.06015271,20.04658231,0.0,4.127401125,0.0,0.0,8.610431983,26.05509084,0.0,0.0,40.01433486,0.0,0.0,2.245694444,0.0,0.0,1.278202948,5.969583333,-4.584036281,1.0,0,0,0,2.0937,0,0,0,0,0,0,3,0,2,0,0,0,0,0,0,0,0,0,0,0,0,0,0,0,0,0,1,0,0,333.15,450,CCC[N+](C)(C)CCN(C)C.O=S(=O)([N-]S(=O)(=O)C(F)(F)F)C(F)(F)F,0.336472237
0.777777778,-6.721527778,0.448047241,14.15384615,0,2.329241219,0.0,-0.64,56593.57389,10.49456285,13.51034171,0.0,0.0,0.0,11.016661,0.0,16.83559397,0.0,20.51616559,6.544756406,27.18485678,20.04658231,0.0,47.82495715,0.0,0.0,85.06015271,20.04658231,0.0,4.127401125,0.0,0.0,8.610431983,26.05509084,0.0,0.0,40.01433486,0.0,0.0,2.245694444,0.0,0.0,1.278202948,5.969583333,-4.584036281,1.0,0,0,0,2.0937,0,0,0,0,0,0,3,0,2,0,0,0,0,0,0,0,0,0,0,0,0,0,0,0,0,0,1,0,0,343.15,451,CCC[N+](C)(C)CCN(C)C.O=S(=O)([N-]S(=O)(=O)C(F)(F)F)C(F)(F)F,0.343589704
0.777777778,-6.721527778,0.448047241,14.15384615,0,2.329241219,0.0,-0.64,56593.57389,10.49456285,13.51034171,0.0,0.0,0.0,11.016661,0.0,16.83559397,0.0,20.51616559,6.544756406,27.18485678,20.04658231,0.0,47.82495715,0.0,0.0,85.06015271,20.04658231,0.0,4.127401125,0.0,0.0,8.610431983,26.05509084,0.0,0.0,40.01433486,0.0,0.0,2.245694444,0.0,0.0,1.278202948,5.969583333,-4.584036281,1.0,0,0,0,2.0937,0,0,0,0,0,0,3,0,2,0,0,0,0,0,0,0,0,0,0,0,0,0,0,0,0,0,1,0,0,353.15,452,CCC[N+](C)(C)CCN(C)C.O=S(=O)([N-]S(=O)(=O)C(F)(F)F)C(F)(F)F,0.350656872
0.777777778,-6.721527778,0.448047241,14.15384615,0,2.329241219,0.0,-0.64,56593.57389,10.49456285,13.51034171,0.0,0.0,0.0,11.016661,0.0,16.83559397,0.0,20.51616559,6.544756406,27.18485678,20.04658231,0.0,47.82495715,0.0,0.0,85.06015271,20.04658231,0.0,4.127401125,0.0,0.0,8.610431983,26.05509084,0.0,0.0,40.01433486,0.0,0.0,2.245694444,0.0,0.0,1.278202948,5.969583333,-4.584036281,1.0,0,0,0,2.0937,0,0,0,0,0,0,3,0,2,0,0,0,0,0,0,0,0,0,0,0,0,0,0,0,0,0,1,0,0,363.15,453,CCC[N+](C)(C)CCN(C)C.O=S(=O)([N-]S(=O)(=O)C(F)(F)F)C(F)(F)F,0.357674444
0.777777778,-6.721527778,0.448047241,14.15384615,0,2.329241219,0.0,-0.64,56593.57389,10.49456285,13.51034171,0.0,0.0,0.0,11.016661,0.0,16.83559397,0.0,20.51616559,6.544756406,27.18485678,20.04658231,0.0,47.82495715,0.0,0.0,85.06015271,20.04658231,0.0,4.127401125,0.0,0.0,8.610431983,26.05509084,0.0,0.0,40.01433486,0.0,0.0,2.245694444,0.0,0.0,1.278202948,5.969583333,-4.584036281,1.0,0,0,0,2.0937,0,0,0,0,0,0,3,0,2,0,0,0,0,0,0,0,0,0,0,0,0,0,0,0,0,0,1,0,0,373.18,454,CCC[N+](C)(C)CCN(C)C.O=S(=O)([N-]S(=O)(=O)C(F)(F)F)C(F)(F)F,0.364643114
0.777777778,-6.721527778,0.416469594,14.07407407,0,2.401955755,0.0,-0.64,95737.15248,11.72164639,13.51034171,0.0,0.0,0.0,11.016661,0.0,16.83559397,0.0,20.51616559,6.544756406,27.18485678,20.04658231,0.0,47.82495715,0.0,0.0,85.06015271,20.04658231,0.0,4.127401125,0.0,0.0,8.610431983,32.47591246,0.0,0.0,40.01433486,0.0,0.0,2.255898526,0.0,0.0,2.656818311,6.013888889,-4.528411281,1.0,0,0,0,2.4838,0,0,0,0,0,0,3,0,2,0,0,0,0,0,0,0,0,0,0,0,0,0,0,0,0,0,1,0,0,323.15,455,CCCC[N+](C)(C)CCN(C)C.O=S(=O)([N-]S(=O)(=O)C(F)(F)F)C(F)(F)F,0.336472237
0.777777778,-6.721527778,0.416469594,14.07407407,0,2.401955755,0.0,-0.64,95737.15248,11.72164639,13.51034171,0.0,0.0,0.0,11.016661,0.0,16.83559397,0.0,20.51616559,6.544756406,27.18485678,20.04658231,0.0,47.82495715,0.0,0.0,85.06015271,20.04658231,0.0,4.127401125,0.0,0.0,8.610431983,32.47591246,0.0,0.0,40.01433486,0.0,0.0,2.255898526,0.0,0.0,2.656818311,6.013888889,-4.528411281,1.0,0,0,0,2.4838,0,0,0,0,0,0,3,0,2,0,0,0,0,0,0,0,0,0,0,0,0,0,0,0,0,0,1,0,0,333.15,456,CCCC[N+](C)(C)CCN(C)C.O=S(=O)([N-]S(=O)(=O)C(F)(F)F)C(F)(F)F,0.357674444
0.777777778,-6.721527778,0.416469594,14.07407407,0,2.401955755,0.0,-0.64,95737.15248,11.72164639,13.51034171,0.0,0.0,0.0,11.016661,0.0,16.83559397,0.0,20.51616559,6.544756406,27.18485678,20.04658231,0.0,47.82495715,0.0,0.0,85.06015271,20.04658231,0.0,4.127401125,0.0,0.0,8.610431983,32.47591246,0.0,0.0,40.01433486,0.0,0.0,2.255898526,0.0,0.0,2.656818311,6.013888889,-4.528411281,1.0,0,0,0,2.4838,0,0,0,0,0,0,3,0,2,0,0,0,0,0,0,0,0,0,0,0,0,0,0,0,0,0,1,0,0,343.15,457,CCCC[N+](C)(C)CCN(C)C.O=S(=O)([N-]S(=O)(=O)C(F)(F)F)C(F)(F)F,0.371563556
0.777777778,-6.721527778,0.416469594,14.07407407,0,2.401955755,0.0,-0.64,95737.15248,11.72164639,13.51034171,0.0,0.0,0.0,11.016661,0.0,16.83559397,0.0,20.51616559,6.544756406,27.18485678,20.04658231,0.0,47.82495715,0.0,0.0,85.06015271,20.04658231,0.0,4.127401125,0.0,0.0,8.610431983,32.47591246,0.0,0.0,40.01433486,0.0,0.0,2.255898526,0.0,0.0,2.656818311,6.013888889,-4.528411281,1.0,0,0,0,2.4838,0,0,0,0,0,0,3,0,2,0,0,0,0,0,0,0,0,0,0,0,0,0,0,0,0,0,1,0,0,353.15,458,CCCC[N+](C)(C)CCN(C)C.O=S(=O)([N-]S(=O)(=O)C(F)(F)F)C(F)(F)F,0.405465108
0.777777778,-6.721527778,0.416469594,14.07407407,0,2.401955755,0.0,-0.64,95737.15248,11.72164639,13.51034171,0.0,0.0,0.0,11.016661,0.0,16.83559397,0.0,20.51616559,6.544756406,27.18485678,20.04658231,0.0,47.82495715,0.0,0.0,85.06015271,20.04658231,0.0,4.127401125,0.0,0.0,8.610431983,32.47591246,0.0,0.0,40.01433486,0.0,0.0,2.255898526,0.0,0.0,2.656818311,6.013888889,-4.528411281,1.0,0,0,0,2.4838,0,0,0,0,0,0,3,0,2,0,0,0,0,0,0,0,0,0,0,0,0,0,0,0,0,0,1,0,0,363.15,459,CCCC[N+](C)(C)CCN(C)C.O=S(=O)([N-]S(=O)(=O)C(F)(F)F)C(F)(F)F,0.418710335
0.777777778,-6.721527778,0.416469594,14.07407407,0,2.401955755,0.0,-0.64,95737.15248,11.72164639,13.51034171,0.0,0.0,0.0,11.016661,0.0,16.83559397,0.0,20.51616559,6.544756406,27.18485678,20.04658231,0.0,47.82495715,0.0,0.0,85.06015271,20.04658231,0.0,4.127401125,0.0,0.0,8.610431983,32.47591246,0.0,0.0,40.01433486,0.0,0.0,2.255898526,0.0,0.0,2.656818311,6.013888889,-4.528411281,1.0,0,0,0,2.4838,0,0,0,0,0,0,3,0,2,0,0,0,0,0,0,0,0,0,0,0,0,0,0,0,0,0,1,0,0,373.15,460,CCCC[N+](C)(C)CCN(C)C.O=S(=O)([N-]S(=O)(=O)C(F)(F)F)C(F)(F)F,0.451075619
0.777777778,-6.721527778,0.268435982,13.93103448,0,2.42979434,0.0,-0.68,247423.5278,13.2775033,18.24720467,6.544756406,0.0,0.0,11.016661,0.0,16.83559397,0.0,20.51616559,6.544756406,33.8538643,20.04658231,0.0,61.03872108,0.0,0.0,98.27391664,24.78344526,0.0,4.127401125,0.0,0.0,34.91370872,12.96557803,0.0,0.0,40.01433486,4.736862954,0.0,2.144883866,0.0,0.0,1.240771605,7.311885472,-4.777879661,1.0,0,0,0,2.1103,0,0,0,0,0,0,3,0,2,0,0,0,0,0,0,0,0,1,0,0,0,0,0,0,0,0,1,0,2,323.15,461,CCC[N+](C)(C)CCOCCN(C)C.O=S(=O)([N-]S(=O)(=O)C(F)(F)F)C(F)(F)F,0.657520003
0.777777778,-6.721527778,0.268435982,13.93103448,0,2.42979434,0.0,-0.68,247423.5278,13.2775033,18.24720467,6.544756406,0.0,0.0,11.016661,0.0,16.83559397,0.0,20.51616559,6.544756406,33.8538643,20.04658231,0.0,61.03872108,0.0,0.0,98.27391664,24.78344526,0.0,4.127401125,0.0,0.0,34.91370872,12.96557803,0.0,0.0,40.01433486,4.736862954,0.0,2.144883866,0.0,0.0,1.240771605,7.311885472,-4.777879661,1.0,0,0,0,2.1103,0,0,0,0,0,0,3,0,2,0,0,0,0,0,0,0,0,1,0,0,0,0,0,0,0,0,1,0,2,333.15,462,CCC[N+](C)(C)CCOCCN(C)C.O=S(=O)([N-]S(=O)(=O)C(F)(F)F)C(F)(F)F,0.672944473
0.777777778,-6.721527778,0.268435982,13.93103448,0,2.42979434,0.0,-0.68,247423.5278,13.2775033,18.24720467,6.544756406,0.0,0.0,11.016661,0.0,16.83559397,0.0,20.51616559,6.544756406,33.8538643,20.04658231,0.0,61.03872108,0.0,0.0,98.27391664,24.78344526,0.0,4.127401125,0.0,0.0,34.91370872,12.96557803,0.0,0.0,40.01433486,4.736862954,0.0,2.144883866,0.0,0.0,1.240771605,7.311885472,-4.777879661,1.0,0,0,0,2.1103,0,0,0,0,0,0,3,0,2,0,0,0,0,0,0,0,0,1,0,0,0,0,0,0,0,0,1,0,2,343.15,463,CCC[N+](C)(C)CCOCCN(C)C.O=S(=O)([N-]S(=O)(=O)C(F)(F)F)C(F)(F)F,0.693147181
0.777777778,-6.721527778,0.268435982,13.93103448,0,2.42979434,0.0,-0.68,247423.5278,13.2775033,18.24720467,6.544756406,0.0,0.0,11.016661,0.0,16.83559397,0.0,20.51616559,6.544756406,33.8538643,20.04658231,0.0,61.03872108,0.0,0.0,98.27391664,24.78344526,0.0,4.127401125,0.0,0.0,34.91370872,12.96557803,0.0,0.0,40.01433486,4.736862954,0.0,2.144883866,0.0,0.0,1.240771605,7.311885472,-4.777879661,1.0,0,0,0,2.1103,0,0,0,0,0,0,3,0,2,0,0,0,0,0,0,0,0,1,0,0,0,0,0,0,0,0,1,0,2,353.15,464,CCC[N+](C)(C)CCOCCN(C)C.O=S(=O)([N-]S(=O)(=O)C(F)(F)F)C(F)(F)F,0.712949808
0.777777778,-6.721527778,0.268435982,13.93103448,0,2.42979434,0.0,-0.68,247423.5278,13.2775033,18.24720467,6.544756406,0.0,0.0,11.016661,0.0,16.83559397,0.0,20.51616559,6.544756406,33.8538643,20.04658231,0.0,61.03872108,0.0,0.0,98.27391664,24.78344526,0.0,4.127401125,0.0,0.0,34.91370872,12.96557803,0.0,0.0,40.01433486,4.736862954,0.0,2.144883866,0.0,0.0,1.240771605,7.311885472,-4.777879661,1.0,0,0,0,2.1103,0,0,0,0,0,0,3,0,2,0,0,0,0,0,0,0,0,1,0,0,0,0,0,0,0,0,1,0,2,363.15,465,CCC[N+](C)(C)CCOCCN(C)C.O=S(=O)([N-]S(=O)(=O)C(F)(F)F)C(F)(F)F,0.746687947
0.777777778,-6.721527778,0.268435982,13.93103448,0,2.42979434,0.0,-0.68,247423.5278,13.2775033,18.24720467,6.544756406,0.0,0.0,11.016661,0.0,16.83559397,0.0,20.51616559,6.544756406,33.8538643,20.04658231,0.0,61.03872108,0.0,0.0,98.27391664,24.78344526,0.0,4.127401125,0.0,0.0,34.91370872,12.96557803,0.0,0.0,40.01433486,4.736862954,0.0,2.144883866,0.0,0.0,1.240771605,7.311885472,-4.777879661,1.0,0,0,0,2.1103,0,0,0,0,0,0,3,0,2,0,0,0,0,0,0,0,0,1,0,0,0,0,0,0,0,0,1,0,2,373.15,466,CCC[N+](C)(C)CCOCCN(C)C.O=S(=O)([N-]S(=O)(=O)C(F)(F)F)C(F)(F)F,0.75612198
1.056388889,-5.619791667,0.583992978,11.76470588,0,2.450303297,3.02e-07,-1.07,2528.713002,9.836153688,4.127401125,12.39368714,27.14581162,0.0,0.0,0.0,25.96979326,7.771517605,6.9237372,0.0,13.59242839,20.81849155,7.047671983,0.0,4.567099648,0.0,21.40269362,34.41091994,0.0,4.127401125,0.0,0.0,10.67215753,0.0,0.0,17.8116152,24.01500049,0.0,0.0,0.0,0.0,0.0,6.142361111,3.181388889,-9.219583333,0.5,0,0,1,0.1212,0,0,0,0,0,0,3,0,0,0,0,0,0,0,2,0,0,0,0,0,0,0,0,0,0,0,0,0,0,323.15,467,CC[n+]1ccn(C)c1.O=S(=O)(F)[N-]S(=O)(=O)F,0.841567186
1.056388889,-5.619791667,0.583992978,11.76470588,0,2.450303297,3.02e-07,-1.07,2528.713002,9.836153688,4.127401125,12.39368714,27.14581162,0.0,0.0,0.0,25.96979326,7.771517605,6.9237372,0.0,13.59242839,20.81849155,7.047671983,0.0,4.567099648,0.0,21.40269362,34.41091994,0.0,4.127401125,0.0,0.0,10.67215753,0.0,0.0,17.8116152,24.01500049,0.0,0.0,0.0,0.0,0.0,6.142361111,3.181388889,-9.219583333,0.5,0,0,1,0.1212,0,0,0,0,0,0,3,0,0,0,0,0,0,0,2,0,0,0,0,0,0,0,0,0,0,0,0,0,0,333.15,468,CC[n+]1ccn(C)c1.O=S(=O)(F)[N-]S(=O)(=O)F,0.841567186
1.056388889,-5.619791667,0.583992978,11.76470588,0,2.450303297,3.02e-07,-1.07,2528.713002,9.836153688,4.127401125,12.39368714,27.14581162,0.0,0.0,0.0,25.96979326,7.771517605,6.9237372,0.0,13.59242839,20.81849155,7.047671983,0.0,4.567099648,0.0,21.40269362,34.41091994,0.0,4.127401125,0.0,0.0,10.67215753,0.0,0.0,17.8116152,24.01500049,0.0,0.0,0.0,0.0,0.0,6.142361111,3.181388889,-9.219583333,0.5,0,0,1,0.1212,0,0,0,0,0,0,3,0,0,0,0,0,0,0,2,0,0,0,0,0,0,0,0,0,0,0,0,0,0,343.15,469,CC[n+]1ccn(C)c1.O=S(=O)(F)[N-]S(=O)(=O)F,0.841567186
1.056388889,-5.619791667,0.583992978,11.76470588,0,2.450303297,3.02e-07,-1.07,2528.713002,9.836153688,4.127401125,12.39368714,27.14581162,0.0,0.0,0.0,25.96979326,7.771517605,6.9237372,0.0,13.59242839,20.81849155,7.047671983,0.0,4.567099648,0.0,21.40269362,34.41091994,0.0,4.127401125,0.0,0.0,10.67215753,0.0,0.0,17.8116152,24.01500049,0.0,0.0,0.0,0.0,0.0,6.142361111,3.181388889,-9.219583333,0.5,0,0,1,0.1212,0,0,0,0,0,0,3,0,0,0,0,0,0,0,2,0,0,0,0,0,0,0,0,0,0,0,0,0,0,353.15,470,CC[n+]1ccn(C)c1.O=S(=O)(F)[N-]S(=O)(=O)F,0.845868268
1.056388889,-5.619791667,0.583992978,11.76470588,0,2.450303297,3.02e-07,-1.07,2528.713002,9.836153688,4.127401125,12.39368714,27.14581162,0.0,0.0,0.0,25.96979326,7.771517605,6.9237372,0.0,13.59242839,20.81849155,7.047671983,0.0,4.567099648,0.0,21.40269362,34.41091994,0.0,4.127401125,0.0,0.0,10.67215753,0.0,0.0,17.8116152,24.01500049,0.0,0.0,0.0,0.0,0.0,6.142361111,3.181388889,-9.219583333,0.5,0,0,1,0.1212,0,0,0,0,0,0,3,0,0,0,0,0,0,0,2,0,0,0,0,0,0,0,0,0,0,0,0,0,0,363.15,471,CC[n+]1ccn(C)c1.O=S(=O)(F)[N-]S(=O)(=O)F,0.854415328
1.056388889,-5.619791667,0.583992978,11.76470588,0,2.450303297,3.02e-07,-1.07,2528.713002,9.836153688,4.127401125,12.39368714,27.14581162,0.0,0.0,0.0,25.96979326,7.771517605,6.9237372,0.0,13.59242839,20.81849155,7.047671983,0.0,4.567099648,0.0,21.40269362,34.41091994,0.0,4.127401125,0.0,0.0,10.67215753,0.0,0.0,17.8116152,24.01500049,0.0,0.0,0.0,0.0,0.0,6.142361111,3.181388889,-9.219583333,0.5,0,0,1,0.1212,0,0,0,0,0,0,3,0,0,0,0,0,0,0,2,0,0,0,0,0,0,0,0,0,0,0,0,0,0,373.15,472,CC[n+]1ccn(C)c1.O=S(=O)(F)[N-]S(=O)(=O)F,0.854415328
1.152777778,-5.619791667,0.580785045,19.11111111,0,2.461776618,3.21e-07,-0.32,3781.288886,9.683769103,8.610431983,0.0,20.81849155,0.0,0.0,0.0,16.83559397,7.771517605,6.420821623,12.84164325,26.6819412,20.81849155,0.0,26.6819412,0.0,0.0,48.00056603,20.81849155,0.0,4.127401125,0.0,0.0,4.127401125,43.37976494,0.0,0.0,13.97140918,0.0,0.0,0.0,0.0,0.0,4.253472222,6.517361111,-8.854166667,1.0,0,0,1,1.4255,0,0,0,0,0,0,2,0,0,1,0,0,0,0,0,0,0,0,0,0,0,0,0,0,0,0,1,0,0,323.15,473,CCC[N+]1(C)CCCC1.O=S(=O)(F)[N-]S(=O)(=O)F,0.438254931
1.152777778,-5.619791667,0.580785045,19.11111111,0,2.461776618,3.21e-07,-0.32,3781.288886,9.683769103,8.610431983,0.0,20.81849155,0.0,0.0,0.0,16.83559397,7.771517605,6.420821623,12.84164325,26.6819412,20.81849155,0.0,26.6819412,0.0,0.0,48.00056603,20.81849155,0.0,4.127401125,0.0,0.0,4.127401125,43.37976494,0.0,0.0,13.97140918,0.0,0.0,0.0,0.0,0.0,4.253472222,6.517361111,-8.854166667,1.0,0,0,1,1.4255,0,0,0,0,0,0,2,0,0,1,0,0,0,0,0,0,0,0,0,0,0,0,0,0,0,0,1,0,0,333.15,474,CCC[N+]1(C)CCCC1.O=S(=O)(F)[N-]S(=O)(=O)F,0.463734016
1.152777778,-5.619791667,0.580785045,19.11111111,0,2.461776618,3.21e-07,-0.32,3781.288886,9.683769103,8.610431983,0.0,20.81849155,0.0,0.0,0.0,16.83559397,7.771517605,6.420821623,12.84164325,26.6819412,20.81849155,0.0,26.6819412,0.0,0.0,48.00056603,20.81849155,0.0,4.127401125,0.0,0.0,4.127401125,43.37976494,0.0,0.0,13.97140918,0.0,0.0,0.0,0.0,0.0,4.253472222,6.517361111,-8.854166667,1.0,0,0,1,1.4255,0,0,0,0,0,0,2,0,0,1,0,0,0,0,0,0,0,0,0,0,0,0,0,0,0,0,1,0,0,343.15,475,CCC[N+]1(C)CCCC1.O=S(=O)(F)[N-]S(=O)(=O)F,0.482426149
1.152777778,-5.619791667,0.580785045,19.11111111,0,2.461776618,3.21e-07,-0.32,3781.288886,9.683769103,8.610431983,0.0,20.81849155,0.0,0.0,0.0,16.83559397,7.771517605,6.420821623,12.84164325,26.6819412,20.81849155,0.0,26.6819412,0.0,0.0,48.00056603,20.81849155,0.0,4.127401125,0.0,0.0,4.127401125,43.37976494,0.0,0.0,13.97140918,0.0,0.0,0.0,0.0,0.0,4.253472222,6.517361111,-8.854166667,1.0,0,0,1,1.4255,0,0,0,0,0,0,2,0,0,1,0,0,0,0,0,0,0,0,0,0,0,0,0,0,0,0,1,0,0,353.15,476,CCC[N+]1(C)CCCC1.O=S(=O)(F)[N-]S(=O)(=O)F,0.512823626
1.152777778,-5.619791667,0.580785045,19.11111111,0,2.461776618,3.21e-07,-0.32,3781.288886,9.683769103,8.610431983,0.0,20.81849155,0.0,0.0,0.0,16.83559397,7.771517605,6.420821623,12.84164325,26.6819412,20.81849155,0.0,26.6819412,0.0,0.0,48.00056603,20.81849155,0.0,4.127401125,0.0,0.0,4.127401125,43.37976494,0.0,0.0,13.97140918,0.0,0.0,0.0,0.0,0.0,4.253472222,6.517361111,-8.854166667,1.0,0,0,1,1.4255,0,0,0,0,0,0,2,0,0,1,0,0,0,0,0,0,0,0,0,0,0,0,0,0,0,0,1,0,0,363.15,477,CCC[N+]1(C)CCCC1.O=S(=O)(F)[N-]S(=O)(=O)F,0.536493371
1.152777778,-5.619791667,0.580785045,19.11111111,0,2.461776618,3.21e-07,-0.32,3781.288886,9.683769103,8.610431983,0.0,20.81849155,0.0,0.0,0.0,16.83559397,7.771517605,6.420821623,12.84164325,26.6819412,20.81849155,0.0,26.6819412,0.0,0.0,48.00056603,20.81849155,0.0,4.127401125,0.0,0.0,4.127401125,43.37976494,0.0,0.0,13.97140918,0.0,0.0,0.0,0.0,0.0,4.253472222,6.517361111,-8.854166667,1.0,0,0,1,1.4255,0,0,0,0,0,0,2,0,0,1,0,0,0,0,0,0,0,0,0,0,0,0,0,0,0,0,1,0,0,373.15,478,CCC[N+]1(C)CCCC1.O=S(=O)(F)[N-]S(=O)(=O)F,0.565313809
1.152777778,-5.619791667,0.58368055,19.36842105,0,2.129010453,3.44e-07,-0.32,5109.625087,11.22339348,8.610431983,0.0,20.81849155,0.0,0.0,0.0,16.83559397,7.771517605,25.68328649,0.0,26.6819412,20.81849155,0.0,26.6819412,0.0,0.0,48.00056603,20.81849155,0.0,4.127401125,0.0,0.0,4.127401125,49.80058657,0.0,0.0,13.97140918,0.0,0.0,0.0,0.0,0.0,5.723268141,6.527565193,-8.834166667,1.0,0,0,1,1.8156,0,0,0,0,0,0,2,0,0,1,0,0,0,0,0,0,0,0,0,0,0,0,0,1,0,0,1,0,0,323.15,479,CCC[N+]1(C)CCCCC1.O=S(=O)(F)[N-]S(=O)(=O)F,0.431782416
1.152777778,-5.619791667,0.58368055,19.36842105,0,2.129010453,3.44e-07,-0.32,5109.625087,11.22339348,8.610431983,0.0,20.81849155,0.0,0.0,0.0,16.83559397,7.771517605,25.68328649,0.0,26.6819412,20.81849155,0.0,26.6819412,0.0,0.0,48.00056603,20.81849155,0.0,4.127401125,0.0,0.0,4.127401125,49.80058657,0.0,0.0,13.97140918,0.0,0.0,0.0,0.0,0.0,5.723268141,6.527565193,-8.834166667,1.0,0,0,1,1.8156,0,0,0,0,0,0,2,0,0,1,0,0,0,0,0,0,0,0,0,0,0,0,0,1,0,0,1,0,0,333.15,480,CCC[N+]1(C)CCCCC1.O=S(=O)(F)[N-]S(=O)(=O)F,0.431782416
1.152777778,-5.619791667,0.58368055,19.36842105,0,2.129010453,3.44e-07,-0.32,5109.625087,11.22339348,8.610431983,0.0,20.81849155,0.0,0.0,0.0,16.83559397,7.771517605,25.68328649,0.0,26.6819412,20.81849155,0.0,26.6819412,0.0,0.0,48.00056603,20.81849155,0.0,4.127401125,0.0,0.0,4.127401125,49.80058657,0.0,0.0,13.97140918,0.0,0.0,0.0,0.0,0.0,5.723268141,6.527565193,-8.834166667,1.0,0,0,1,1.8156,0,0,0,0,0,0,2,0,0,1,0,0,0,0,0,0,0,0,0,0,0,0,0,1,0,0,1,0,0,343.15,481,CCC[N+]1(C)CCCCC1.O=S(=O)(F)[N-]S(=O)(=O)F,0.463734016
1.152777778,-5.619791667,0.58368055,19.36842105,0,2.129010453,3.44e-07,-0.32,5109.625087,11.22339348,8.610431983,0.0,20.81849155,0.0,0.0,0.0,16.83559397,7.771517605,25.68328649,0.0,26.6819412,20.81849155,0.0,26.6819412,0.0,0.0,48.00056603,20.81849155,0.0,4.127401125,0.0,0.0,4.127401125,49.80058657,0.0,0.0,13.97140918,0.0,0.0,0.0,0.0,0.0,5.723268141,6.527565193,-8.834166667,1.0,0,0,1,1.8156,0,0,0,0,0,0,2,0,0,1,0,0,0,0,0,0,0,0,0,0,0,0,0,1,0,0,1,0,0,353.15,482,CCC[N+]1(C)CCCCC1.O=S(=O)(F)[N-]S(=O)(=O)F,0.494696242
1.152777778,-5.619791667,0.58368055,19.36842105,0,2.129010453,3.44e-07,-0.32,5109.625087,11.22339348,8.610431983,0.0,20.81849155,0.0,0.0,0.0,16.83559397,7.771517605,25.68328649,0.0,26.6819412,20.81849155,0.0,26.6819412,0.0,0.0,48.00056603,20.81849155,0.0,4.127401125,0.0,0.0,4.127401125,49.80058657,0.0,0.0,13.97140918,0.0,0.0,0.0,0.0,0.0,5.723268141,6.527565193,-8.834166667,1.0,0,0,1,1.8156,0,0,0,0,0,0,2,0,0,1,0,0,0,0,0,0,0,0,0,0,0,0,0,1,0,0,1,0,0,363.15,483,CCC[N+]1(C)CCCCC1.O=S(=O)(F)[N-]S(=O)(=O)F,0.494696242
1.152777778,-5.619791667,0.58368055,19.36842105,0,2.129010453,3.44e-07,-0.32,5109.625087,11.22339348,8.610431983,0.0,20.81849155,0.0,0.0,0.0,16.83559397,7.771517605,25.68328649,0.0,26.6819412,20.81849155,0.0,26.6819412,0.0,0.0,48.00056603,20.81849155,0.0,4.127401125,0.0,0.0,4.127401125,49.80058657,0.0,0.0,13.97140918,0.0,0.0,0.0,0.0,0.0,5.723268141,6.527565193,-8.834166667,1.0,0,0,1,1.8156,0,0,0,0,0,0,2,0,0,1,0,0,0,0,0,0,0,0,0,0,0,0,0,1,0,0,1,0,0,373.15,484,CCC[N+]1(C)CCCCC1.O=S(=O)(F)[N-]S(=O)(=O)F,0.524728529
0.130401235,-1.189259259,0.093992283,11.25,0,2.861006625,1.01e-06,-1.0,42026161.73,20.10232005,14.38409544,0.0,0.0,0.0,0.0,0.0,0.0,12.62878915,44.59129681,10.45893497,32.65124649,18.59809444,0.0,26.6819412,5.106527395,12.62878915,37.13427735,0.0,0.0,0.0,5.563451492,4.895483476,0.0,145.7584564,18.19910121,0.0,40.44767273,0.0,3.916419753,10.69462963,-1.189259259,6.408271605,25.86058308,11.22328384,2.559651597,0.78125,0,0,1,8.8533,0,0,1,0,1,1,1,0,0,0,0,1,0,0,0,0,0,0,0,0,0,0,0,0,0,0,1,0,12,303.15,485,CCCCCCCC[N+](C)(CCCCCCCC)CCCCCCCC.O=C([O-])c1ccccc1S,-0.494296322
0.130401235,-1.189259259,0.093992283,11.25,0,2.861006625,1.01e-06,-1.0,42026161.73,20.10232005,14.38409544,0.0,0.0,0.0,0.0,0.0,0.0,12.62878915,44.59129681,10.45893497,32.65124649,18.59809444,0.0,26.6819412,5.106527395,12.62878915,37.13427735,0.0,0.0,0.0,5.563451492,4.895483476,0.0,145.7584564,18.19910121,0.0,40.44767273,0.0,3.916419753,10.69462963,-1.189259259,6.408271605,25.86058308,11.22328384,2.559651597,0.78125,0,0,1,8.8533,0,0,1,0,1,1,1,0,0,0,0,1,0,0,0,0,0,0,0,0,0,0,0,0,0,0,1,0,12,313.15,486,CCCCCCCC[N+](C)(CCCCCCCC)CCCCCCCC.O=C([O-])c1ccccc1S,-0.494296322
0.130401235,-1.189259259,0.093992283,11.25,0,2.861006625,1.01e-06,-1.0,42026161.73,20.10232005,14.38409544,0.0,0.0,0.0,0.0,0.0,0.0,12.62878915,44.59129681,10.45893497,32.65124649,18.59809444,0.0,26.6819412,5.106527395,12.62878915,37.13427735,0.0,0.0,0.0,5.563451492,4.895483476,0.0,145.7584564,18.19910121,0.0,40.44767273,0.0,3.916419753,10.69462963,-1.189259259,6.408271605,25.86058308,11.22328384,2.559651597,0.78125,0,0,1,8.8533,0,0,1,0,1,1,1,0,0,0,0,1,0,0,0,0,0,0,0,0,0,0,0,0,0,0,1,0,12,323.15,487,CCCCCCCC[N+](C)(CCCCCCCC)CCCCCCCC.O=C([O-])c1ccccc1S,-0.510825624
0.0,-0.6966063,0.071375572,11.64705882,0,2.827555706,0.0,0.72,13127207.29,24.41598825,12.40703316,0.0,0.0,0.0,0.0,0.0,0.0,0.0,51.36657298,7.262479191,24.64764011,7.262479191,0.0,24.64764011,12.40703316,7.262479191,24.64764011,0.0,0.0,0.0,12.40703316,0.0,0.0,128.4164325,50.3309266,0.0,27.6949488,0.0,0.0,0.0,0.0,0.0,42.08897022,9.413191634,-0.6966063,1.0,0,0,0,9.45,0,0,0,0,0,0,0,0,0,0,0,0,0,0,0,0,0,0,0,0,0,0,0,0,0,0,0,0,16,333.15,488,CCCCCCCCCCCCCC[P+](CCCCCC)(CCCCCC)CCCCCC.[Cl-],-0.52256088
0.0,-0.6966063,0.071375572,11.64705882,0,2.827555706,0.0,0.72,13127207.29,24.41598825,12.40703316,0.0,0.0,0.0,0.0,0.0,0.0,0.0,51.36657298,7.262479191,24.64764011,7.262479191,0.0,24.64764011,12.40703316,7.262479191,24.64764011,0.0,0.0,0.0,12.40703316,0.0,0.0,128.4164325,50.3309266,0.0,27.6949488,0.0,0.0,0.0,0.0,0.0,42.08897022,9.413191634,-0.6966063,1.0,0,0,0,9.45,0,0,0,0,0,0,0,0,0,0,0,0,0,0,0,0,0,0,0,0,0,0,0,0,0,0,0,0,16,343.15,489,CCCCCCCCCCCCCC[P+](CCCCCC)(CCCCCC)CCCCCC.[Cl-],-0.519193873
0.0,-0.6966063,0.071375572,11.64705882,0,2.827555706,0.0,0.72,13127207.29,24.41598825,12.40703316,0.0,0.0,0.0,0.0,0.0,0.0,0.0,51.36657298,7.262479191,24.64764011,7.262479191,0.0,24.64764011,12.40703316,7.262479191,24.64764011,0.0,0.0,0.0,12.40703316,0.0,0.0,128.4164325,50.3309266,0.0,27.6949488,0.0,0.0,0.0,0.0,0.0,42.08897022,9.413191634,-0.6966063,1.0,0,0,0,9.45,0,0,0,0,0,0,0,0,0,0,0,0,0,0,0,0,0,0,0,0,0,0,0,0,0,0,0,0,16,353.15,490,CCCCCCCCCCCCCC[P+](CCCCCC)(CCCCCC)CCCCCC.[Cl-],-0.512493681
0.0,-0.6966063,0.071375572,11.64705882,0,2.827555706,0.0,0.72,13127207.29,24.41598825,12.40703316,0.0,0.0,0.0,0.0,0.0,0.0,0.0,51.36657298,7.262479191,24.64764011,7.262479191,0.0,24.64764011,12.40703316,7.262479191,24.64764011,0.0,0.0,0.0,12.40703316,0.0,0.0,128.4164325,50.3309266,0.0,27.6949488,0.0,0.0,0.0,0.0,0.0,42.08897022,9.413191634,-0.6966063,1.0,0,0,0,9.45,0,0,0,0,0,0,0,0,0,0,0,0,0,0,0,0,0,0,0,0,0,0,0,0,0,0,0,0,16,363.15,491,CCCCCCCCCCCCCC[P+](CCCCCC)(CCCCCC)CCCCCC.[Cl-],-0.499226488
0.0,-0.6966063,0.071375572,11.64705882,0,2.827555706,0.0,0.72,13127207.29,24.41598825,12.40703316,0.0,0.0,0.0,0.0,0.0,0.0,0.0,51.36657298,7.262479191,24.64764011,7.262479191,0.0,24.64764011,12.40703316,7.262479191,24.64764011,0.0,0.0,0.0,12.40703316,0.0,0.0,128.4164325,50.3309266,0.0,27.6949488,0.0,0.0,0.0,0.0,0.0,42.08897022,9.413191634,-0.6966063,1.0,0,0,0,9.45,0,0,0,0,0,0,0,0,0,0,0,0,0,0,0,0,0,0,0,0,0,0,0,0,0,0,0,0,16,373.15,492,CCCCCCCCCCCCCC[P+](CCCCCC)(CCCCCC)CCCCCC.[Cl-],-0.502526821
0.0,-0.6966063,0.071375572,11.64705882,0,2.827555706,0.0,0.72,13127207.29,24.41598825,12.40703316,0.0,0.0,0.0,0.0,0.0,0.0,0.0,51.36657298,7.262479191,24.64764011,7.262479191,0.0,24.64764011,12.40703316,7.262479191,24.64764011,0.0,0.0,0.0,12.40703316,0.0,0.0,128.4164325,50.3309266,0.0,27.6949488,0.0,0.0,0.0,0.0,0.0,42.08897022,9.413191634,-0.6966063,1.0,0,0,0,9.45,0,0,0,0,0,0,0,0,0,0,0,0,0,0,0,0,0,0,0,0,0,0,0,0,0,0,0,0,16,383.15,493,CCCCCCCCCCCCCC[P+](CCCCCC)(CCCCCC)CCCCCC.[Cl-],-0.505838082
0.972222222,-1.083333333,0.635134649,9.071428571,0,2.466584845,3.64e-07,-1.32,1095.163671,7.335610809,9.901064579,12.39368714,6.327320075,0.0,0.0,0.0,9.134199296,0.0,13.34455882,5.969305288,13.59242839,5.969305288,7.047671983,0.0,9.673627043,0.0,10.53640494,18.38696557,0.0,0.0,0.0,0.0,13.46849361,12.84164325,0.0,7.047671983,34.77894371,9.901064579,0.0,8.888888889,-1.083333333,0.0,8.817018141,4.334166667,2.044092971,0.6,0,0,1,-0.1311,0,0,0,0,1,1,2,0,0,0,0,0,0,0,2,0,0,0,0,0,0,0,0,0,0,0,0,0,0,333.15,494,CC(=O)[O-].CCCC[n+]1ccn(C)c1,1.40854497
0.972222222,-1.083333333,0.635134649,9.071428571,0,2.466584845,3.64e-07,-1.32,1095.163671,7.335610809,9.901064579,12.39368714,6.327320075,0.0,0.0,0.0,9.134199296,0.0,13.34455882,5.969305288,13.59242839,5.969305288,7.047671983,0.0,9.673627043,0.0,10.53640494,18.38696557,0.0,0.0,0.0,0.0,13.46849361,12.84164325,0.0,7.047671983,34.77894371,9.901064579,0.0,8.888888889,-1.083333333,0.0,8.817018141,4.334166667,2.044092971,0.6,0,0,1,-0.1311,0,0,0,0,1,1,2,0,0,0,0,0,0,0,2,0,0,0,0,0,0,0,0,0,0,0,0,0,0,343.15,495,CC(=O)[O-].CCCC[n+]1ccn(C)c1,1.439835128
0.972222222,-1.083333333,0.635134649,9.071428571,0,2.466584845,3.64e-07,-1.32,1095.163671,7.335610809,9.901064579,12.39368714,6.327320075,0.0,0.0,0.0,9.134199296,0.0,13.34455882,5.969305288,13.59242839,5.969305288,7.047671983,0.0,9.673627043,0.0,10.53640494,18.38696557,0.0,0.0,0.0,0.0,13.46849361,12.84164325,0.0,7.047671983,34.77894371,9.901064579,0.0,8.888888889,-1.083333333,0.0,8.817018141,4.334166667,2.044092971,0.6,0,0,1,-0.1311,0,0,0,0,1,1,2,0,0,0,0,0,0,0,2,0,0,0,0,0,0,0,0,0,0,0,0,0,0,353.15,496,CC(=O)[O-].CCCC[n+]1ccn(C)c1,1.413423029
0.972222222,-1.083333333,0.635134649,9.071428571,0,2.466584845,3.64e-07,-1.32,1095.163671,7.335610809,9.901064579,12.39368714,6.327320075,0.0,0.0,0.0,9.134199296,0.0,13.34455882,5.969305288,13.59242839,5.969305288,7.047671983,0.0,9.673627043,0.0,10.53640494,18.38696557,0.0,0.0,0.0,0.0,13.46849361,12.84164325,0.0,7.047671983,34.77894371,9.901064579,0.0,8.888888889,-1.083333333,0.0,8.817018141,4.334166667,2.044092971,0.6,0,0,1,-0.1311,0,0,0,0,1,1,2,0,0,0,0,0,0,0,2,0,0,0,0,0,0,0,0,0,0,0,0,0,0,363.15,497,CC(=O)[O-].CCCC[n+]1ccn(C)c1,1.418277407
0.972222222,-1.083333333,0.635134649,9.071428571,0,2.466584845,3.64e-07,-1.32,1095.163671,7.335610809,9.901064579,12.39368714,6.327320075,0.0,0.0,0.0,9.134199296,0.0,13.34455882,5.969305288,13.59242839,5.969305288,7.047671983,0.0,9.673627043,0.0,10.53640494,18.38696557,0.0,0.0,0.0,0.0,13.46849361,12.84164325,0.0,7.047671983,34.77894371,9.901064579,0.0,8.888888889,-1.083333333,0.0,8.817018141,4.334166667,2.044092971,0.6,0,0,1,-0.1311,0,0,0,0,1,1,2,0,0,0,0,0,0,0,2,0,0,0,0,0,0,0,0,0,0,0,0,0,0,373.15,498,CC(=O)[O-].CCCC[n+]1ccn(C)c1,1.413423029
0.972222222,-1.083333333,0.635134649,9.071428571,0,2.466584845,3.64e-07,-1.32,1095.163671,7.335610809,9.901064579,12.39368714,6.327320075,0.0,0.0,0.0,9.134199296,0.0,13.34455882,5.969305288,13.59242839,5.969305288,7.047671983,0.0,9.673627043,0.0,10.53640494,18.38696557,0.0,0.0,0.0,0.0,13.46849361,12.84164325,0.0,7.047671983,34.77894371,9.901064579,0.0,8.888888889,-1.083333333,0.0,8.817018141,4.334166667,2.044092971,0.6,0,0,1,-0.1311,0,0,0,0,1,1,2,0,0,0,0,0,0,0,2,0,0,0,0,0,0,0,0,0,0,0,0,0,0,383.15,499,CC(=O)[O-].CCCC[n+]1ccn(C)c1,1.403642999
0.204803949,-3.22691358,0.048265769,13.94230769,0,3.015143249,0.0,0.62,22606933164.0,38.87728521,9.458459888,0.0,0.0,0.0,0.0,0.0,0.0,0.0,99.19782932,14.63130672,24.64764011,14.63130672,22.66579303,36.97146016,4.893411603,14.63130672,36.97146016,4.565048285,0.0,0.0,22.66579303,12.32382005,12.84164325,128.4164325,50.3309266,0.0,83.0848464,0.0,0.0,12.25085601,0.5095742,0.0,44.73903896,26.54136458,-3.923519881,1.0,0,0,0,17.2154,0,0,0,0,0,0,0,0,0,0,0,0,0,0,0,0,0,0,0,0,0,0,0,0,0,0,0,0,16,333.15,500,CC(CC(C)(C)C)CP(=O)([O-])CC(C)CC(C)(C)C.CCCCCCCCCCCCCC[P+](CCCCCC)(CCCCCC)CCCCCC,-0.642454066
0.204803949,-3.22691358,0.048265769,13.94230769,0,3.015143249,0.0,0.62,22606933164.0,38.87728521,9.458459888,0.0,0.0,0.0,0.0,0.0,0.0,0.0,99.19782932,14.63130672,24.64764011,14.63130672,22.66579303,36.97146016,4.893411603,14.63130672,36.97146016,4.565048285,0.0,0.0,22.66579303,12.32382005,12.84164325,128.4164325,50.3309266,0.0,83.0848464,0.0,0.0,12.25085601,0.5095742,0.0,44.73903896,26.54136458,-3.923519881,1.0,0,0,0,17.2154,0,0,0,0,0,0,0,0,0,0,0,0,0,0,0,0,0,0,0,0,0,0,0,0,0,0,0,0,16,343.15,501,CC(CC(C)(C)C)CP(=O)([O-])CC(C)CC(C)(C)C.CCCCCCCCCCCCCC[P+](CCCCCC)(CCCCCC)CCCCCC,-0.646263595
0.204803949,-3.22691358,0.048265769,13.94230769,0,3.015143249,0.0,0.62,22606933164.0,38.87728521,9.458459888,0.0,0.0,0.0,0.0,0.0,0.0,0.0,99.19782932,14.63130672,24.64764011,14.63130672,22.66579303,36.97146016,4.893411603,14.63130672,36.97146016,4.565048285,0.0,0.0,22.66579303,12.32382005,12.84164325,128.4164325,50.3309266,0.0,83.0848464,0.0,0.0,12.25085601,0.5095742,0.0,44.73903896,26.54136458,-3.923519881,1.0,0,0,0,17.2154,0,0,0,0,0,0,0,0,0,0,0,0,0,0,0,0,0,0,0,0,0,0,0,0,0,0,0,0,16,353.15,502,CC(CC(C)(C)C)CP(=O)([O-])CC(C)CC(C)(C)C.CCCCCCCCCCCCCC[P+](CCCCCC)(CCCCCC)CCCCCC,-0.642454066
0.204803949,-3.22691358,0.048265769,13.94230769,0,3.015143249,0.0,0.62,22606933164.0,38.87728521,9.458459888,0.0,0.0,0.0,0.0,0.0,0.0,0.0,99.19782932,14.63130672,24.64764011,14.63130672,22.66579303,36.97146016,4.893411603,14.63130672,36.97146016,4.565048285,0.0,0.0,22.66579303,12.32382005,12.84164325,128.4164325,50.3309266,0.0,83.0848464,0.0,0.0,12.25085601,0.5095742,0.0,44.73903896,26.54136458,-3.923519881,1.0,0,0,0,17.2154,0,0,0,0,0,0,0,0,0,0,0,0,0,0,0,0,0,0,0,0,0,0,0,0,0,0,0,0,16,363.15,503,CC(CC(C)(C)C)CP(=O)([O-])CC(C)CC(C)(C)C.CCCCCCCCCCCCCC[P+](CCCCCC)(CCCCCC)CCCCCC,-0.653926467
0.204803949,-3.22691358,0.048265769,13.94230769,0,3.015143249,0.0,0.62,22606933164.0,38.87728521,9.458459888,0.0,0.0,0.0,0.0,0.0,0.0,0.0,99.19782932,14.63130672,24.64764011,14.63130672,22.66579303,36.97146016,4.893411603,14.63130672,36.97146016,4.565048285,0.0,0.0,22.66579303,12.32382005,12.84164325,128.4164325,50.3309266,0.0,83.0848464,0.0,0.0,12.25085601,0.5095742,0.0,44.73903896,26.54136458,-3.923519881,1.0,0,0,0,17.2154,0,0,0,0,0,0,0,0,0,0,0,0,0,0,0,0,0,0,0,0,0,0,0,0,0,0,0,0,16,373.15,504,CC(CC(C)(C)C)CP(=O)([O-])CC(C)CC(C)(C)C.CCCCCCCCCCCCCC[P+](CCCCCC)(CCCCCC)CCCCCC,-0.642454066
0.204803949,-3.22691358,0.048265769,13.94230769,0,3.015143249,0.0,0.62,22606933164.0,38.87728521,9.458459888,0.0,0.0,0.0,0.0,0.0,0.0,0.0,99.19782932,14.63130672,24.64764011,14.63130672,22.66579303,36.97146016,4.893411603,14.63130672,36.97146016,4.565048285,0.0,0.0,22.66579303,12.32382005,12.84164325,128.4164325,50.3309266,0.0,83.0848464,0.0,0.0,12.25085601,0.5095742,0.0,44.73903896,26.54136458,-3.923519881,1.0,0,0,0,17.2154,0,0,0,0,0,0,0,0,0,0,0,0,0,0,0,0,0,0,0,0,0,0,0,0,0,0,0,0,16,383.15,505,CC(CC(C)(C)C)CP(=O)([O-])CC(C)CC(C)(C)C.CCCCCCCCCCCCCC[P+](CCCCCC)(CCCCCC)CCCCCC,-0.667479434
0.857638889,-15.00578704,0.179874488,20.66666667,0,2.641148102,9.18e-07,-0.95,4684931.891,4.584856868,13.95675677,19.63426922,0.0,0.0,120.8430761,0.0,0.0,0.0,0.0,7.109797541,26.86831788,6.876385235,0.0,53.61238464,0.0,6.876385235,93.61516376,9.473725908,0.0,0.0,0.0,0.0,43.93794597,0.0,7.109797541,0.0,7.047671983,9.473725908,0.0,0.0,0.0,0.0,-26.11172068,-8.974528534,4.021970663,1.0,0,0,1,7.3038,0,0,0,0,0,0,1,0,1,0,0,0,0,0,0,0,0,2,0,1,1,0,0,0,0,0,1,0,0,318.15,506,COCC[N+]1(C)CCOCC1.FC(F)(F)C(F)(F)[P-](F)(F)(F)(C(F)(F)C(F)(F)F)C(F)(F)C(F)(F)F,0.09531018
0.857638889,-15.00578704,0.179874488,20.66666667,0,2.641148102,9.18e-07,-0.95,4684931.891,4.584856868,13.95675677,19.63426922,0.0,0.0,120.8430761,0.0,0.0,0.0,0.0,7.109797541,26.86831788,6.876385235,0.0,53.61238464,0.0,6.876385235,93.61516376,9.473725908,0.0,0.0,0.0,0.0,43.93794597,0.0,7.109797541,0.0,7.047671983,9.473725908,0.0,0.0,0.0,0.0,-26.11172068,-8.974528534,4.021970663,1.0,0,0,1,7.3038,0,0,0,0,0,0,1,0,1,0,0,0,0,0,0,0,0,2,0,1,1,0,0,0,0,0,1,0,0,328.15,507,COCC[N+]1(C)CCOCC1.FC(F)(F)C(F)(F)[P-](F)(F)(F)(C(F)(F)C(F)(F)F)C(F)(F)C(F)(F)F,0.148420005
0.857638889,-15.00578704,0.179874488,20.66666667,0,2.641148102,9.18e-07,-0.95,4684931.891,4.584856868,13.95675677,19.63426922,0.0,0.0,120.8430761,0.0,0.0,0.0,0.0,7.109797541,26.86831788,6.876385235,0.0,53.61238464,0.0,6.876385235,93.61516376,9.473725908,0.0,0.0,0.0,0.0,43.93794597,0.0,7.109797541,0.0,7.047671983,9.473725908,0.0,0.0,0.0,0.0,-26.11172068,-8.974528534,4.021970663,1.0,0,0,1,7.3038,0,0,0,0,0,0,1,0,1,0,0,0,0,0,0,0,0,2,0,1,1,0,0,0,0,0,1,0,0,338.15,508,COCC[N+]1(C)CCOCC1.FC(F)(F)C(F)(F)[P-](F)(F)(F)(C(F)(F)C(F)(F)F)C(F)(F)C(F)(F)F,0.198850859
0.857638889,-15.00578704,0.179874488,20.66666667,0,2.641148102,9.18e-07,-0.95,4684931.891,4.584856868,13.95675677,19.63426922,0.0,0.0,120.8430761,0.0,0.0,0.0,0.0,7.109797541,26.86831788,6.876385235,0.0,53.61238464,0.0,6.876385235,93.61516376,9.473725908,0.0,0.0,0.0,0.0,43.93794597,0.0,7.109797541,0.0,7.047671983,9.473725908,0.0,0.0,0.0,0.0,-26.11172068,-8.974528534,4.021970663,1.0,0,0,1,7.3038,0,0,0,0,0,0,1,0,1,0,0,0,0,0,0,0,0,2,0,1,1,0,0,0,0,0,1,0,0,348.15,509,COCC[N+]1(C)CCOCC1.FC(F)(F)C(F)(F)[P-](F)(F)(F)(C(F)(F)C(F)(F)F)C(F)(F)C(F)(F)F,0.246860078
0.857638889,-15.00578704,0.179874488,20.66666667,0,2.641148102,9.18e-07,-0.95,4684931.891,4.584856868,13.95675677,19.63426922,0.0,0.0,120.8430761,0.0,0.0,0.0,0.0,7.109797541,26.86831788,6.876385235,0.0,53.61238464,0.0,6.876385235,93.61516376,9.473725908,0.0,0.0,0.0,0.0,43.93794597,0.0,7.109797541,0.0,7.047671983,9.473725908,0.0,0.0,0.0,0.0,-26.11172068,-8.974528534,4.021970663,1.0,0,0,1,7.3038,0,0,0,0,0,0,1,0,1,0,0,0,0,0,0,0,0,2,0,1,1,0,0,0,0,0,1,0,0,358.15,510,COCC[N+]1(C)CCOCC1.FC(F)(F)C(F)(F)[P-](F)(F)(F)(C(F)(F)C(F)(F)F)C(F)(F)C(F)(F)F,0.292669614
0.857638889,-15.00578704,0.179874488,20.66666667,0,2.641148102,9.18e-07,-0.95,4684931.891,4.584856868,13.95675677,19.63426922,0.0,0.0,120.8430761,0.0,0.0,0.0,0.0,7.109797541,26.86831788,6.876385235,0.0,53.61238464,0.0,6.876385235,93.61516376,9.473725908,0.0,0.0,0.0,0.0,43.93794597,0.0,7.109797541,0.0,7.047671983,9.473725908,0.0,0.0,0.0,0.0,-26.11172068,-8.974528534,4.021970663,1.0,0,0,1,7.3038,0,0,0,0,0,0,1,0,1,0,0,0,0,0,0,0,0,2,0,1,1,0,0,0,0,0,1,0,0,368.15,511,COCC[N+]1(C)CCOCC1.FC(F)(F)C(F)(F)[P-](F)(F)(F)(C(F)(F)C(F)(F)F)C(F)(F)C(F)(F)F,0.329303747
1.056388889,-15.00578704,0.206217523,17.09090909,0,2.970314656,1.06e-06,-1.62,1381457.703,3.694682987,0.0,12.39368714,6.327320075,0.0,120.8430761,0.0,9.134199296,0.0,6.9237372,0.0,13.59242839,6.876385235,7.047671983,0.0,4.567099648,6.876385235,40.08684792,13.59242839,0.0,0.0,0.0,0.0,6.544756406,0.0,0.0,17.8116152,24.01500049,0.0,0.0,0.0,0.0,0.0,-19.96935957,-11.82439815,2.02,0.75,0,0,1,7.5267,0,0,0,0,0,0,2,0,0,0,0,0,0,0,2,0,0,0,0,0,0,0,0,0,0,0,0,0,0,318.15,512,CCn1cc[n+](C)c1.FC(F)(F)C(F)(F)[P-](F)(F)(F)(C(F)(F)C(F)(F)F)C(F)(F)C(F)(F)F,0.113328685
1.056388889,-15.00578704,0.206217523,17.09090909,0,2.970314656,1.06e-06,-1.62,1381457.703,3.694682987,0.0,12.39368714,6.327320075,0.0,120.8430761,0.0,9.134199296,0.0,6.9237372,0.0,13.59242839,6.876385235,7.047671983,0.0,4.567099648,6.876385235,40.08684792,13.59242839,0.0,0.0,0.0,0.0,6.544756406,0.0,0.0,17.8116152,24.01500049,0.0,0.0,0.0,0.0,0.0,-19.96935957,-11.82439815,2.02,0.75,0,0,1,7.5267,0,0,0,0,0,0,2,0,0,0,0,0,0,0,2,0,0,0,0,0,0,0,0,0,0,0,0,0,0,328.15,513,CCn1cc[n+](C)c1.FC(F)(F)C(F)(F)[P-](F)(F)(F)(C(F)(F)C(F)(F)F)C(F)(F)C(F)(F)F,0.182321557
1.056388889,-15.00578704,0.206217523,17.09090909,0,2.970314656,1.06e-06,-1.62,1381457.703,3.694682987,0.0,12.39368714,6.327320075,0.0,120.8430761,0.0,9.134199296,0.0,6.9237372,0.0,13.59242839,6.876385235,7.047671983,0.0,4.567099648,6.876385235,40.08684792,13.59242839,0.0,0.0,0.0,0.0,6.544756406,0.0,0.0,17.8116152,24.01500049,0.0,0.0,0.0,0.0,0.0,-19.96935957,-11.82439815,2.02,0.75,0,0,1,7.5267,0,0,0,0,0,0,2,0,0,0,0,0,0,0,2,0,0,0,0,0,0,0,0,0,0,0,0,0,0,338.15,514,CCn1cc[n+](C)c1.FC(F)(F)C(F)(F)[P-](F)(F)(F)(C(F)(F)C(F)(F)F)C(F)(F)C(F)(F)F,0.2390169
1.056388889,-15.00578704,0.206217523,17.09090909,0,2.970314656,1.06e-06,-1.62,1381457.703,3.694682987,0.0,12.39368714,6.327320075,0.0,120.8430761,0.0,9.134199296,0.0,6.9237372,0.0,13.59242839,6.876385235,7.047671983,0.0,4.567099648,6.876385235,40.08684792,13.59242839,0.0,0.0,0.0,0.0,6.544756406,0.0,0.0,17.8116152,24.01500049,0.0,0.0,0.0,0.0,0.0,-19.96935957,-11.82439815,2.02,0.75,0,0,1,7.5267,0,0,0,0,0,0,2,0,0,0,0,0,0,0,2,0,0,0,0,0,0,0,0,0,0,0,0,0,0,348.15,515,CCn1cc[n+](C)c1.FC(F)(F)C(F)(F)[P-](F)(F)(F)(C(F)(F)C(F)(F)F)C(F)(F)C(F)(F)F,0.285178942
1.056388889,-15.00578704,0.206217523,17.09090909,0,2.970314656,1.06e-06,-1.62,1381457.703,3.694682987,0.0,12.39368714,6.327320075,0.0,120.8430761,0.0,9.134199296,0.0,6.9237372,0.0,13.59242839,6.876385235,7.047671983,0.0,4.567099648,6.876385235,40.08684792,13.59242839,0.0,0.0,0.0,0.0,6.544756406,0.0,0.0,17.8116152,24.01500049,0.0,0.0,0.0,0.0,0.0,-19.96935957,-11.82439815,2.02,0.75,0,0,1,7.5267,0,0,0,0,0,0,2,0,0,0,0,0,0,0,2,0,0,0,0,0,0,0,0,0,0,0,0,0,0,358.15,516,CCn1cc[n+](C)c1.FC(F)(F)C(F)(F)[P-](F)(F)(F)(C(F)(F)C(F)(F)F)C(F)(F)C(F)(F)F,0.343589704
1.056388889,-15.00578704,0.206217523,17.09090909,0,2.970314656,1.06e-06,-1.62,1381457.703,3.694682987,0.0,12.39368714,6.327320075,0.0,120.8430761,0.0,9.134199296,0.0,6.9237372,0.0,13.59242839,6.876385235,7.047671983,0.0,4.567099648,6.876385235,40.08684792,13.59242839,0.0,0.0,0.0,0.0,6.544756406,0.0,0.0,17.8116152,24.01500049,0.0,0.0,0.0,0.0,0.0,-19.96935957,-11.82439815,2.02,0.75,0,0,1,7.5267,0,0,0,0,0,0,2,0,0,0,0,0,0,0,2,0,0,0,0,0,0,0,0,0,0,0,0,0,0,368.15,517,CCn1cc[n+](C)c1.FC(F)(F)C(F)(F)[P-](F)(F)(F)(C(F)(F)C(F)(F)F)C(F)(F)C(F)(F)F,0.392042088
0.314183673,-6.721527778,0.502460344,18.76923077,0,2.43043765,5.02e-07,-0.68,108815.5545,7.911629221,18.45382233,13.08951281,0.0,0.0,11.016661,0.0,16.83559397,0.0,0.0,13.02770359,26.80619232,20.04658231,0.0,46.50258709,0.0,0.0,83.94440032,24.78344526,0.0,4.127401125,0.0,6.606881965,47.87928675,0.0,0.0,0.0,7.047671983,9.843390349,0.0,0.0,0.0,0.0,0.913194444,5.345649093,-11.20875,1.0,0,0,1,0.9049,1,1,0,0,0,0,2,0,1,0,0,0,0,0,0,0,0,1,0,0,1,0,0,0,0,0,1,0,0,318.15,518,C[N+]1(CCCO)CCOCC1.O=S(=O)([N-]S(=O)(=O)C(F)(F)F)C(F)(F)F,1.393766376
0.314183673,-6.721527778,0.502460344,18.76923077,0,2.43043765,5.02e-07,-0.68,108815.5545,7.911629221,18.45382233,13.08951281,0.0,0.0,11.016661,0.0,16.83559397,0.0,0.0,13.02770359,26.80619232,20.04658231,0.0,46.50258709,0.0,0.0,83.94440032,24.78344526,0.0,4.127401125,0.0,6.606881965,47.87928675,0.0,0.0,0.0,7.047671983,9.843390349,0.0,0.0,0.0,0.0,0.913194444,5.345649093,-11.20875,1.0,0,0,1,0.9049,1,1,0,0,0,0,2,0,1,0,0,0,0,0,0,0,0,1,0,0,1,0,0,0,0,0,1,0,0,328.15,519,C[N+]1(CCCO)CCOCC1.O=S(=O)([N-]S(=O)(=O)C(F)(F)F)C(F)(F)F,1.406096988
0.314183673,-6.721527778,0.502460344,18.76923077,0,2.43043765,5.02e-07,-0.68,108815.5545,7.911629221,18.45382233,13.08951281,0.0,0.0,11.016661,0.0,16.83559397,0.0,0.0,13.02770359,26.80619232,20.04658231,0.0,46.50258709,0.0,0.0,83.94440032,24.78344526,0.0,4.127401125,0.0,6.606881965,47.87928675,0.0,0.0,0.0,7.047671983,9.843390349,0.0,0.0,0.0,0.0,0.913194444,5.345649093,-11.20875,1.0,0,0,1,0.9049,1,1,0,0,0,0,2,0,1,0,0,0,0,0,0,0,0,1,0,0,1,0,0,0,0,0,1,0,0,338.15,520,C[N+]1(CCCO)CCOCC1.O=S(=O)([N-]S(=O)(=O)C(F)(F)F)C(F)(F)F,1.413423029
0.314183673,-6.721527778,0.502460344,18.76923077,0,2.43043765,5.02e-07,-0.68,108815.5545,7.911629221,18.45382233,13.08951281,0.0,0.0,11.016661,0.0,16.83559397,0.0,0.0,13.02770359,26.80619232,20.04658231,0.0,46.50258709,0.0,0.0,83.94440032,24.78344526,0.0,4.127401125,0.0,6.606881965,47.87928675,0.0,0.0,0.0,7.047671983,9.843390349,0.0,0.0,0.0,0.0,0.913194444,5.345649093,-11.20875,1.0,0,0,1,0.9049,1,1,0,0,0,0,2,0,1,0,0,0,0,0,0,0,0,1,0,0,1,0,0,0,0,0,1,0,0,348.15,521,C[N+]1(CCCO)CCOCC1.O=S(=O)([N-]S(=O)(=O)C(F)(F)F)C(F)(F)F,1.425515074
0.314183673,-6.721527778,0.502460344,18.76923077,0,2.43043765,5.02e-07,-0.68,108815.5545,7.911629221,18.45382233,13.08951281,0.0,0.0,11.016661,0.0,16.83559397,0.0,0.0,13.02770359,26.80619232,20.04658231,0.0,46.50258709,0.0,0.0,83.94440032,24.78344526,0.0,4.127401125,0.0,6.606881965,47.87928675,0.0,0.0,0.0,7.047671983,9.843390349,0.0,0.0,0.0,0.0,0.913194444,5.345649093,-11.20875,1.0,0,0,1,0.9049,1,1,0,0,0,0,2,0,1,0,0,0,0,0,0,0,0,1,0,0,1,0,0,0,0,0,1,0,0,358.15,522,C[N+]1(CCCO)CCOCC1.O=S(=O)([N-]S(=O)(=O)C(F)(F)F)C(F)(F)F,1.432700734
0.314183673,-6.721527778,0.502460344,18.76923077,0,2.43043765,5.02e-07,-0.68,108815.5545,7.911629221,18.45382233,13.08951281,0.0,0.0,11.016661,0.0,16.83559397,0.0,0.0,13.02770359,26.80619232,20.04658231,0.0,46.50258709,0.0,0.0,83.94440032,24.78344526,0.0,4.127401125,0.0,6.606881965,47.87928675,0.0,0.0,0.0,7.047671983,9.843390349,0.0,0.0,0.0,0.0,0.913194444,5.345649093,-11.20875,1.0,0,0,1,0.9049,1,1,0,0,0,0,2,0,1,0,0,0,0,0,0,0,0,1,0,0,1,0,0,0,0,0,1,0,0,368.15,523,C[N+]1(CCCO)CCOCC1.O=S(=O)([N-]S(=O)(=O)C(F)(F)F)C(F)(F)F,1.439835128
0.889722222,0.889722222,0.39231395,7.357142857,0,2.545467115,2.92e-07,-2.27,1384.73411,5.389460626,10.52378311,18.93844355,6.327320075,0.0,0.0,5.316788604,9.134199296,0.0,0.0,12.38631219,7.047671983,0.0,7.047671983,0.0,4.567099648,0.0,4.567099648,13.59242839,0.0,5.316788604,0.0,0.0,6.544756406,12.38631219,0.0,36.41179896,16.46282394,10.52378311,0.0,0.0,0.0,0.0,10.47208333,4.524852608,1.999591837,0.222222222,0,0,1,0.82086,0,0,0,0,0,0,5,0,0,0,0,0,1,0,1,0,0,0,0,0,0,0,0,0,0,0,0,0,0,308.15,524,C=CC[n+]1ccn(C)c1.N#C[N-]C#N,1.587192303
0.889722222,0.889722222,0.39231395,7.357142857,0,2.545467115,2.92e-07,-2.27,1384.73411,5.389460626,10.52378311,18.93844355,6.327320075,0.0,0.0,5.316788604,9.134199296,0.0,0.0,12.38631219,7.047671983,0.0,7.047671983,0.0,4.567099648,0.0,4.567099648,13.59242839,0.0,5.316788604,0.0,0.0,6.544756406,12.38631219,0.0,36.41179896,16.46282394,10.52378311,0.0,0.0,0.0,0.0,10.47208333,4.524852608,1.999591837,0.222222222,0,0,1,0.82086,0,0,0,0,0,0,5,0,0,0,0,0,1,0,1,0,0,0,0,0,0,0,0,0,0,0,0,0,0,318.15,525,C=CC[n+]1ccn(C)c1.N#C[N-]C#N,1.617406082
0.889722222,0.889722222,0.39231395,7.357142857,0,2.545467115,2.92e-07,-2.27,1384.73411,5.389460626,10.52378311,18.93844355,6.327320075,0.0,0.0,5.316788604,9.134199296,0.0,0.0,12.38631219,7.047671983,0.0,7.047671983,0.0,4.567099648,0.0,4.567099648,13.59242839,0.0,5.316788604,0.0,0.0,6.544756406,12.38631219,0.0,36.41179896,16.46282394,10.52378311,0.0,0.0,0.0,0.0,10.47208333,4.524852608,1.999591837,0.222222222,0,0,1,0.82086,0,0,0,0,0,0,5,0,0,0,0,0,1,0,1,0,0,0,0,0,0,0,0,0,0,0,0,0,0,328.15,526,C=CC[n+]1ccn(C)c1.N#C[N-]C#N,1.648658626
0.889722222,0.889722222,0.39231395,7.357142857,0,2.545467115,2.92e-07,-2.27,1384.73411,5.389460626,10.52378311,18.93844355,6.327320075,0.0,0.0,5.316788604,9.134199296,0.0,0.0,12.38631219,7.047671983,0.0,7.047671983,0.0,4.567099648,0.0,4.567099648,13.59242839,0.0,5.316788604,0.0,0.0,6.544756406,12.38631219,0.0,36.41179896,16.46282394,10.52378311,0.0,0.0,0.0,0.0,10.47208333,4.524852608,1.999591837,0.222222222,0,0,1,0.82086,0,0,0,0,0,0,5,0,0,0,0,0,1,0,1,0,0,0,0,0,0,0,0,0,0,0,0,0,0,338.15,527,C=CC[n+]1ccn(C)c1.N#C[N-]C#N,1.675225653
0.889722222,0.889722222,0.39231395,7.357142857,0,2.545467115,2.92e-07,-2.27,1384.73411,5.389460626,10.52378311,18.93844355,6.327320075,0.0,0.0,5.316788604,9.134199296,0.0,0.0,12.38631219,7.047671983,0.0,7.047671983,0.0,4.567099648,0.0,4.567099648,13.59242839,0.0,5.316788604,0.0,0.0,6.544756406,12.38631219,0.0,36.41179896,16.46282394,10.52378311,0.0,0.0,0.0,0.0,10.47208333,4.524852608,1.999591837,0.222222222,0,0,1,0.82086,0,0,0,0,0,0,5,0,0,0,0,0,1,0,1,0,0,0,0,0,0,0,0,0,0,0,0,0,0,348.15,528,C=CC[n+]1ccn(C)c1.N#C[N-]C#N,1.701105101
0.889722222,0.889722222,0.39231395,7.357142857,0,2.545467115,2.92e-07,-2.27,1384.73411,5.389460626,10.52378311,18.93844355,6.327320075,0.0,0.0,5.316788604,9.134199296,0.0,0.0,12.38631219,7.047671983,0.0,7.047671983,0.0,4.567099648,0.0,4.567099648,13.59242839,0.0,5.316788604,0.0,0.0,6.544756406,12.38631219,0.0,36.41179896,16.46282394,10.52378311,0.0,0.0,0.0,0.0,10.47208333,4.524852608,1.999591837,0.222222222,0,0,1,0.82086,0,0,0,0,0,0,5,0,0,0,0,0,1,0,1,0,0,0,0,0,0,0,0,0,0,0,0,0,0,358.15,529,C=CC[n+]1ccn(C)c1.N#C[N-]C#N,1.726331664
0.777777778,-6.721527778,0.433461285,13.125,0,2.715886202,4.96e-07,-1.61,50417.71145,6.481992024,4.127401125,18.93844355,6.327320075,0.0,11.016661,0.0,25.96979326,0.0,0.0,0.0,7.047671983,20.04658231,7.047671983,0.0,4.567099648,0.0,32.41935462,33.6390107,0.0,4.127401125,0.0,0.0,10.67215753,0.0,0.0,36.41179896,11.14603533,0.0,0.0,0.0,0.0,0.0,7.909583333,4.524852608,-11.44346372,0.444444444,0,0,1,1.5579,0,0,0,0,0,0,3,0,0,0,0,0,1,0,1,0,0,0,0,0,0,0,0,0,0,0,0,0,0,318.15,530,C=CC[n+]1ccn(C)c1.O=S(=O)([N-]S(=O)(=O)C(F)(F)F)C(F)(F)F,0.542324291
0.777777778,-6.721527778,0.433461285,13.125,0,2.715886202,4.96e-07,-1.61,50417.71145,6.481992024,4.127401125,18.93844355,6.327320075,0.0,11.016661,0.0,25.96979326,0.0,0.0,0.0,7.047671983,20.04658231,7.047671983,0.0,4.567099648,0.0,32.41935462,33.6390107,0.0,4.127401125,0.0,0.0,10.67215753,0.0,0.0,36.41179896,11.14603533,0.0,0.0,0.0,0.0,0.0,7.909583333,4.524852608,-11.44346372,0.444444444,0,0,1,1.5579,0,0,0,0,0,0,3,0,0,0,0,0,1,0,1,0,0,0,0,0,0,0,0,0,0,0,0,0,0,328.15,531,C=CC[n+]1ccn(C)c1.O=S(=O)([N-]S(=O)(=O)C(F)(F)F)C(F)(F)F,0.587786665
0.777777778,-6.721527778,0.433461285,13.125,0,2.715886202,4.96e-07,-1.61,50417.71145,6.481992024,4.127401125,18.93844355,6.327320075,0.0,11.016661,0.0,25.96979326,0.0,0.0,0.0,7.047671983,20.04658231,7.047671983,0.0,4.567099648,0.0,32.41935462,33.6390107,0.0,4.127401125,0.0,0.0,10.67215753,0.0,0.0,36.41179896,11.14603533,0.0,0.0,0.0,0.0,0.0,7.909583333,4.524852608,-11.44346372,0.444444444,0,0,1,1.5579,0,0,0,0,0,0,3,0,0,0,0,0,1,0,1,0,0,0,0,0,0,0,0,0,0,0,0,0,0,338.15,532,C=CC[n+]1ccn(C)c1.O=S(=O)([N-]S(=O)(=O)C(F)(F)F)C(F)(F)F,0.631271777
0.777777778,-6.721527778,0.433461285,13.125,0,2.715886202,4.96e-07,-1.61,50417.71145,6.481992024,4.127401125,18.93844355,6.327320075,0.0,11.016661,0.0,25.96979326,0.0,0.0,0.0,7.047671983,20.04658231,7.047671983,0.0,4.567099648,0.0,32.41935462,33.6390107,0.0,4.127401125,0.0,0.0,10.67215753,0.0,0.0,36.41179896,11.14603533,0.0,0.0,0.0,0.0,0.0,7.909583333,4.524852608,-11.44346372,0.444444444,0,0,1,1.5579,0,0,0,0,0,0,3,0,0,0,0,0,1,0,1,0,0,0,0,0,0,0,0,0,0,0,0,0,0,348.15,533,C=CC[n+]1ccn(C)c1.O=S(=O)([N-]S(=O)(=O)C(F)(F)F)C(F)(F)F,0.667829373
0.777777778,-6.721527778,0.433461285,13.125,0,2.715886202,4.96e-07,-1.61,50417.71145,6.481992024,4.127401125,18.93844355,6.327320075,0.0,11.016661,0.0,25.96979326,0.0,0.0,0.0,7.047671983,20.04658231,7.047671983,0.0,4.567099648,0.0,32.41935462,33.6390107,0.0,4.127401125,0.0,0.0,10.67215753,0.0,0.0,36.41179896,11.14603533,0.0,0.0,0.0,0.0,0.0,7.909583333,4.524852608,-11.44346372,0.444444444,0,0,1,1.5579,0,0,0,0,0,0,3,0,0,0,0,0,1,0,1,0,0,0,0,0,0,0,0,0,0,0,0,0,0,358.15,534,C=CC[n+]1ccn(C)c1.O=S(=O)([N-]S(=O)(=O)C(F)(F)F)C(F)(F)F,0.708035793
0.777777778,-6.721527778,0.433461285,13.125,0,2.715886202,4.96e-07,-1.61,50417.71145,6.481992024,4.127401125,18.93844355,6.327320075,0.0,11.016661,0.0,25.96979326,0.0,0.0,0.0,7.047671983,20.04658231,7.047671983,0.0,4.567099648,0.0,32.41935462,33.6390107,0.0,4.127401125,0.0,0.0,10.67215753,0.0,0.0,36.41179896,11.14603533,0.0,0.0,0.0,0.0,0.0,7.909583333,4.524852608,-11.44346372,0.444444444,0,0,1,1.5579,0,0,0,0,0,0,3,0,0,0,0,0,1,0,1,0,0,0,0,0,0,0,0,0,0,0,0,0,0,368.15,535,C=CC[n+]1ccn(C)c1.O=S(=O)([N-]S(=O)(=O)C(F)(F)F)C(F)(F)F,0.746687947
1.199624906,1.199624906,0.136239656,10.09677419,0,3.121853455,1.61e-06,-2.01,5819084.89,17.37204023,10.52378311,12.39368714,0.0,5.824404498,0.0,5.316788604,9.134199296,0.0,25.68328649,19.31004939,13.08951281,0.0,0.0,0.0,4.567099648,0.0,4.567099648,13.08951281,0.0,5.316788604,0.0,0.0,0.0,134.0333755,0.0,0.0,47.61588664,10.52378311,0.0,0.0,1.440640361,0.0,29.59777721,9.270449168,0.0,0.807692308,0,0,1,7.68768,0,0,0,0,0,0,5,0,0,0,0,0,0,0,2,0,0,0,0,0,0,0,0,0,0,0,0,0,12,358.15,536,CCCCCCCCCCn1cc[n+](CCCCCCCCCC)c1C.N#C[N-]C#N,-0.0629398
1.199624906,1.199624906,0.136239656,10.09677419,0,3.121853455,1.61e-06,-2.01,5819084.89,17.37204023,10.52378311,12.39368714,0.0,5.824404498,0.0,5.316788604,9.134199296,0.0,25.68328649,19.31004939,13.08951281,0.0,0.0,0.0,4.567099648,0.0,4.567099648,13.08951281,0.0,5.316788604,0.0,0.0,0.0,134.0333755,0.0,0.0,47.61588664,10.52378311,0.0,0.0,1.440640361,0.0,29.59777721,9.270449168,0.0,0.807692308,0,0,1,7.68768,0,0,0,0,0,0,5,0,0,0,0,0,0,0,2,0,0,0,0,0,0,0,0,0,0,0,0,0,12,368.15,537,CCCCCCCCCCn1cc[n+](CCCCCCCCCC)c1C.N#C[N-]C#N,-0.027371197
1.199624906,1.199624906,0.136239656,10.09677419,0,3.121853455,1.61e-06,-2.01,5819084.89,17.37204023,10.52378311,12.39368714,0.0,5.824404498,0.0,5.316788604,9.134199296,0.0,25.68328649,19.31004939,13.08951281,0.0,0.0,0.0,4.567099648,0.0,4.567099648,13.08951281,0.0,5.316788604,0.0,0.0,0.0,134.0333755,0.0,0.0,47.61588664,10.52378311,0.0,0.0,1.440640361,0.0,29.59777721,9.270449168,0.0,0.807692308,0,0,1,7.68768,0,0,0,0,0,0,5,0,0,0,0,0,0,0,2,0,0,0,0,0,0,0,0,0,0,0,0,0,12,378.15,538,CCCCCCCCCCn1cc[n+](CCCCCCCCCC)c1C.N#C[N-]C#N,0.009950331
1.199624906,1.199624906,0.136239656,10.09677419,0,3.121853455,1.61e-06,-2.01,5819084.89,17.37204023,10.52378311,12.39368714,0.0,5.824404498,0.0,5.316788604,9.134199296,0.0,25.68328649,19.31004939,13.08951281,0.0,0.0,0.0,4.567099648,0.0,4.567099648,13.08951281,0.0,5.316788604,0.0,0.0,0.0,134.0333755,0.0,0.0,47.61588664,10.52378311,0.0,0.0,1.440640361,0.0,29.59777721,9.270449168,0.0,0.807692308,0,0,1,7.68768,0,0,0,0,0,0,5,0,0,0,0,0,0,0,2,0,0,0,0,0,0,0,0,0,0,0,0,0,12,388.15,539,CCCCCCCCCCn1cc[n+](CCCCCCCCCC)c1C.N#C[N-]C#N,0.039220713
1.199624906,1.199624906,0.136239656,10.09677419,0,3.121853455,1.61e-06,-2.01,5819084.89,17.37204023,10.52378311,12.39368714,0.0,5.824404498,0.0,5.316788604,9.134199296,0.0,25.68328649,19.31004939,13.08951281,0.0,0.0,0.0,4.567099648,0.0,4.567099648,13.08951281,0.0,5.316788604,0.0,0.0,0.0,134.0333755,0.0,0.0,47.61588664,10.52378311,0.0,0.0,1.440640361,0.0,29.59777721,9.270449168,0.0,0.807692308,0,0,1,7.68768,0,0,0,0,0,0,5,0,0,0,0,0,0,0,2,0,0,0,0,0,0,0,0,0,0,0,0,0,12,398.15,540,CCCCCCCCCCn1cc[n+](CCCCCCCCCC)c1C.N#C[N-]C#N,0.076961041
1.199624906,1.199624906,0.136239656,10.09677419,0,3.121853455,1.61e-06,-2.01,5819084.89,17.37204023,10.52378311,12.39368714,0.0,5.824404498,0.0,5.316788604,9.134199296,0.0,25.68328649,19.31004939,13.08951281,0.0,0.0,0.0,4.567099648,0.0,4.567099648,13.08951281,0.0,5.316788604,0.0,0.0,0.0,134.0333755,0.0,0.0,47.61588664,10.52378311,0.0,0.0,1.440640361,0.0,29.59777721,9.270449168,0.0,0.807692308,0,0,1,7.68768,0,0,0,0,0,0,5,0,0,0,0,0,0,0,2,0,0,0,0,0,0,0,0,0,0,0,0,0,12,408.15,541,CCCCCCCCCCn1cc[n+](CCCCCCCCCC)c1C.N#C[N-]C#N,0.104360015
0.777777778,-6.721527778,0.585943687,13.17391304,0,2.363130333,5.02e-07,-1.41,30966.45988,6.699561917,4.127401125,6.544756406,0.0,0.0,11.016661,0.0,21.40269362,0.0,6.9237372,12.13273414,0.0,20.04658231,0.0,0.0,4.567099648,0.0,27.85225497,26.59133871,0.0,4.127401125,0.0,0.0,10.67215753,0.0,0.0,18.19910121,23.88452399,0.0,0.0,0.0,0.0,6.0825,4.111111111,3.181388889,-13.44305556,0.444444444,0,0,1,2.0533,0,0,0,0,0,0,2,0,0,0,0,0,0,0,1,0,0,0,0,0,0,0,0,0,0,1,0,0,0,303.6,542,CC[n+]1ccccc1.O=S(=O)([N-]S(=O)(=O)C(F)(F)F)C(F)(F)F,0.741937345
0.777777778,-6.721527778,0.585943687,13.17391304,0,2.363130333,5.02e-07,-1.41,30966.45988,6.699561917,4.127401125,6.544756406,0.0,0.0,11.016661,0.0,21.40269362,0.0,6.9237372,12.13273414,0.0,20.04658231,0.0,0.0,4.567099648,0.0,27.85225497,26.59133871,0.0,4.127401125,0.0,0.0,10.67215753,0.0,0.0,18.19910121,23.88452399,0.0,0.0,0.0,0.0,6.0825,4.111111111,3.181388889,-13.44305556,0.444444444,0,0,1,2.0533,0,0,0,0,0,0,2,0,0,0,0,0,0,0,1,0,0,0,0,0,0,0,0,0,0,1,0,0,0,313.1,543,CC[n+]1ccccc1.O=S(=O)([N-]S(=O)(=O)C(F)(F)F)C(F)(F)F,0.741937345
0.777777778,-6.721527778,0.585943687,13.17391304,0,2.363130333,5.02e-07,-1.41,30966.45988,6.699561917,4.127401125,6.544756406,0.0,0.0,11.016661,0.0,21.40269362,0.0,6.9237372,12.13273414,0.0,20.04658231,0.0,0.0,4.567099648,0.0,27.85225497,26.59133871,0.0,4.127401125,0.0,0.0,10.67215753,0.0,0.0,18.19910121,23.88452399,0.0,0.0,0.0,0.0,6.0825,4.111111111,3.181388889,-13.44305556,0.444444444,0,0,1,2.0533,0,0,0,0,0,0,2,0,0,0,0,0,0,0,1,0,0,0,0,0,0,0,0,0,0,1,0,0,0,323.2,544,CC[n+]1ccccc1.O=S(=O)([N-]S(=O)(=O)C(F)(F)F)C(F)(F)F,0.741937345
0.777777778,-6.721527778,0.585943687,13.17391304,0,2.363130333,5.02e-07,-1.41,30966.45988,6.699561917,4.127401125,6.544756406,0.0,0.0,11.016661,0.0,21.40269362,0.0,6.9237372,12.13273414,0.0,20.04658231,0.0,0.0,4.567099648,0.0,27.85225497,26.59133871,0.0,4.127401125,0.0,0.0,10.67215753,0.0,0.0,18.19910121,23.88452399,0.0,0.0,0.0,0.0,6.0825,4.111111111,3.181388889,-13.44305556,0.444444444,0,0,1,2.0533,0,0,0,0,0,0,2,0,0,0,0,0,0,0,1,0,0,0,0,0,0,0,0,0,0,1,0,0,0,333.2,545,CC[n+]1ccccc1.O=S(=O)([N-]S(=O)(=O)C(F)(F)F)C(F)(F)F,0.741937345
0.777777778,-6.721527778,0.585943687,13.17391304,0,2.363130333,5.02e-07,-1.41,30966.45988,6.699561917,4.127401125,6.544756406,0.0,0.0,11.016661,0.0,21.40269362,0.0,6.9237372,12.13273414,0.0,20.04658231,0.0,0.0,4.567099648,0.0,27.85225497,26.59133871,0.0,4.127401125,0.0,0.0,10.67215753,0.0,0.0,18.19910121,23.88452399,0.0,0.0,0.0,0.0,6.0825,4.111111111,3.181388889,-13.44305556,0.444444444,0,0,1,2.0533,0,0,0,0,0,0,2,0,0,0,0,0,0,0,1,0,0,0,0,0,0,0,0,0,0,1,0,0,0,343.0,546,CC[n+]1ccccc1.O=S(=O)([N-]S(=O)(=O)C(F)(F)F)C(F)(F)F,0.741937345
0.777777778,-6.721527778,0.585943687,13.17391304,0,2.363130333,5.02e-07,-1.41,30966.45988,6.699561917,4.127401125,6.544756406,0.0,0.0,11.016661,0.0,21.40269362,0.0,6.9237372,12.13273414,0.0,20.04658231,0.0,0.0,4.567099648,0.0,27.85225497,26.59133871,0.0,4.127401125,0.0,0.0,10.67215753,0.0,0.0,18.19910121,23.88452399,0.0,0.0,0.0,0.0,6.0825,4.111111111,3.181388889,-13.44305556,0.444444444,0,0,1,2.0533,0,0,0,0,0,0,2,0,0,0,0,0,0,0,1,0,0,0,0,0,0,0,0,0,0,1,0,0,0,353.3,547,CC[n+]1ccccc1.O=S(=O)([N-]S(=O)(=O)C(F)(F)F)C(F)(F)F,0.741937345
0.777777778,-6.721527778,0.545724389,13.08,0,2.43199751,4.96e-07,-1.41,82327.9797,8.004381879,4.127401125,6.544756406,0.0,0.0,11.016661,0.0,21.40269362,0.0,0.0,18.55355576,0.0,20.04658231,0.0,0.0,4.567099648,0.0,27.85225497,26.59133871,0.0,4.127401125,0.0,0.0,10.67215753,12.84164325,0.0,6.066367068,36.01725813,0.0,0.0,0.0,0.0,6.174370748,6.751879252,3.361944444,-13.44305556,0.545454545,0,0,1,2.8335,0,0,0,0,0,0,2,0,0,0,0,0,0,0,1,0,0,0,0,0,0,0,0,0,0,1,0,0,0,302.8,548,CCCC[n+]1ccccc1.O=S(=O)([N-]S(=O)(=O)C(F)(F)F)C(F)(F)F,0.587786665
0.777777778,-6.721527778,0.545724389,13.08,0,2.43199751,4.96e-07,-1.41,82327.9797,8.004381879,4.127401125,6.544756406,0.0,0.0,11.016661,0.0,21.40269362,0.0,0.0,18.55355576,0.0,20.04658231,0.0,0.0,4.567099648,0.0,27.85225497,26.59133871,0.0,4.127401125,0.0,0.0,10.67215753,12.84164325,0.0,6.066367068,36.01725813,0.0,0.0,0.0,0.0,6.174370748,6.751879252,3.361944444,-13.44305556,0.545454545,0,0,1,2.8335,0,0,0,0,0,0,2,0,0,0,0,0,0,0,1,0,0,0,0,0,0,0,0,0,0,1,0,0,0,312.6,549,CCCC[n+]1ccccc1.O=S(=O)([N-]S(=O)(=O)C(F)(F)F)C(F)(F)F,0.587786665
0.777777778,-6.721527778,0.545724389,13.08,0,2.43199751,4.96e-07,-1.41,82327.9797,8.004381879,4.127401125,6.544756406,0.0,0.0,11.016661,0.0,21.40269362,0.0,0.0,18.55355576,0.0,20.04658231,0.0,0.0,4.567099648,0.0,27.85225497,26.59133871,0.0,4.127401125,0.0,0.0,10.67215753,12.84164325,0.0,6.066367068,36.01725813,0.0,0.0,0.0,0.0,6.174370748,6.751879252,3.361944444,-13.44305556,0.545454545,0,0,1,2.8335,0,0,0,0,0,0,2,0,0,0,0,0,0,0,1,0,0,0,0,0,0,0,0,0,0,1,0,0,0,323.3,550,CCCC[n+]1ccccc1.O=S(=O)([N-]S(=O)(=O)C(F)(F)F)C(F)(F)F,0.587786665
0.777777778,-6.721527778,0.545724389,13.08,0,2.43199751,4.96e-07,-1.41,82327.9797,8.004381879,4.127401125,6.544756406,0.0,0.0,11.016661,0.0,21.40269362,0.0,0.0,18.55355576,0.0,20.04658231,0.0,0.0,4.567099648,0.0,27.85225497,26.59133871,0.0,4.127401125,0.0,0.0,10.67215753,12.84164325,0.0,6.066367068,36.01725813,0.0,0.0,0.0,0.0,6.174370748,6.751879252,3.361944444,-13.44305556,0.545454545,0,0,1,2.8335,0,0,0,0,0,0,2,0,0,0,0,0,0,0,1,0,0,0,0,0,0,0,0,0,0,1,0,0,0,333.2,551,CCCC[n+]1ccccc1.O=S(=O)([N-]S(=O)(=O)C(F)(F)F)C(F)(F)F,0.587786665
0.777777778,-6.721527778,0.545724389,13.08,0,2.43199751,4.96e-07,-1.41,82327.9797,8.004381879,4.127401125,6.544756406,0.0,0.0,11.016661,0.0,21.40269362,0.0,0.0,18.55355576,0.0,20.04658231,0.0,0.0,4.567099648,0.0,27.85225497,26.59133871,0.0,4.127401125,0.0,0.0,10.67215753,12.84164325,0.0,6.066367068,36.01725813,0.0,0.0,0.0,0.0,6.174370748,6.751879252,3.361944444,-13.44305556,0.545454545,0,0,1,2.8335,0,0,0,0,0,0,2,0,0,0,0,0,0,0,1,0,0,0,0,0,0,0,0,0,0,1,0,0,0,343.2,552,CCCC[n+]1ccccc1.O=S(=O)([N-]S(=O)(=O)C(F)(F)F)C(F)(F)F,0.641853886
0.777777778,-6.721527778,0.545724389,13.08,0,2.43199751,4.96e-07,-1.41,82327.9797,8.004381879,4.127401125,6.544756406,0.0,0.0,11.016661,0.0,21.40269362,0.0,0.0,18.55355576,0.0,20.04658231,0.0,0.0,4.567099648,0.0,27.85225497,26.59133871,0.0,4.127401125,0.0,0.0,10.67215753,12.84164325,0.0,6.066367068,36.01725813,0.0,0.0,0.0,0.0,6.174370748,6.751879252,3.361944444,-13.44305556,0.545454545,0,0,1,2.8335,0,0,0,0,0,0,2,0,0,0,0,0,0,0,1,0,0,0,0,0,0,0,0,0,0,1,0,0,0,353.3,553,CCCC[n+]1ccccc1.O=S(=O)([N-]S(=O)(=O)C(F)(F)F)C(F)(F)F,0.641853886
0.777777778,-6.721527778,0.394027952,13.03846154,0,2.457319136,5.02e-07,-1.41,134169.6248,8.313148521,4.127401125,6.544756406,0.0,0.0,11.016661,0.0,21.40269362,0.0,6.420821623,18.55355576,0.0,20.04658231,0.0,0.0,4.567099648,0.0,27.85225497,26.59133871,0.0,4.127401125,0.0,0.0,10.67215753,19.26246487,0.0,0.0,42.0836252,0.0,0.0,0.0,0.0,6.202591412,8.172408588,3.393194444,-13.44305556,0.583333333,0,0,1,3.2236,0,0,0,0,0,0,2,0,0,0,0,0,0,0,1,0,0,0,0,0,0,0,0,0,0,1,0,0,1,303.1,554,CCCCC[n+]1ccccc1.O=S(=O)([N-]S(=O)(=O)C(F)(F)F)C(F)(F)F,0.246860078
0.777777778,-6.721527778,0.394027952,13.03846154,0,2.457319136,5.02e-07,-1.41,134169.6248,8.313148521,4.127401125,6.544756406,0.0,0.0,11.016661,0.0,21.40269362,0.0,6.420821623,18.55355576,0.0,20.04658231,0.0,0.0,4.567099648,0.0,27.85225497,26.59133871,0.0,4.127401125,0.0,0.0,10.67215753,19.26246487,0.0,0.0,42.0836252,0.0,0.0,0.0,0.0,6.202591412,8.172408588,3.393194444,-13.44305556,0.583333333,0,0,1,3.2236,0,0,0,0,0,0,2,0,0,0,0,0,0,0,1,0,0,0,0,0,0,0,0,0,0,1,0,0,1,312.8,555,CCCCC[n+]1ccccc1.O=S(=O)([N-]S(=O)(=O)C(F)(F)F)C(F)(F)F,0.262364264
0.777777778,-6.721527778,0.394027952,13.03846154,0,2.457319136,5.02e-07,-1.41,134169.6248,8.313148521,4.127401125,6.544756406,0.0,0.0,11.016661,0.0,21.40269362,0.0,6.420821623,18.55355576,0.0,20.04658231,0.0,0.0,4.567099648,0.0,27.85225497,26.59133871,0.0,4.127401125,0.0,0.0,10.67215753,19.26246487,0.0,0.0,42.0836252,0.0,0.0,0.0,0.0,6.202591412,8.172408588,3.393194444,-13.44305556,0.583333333,0,0,1,3.2236,0,0,0,0,0,0,2,0,0,0,0,0,0,0,1,0,0,0,0,0,0,0,0,0,0,1,0,0,1,323.3,556,CCCCC[n+]1ccccc1.O=S(=O)([N-]S(=O)(=O)C(F)(F)F)C(F)(F)F,0.262364264
0.777777778,-6.721527778,0.394027952,13.03846154,0,2.457319136,5.02e-07,-1.41,134169.6248,8.313148521,4.127401125,6.544756406,0.0,0.0,11.016661,0.0,21.40269362,0.0,6.420821623,18.55355576,0.0,20.04658231,0.0,0.0,4.567099648,0.0,27.85225497,26.59133871,0.0,4.127401125,0.0,0.0,10.67215753,19.26246487,0.0,0.0,42.0836252,0.0,0.0,0.0,0.0,6.202591412,8.172408588,3.393194444,-13.44305556,0.583333333,0,0,1,3.2236,0,0,0,0,0,0,2,0,0,0,0,0,0,0,1,0,0,0,0,0,0,0,0,0,0,1,0,0,1,333.3,557,CCCCC[n+]1ccccc1.O=S(=O)([N-]S(=O)(=O)C(F)(F)F)C(F)(F)F,0.262364264
0.777777778,-6.721527778,0.394027952,13.03846154,0,2.457319136,5.02e-07,-1.41,134169.6248,8.313148521,4.127401125,6.544756406,0.0,0.0,11.016661,0.0,21.40269362,0.0,6.420821623,18.55355576,0.0,20.04658231,0.0,0.0,4.567099648,0.0,27.85225497,26.59133871,0.0,4.127401125,0.0,0.0,10.67215753,19.26246487,0.0,0.0,42.0836252,0.0,0.0,0.0,0.0,6.202591412,8.172408588,3.393194444,-13.44305556,0.583333333,0,0,1,3.2236,0,0,0,0,0,0,2,0,0,0,0,0,0,0,1,0,0,0,0,0,0,0,0,0,0,1,0,0,1,343.3,558,CCCCC[n+]1ccccc1.O=S(=O)([N-]S(=O)(=O)C(F)(F)F)C(F)(F)F,0.336472237
0.777777778,-6.721527778,0.394027952,13.03846154,0,2.457319136,5.02e-07,-1.41,134169.6248,8.313148521,4.127401125,6.544756406,0.0,0.0,11.016661,0.0,21.40269362,0.0,6.420821623,18.55355576,0.0,20.04658231,0.0,0.0,4.567099648,0.0,27.85225497,26.59133871,0.0,4.127401125,0.0,0.0,10.67215753,19.26246487,0.0,0.0,42.0836252,0.0,0.0,0.0,0.0,6.202591412,8.172408588,3.393194444,-13.44305556,0.583333333,0,0,1,3.2236,0,0,0,0,0,0,2,0,0,0,0,0,0,0,1,0,0,0,0,0,0,0,0,0,0,1,0,0,1,353.5,559,CCCCC[n+]1ccccc1.O=S(=O)([N-]S(=O)(=O)C(F)(F)F)C(F)(F)F,0.336472237
0.203055556,-7.431712963,0.436636153,14.0,0,2.821454097,5.77e-07,-1.55,117225.7748,4.787397644,9.659277269,18.93844355,6.327320075,0.0,23.27591801,0.0,17.55199628,0.0,0.0,0.0,13.65455395,10.11812686,7.047671983,6.606881965,4.567099648,0.0,52.52697387,23.71055525,0.0,0.0,6.606881965,6.544756406,0.0,0.0,0.0,34.9028785,0.0,5.106527395,0.0,0.0,-14.81962963,0.0,-1.368333333,0.884444444,-5.46454932,0.7,0,0,1,1.2622,1,1,0,0,0,0,2,0,0,0,0,0,0,0,1,0,0,0,0,0,0,0,0,0,0,0,0,0,0,303.0,560,Cn1cc[n+](CCO)c1.O=S(=O)([O-])C(F)(F)C(F)(F)C(F)(F)C(F)(F)F,2.00148
0.203055556,-7.431712963,0.436636153,14.0,0,2.821454097,5.77e-07,-1.55,117225.7748,4.787397644,9.659277269,18.93844355,6.327320075,0.0,23.27591801,0.0,17.55199628,0.0,0.0,0.0,13.65455395,10.11812686,7.047671983,6.606881965,4.567099648,0.0,52.52697387,23.71055525,0.0,0.0,6.606881965,6.544756406,0.0,0.0,0.0,34.9028785,0.0,5.106527395,0.0,0.0,-14.81962963,0.0,-1.368333333,0.884444444,-5.46454932,0.7,0,0,1,1.2622,1,1,0,0,0,0,2,0,0,0,0,0,0,0,1,0,0,0,0,0,0,0,0,0,0,0,0,0,0,313.0,561,Cn1cc[n+](CCO)c1.O=S(=O)([O-])C(F)(F)C(F)(F)C(F)(F)C(F)(F)F,1.921324674
0.203055556,-7.431712963,0.436636153,14.0,0,2.821454097,5.77e-07,-1.55,117225.7748,4.787397644,9.659277269,18.93844355,6.327320075,0.0,23.27591801,0.0,17.55199628,0.0,0.0,0.0,13.65455395,10.11812686,7.047671983,6.606881965,4.567099648,0.0,52.52697387,23.71055525,0.0,0.0,6.606881965,6.544756406,0.0,0.0,0.0,34.9028785,0.0,5.106527395,0.0,0.0,-14.81962963,0.0,-1.368333333,0.884444444,-5.46454932,0.7,0,0,1,1.2622,1,1,0,0,0,0,2,0,0,0,0,0,0,0,1,0,0,0,0,0,0,0,0,0,0,0,0,0,0,323.0,562,Cn1cc[n+](CCO)c1.O=S(=O)([O-])C(F)(F)C(F)(F)C(F)(F)C(F)(F)F,1.826160896
0.203055556,-7.431712963,0.436636153,14.0,0,2.821454097,5.77e-07,-1.55,117225.7748,4.787397644,9.659277269,18.93844355,6.327320075,0.0,23.27591801,0.0,17.55199628,0.0,0.0,0.0,13.65455395,10.11812686,7.047671983,6.606881965,4.567099648,0.0,52.52697387,23.71055525,0.0,0.0,6.606881965,6.544756406,0.0,0.0,0.0,34.9028785,0.0,5.106527395,0.0,0.0,-14.81962963,0.0,-1.368333333,0.884444444,-5.46454932,0.7,0,0,1,1.2622,1,1,0,0,0,0,2,0,0,0,0,0,0,0,1,0,0,0,0,0,0,0,0,0,0,0,0,0,0,333.0,563,Cn1cc[n+](CCO)c1.O=S(=O)([O-])C(F)(F)C(F)(F)C(F)(F)C(F)(F)F,1.693779061
0.203055556,-7.431712963,0.436636153,14.0,0,2.821454097,5.77e-07,-1.55,117225.7748,4.787397644,9.659277269,18.93844355,6.327320075,0.0,23.27591801,0.0,17.55199628,0.0,0.0,0.0,13.65455395,10.11812686,7.047671983,6.606881965,4.567099648,0.0,52.52697387,23.71055525,0.0,0.0,6.606881965,6.544756406,0.0,0.0,0.0,34.9028785,0.0,5.106527395,0.0,0.0,-14.81962963,0.0,-1.368333333,0.884444444,-5.46454932,0.7,0,0,1,1.2622,1,1,0,0,0,0,2,0,0,0,0,0,0,0,1,0,0,0,0,0,0,0,0,0,0,0,0,0,0,343.0,564,Cn1cc[n+](CCO)c1.O=S(=O)([O-])C(F)(F)C(F)(F)C(F)(F)C(F)(F)F,1.597365331
0.203055556,-7.431712963,0.436636153,14.0,0,2.821454097,5.77e-07,-1.55,117225.7748,4.787397644,9.659277269,18.93844355,6.327320075,0.0,23.27591801,0.0,17.55199628,0.0,0.0,0.0,13.65455395,10.11812686,7.047671983,6.606881965,4.567099648,0.0,52.52697387,23.71055525,0.0,0.0,6.606881965,6.544756406,0.0,0.0,0.0,34.9028785,0.0,5.106527395,0.0,0.0,-14.81962963,0.0,-1.368333333,0.884444444,-5.46454932,0.7,0,0,1,1.2622,1,1,0,0,0,0,2,0,0,0,0,0,0,0,1,0,0,0,0,0,0,0,0,0,0,0,0,0,0,353.0,565,Cn1cc[n+](CCO)c1.O=S(=O)([O-])C(F)(F)C(F)(F)C(F)(F)C(F)(F)F,1.490654376
0.0,0.0,0.423557047,9.692307692,0,2.454306357,1.44e-06,-0.5,711.7488434,4.936385256,12.40703316,12.39368714,6.327320075,0.0,0.0,0.0,9.134199296,0.0,12.84164325,0.0,13.59242839,0.0,7.047671983,0.0,16.97413281,0.0,4.567099648,13.59242839,0.0,0.0,12.40703316,0.0,0.0,32.2280429,0.0,0.0,41.8266157,0.0,0.0,0.0,0.0,0.0,11.69987733,3.413194444,2.05807831,0.7,0,0,1,-1.1031,0,0,0,0,0,0,2,0,0,0,0,0,0,0,2,0,0,0,0,0,0,0,0,0,0,0,0,0,2,313.15,566,CCCCCC[n+]1ccn(C)c1.[Cl-],1.669026704
0.0,0.0,0.423557047,9.692307692,0,2.454306357,1.44e-06,-0.5,711.7488434,4.936385256,12.40703316,12.39368714,6.327320075,0.0,0.0,0.0,9.134199296,0.0,12.84164325,0.0,13.59242839,0.0,7.047671983,0.0,16.97413281,0.0,4.567099648,13.59242839,0.0,0.0,12.40703316,0.0,0.0,32.2280429,0.0,0.0,41.8266157,0.0,0.0,0.0,0.0,0.0,11.69987733,3.413194444,2.05807831,0.7,0,0,1,-1.1031,0,0,0,0,0,0,2,0,0,0,0,0,0,0,2,0,0,0,0,0,0,0,0,0,0,0,0,0,2,323.15,567,CCCCCC[n+]1ccn(C)c1.[Cl-],1.623538037
0.0,0.0,0.423557047,9.692307692,0,2.454306357,1.44e-06,-0.5,711.7488434,4.936385256,12.40703316,12.39368714,6.327320075,0.0,0.0,0.0,9.134199296,0.0,12.84164325,0.0,13.59242839,0.0,7.047671983,0.0,16.97413281,0.0,4.567099648,13.59242839,0.0,0.0,12.40703316,0.0,0.0,32.2280429,0.0,0.0,41.8266157,0.0,0.0,0.0,0.0,0.0,11.69987733,3.413194444,2.05807831,0.7,0,0,1,-1.1031,0,0,0,0,0,0,2,0,0,0,0,0,0,0,2,0,0,0,0,0,0,0,0,0,0,0,0,0,2,333.15,568,CCCCCC[n+]1ccn(C)c1.[Cl-],1.581861145
0.0,0.0,0.423557047,9.692307692,0,2.454306357,1.44e-06,-0.5,711.7488434,4.936385256,12.40703316,12.39368714,6.327320075,0.0,0.0,0.0,9.134199296,0.0,12.84164325,0.0,13.59242839,0.0,7.047671983,0.0,16.97413281,0.0,4.567099648,13.59242839,0.0,0.0,12.40703316,0.0,0.0,32.2280429,0.0,0.0,41.8266157,0.0,0.0,0.0,0.0,0.0,11.69987733,3.413194444,2.05807831,0.7,0,0,1,-1.1031,0,0,0,0,0,0,2,0,0,0,0,0,0,0,2,0,0,0,0,0,0,0,0,0,0,0,0,0,2,343.15,569,CCCCCC[n+]1ccn(C)c1.[Cl-],1.538586171
0.0,0.0,0.423557047,9.692307692,0,2.454306357,1.44e-06,-0.5,711.7488434,4.936385256,12.40703316,12.39368714,6.327320075,0.0,0.0,0.0,9.134199296,0.0,12.84164325,0.0,13.59242839,0.0,7.047671983,0.0,16.97413281,0.0,4.567099648,13.59242839,0.0,0.0,12.40703316,0.0,0.0,32.2280429,0.0,0.0,41.8266157,0.0,0.0,0.0,0.0,0.0,11.69987733,3.413194444,2.05807831,0.7,0,0,1,-1.1031,0,0,0,0,0,0,2,0,0,0,0,0,0,0,2,0,0,0,0,0,0,0,0,0,0,0,0,0,2,353.15,570,CCCCCC[n+]1ccn(C)c1.[Cl-],1.497835736
0.0,0.0,0.423557047,9.692307692,0,2.454306357,1.44e-06,-0.5,711.7488434,4.936385256,12.40703316,12.39368714,6.327320075,0.0,0.0,0.0,9.134199296,0.0,12.84164325,0.0,13.59242839,0.0,7.047671983,0.0,16.97413281,0.0,4.567099648,13.59242839,0.0,0.0,12.40703316,0.0,0.0,32.2280429,0.0,0.0,41.8266157,0.0,0.0,0.0,0.0,0.0,11.69987733,3.413194444,2.05807831,0.7,0,0,1,-1.1031,0,0,0,0,0,0,2,0,0,0,0,0,0,0,2,0,0,0,0,0,0,0,0,0,0,0,0,0,2,363.15,571,CCCCCC[n+]1ccn(C)c1.[Cl-],1.45395301
0.203055556,-10.65740741,0.500310465,15.75,0,2.289492107,2.93e-07,-0.82,1089.798243,15.64322816,5.106527395,18.93844355,6.327320075,0.0,32.98994288,0.0,9.134199296,0.0,0.0,0.0,13.65455395,7.808509084,7.047671983,6.606881965,4.567099648,7.808509084,16.28050901,13.59242839,0.0,0.0,6.606881965,6.544756406,0.0,0.0,0.0,34.9028785,0.0,5.106527395,0.0,0.0,0.0,0.0,5.79375,0.884444444,-8.705151172,0.5,0,0,1,2.6873,1,1,0,0,0,0,2,0,0,0,0,0,0,0,1,0,0,0,0,0,0,0,0,0,0,0,0,0,0,303.0,572,C[n+]1ccn(CCO)c1.F[P-](F)(F)(F)(F)F,2.694627181
0.203055556,-10.65740741,0.500310465,15.75,0,2.289492107,2.93e-07,-0.82,1089.798243,15.64322816,5.106527395,18.93844355,6.327320075,0.0,32.98994288,0.0,9.134199296,0.0,0.0,0.0,13.65455395,7.808509084,7.047671983,6.606881965,4.567099648,7.808509084,16.28050901,13.59242839,0.0,0.0,6.606881965,6.544756406,0.0,0.0,0.0,34.9028785,0.0,5.106527395,0.0,0.0,0.0,0.0,5.79375,0.884444444,-8.705151172,0.5,0,0,1,2.6873,1,1,0,0,0,0,2,0,0,0,0,0,0,0,1,0,0,0,0,0,0,0,0,0,0,0,0,0,0,313.0,573,C[n+]1ccn(CCO)c1.F[P-](F)(F)(F)(F)F,2.646174797
0.203055556,-10.65740741,0.500310465,15.75,0,2.289492107,2.93e-07,-0.82,1089.798243,15.64322816,5.106527395,18.93844355,6.327320075,0.0,32.98994288,0.0,9.134199296,0.0,0.0,0.0,13.65455395,7.808509084,7.047671983,6.606881965,4.567099648,7.808509084,16.28050901,13.59242839,0.0,0.0,6.606881965,6.544756406,0.0,0.0,0.0,34.9028785,0.0,5.106527395,0.0,0.0,0.0,0.0,5.79375,0.884444444,-8.705151172,0.5,0,0,1,2.6873,1,1,0,0,0,0,2,0,0,0,0,0,0,0,1,0,0,0,0,0,0,0,0,0,0,0,0,0,0,323.0,574,C[n+]1ccn(CCO)c1.F[P-](F)(F)(F)(F)F,2.557227311
0.203055556,-10.65740741,0.500310465,15.75,0,2.289492107,2.93e-07,-0.82,1089.798243,15.64322816,5.106527395,18.93844355,6.327320075,0.0,32.98994288,0.0,9.134199296,0.0,0.0,0.0,13.65455395,7.808509084,7.047671983,6.606881965,4.567099648,7.808509084,16.28050901,13.59242839,0.0,0.0,6.606881965,6.544756406,0.0,0.0,0.0,34.9028785,0.0,5.106527395,0.0,0.0,0.0,0.0,5.79375,0.884444444,-8.705151172,0.5,0,0,1,2.6873,1,1,0,0,0,0,2,0,0,0,0,0,0,0,1,0,0,0,0,0,0,0,0,0,0,0,0,0,0,333.0,575,C[n+]1ccn(CCO)c1.F[P-](F)(F)(F)(F)F,2.4765384
0.203055556,-10.65740741,0.500310465,15.75,0,2.289492107,2.93e-07,-0.82,1089.798243,15.64322816,5.106527395,18.93844355,6.327320075,0.0,32.98994288,0.0,9.134199296,0.0,0.0,0.0,13.65455395,7.808509084,7.047671983,6.606881965,4.567099648,7.808509084,16.28050901,13.59242839,0.0,0.0,6.606881965,6.544756406,0.0,0.0,0.0,34.9028785,0.0,5.106527395,0.0,0.0,0.0,0.0,5.79375,0.884444444,-8.705151172,0.5,0,0,1,2.6873,1,1,0,0,0,0,2,0,0,0,0,0,0,0,1,0,0,0,0,0,0,0,0,0,0,0,0,0,0,343.0,576,C[n+]1ccn(CCO)c1.F[P-](F)(F)(F)(F)F,2.424802726
0.203055556,-10.65740741,0.500310465,15.75,0,2.289492107,2.93e-07,-0.82,1089.798243,15.64322816,5.106527395,18.93844355,6.327320075,0.0,32.98994288,0.0,9.134199296,0.0,0.0,0.0,13.65455395,7.808509084,7.047671983,6.606881965,4.567099648,7.808509084,16.28050901,13.59242839,0.0,0.0,6.606881965,6.544756406,0.0,0.0,0.0,34.9028785,0.0,5.106527395,0.0,0.0,0.0,0.0,5.79375,0.884444444,-8.705151172,0.5,0,0,1,2.6873,1,1,0,0,0,0,2,0,0,0,0,0,0,0,1,0,0,0,0,0,0,0,0,0,0,0,0,0,0,353.0,577,C[n+]1ccn(CCO)c1.F[P-](F)(F)(F)(F)F,2.341805806
0.777777778,-6.721527778,0.252392168,13.03225806,0,3.000776417,5.82e-07,-1.35,1627774.168,11.72975771,4.127401125,12.39368714,6.327320075,0.0,11.016661,0.0,25.96979326,0.0,12.84164325,0.0,13.59242839,20.04658231,7.047671983,0.0,4.567099648,0.0,32.41935462,33.6390107,0.0,4.127401125,0.0,0.0,4.127401125,57.91132939,0.0,0.0,41.8266157,0.0,0.0,0.0,0.0,0.0,17.59826927,3.451272754,-11.36941421,0.8125,0,0,1,4.5126,0,0,0,0,0,0,3,0,0,0,0,0,0,0,2,0,0,0,0,0,0,0,0,0,0,0,0,0,6,313.15,578,CCCCCCCCCC[n+]1ccn(C)c1.O=S(=O)([N-]S(=O)(=O)C(F)(F)F)C(F)(F)F,-0.030459207
0.777777778,-6.721527778,0.252392168,13.03225806,0,3.000776417,5.82e-07,-1.35,1627774.168,11.72975771,4.127401125,12.39368714,6.327320075,0.0,11.016661,0.0,25.96979326,0.0,12.84164325,0.0,13.59242839,20.04658231,7.047671983,0.0,4.567099648,0.0,32.41935462,33.6390107,0.0,4.127401125,0.0,0.0,4.127401125,57.91132939,0.0,0.0,41.8266157,0.0,0.0,0.0,0.0,0.0,17.59826927,3.451272754,-11.36941421,0.8125,0,0,1,4.5126,0,0,0,0,0,0,3,0,0,0,0,0,0,0,2,0,0,0,0,0,0,0,0,0,0,0,0,0,6,323.15,579,CCCCCCCCCC[n+]1ccn(C)c1.O=S(=O)([N-]S(=O)(=O)C(F)(F)F)C(F)(F)F,-0.020202707
0.777777778,-6.721527778,0.252392168,13.03225806,0,3.000776417,5.82e-07,-1.35,1627774.168,11.72975771,4.127401125,12.39368714,6.327320075,0.0,11.016661,0.0,25.96979326,0.0,12.84164325,0.0,13.59242839,20.04658231,7.047671983,0.0,4.567099648,0.0,32.41935462,33.6390107,0.0,4.127401125,0.0,0.0,4.127401125,57.91132939,0.0,0.0,41.8266157,0.0,0.0,0.0,0.0,0.0,17.59826927,3.451272754,-11.36941421,0.8125,0,0,1,4.5126,0,0,0,0,0,0,3,0,0,0,0,0,0,0,2,0,0,0,0,0,0,0,0,0,0,0,0,0,6,333.15,580,CCCCCCCCCC[n+]1ccn(C)c1.O=S(=O)([N-]S(=O)(=O)C(F)(F)F)C(F)(F)F,0.0
0.777777778,-6.721527778,0.252392168,13.03225806,0,3.000776417,5.82e-07,-1.35,1627774.168,11.72975771,4.127401125,12.39368714,6.327320075,0.0,11.016661,0.0,25.96979326,0.0,12.84164325,0.0,13.59242839,20.04658231,7.047671983,0.0,4.567099648,0.0,32.41935462,33.6390107,0.0,4.127401125,0.0,0.0,4.127401125,57.91132939,0.0,0.0,41.8266157,0.0,0.0,0.0,0.0,0.0,17.59826927,3.451272754,-11.36941421,0.8125,0,0,1,4.5126,0,0,0,0,0,0,3,0,0,0,0,0,0,0,2,0,0,0,0,0,0,0,0,0,0,0,0,0,6,343.15,581,CCCCCCCCCC[n+]1ccn(C)c1.O=S(=O)([N-]S(=O)(=O)C(F)(F)F)C(F)(F)F,0.019802627
0.777777778,-6.721527778,0.252392168,13.03225806,0,3.000776417,5.82e-07,-1.35,1627774.168,11.72975771,4.127401125,12.39368714,6.327320075,0.0,11.016661,0.0,25.96979326,0.0,12.84164325,0.0,13.59242839,20.04658231,7.047671983,0.0,4.567099648,0.0,32.41935462,33.6390107,0.0,4.127401125,0.0,0.0,4.127401125,57.91132939,0.0,0.0,41.8266157,0.0,0.0,0.0,0.0,0.0,17.59826927,3.451272754,-11.36941421,0.8125,0,0,1,4.5126,0,0,0,0,0,0,3,0,0,0,0,0,0,0,2,0,0,0,0,0,0,0,0,0,0,0,0,0,6,353.15,582,CCCCCCCCCC[n+]1ccn(C)c1.O=S(=O)([N-]S(=O)(=O)C(F)(F)F)C(F)(F)F,0.029558802
0.777777778,-6.721527778,0.252392168,13.03225806,0,3.000776417,5.82e-07,-1.35,1627774.168,11.72975771,4.127401125,12.39368714,6.327320075,0.0,11.016661,0.0,25.96979326,0.0,12.84164325,0.0,13.59242839,20.04658231,7.047671983,0.0,4.567099648,0.0,32.41935462,33.6390107,0.0,4.127401125,0.0,0.0,4.127401125,57.91132939,0.0,0.0,41.8266157,0.0,0.0,0.0,0.0,0.0,17.59826927,3.451272754,-11.36941421,0.8125,0,0,1,4.5126,0,0,0,0,0,0,3,0,0,0,0,0,0,0,2,0,0,0,0,0,0,0,0,0,0,0,0,0,6,363.15,583,CCCCCCCCCC[n+]1ccn(C)c1.O=S(=O)([N-]S(=O)(=O)C(F)(F)F)C(F)(F)F,0.039220713
0.173611111,-3.896604938,0.557912142,10.64285714,0,2.510249818,2.55e-07,-0.64,971.4666796,6.831010076,14.35187149,19.98944947,6.327320075,0.0,0.0,0.0,9.134199296,0.0,6.9237372,6.161910027,13.59242839,7.595762327,7.047671983,6.161910027,9.460511251,7.595762327,15.62242128,18.15747667,0.0,0.0,6.161910027,0.0,6.544756406,6.9237372,0.0,17.8116152,24.01500049,4.893411603,0.0,17.40972222,0.0,0.0,5.96875,4.564104938,-1.876604938,0.625,0,0,1,-0.1155,0,0,0,0,0,0,2,0,0,0,0,0,0,0,2,0,0,0,0,0,0,0,0,0,0,0,0,0,0,323.15,584,CCP(=O)([O-])O.CC[n+]1ccn(C)c1,2.085672091
0.173611111,-3.896604938,0.557912142,10.64285714,0,2.510249818,2.55e-07,-0.64,971.4666796,6.831010076,14.35187149,19.98944947,6.327320075,0.0,0.0,0.0,9.134199296,0.0,6.9237372,6.161910027,13.59242839,7.595762327,7.047671983,6.161910027,9.460511251,7.595762327,15.62242128,18.15747667,0.0,0.0,6.161910027,0.0,6.544756406,6.9237372,0.0,17.8116152,24.01500049,4.893411603,0.0,17.40972222,0.0,0.0,5.96875,4.564104938,-1.876604938,0.625,0,0,1,-0.1155,0,0,0,0,0,0,2,0,0,0,0,0,0,0,2,0,0,0,0,0,0,0,0,0,0,0,0,0,0,333.15,585,CCP(=O)([O-])O.CC[n+]1ccn(C)c1,2.107786015
0.173611111,-3.896604938,0.557912142,10.64285714,0,2.510249818,2.55e-07,-0.64,971.4666796,6.831010076,14.35187149,19.98944947,6.327320075,0.0,0.0,0.0,9.134199296,0.0,6.9237372,6.161910027,13.59242839,7.595762327,7.047671983,6.161910027,9.460511251,7.595762327,15.62242128,18.15747667,0.0,0.0,6.161910027,0.0,6.544756406,6.9237372,0.0,17.8116152,24.01500049,4.893411603,0.0,17.40972222,0.0,0.0,5.96875,4.564104938,-1.876604938,0.625,0,0,1,-0.1155,0,0,0,0,0,0,2,0,0,0,0,0,0,0,2,0,0,0,0,0,0,0,0,0,0,0,0,0,0,343.15,586,CCP(=O)([O-])O.CC[n+]1ccn(C)c1,2.112634509
0.173611111,-3.896604938,0.557912142,10.64285714,0,2.510249818,2.55e-07,-0.64,971.4666796,6.831010076,14.35187149,19.98944947,6.327320075,0.0,0.0,0.0,9.134199296,0.0,6.9237372,6.161910027,13.59242839,7.595762327,7.047671983,6.161910027,9.460511251,7.595762327,15.62242128,18.15747667,0.0,0.0,6.161910027,0.0,6.544756406,6.9237372,0.0,17.8116152,24.01500049,4.893411603,0.0,17.40972222,0.0,0.0,5.96875,4.564104938,-1.876604938,0.625,0,0,1,-0.1155,0,0,0,0,0,0,2,0,0,0,0,0,0,0,2,0,0,0,0,0,0,0,0,0,0,0,0,0,0,353.15,587,CCP(=O)([O-])O.CC[n+]1ccn(C)c1,2.12704052
0.173611111,-3.896604938,0.557912142,10.64285714,0,2.510249818,2.55e-07,-0.64,971.4666796,6.831010076,14.35187149,19.98944947,6.327320075,0.0,0.0,0.0,9.134199296,0.0,6.9237372,6.161910027,13.59242839,7.595762327,7.047671983,6.161910027,9.460511251,7.595762327,15.62242128,18.15747667,0.0,0.0,6.161910027,0.0,6.544756406,6.9237372,0.0,17.8116152,24.01500049,4.893411603,0.0,17.40972222,0.0,0.0,5.96875,4.564104938,-1.876604938,0.625,0,0,1,-0.1155,0,0,0,0,0,0,2,0,0,0,0,0,0,0,2,0,0,0,0,0,0,0,0,0,0,0,0,0,0,363.15,588,CCP(=O)([O-])O.CC[n+]1ccn(C)c1,2.158714723
0.777777778,-6.721527778,0.25037766,24.5483871,0,2.638470419,3.11e-07,-0.6,1967866.223,8.689351852,8.610431983,0.0,0.0,0.0,11.016661,0.0,16.83559397,0.0,38.02201416,0.0,26.17902562,20.04658231,5.917906046,26.17902562,0.0,0.0,58.51431145,20.04658231,0.0,4.127401125,0.0,0.0,10.04530717,88.44945109,0.0,0.0,6.9237372,0.0,0.0,0.0,1.115327968,0.0,13.37244163,8.341319912,-13.44305556,1.0,0,0,3,5.0367,0,0,0,0,0,0,2,0,0,0,0,0,0,0,0,3,0,0,0,0,0,0,0,3,0,0,1,0,4,313.15,589,CCCCCCCC[N+]12CCC(CC1)CC2.O=S(=O)([N-]S(=O)(=O)C(F)(F)F)C(F)(F)F,-0.415515444
0.777777778,-6.721527778,0.25037766,24.5483871,0,2.638470419,3.11e-07,-0.6,1967866.223,8.689351852,8.610431983,0.0,0.0,0.0,11.016661,0.0,16.83559397,0.0,38.02201416,0.0,26.17902562,20.04658231,5.917906046,26.17902562,0.0,0.0,58.51431145,20.04658231,0.0,4.127401125,0.0,0.0,10.04530717,88.44945109,0.0,0.0,6.9237372,0.0,0.0,0.0,1.115327968,0.0,13.37244163,8.341319912,-13.44305556,1.0,0,0,3,5.0367,0,0,0,0,0,0,2,0,0,0,0,0,0,0,0,3,0,0,0,0,0,0,0,3,0,0,1,0,4,323.15,590,CCCCCCCC[N+]12CCC(CC1)CC2.O=S(=O)([N-]S(=O)(=O)C(F)(F)F)C(F)(F)F,-0.382725621
0.777777778,-6.721527778,0.25037766,24.5483871,0,2.638470419,3.11e-07,-0.6,1967866.223,8.689351852,8.610431983,0.0,0.0,0.0,11.016661,0.0,16.83559397,0.0,38.02201416,0.0,26.17902562,20.04658231,5.917906046,26.17902562,0.0,0.0,58.51431145,20.04658231,0.0,4.127401125,0.0,0.0,10.04530717,88.44945109,0.0,0.0,6.9237372,0.0,0.0,0.0,1.115327968,0.0,13.37244163,8.341319912,-13.44305556,1.0,0,0,3,5.0367,0,0,0,0,0,0,2,0,0,0,0,0,0,0,0,3,0,0,0,0,0,0,0,3,0,0,1,0,4,333.15,591,CCCCCCCC[N+]12CCC(CC1)CC2.O=S(=O)([N-]S(=O)(=O)C(F)(F)F)C(F)(F)F,-0.350976923
0.777777778,-6.721527778,0.25037766,24.5483871,0,2.638470419,3.11e-07,-0.6,1967866.223,8.689351852,8.610431983,0.0,0.0,0.0,11.016661,0.0,16.83559397,0.0,38.02201416,0.0,26.17902562,20.04658231,5.917906046,26.17902562,0.0,0.0,58.51431145,20.04658231,0.0,4.127401125,0.0,0.0,10.04530717,88.44945109,0.0,0.0,6.9237372,0.0,0.0,0.0,1.115327968,0.0,13.37244163,8.341319912,-13.44305556,1.0,0,0,3,5.0367,0,0,0,0,0,0,2,0,0,0,0,0,0,0,0,3,0,0,0,0,0,0,0,3,0,0,1,0,4,343.15,592,CCCCCCCC[N+]12CCC(CC1)CC2.O=S(=O)([N-]S(=O)(=O)C(F)(F)F)C(F)(F)F,-0.314710745
0.777777778,-6.721527778,0.25037766,24.5483871,0,2.638470419,3.11e-07,-0.6,1967866.223,8.689351852,8.610431983,0.0,0.0,0.0,11.016661,0.0,16.83559397,0.0,38.02201416,0.0,26.17902562,20.04658231,5.917906046,26.17902562,0.0,0.0,58.51431145,20.04658231,0.0,4.127401125,0.0,0.0,10.04530717,88.44945109,0.0,0.0,6.9237372,0.0,0.0,0.0,1.115327968,0.0,13.37244163,8.341319912,-13.44305556,1.0,0,0,3,5.0367,0,0,0,0,0,0,2,0,0,0,0,0,0,0,0,3,0,0,0,0,0,0,0,3,0,0,1,0,4,353.15,593,CCCCCCCC[N+]12CCC(CC1)CC2.O=S(=O)([N-]S(=O)(=O)C(F)(F)F)C(F)(F)F,-0.275753502
0.777777778,-6.721527778,0.312435066,25.4137931,0,2.580711895,2.9e-07,-0.6,735533.8586,7.546181955,8.610431983,0.0,0.0,0.0,11.016661,0.0,16.83559397,0.0,38.02201416,0.0,26.17902562,20.04658231,5.917906046,26.17902562,0.0,0.0,58.51431145,20.04658231,0.0,4.127401125,0.0,0.0,10.04530717,75.60780784,0.0,0.0,6.9237372,0.0,0.0,0.0,1.116335008,0.0,10.3873687,8.329417045,-13.44305556,1.0,0,0,3,4.2565,0,0,0,0,0,0,2,0,0,0,0,0,0,0,0,3,0,0,0,0,0,0,0,3,0,0,1,0,2,313.15,594,CCCCCC[N+]12CCC(CC1)CC2.O=S(=O)([N-]S(=O)(=O)C(F)(F)F)C(F)(F)F,-0.225646682
0.777777778,-6.721527778,0.312435066,25.4137931,0,2.580711895,2.9e-07,-0.6,735533.8586,7.546181955,8.610431983,0.0,0.0,0.0,11.016661,0.0,16.83559397,0.0,38.02201416,0.0,26.17902562,20.04658231,5.917906046,26.17902562,0.0,0.0,58.51431145,20.04658231,0.0,4.127401125,0.0,0.0,10.04530717,75.60780784,0.0,0.0,6.9237372,0.0,0.0,0.0,1.116335008,0.0,10.3873687,8.329417045,-13.44305556,1.0,0,0,3,4.2565,0,0,0,0,0,0,2,0,0,0,0,0,0,0,0,3,0,0,0,0,0,0,0,3,0,0,1,0,2,323.15,595,CCCCCC[N+]12CCC(CC1)CC2.O=S(=O)([N-]S(=O)(=O)C(F)(F)F)C(F)(F)F,-0.193584749
0.777777778,-6.721527778,0.312435066,25.4137931,0,2.580711895,2.9e-07,-0.6,735533.8586,7.546181955,8.610431983,0.0,0.0,0.0,11.016661,0.0,16.83559397,0.0,38.02201416,0.0,26.17902562,20.04658231,5.917906046,26.17902562,0.0,0.0,58.51431145,20.04658231,0.0,4.127401125,0.0,0.0,10.04530717,75.60780784,0.0,0.0,6.9237372,0.0,0.0,0.0,1.116335008,0.0,10.3873687,8.329417045,-13.44305556,1.0,0,0,3,4.2565,0,0,0,0,0,0,2,0,0,0,0,0,0,0,0,3,0,0,0,0,0,0,0,3,0,0,1,0,2,333.15,596,CCCCCC[N+]12CCC(CC1)CC2.O=S(=O)([N-]S(=O)(=O)C(F)(F)F)C(F)(F)F,-0.142716302
0.777777778,-6.721527778,0.312435066,25.4137931,0,2.580711895,2.9e-07,-0.6,735533.8586,7.546181955,8.610431983,0.0,0.0,0.0,11.016661,0.0,16.83559397,0.0,38.02201416,0.0,26.17902562,20.04658231,5.917906046,26.17902562,0.0,0.0,58.51431145,20.04658231,0.0,4.127401125,0.0,0.0,10.04530717,75.60780784,0.0,0.0,6.9237372,0.0,0.0,0.0,1.116335008,0.0,10.3873687,8.329417045,-13.44305556,1.0,0,0,3,4.2565,0,0,0,0,0,0,2,0,0,0,0,0,0,0,0,3,0,0,0,0,0,0,0,3,0,0,1,0,2,343.15,597,CCCCCC[N+]12CCC(CC1)CC2.O=S(=O)([N-]S(=O)(=O)C(F)(F)F)C(F)(F)F,-0.107585211
0.777777778,-6.721527778,0.312435066,25.4137931,0,2.580711895,2.9e-07,-0.6,735533.8586,7.546181955,8.610431983,0.0,0.0,0.0,11.016661,0.0,16.83559397,0.0,38.02201416,0.0,26.17902562,20.04658231,5.917906046,26.17902562,0.0,0.0,58.51431145,20.04658231,0.0,4.127401125,0.0,0.0,10.04530717,75.60780784,0.0,0.0,6.9237372,0.0,0.0,0.0,1.116335008,0.0,10.3873687,8.329417045,-13.44305556,1.0,0,0,3,4.2565,0,0,0,0,0,0,2,0,0,0,0,0,0,0,0,3,0,0,0,0,0,0,0,3,0,0,1,0,2,353.15,598,CCCCCC[N+]12CCC(CC1)CC2.O=S(=O)([N-]S(=O)(=O)C(F)(F)F)C(F)(F)F,-0.072570693
0.777777778,-6.721527778,0.365298349,13.0,0,2.499927726,5.11e-07,-1.41,221123.6073,9.372731405,4.127401125,6.544756406,0.0,0.0,11.016661,0.0,21.40269362,0.0,6.420821623,18.55355576,0.0,20.04658231,0.0,0.0,4.567099648,0.0,27.85225497,26.59133871,0.0,4.127401125,0.0,0.0,4.127401125,32.2280429,0.0,0.0,42.0836252,0.0,0.0,0.0,0.0,6.224389251,9.61672186,3.413194444,-13.44305556,0.615384615,0,0,1,3.6137,0,0,0,0,0,0,2,0,0,0,0,0,0,0,1,0,0,0,0,0,0,0,0,0,0,1,0,0,2,303.2,599,CCCCCC[n+]1ccccc1.O=S(=O)([N-]S(=O)(=O)C(F)(F)F)C(F)(F)F,-0.188742125
0.777777778,-6.721527778,0.365298349,13.0,0,2.499927726,5.11e-07,-1.41,221123.6073,9.372731405,4.127401125,6.544756406,0.0,0.0,11.016661,0.0,21.40269362,0.0,6.420821623,18.55355576,0.0,20.04658231,0.0,0.0,4.567099648,0.0,27.85225497,26.59133871,0.0,4.127401125,0.0,0.0,4.127401125,32.2280429,0.0,0.0,42.0836252,0.0,0.0,0.0,0.0,6.224389251,9.61672186,3.413194444,-13.44305556,0.615384615,0,0,1,3.6137,0,0,0,0,0,0,2,0,0,0,0,0,0,0,1,0,0,0,0,0,0,0,0,0,0,1,0,0,2,313.2,600,CCCCCC[n+]1ccccc1.O=S(=O)([N-]S(=O)(=O)C(F)(F)F)C(F)(F)F,-0.141563564
0.777777778,-6.721527778,0.365298349,13.0,0,2.499927726,5.11e-07,-1.41,221123.6073,9.372731405,4.127401125,6.544756406,0.0,0.0,11.016661,0.0,21.40269362,0.0,6.420821623,18.55355576,0.0,20.04658231,0.0,0.0,4.567099648,0.0,27.85225497,26.59133871,0.0,4.127401125,0.0,0.0,4.127401125,32.2280429,0.0,0.0,42.0836252,0.0,0.0,0.0,0.0,6.224389251,9.61672186,3.413194444,-13.44305556,0.615384615,0,0,1,3.6137,0,0,0,0,0,0,2,0,0,0,0,0,0,0,1,0,0,0,0,0,0,0,0,0,0,1,0,0,2,323.2,601,CCCCCC[n+]1ccccc1.O=S(=O)([N-]S(=O)(=O)C(F)(F)F)C(F)(F)F,-0.198450939
0.777777778,-6.721527778,0.365298349,13.0,0,2.499927726,5.11e-07,-1.41,221123.6073,9.372731405,4.127401125,6.544756406,0.0,0.0,11.016661,0.0,21.40269362,0.0,6.420821623,18.55355576,0.0,20.04658231,0.0,0.0,4.567099648,0.0,27.85225497,26.59133871,0.0,4.127401125,0.0,0.0,4.127401125,32.2280429,0.0,0.0,42.0836252,0.0,0.0,0.0,0.0,6.224389251,9.61672186,3.413194444,-13.44305556,0.615384615,0,0,1,3.6137,0,0,0,0,0,0,2,0,0,0,0,0,0,0,1,0,0,0,0,0,0,0,0,0,0,1,0,0,2,333.2,602,CCCCCC[n+]1ccccc1.O=S(=O)([N-]S(=O)(=O)C(F)(F)F)C(F)(F)F,-0.166054584
0.777777778,-6.721527778,0.365298349,13.0,0,2.499927726,5.11e-07,-1.41,221123.6073,9.372731405,4.127401125,6.544756406,0.0,0.0,11.016661,0.0,21.40269362,0.0,6.420821623,18.55355576,0.0,20.04658231,0.0,0.0,4.567099648,0.0,27.85225497,26.59133871,0.0,4.127401125,0.0,0.0,4.127401125,32.2280429,0.0,0.0,42.0836252,0.0,0.0,0.0,0.0,6.224389251,9.61672186,3.413194444,-13.44305556,0.615384615,0,0,1,3.6137,0,0,0,0,0,0,2,0,0,0,0,0,0,0,1,0,0,0,0,0,0,0,0,0,0,1,0,0,2,343.2,603,CCCCCC[n+]1ccccc1.O=S(=O)([N-]S(=O)(=O)C(F)(F)F)C(F)(F)F,-0.125563223
1.34375,-2.722222222,0.567531204,15.89473684,0,2.878907214,3.44e-07,-2.015064935,14509.69236,5.434438655,4.483030858,0.0,0.0,0.0,6.145991148,0.0,21.04756622,23.87429233,6.420821623,12.84164325,26.6819412,6.145991148,0.0,26.6819412,0.0,0.0,37.31096321,0.0,0.0,0.0,0.0,0.0,0.0,73.67487889,0.0,0.0,13.97140918,21.04756622,0.0,0.0,5.375,0.0,2.963064059,6.554297052,2.405416667,0.692307692,0,0,1,1.71322,0,0,0,0,0,0,5,0,0,1,0,0,0,0,0,0,0,0,0,0,0,0,0,0,0,0,1,0,0,318.15,604,CCCC[N+]1(C)CCCC1.N#C[B-](C#N)(C#N)C#N,0.122217633
1.34375,-2.722222222,0.567531204,15.89473684,0,2.878907214,3.44e-07,-2.015064935,14509.69236,5.434438655,4.483030858,0.0,0.0,0.0,6.145991148,0.0,21.04756622,23.87429233,6.420821623,12.84164325,26.6819412,6.145991148,0.0,26.6819412,0.0,0.0,37.31096321,0.0,0.0,0.0,0.0,0.0,0.0,73.67487889,0.0,0.0,13.97140918,21.04756622,0.0,0.0,5.375,0.0,2.963064059,6.554297052,2.405416667,0.692307692,0,0,1,1.71322,0,0,0,0,0,0,5,0,0,1,0,0,0,0,0,0,0,0,0,0,0,0,0,0,0,0,1,0,0,323.15,605,CCCC[N+]1(C)CCCC1.N#C[B-](C#N)(C#N)C#N,0.139761942
1.34375,-2.722222222,0.567531204,15.89473684,0,2.878907214,3.44e-07,-2.015064935,14509.69236,5.434438655,4.483030858,0.0,0.0,0.0,6.145991148,0.0,21.04756622,23.87429233,6.420821623,12.84164325,26.6819412,6.145991148,0.0,26.6819412,0.0,0.0,37.31096321,0.0,0.0,0.0,0.0,0.0,0.0,73.67487889,0.0,0.0,13.97140918,21.04756622,0.0,0.0,5.375,0.0,2.963064059,6.554297052,2.405416667,0.692307692,0,0,1,1.71322,0,0,0,0,0,0,5,0,0,1,0,0,0,0,0,0,0,0,0,0,0,0,0,0,0,0,1,0,0,333.15,606,CCCC[N+]1(C)CCCC1.N#C[B-](C#N)(C#N)C#N,0.157003749
1.34375,-2.722222222,0.567531204,15.89473684,0,2.878907214,3.44e-07,-2.015064935,14509.69236,5.434438655,4.483030858,0.0,0.0,0.0,6.145991148,0.0,21.04756622,23.87429233,6.420821623,12.84164325,26.6819412,6.145991148,0.0,26.6819412,0.0,0.0,37.31096321,0.0,0.0,0.0,0.0,0.0,0.0,73.67487889,0.0,0.0,13.97140918,21.04756622,0.0,0.0,5.375,0.0,2.963064059,6.554297052,2.405416667,0.692307692,0,0,1,1.71322,0,0,0,0,0,0,5,0,0,1,0,0,0,0,0,0,0,0,0,0,0,0,0,0,0,0,1,0,0,343.15,607,CCCC[N+]1(C)CCCC1.N#C[B-](C#N)(C#N)C#N,0.173953307
1.34375,-2.722222222,0.567531204,15.89473684,0,2.878907214,3.44e-07,-2.015064935,14509.69236,5.434438655,4.483030858,0.0,0.0,0.0,6.145991148,0.0,21.04756622,23.87429233,6.420821623,12.84164325,26.6819412,6.145991148,0.0,26.6819412,0.0,0.0,37.31096321,0.0,0.0,0.0,0.0,0.0,0.0,73.67487889,0.0,0.0,13.97140918,21.04756622,0.0,0.0,5.375,0.0,2.963064059,6.554297052,2.405416667,0.692307692,0,0,1,1.71322,0,0,0,0,0,0,5,0,0,1,0,0,0,0,0,0,0,0,0,0,0,0,0,0,0,0,1,0,0,353.15,608,CCCC[N+]1(C)CCCC1.N#C[B-](C#N)(C#N)C#N,0.198850859
1.355,-3.296296296,0.392940341,23.73913043,0,3.100411692,1.74e-07,-2.095064935,134247.8263,4.007311003,23.10046339,0.0,0.0,0.0,30.8344924,0.0,19.17814874,0.0,6.420821623,12.84164325,26.6819412,30.8344924,0.0,26.6819412,0.0,0.0,61.99946446,37.79558127,0.0,0.0,0.0,0.0,0.0,49.80058657,0.0,0.0,32.58884172,0.0,0.0,41.93944444,-5.490740741,0.0,5.685286281,3.258000756,2.405416667,0.692307692,0,0,3,-0.3511,0,0,0,0,4,4,1,0,0,1,0,0,0,0,0,0,0,0,0,0,0,0,0,0,0,0,1,0,0,333.15,609,CCCC[N+]1(C)CCCC1.O=C1O[B-]2(OC1=O)OC(=O)C(=O)O2,0.943905899
1.355,-3.296296296,0.392940341,23.73913043,0,3.100411692,1.74e-07,-2.095064935,134247.8263,4.007311003,23.10046339,0.0,0.0,0.0,30.8344924,0.0,19.17814874,0.0,6.420821623,12.84164325,26.6819412,30.8344924,0.0,26.6819412,0.0,0.0,61.99946446,37.79558127,0.0,0.0,0.0,0.0,0.0,49.80058657,0.0,0.0,32.58884172,0.0,0.0,41.93944444,-5.490740741,0.0,5.685286281,3.258000756,2.405416667,0.692307692,0,0,3,-0.3511,0,0,0,0,4,4,1,0,0,1,0,0,0,0,0,0,0,0,0,0,0,0,0,0,0,0,1,0,0,343.15,610,CCCC[N+]1(C)CCCC1.O=C1O[B-]2(OC1=O)OC(=O)C(=O)O2,0.924258902
1.355,-3.296296296,0.392940341,23.73913043,0,3.100411692,1.74e-07,-2.095064935,134247.8263,4.007311003,23.10046339,0.0,0.0,0.0,30.8344924,0.0,19.17814874,0.0,6.420821623,12.84164325,26.6819412,30.8344924,0.0,26.6819412,0.0,0.0,61.99946446,37.79558127,0.0,0.0,0.0,0.0,0.0,49.80058657,0.0,0.0,32.58884172,0.0,0.0,41.93944444,-5.490740741,0.0,5.685286281,3.258000756,2.405416667,0.692307692,0,0,3,-0.3511,0,0,0,0,4,4,1,0,0,1,0,0,0,0,0,0,0,0,0,0,0,0,0,0,0,0,1,0,0,353.15,611,CCCC[N+]1(C)CCCC1.O=C1O[B-]2(OC1=O)OC(=O)C(=O)O2,0.904218151
1.355,-3.296296296,0.392940341,23.73913043,0,3.100411692,1.74e-07,-2.095064935,134247.8263,4.007311003,23.10046339,0.0,0.0,0.0,30.8344924,0.0,19.17814874,0.0,6.420821623,12.84164325,26.6819412,30.8344924,0.0,26.6819412,0.0,0.0,61.99946446,37.79558127,0.0,0.0,0.0,0.0,0.0,49.80058657,0.0,0.0,32.58884172,0.0,0.0,41.93944444,-5.490740741,0.0,5.685286281,3.258000756,2.405416667,0.692307692,0,0,3,-0.3511,0,0,0,0,4,4,1,0,0,1,0,0,0,0,0,0,0,0,0,0,0,0,0,0,0,0,1,0,0,363.15,612,CCCC[N+]1(C)CCCC1.O=C1O[B-]2(OC1=O)OC(=O)C(=O)O2,0.887891257
1.355,-3.296296296,0.392940341,23.73913043,0,3.100411692,1.74e-07,-2.095064935,134247.8263,4.007311003,23.10046339,0.0,0.0,0.0,30.8344924,0.0,19.17814874,0.0,6.420821623,12.84164325,26.6819412,30.8344924,0.0,26.6819412,0.0,0.0,61.99946446,37.79558127,0.0,0.0,0.0,0.0,0.0,49.80058657,0.0,0.0,32.58884172,0.0,0.0,41.93944444,-5.490740741,0.0,5.685286281,3.258000756,2.405416667,0.692307692,0,0,3,-0.3511,0,0,0,0,4,4,1,0,0,1,0,0,0,0,0,0,0,0,0,0,0,0,0,0,0,0,1,0,0,373.15,613,CCCC[N+]1(C)CCCC1.O=C1O[B-]2(OC1=O)OC(=O)C(=O)O2,0.875468737
1.056388889,-2.722222222,0.496609327,8.588235294,0,2.796310278,3.02e-07,-2.765064935,5771.584415,4.079992061,0.0,12.39368714,6.327320075,0.0,6.145991148,0.0,30.18176551,23.87429233,6.9237372,0.0,13.59242839,6.145991148,7.047671983,0.0,4.567099648,0.0,10.7130908,13.59242839,0.0,0.0,0.0,0.0,6.544756406,23.87429233,0.0,17.8116152,24.01500049,21.04756622,0.0,0.0,5.375,0.0,3.420138889,3.181388889,2.02,0.3,0,0,1,0.01882,0,0,0,0,0,0,6,0,0,0,0,0,0,0,2,0,0,0,0,0,0,0,0,0,0,0,0,0,0,318.15,614,CC[n+]1ccn(C)c1.N#C[B-](C#N)(C#N)C#N,0.518793793
1.056388889,-2.722222222,0.496609327,8.588235294,0,2.796310278,3.02e-07,-2.765064935,5771.584415,4.079992061,0.0,12.39368714,6.327320075,0.0,6.145991148,0.0,30.18176551,23.87429233,6.9237372,0.0,13.59242839,6.145991148,7.047671983,0.0,4.567099648,0.0,10.7130908,13.59242839,0.0,0.0,0.0,0.0,6.544756406,23.87429233,0.0,17.8116152,24.01500049,21.04756622,0.0,0.0,5.375,0.0,3.420138889,3.181388889,2.02,0.3,0,0,1,0.01882,0,0,0,0,0,0,6,0,0,0,0,0,0,0,2,0,0,0,0,0,0,0,0,0,0,0,0,0,0,323.15,615,CC[n+]1ccn(C)c1.N#C[B-](C#N)(C#N)C#N,0.524728529
1.056388889,-2.722222222,0.496609327,8.588235294,0,2.796310278,3.02e-07,-2.765064935,5771.584415,4.079992061,0.0,12.39368714,6.327320075,0.0,6.145991148,0.0,30.18176551,23.87429233,6.9237372,0.0,13.59242839,6.145991148,7.047671983,0.0,4.567099648,0.0,10.7130908,13.59242839,0.0,0.0,0.0,0.0,6.544756406,23.87429233,0.0,17.8116152,24.01500049,21.04756622,0.0,0.0,5.375,0.0,3.420138889,3.181388889,2.02,0.3,0,0,1,0.01882,0,0,0,0,0,0,6,0,0,0,0,0,0,0,2,0,0,0,0,0,0,0,0,0,0,0,0,0,0,333.15,616,CC[n+]1ccn(C)c1.N#C[B-](C#N)(C#N)C#N,0.536493371
1.056388889,-2.722222222,0.496609327,8.588235294,0,2.796310278,3.02e-07,-2.765064935,5771.584415,4.079992061,0.0,12.39368714,6.327320075,0.0,6.145991148,0.0,30.18176551,23.87429233,6.9237372,0.0,13.59242839,6.145991148,7.047671983,0.0,4.567099648,0.0,10.7130908,13.59242839,0.0,0.0,0.0,0.0,6.544756406,23.87429233,0.0,17.8116152,24.01500049,21.04756622,0.0,0.0,5.375,0.0,3.420138889,3.181388889,2.02,0.3,0,0,1,0.01882,0,0,0,0,0,0,6,0,0,0,0,0,0,0,2,0,0,0,0,0,0,0,0,0,0,0,0,0,0,343.15,617,CC[n+]1ccn(C)c1.N#C[B-](C#N)(C#N)C#N,0.542324291
1.056388889,-2.722222222,0.496609327,8.588235294,0,2.796310278,3.02e-07,-2.765064935,5771.584415,4.079992061,0.0,12.39368714,6.327320075,0.0,6.145991148,0.0,30.18176551,23.87429233,6.9237372,0.0,13.59242839,6.145991148,7.047671983,0.0,4.567099648,0.0,10.7130908,13.59242839,0.0,0.0,0.0,0.0,6.544756406,23.87429233,0.0,17.8116152,24.01500049,21.04756622,0.0,0.0,5.375,0.0,3.420138889,3.181388889,2.02,0.3,0,0,1,0.01882,0,0,0,0,0,0,6,0,0,0,0,0,0,0,2,0,0,0,0,0,0,0,0,0,0,0,0,0,0,353.15,618,CC[n+]1ccn(C)c1.N#C[B-](C#N)(C#N)C#N,0.553885113
1.150138889,-4.944444444,0.507066913,10.8,0,2.445635406,3.36e-07,-0.66,1357.32765,11.26552976,0.0,12.39368714,6.327320075,0.0,0.0,0.0,27.77017697,10.2431403,6.420821623,0.0,13.59242839,0.0,7.047671983,0.0,23.20307732,0.0,4.567099648,13.59242839,0.0,0.0,0.0,0.0,6.544756406,12.84164325,0.0,7.047671983,34.77894371,18.63597767,0.0,0.0,0.0,0.0,8.817018141,3.361944444,-2.900351474,0.625,0,0,1,-3.6433,0,0,0,0,0,0,2,0,0,0,0,0,0,0,2,0,0,0,0,0,0,0,0,0,0,0,0,0,0,313.15,619,CCCC[n+]1ccn(C)c1.[O-][Cl+3]([O-])([O-])[O-],1.085189268
1.150138889,-4.944444444,0.507066913,10.8,0,2.445635406,3.36e-07,-0.66,1357.32765,11.26552976,0.0,12.39368714,6.327320075,0.0,0.0,0.0,27.77017697,10.2431403,6.420821623,0.0,13.59242839,0.0,7.047671983,0.0,23.20307732,0.0,4.567099648,13.59242839,0.0,0.0,0.0,0.0,6.544756406,12.84164325,0.0,7.047671983,34.77894371,18.63597767,0.0,0.0,0.0,0.0,8.817018141,3.361944444,-2.900351474,0.625,0,0,1,-3.6433,0,0,0,0,0,0,2,0,0,0,0,0,0,0,2,0,0,0,0,0,0,0,0,0,0,0,0,0,0,323.15,620,CCCC[n+]1ccn(C)c1.[O-][Cl+3]([O-])([O-])[O-],1.131402111
1.150138889,-4.944444444,0.507066913,10.8,0,2.445635406,3.36e-07,-0.66,1357.32765,11.26552976,0.0,12.39368714,6.327320075,0.0,0.0,0.0,27.77017697,10.2431403,6.420821623,0.0,13.59242839,0.0,7.047671983,0.0,23.20307732,0.0,4.567099648,13.59242839,0.0,0.0,0.0,0.0,6.544756406,12.84164325,0.0,7.047671983,34.77894371,18.63597767,0.0,0.0,0.0,0.0,8.817018141,3.361944444,-2.900351474,0.625,0,0,1,-3.6433,0,0,0,0,0,0,2,0,0,0,0,0,0,0,2,0,0,0,0,0,0,0,0,0,0,0,0,0,0,333.15,621,CCCC[n+]1ccn(C)c1.[O-][Cl+3]([O-])([O-])[O-],1.1442228
1.150138889,-4.944444444,0.507066913,10.8,0,2.445635406,3.36e-07,-0.66,1357.32765,11.26552976,0.0,12.39368714,6.327320075,0.0,0.0,0.0,27.77017697,10.2431403,6.420821623,0.0,13.59242839,0.0,7.047671983,0.0,23.20307732,0.0,4.567099648,13.59242839,0.0,0.0,0.0,0.0,6.544756406,12.84164325,0.0,7.047671983,34.77894371,18.63597767,0.0,0.0,0.0,0.0,8.817018141,3.361944444,-2.900351474,0.625,0,0,1,-3.6433,0,0,0,0,0,0,2,0,0,0,0,0,0,0,2,0,0,0,0,0,0,0,0,0,0,0,0,0,0,343.15,622,CCCC[n+]1ccn(C)c1.[O-][Cl+3]([O-])([O-])[O-],1.190887565
1.150138889,-4.944444444,0.507066913,10.8,0,2.445635406,3.36e-07,-0.66,1357.32765,11.26552976,0.0,12.39368714,6.327320075,0.0,0.0,0.0,27.77017697,10.2431403,6.420821623,0.0,13.59242839,0.0,7.047671983,0.0,23.20307732,0.0,4.567099648,13.59242839,0.0,0.0,0.0,0.0,6.544756406,12.84164325,0.0,7.047671983,34.77894371,18.63597767,0.0,0.0,0.0,0.0,8.817018141,3.361944444,-2.900351474,0.625,0,0,1,-3.6433,0,0,0,0,0,0,2,0,0,0,0,0,0,0,2,0,0,0,0,0,0,0,0,0,0,0,0,0,0,353.15,623,CCCC[n+]1ccn(C)c1.[O-][Cl+3]([O-])([O-])[O-],1.217875709
0.777777778,-6.721527778,0.297437386,13.1,0,2.874540071,5.61e-07,-1.35,891475.3633,9.202449782,4.127401125,12.39368714,0.0,5.824404498,11.016661,0.0,25.96979326,0.0,12.84164325,6.9237372,13.59242839,20.04658231,7.047671983,0.0,4.567099648,0.0,32.41935462,33.6390107,0.0,4.127401125,0.0,0.0,4.127401125,50.89409064,0.0,0.0,42.42303282,0.0,0.0,0.0,1.350516844,0.0,12.56312681,5.624069429,-11.33880798,0.8,0,0,1,4.04082,0,0,0,0,0,0,3,0,0,0,0,0,0,0,2,0,0,0,0,0,0,0,0,0,0,0,0,0,4,313.15,624,CCCCCCCC[n+]1ccn(C)c1C.O=S(=O)([N-]S(=O)(=O)C(F)(F)F)C(F)(F)F,0.029558802
0.777777778,-6.721527778,0.297437386,13.1,0,2.874540071,5.61e-07,-1.35,891475.3633,9.202449782,4.127401125,12.39368714,0.0,5.824404498,11.016661,0.0,25.96979326,0.0,12.84164325,6.9237372,13.59242839,20.04658231,7.047671983,0.0,4.567099648,0.0,32.41935462,33.6390107,0.0,4.127401125,0.0,0.0,4.127401125,50.89409064,0.0,0.0,42.42303282,0.0,0.0,0.0,1.350516844,0.0,12.56312681,5.624069429,-11.33880798,0.8,0,0,1,4.04082,0,0,0,0,0,0,3,0,0,0,0,0,0,0,2,0,0,0,0,0,0,0,0,0,0,0,0,0,4,323.15,625,CCCCCCCC[n+]1ccn(C)c1C.O=S(=O)([N-]S(=O)(=O)C(F)(F)F)C(F)(F)F,-0.061875404
0.777777778,-6.721527778,0.297437386,13.1,0,2.874540071,5.61e-07,-1.35,891475.3633,9.202449782,4.127401125,12.39368714,0.0,5.824404498,11.016661,0.0,25.96979326,0.0,12.84164325,6.9237372,13.59242839,20.04658231,7.047671983,0.0,4.567099648,0.0,32.41935462,33.6390107,0.0,4.127401125,0.0,0.0,4.127401125,50.89409064,0.0,0.0,42.42303282,0.0,0.0,0.0,1.350516844,0.0,12.56312681,5.624069429,-11.33880798,0.8,0,0,1,4.04082,0,0,0,0,0,0,3,0,0,0,0,0,0,0,2,0,0,0,0,0,0,0,0,0,0,0,0,0,4,333.15,626,CCCCCCCC[n+]1ccn(C)c1C.O=S(=O)([N-]S(=O)(=O)C(F)(F)F)C(F)(F)F,-0.139262067
0.777777778,-6.721527778,0.297437386,13.1,0,2.874540071,5.61e-07,-1.35,891475.3633,9.202449782,4.127401125,12.39368714,0.0,5.824404498,11.016661,0.0,25.96979326,0.0,12.84164325,6.9237372,13.59242839,20.04658231,7.047671983,0.0,4.567099648,0.0,32.41935462,33.6390107,0.0,4.127401125,0.0,0.0,4.127401125,50.89409064,0.0,0.0,42.42303282,0.0,0.0,0.0,1.350516844,0.0,12.56312681,5.624069429,-11.33880798,0.8,0,0,1,4.04082,0,0,0,0,0,0,3,0,0,0,0,0,0,0,2,0,0,0,0,0,0,0,0,0,0,0,0,0,4,343.15,627,CCCCCCCC[n+]1ccn(C)c1C.O=S(=O)([N-]S(=O)(=O)C(F)(F)F)C(F)(F)F,-0.198450939
0.777777778,-6.721527778,0.297437386,13.1,0,2.874540071,5.61e-07,-1.35,891475.3633,9.202449782,4.127401125,12.39368714,0.0,5.824404498,11.016661,0.0,25.96979326,0.0,12.84164325,6.9237372,13.59242839,20.04658231,7.047671983,0.0,4.567099648,0.0,32.41935462,33.6390107,0.0,4.127401125,0.0,0.0,4.127401125,50.89409064,0.0,0.0,42.42303282,0.0,0.0,0.0,1.350516844,0.0,12.56312681,5.624069429,-11.33880798,0.8,0,0,1,4.04082,0,0,0,0,0,0,3,0,0,0,0,0,0,0,2,0,0,0,0,0,0,0,0,0,0,0,0,0,4,353.15,628,CCCCCCCC[n+]1ccn(C)c1C.O=S(=O)([N-]S(=O)(=O)C(F)(F)F)C(F)(F)F,-0.248461359
1.176388889,-2.722222222,0.391685693,9.68,0,3.055432127,5.47e-07,-2.765064935,291414.8946,9.855049268,0.0,12.39368714,6.327320075,0.0,6.145991148,0.0,30.18176551,23.87429233,12.84164325,0.0,13.59242839,6.145991148,7.047671983,0.0,4.567099648,0.0,10.7130908,13.59242839,0.0,0.0,0.0,0.0,0.0,81.78562172,0.0,0.0,41.8266157,21.04756622,0.0,0.0,5.375,0.0,14.87604705,3.451272754,2.073641344,0.611111111,0,0,1,3.13962,0,0,0,0,0,0,6,0,0,0,0,0,0,0,2,0,0,0,0,0,0,0,0,0,0,0,0,0,6,328.15,629,CCCCCCCCCC[n+]1ccn(C)c1.N#C[B-](C#N)(C#N)C#N,-0.30652516
1.176388889,-2.722222222,0.391685693,9.68,0,3.055432127,5.47e-07,-2.765064935,291414.8946,9.855049268,0.0,12.39368714,6.327320075,0.0,6.145991148,0.0,30.18176551,23.87429233,12.84164325,0.0,13.59242839,6.145991148,7.047671983,0.0,4.567099648,0.0,10.7130908,13.59242839,0.0,0.0,0.0,0.0,0.0,81.78562172,0.0,0.0,41.8266157,21.04756622,0.0,0.0,5.375,0.0,14.87604705,3.451272754,2.073641344,0.611111111,0,0,1,3.13962,0,0,0,0,0,0,6,0,0,0,0,0,0,0,2,0,0,0,0,0,0,0,0,0,0,0,0,0,6,338.15,630,CCCCCCCCCC[n+]1ccn(C)c1.N#C[B-](C#N)(C#N)C#N,-0.283690051
1.176388889,-2.722222222,0.391685693,9.68,0,3.055432127,5.47e-07,-2.765064935,291414.8946,9.855049268,0.0,12.39368714,6.327320075,0.0,6.145991148,0.0,30.18176551,23.87429233,12.84164325,0.0,13.59242839,6.145991148,7.047671983,0.0,4.567099648,0.0,10.7130908,13.59242839,0.0,0.0,0.0,0.0,0.0,81.78562172,0.0,0.0,41.8266157,21.04756622,0.0,0.0,5.375,0.0,14.87604705,3.451272754,2.073641344,0.611111111,0,0,1,3.13962,0,0,0,0,0,0,6,0,0,0,0,0,0,0,2,0,0,0,0,0,0,0,0,0,0,0,0,0,6,348.15,631,CCCCCCCCCC[n+]1ccn(C)c1.N#C[B-](C#N)(C#N)C#N,-0.265268478
1.176388889,-2.722222222,0.391685693,9.68,0,3.055432127,5.47e-07,-2.765064935,291414.8946,9.855049268,0.0,12.39368714,6.327320075,0.0,6.145991148,0.0,30.18176551,23.87429233,12.84164325,0.0,13.59242839,6.145991148,7.047671983,0.0,4.567099648,0.0,10.7130908,13.59242839,0.0,0.0,0.0,0.0,0.0,81.78562172,0.0,0.0,41.8266157,21.04756622,0.0,0.0,5.375,0.0,14.87604705,3.451272754,2.073641344,0.611111111,0,0,1,3.13962,0,0,0,0,0,0,6,0,0,0,0,0,0,0,2,0,0,0,0,0,0,0,0,0,0,0,0,0,6,358.15,632,CCCCCCCCCC[n+]1ccn(C)c1.N#C[B-](C#N)(C#N)C#N,-0.245900538
1.176388889,-2.722222222,0.391685693,9.68,0,3.055432127,5.47e-07,-2.765064935,291414.8946,9.855049268,0.0,12.39368714,6.327320075,0.0,6.145991148,0.0,30.18176551,23.87429233,12.84164325,0.0,13.59242839,6.145991148,7.047671983,0.0,4.567099648,0.0,10.7130908,13.59242839,0.0,0.0,0.0,0.0,0.0,81.78562172,0.0,0.0,41.8266157,21.04756622,0.0,0.0,5.375,0.0,14.87604705,3.451272754,2.073641344,0.611111111,0,0,1,3.13962,0,0,0,0,0,0,6,0,0,0,0,0,0,0,2,0,0,0,0,0,0,0,0,0,0,0,0,0,6,368.15,633,CCCCCCCCCC[n+]1ccn(C)c1.N#C[B-](C#N)(C#N)C#N,-0.228156093
0.777777778,-6.721527778,0.245640404,12.93939394,0,2.683562636,3.37e-07,-1.93,5296056.482,9.450680269,4.127401125,6.544756406,0.0,0.0,11.016661,0.0,21.40269362,0.0,17.87341291,17.87341291,0.0,30.81903074,0.0,0.0,4.567099648,0.0,27.85225497,26.59133871,0.0,14.89984955,0.0,0.0,10.67215753,49.29737817,0.0,0.0,54.21635933,0.0,0.0,0.0,0.0,10.77950869,12.64455438,3.418541858,-13.44305556,0.526315789,0,0,2,5.5471,0,0,0,0,0,0,2,0,0,0,0,0,0,0,1,1,0,0,0,0,0,0,0,0,0,1,0,0,4,328.15,634,CCCCCCCC[n+]1ccc2ccccc2c1.O=S(=O)([N-]S(=O)(=O)C(F)(F)F)C(F)(F)F,-0.317454231
0.777777778,-6.721527778,0.245640404,12.93939394,0,2.683562636,3.37e-07,-1.93,5296056.482,9.450680269,4.127401125,6.544756406,0.0,0.0,11.016661,0.0,21.40269362,0.0,17.87341291,17.87341291,0.0,30.81903074,0.0,0.0,4.567099648,0.0,27.85225497,26.59133871,0.0,14.89984955,0.0,0.0,10.67215753,49.29737817,0.0,0.0,54.21635933,0.0,0.0,0.0,0.0,10.77950869,12.64455438,3.418541858,-13.44305556,0.526315789,0,0,2,5.5471,0,0,0,0,0,0,2,0,0,0,0,0,0,0,1,1,0,0,0,0,0,0,0,0,0,1,0,0,4,338.15,635,CCCCCCCC[n+]1ccc2ccccc2c1.O=S(=O)([N-]S(=O)(=O)C(F)(F)F)C(F)(F)F,-0.294371061
0.777777778,-6.721527778,0.245640404,12.93939394,0,2.683562636,3.37e-07,-1.93,5296056.482,9.450680269,4.127401125,6.544756406,0.0,0.0,11.016661,0.0,21.40269362,0.0,17.87341291,17.87341291,0.0,30.81903074,0.0,0.0,4.567099648,0.0,27.85225497,26.59133871,0.0,14.89984955,0.0,0.0,10.67215753,49.29737817,0.0,0.0,54.21635933,0.0,0.0,0.0,0.0,10.77950869,12.64455438,3.418541858,-13.44305556,0.526315789,0,0,2,5.5471,0,0,0,0,0,0,2,0,0,0,0,0,0,0,1,1,0,0,0,0,0,0,0,0,0,1,0,0,4,348.15,636,CCCCCCCC[n+]1ccc2ccccc2c1.O=S(=O)([N-]S(=O)(=O)C(F)(F)F)C(F)(F)F,-0.271808723
0.777777778,-6.721527778,0.245640404,12.93939394,0,2.683562636,3.37e-07,-1.93,5296056.482,9.450680269,4.127401125,6.544756406,0.0,0.0,11.016661,0.0,21.40269362,0.0,17.87341291,17.87341291,0.0,30.81903074,0.0,0.0,4.567099648,0.0,27.85225497,26.59133871,0.0,14.89984955,0.0,0.0,10.67215753,49.29737817,0.0,0.0,54.21635933,0.0,0.0,0.0,0.0,10.77950869,12.64455438,3.418541858,-13.44305556,0.526315789,0,0,2,5.5471,0,0,0,0,0,0,2,0,0,0,0,0,0,0,1,1,0,0,0,0,0,0,0,0,0,1,0,0,4,358.15,637,CCCCCCCC[n+]1ccc2ccccc2c1.O=S(=O)([N-]S(=O)(=O)C(F)(F)F)C(F)(F)F,-0.251028755
0.777777778,-6.721527778,0.245640404,12.93939394,0,2.683562636,3.37e-07,-1.93,5296056.482,9.450680269,4.127401125,6.544756406,0.0,0.0,11.016661,0.0,21.40269362,0.0,17.87341291,17.87341291,0.0,30.81903074,0.0,0.0,4.567099648,0.0,27.85225497,26.59133871,0.0,14.89984955,0.0,0.0,10.67215753,49.29737817,0.0,0.0,54.21635933,0.0,0.0,0.0,0.0,10.77950869,12.64455438,3.418541858,-13.44305556,0.526315789,0,0,2,5.5471,0,0,0,0,0,0,2,0,0,0,0,0,0,0,1,1,0,0,0,0,0,0,0,0,0,1,0,0,4,368.15,638,CCCCCCCC[n+]1ccc2ccccc2c1.O=S(=O)([N-]S(=O)(=O)C(F)(F)F)C(F)(F)F,-0.228156093
0.421527778,-7.619930556,0.535794125,19.03125,0,2.594645876,3.82e-07,-1.57,1893785.321,5.668490776,4.127401125,0.0,0.0,0.0,28.82127391,14.79222419,16.83559397,0.0,0.0,12.84164325,33.22669761,26.00613688,0.0,33.22669761,4.992404733,0.0,88.68338494,20.04658231,0.0,4.127401125,0.0,4.127401125,6.544756406,38.43546703,0.0,0.0,21.83989618,0.0,0.0,8.212777778,1.349537037,0.0,-11.40698106,4.84162037,-13.07337963,0.916666667,0,0,2,0.7941,0,0,0,0,0,0,3,1,0,0,0,0,0,0,0,1,0,0,1,0,0,0,0,0,0,0,0,0,0,308.15,639,CN1CCCN2CCC[NH+]=C12.O=S(=O)([N-]S(=O)(=O)C(F)(F)C(F)(F)F)C(F)(F)C(F)(F)F,0.165514438
0.421527778,-7.619930556,0.535794125,19.03125,0,2.594645876,3.82e-07,-1.57,1893785.321,5.668490776,4.127401125,0.0,0.0,0.0,28.82127391,14.79222419,16.83559397,0.0,0.0,12.84164325,33.22669761,26.00613688,0.0,33.22669761,4.992404733,0.0,88.68338494,20.04658231,0.0,4.127401125,0.0,4.127401125,6.544756406,38.43546703,0.0,0.0,21.83989618,0.0,0.0,8.212777778,1.349537037,0.0,-11.40698106,4.84162037,-13.07337963,0.916666667,0,0,2,0.7941,0,0,0,0,0,0,3,1,0,0,0,0,0,0,0,1,0,0,1,0,0,0,0,0,0,0,0,0,0,318.15,640,CN1CCCN2CCC[NH+]=C12.O=S(=O)([N-]S(=O)(=O)C(F)(F)C(F)(F)F)C(F)(F)C(F)(F)F,0.182321557
0.421527778,-7.619930556,0.535794125,19.03125,0,2.594645876,3.82e-07,-1.57,1893785.321,5.668490776,4.127401125,0.0,0.0,0.0,28.82127391,14.79222419,16.83559397,0.0,0.0,12.84164325,33.22669761,26.00613688,0.0,33.22669761,4.992404733,0.0,88.68338494,20.04658231,0.0,4.127401125,0.0,4.127401125,6.544756406,38.43546703,0.0,0.0,21.83989618,0.0,0.0,8.212777778,1.349537037,0.0,-11.40698106,4.84162037,-13.07337963,0.916666667,0,0,2,0.7941,0,0,0,0,0,0,3,1,0,0,0,0,0,0,0,1,0,0,1,0,0,0,0,0,0,0,0,0,0,328.15,641,CN1CCCN2CCC[NH+]=C12.O=S(=O)([N-]S(=O)(=O)C(F)(F)C(F)(F)F)C(F)(F)C(F)(F)F,0.207014169
0.421527778,-7.619930556,0.535794125,19.03125,0,2.594645876,3.82e-07,-1.57,1893785.321,5.668490776,4.127401125,0.0,0.0,0.0,28.82127391,14.79222419,16.83559397,0.0,0.0,12.84164325,33.22669761,26.00613688,0.0,33.22669761,4.992404733,0.0,88.68338494,20.04658231,0.0,4.127401125,0.0,4.127401125,6.544756406,38.43546703,0.0,0.0,21.83989618,0.0,0.0,8.212777778,1.349537037,0.0,-11.40698106,4.84162037,-13.07337963,0.916666667,0,0,2,0.7941,0,0,0,0,0,0,3,1,0,0,0,0,0,0,0,1,0,0,1,0,0,0,0,0,0,0,0,0,0,338.15,642,CN1CCCN2CCC[NH+]=C12.O=S(=O)([N-]S(=O)(=O)C(F)(F)C(F)(F)F)C(F)(F)C(F)(F)F,0.223143551
0.421527778,-7.619930556,0.535794125,19.03125,0,2.594645876,3.82e-07,-1.57,1893785.321,5.668490776,4.127401125,0.0,0.0,0.0,28.82127391,14.79222419,16.83559397,0.0,0.0,12.84164325,33.22669761,26.00613688,0.0,33.22669761,4.992404733,0.0,88.68338494,20.04658231,0.0,4.127401125,0.0,4.127401125,6.544756406,38.43546703,0.0,0.0,21.83989618,0.0,0.0,8.212777778,1.349537037,0.0,-11.40698106,4.84162037,-13.07337963,0.916666667,0,0,2,0.7941,0,0,0,0,0,0,3,1,0,0,0,0,0,0,0,1,0,0,1,0,0,0,0,0,0,0,0,0,0,348.15,643,CN1CCCN2CCC[NH+]=C12.O=S(=O)([N-]S(=O)(=O)C(F)(F)C(F)(F)F)C(F)(F)C(F)(F)F,0.2390169
1.28125,1.28125,0.527635676,16.8,0,2.6518431,3.36e-07,-1.26,2227.548204,6.763679555,15.00681397,0.0,0.0,0.0,0.0,5.316788604,0.0,0.0,6.420821623,25.22795544,26.6819412,0.0,0.0,26.6819412,0.0,0.0,31.16497206,0.0,0.0,5.316788604,0.0,0.0,0.0,62.18689876,0.0,0.0,19.28819779,10.52378311,0.0,0.0,0.0,0.0,8.247786281,6.554297052,2.405416667,0.818181818,0,0,1,2.34916,0,0,0,0,0,0,4,0,0,1,0,0,0,0,0,0,0,0,0,0,0,0,0,0,0,0,1,0,0,313.15,644,CCCC[N+]1(C)CCCC1.N#C[N-]C#N,0.727548607
1.28125,1.28125,0.527635676,16.8,0,2.6518431,3.36e-07,-1.26,2227.548204,6.763679555,15.00681397,0.0,0.0,0.0,0.0,5.316788604,0.0,0.0,6.420821623,25.22795544,26.6819412,0.0,0.0,26.6819412,0.0,0.0,31.16497206,0.0,0.0,5.316788604,0.0,0.0,0.0,62.18689876,0.0,0.0,19.28819779,10.52378311,0.0,0.0,0.0,0.0,8.247786281,6.554297052,2.405416667,0.818181818,0,0,1,2.34916,0,0,0,0,0,0,4,0,0,1,0,0,0,0,0,0,0,0,0,0,0,0,0,0,0,0,1,0,0,323.15,645,CCCC[N+]1(C)CCCC1.N#C[N-]C#N,0.760805829
1.28125,1.28125,0.527635676,16.8,0,2.6518431,3.36e-07,-1.26,2227.548204,6.763679555,15.00681397,0.0,0.0,0.0,0.0,5.316788604,0.0,0.0,6.420821623,25.22795544,26.6819412,0.0,0.0,26.6819412,0.0,0.0,31.16497206,0.0,0.0,5.316788604,0.0,0.0,0.0,62.18689876,0.0,0.0,19.28819779,10.52378311,0.0,0.0,0.0,0.0,8.247786281,6.554297052,2.405416667,0.818181818,0,0,1,2.34916,0,0,0,0,0,0,4,0,0,1,0,0,0,0,0,0,0,0,0,0,0,0,0,0,0,0,1,0,0,343.15,646,CCCC[N+]1(C)CCCC1.N#C[N-]C#N,0.832909123
1.28125,1.28125,0.527635676,16.8,0,2.6518431,3.36e-07,-1.26,2227.548204,6.763679555,15.00681397,0.0,0.0,0.0,0.0,5.316788604,0.0,0.0,6.420821623,25.22795544,26.6819412,0.0,0.0,26.6819412,0.0,0.0,31.16497206,0.0,0.0,5.316788604,0.0,0.0,0.0,62.18689876,0.0,0.0,19.28819779,10.52378311,0.0,0.0,0.0,0.0,8.247786281,6.554297052,2.405416667,0.818181818,0,0,1,2.34916,0,0,0,0,0,0,4,0,0,1,0,0,0,0,0,0,0,0,0,0,0,0,0,0,0,0,1,0,0,363.15,647,CCCC[N+]1(C)CCCC1.N#C[N-]C#N,0.887891257
1.28125,1.28125,0.527635676,16.8,0,2.6518431,3.36e-07,-1.26,2227.548204,6.763679555,15.00681397,0.0,0.0,0.0,0.0,5.316788604,0.0,0.0,6.420821623,25.22795544,26.6819412,0.0,0.0,26.6819412,0.0,0.0,31.16497206,0.0,0.0,5.316788604,0.0,0.0,0.0,62.18689876,0.0,0.0,19.28819779,10.52378311,0.0,0.0,0.0,0.0,8.247786281,6.554297052,2.405416667,0.818181818,0,0,1,2.34916,0,0,0,0,0,0,4,0,0,1,0,0,0,0,0,0,0,0,0,0,0,0,0,0,0,0,1,0,0,373.15,648,CCCC[N+]1(C)CCCC1.N#C[N-]C#N,0.90825856
0.125771605,-3.942515432,0.584073325,10.88235294,0,2.646091416,3.02e-07,-0.68,4437.495304,8.098717988,13.94090593,12.39368714,6.327320075,7.822697123,0.0,4.565048285,9.134199296,0.0,20.7712116,0.0,26.80619232,7.822697123,7.047671983,13.21376393,9.460511251,7.822697123,17.78086358,27.204971,0.0,0.0,13.21376393,0.0,6.544756406,0.0,13.8474744,17.8116152,33.06249482,0.0,0.0,10.41388889,0.0,0.0,6.142361111,6.606682099,-1.922515432,0.7,0,0,1,0.8603,0,0,0,0,0,0,2,0,0,0,0,0,0,0,2,0,0,0,0,0,0,1,1,0,0,0,0,0,0,303.15,649,CCOP(=O)([O-])OCC.CC[n+]1ccn(C)c1,1.554770511
0.125771605,-3.942515432,0.584073325,10.88235294,0,2.646091416,3.02e-07,-0.68,4437.495304,8.098717988,13.94090593,12.39368714,6.327320075,7.822697123,0.0,4.565048285,9.134199296,0.0,20.7712116,0.0,26.80619232,7.822697123,7.047671983,13.21376393,9.460511251,7.822697123,17.78086358,27.204971,0.0,0.0,13.21376393,0.0,6.544756406,0.0,13.8474744,17.8116152,33.06249482,0.0,0.0,10.41388889,0.0,0.0,6.142361111,6.606682099,-1.922515432,0.7,0,0,1,0.8603,0,0,0,0,0,0,2,0,0,0,0,0,0,0,2,0,0,0,0,0,0,1,1,0,0,0,0,0,0,313.15,650,CCOP(=O)([O-])OCC.CC[n+]1ccn(C)c1,1.519731999
0.125771605,-3.942515432,0.584073325,10.88235294,0,2.646091416,3.02e-07,-0.68,4437.495304,8.098717988,13.94090593,12.39368714,6.327320075,7.822697123,0.0,4.565048285,9.134199296,0.0,20.7712116,0.0,26.80619232,7.822697123,7.047671983,13.21376393,9.460511251,7.822697123,17.78086358,27.204971,0.0,0.0,13.21376393,0.0,6.544756406,0.0,13.8474744,17.8116152,33.06249482,0.0,0.0,10.41388889,0.0,0.0,6.142361111,6.606682099,-1.922515432,0.7,0,0,1,0.8603,0,0,0,0,0,0,2,0,0,0,0,0,0,0,2,0,0,0,0,0,0,1,1,0,0,0,0,0,0,323.15,651,CCOP(=O)([O-])OCC.CC[n+]1ccn(C)c1,1.482286127
0.125771605,-3.942515432,0.584073325,10.88235294,0,2.646091416,3.02e-07,-0.68,4437.495304,8.098717988,13.94090593,12.39368714,6.327320075,7.822697123,0.0,4.565048285,9.134199296,0.0,20.7712116,0.0,26.80619232,7.822697123,7.047671983,13.21376393,9.460511251,7.822697123,17.78086358,27.204971,0.0,0.0,13.21376393,0.0,6.544756406,0.0,13.8474744,17.8116152,33.06249482,0.0,0.0,10.41388889,0.0,0.0,6.142361111,6.606682099,-1.922515432,0.7,0,0,1,0.8603,0,0,0,0,0,0,2,0,0,0,0,0,0,0,2,0,0,0,0,0,0,1,1,0,0,0,0,0,0,333.15,652,CCOP(=O)([O-])OCC.CC[n+]1ccn(C)c1,1.458149798
0.125771605,-3.942515432,0.584073325,10.88235294,0,2.646091416,3.02e-07,-0.68,4437.495304,8.098717988,13.94090593,12.39368714,6.327320075,7.822697123,0.0,4.565048285,9.134199296,0.0,20.7712116,0.0,26.80619232,7.822697123,7.047671983,13.21376393,9.460511251,7.822697123,17.78086358,27.204971,0.0,0.0,13.21376393,0.0,6.544756406,0.0,13.8474744,17.8116152,33.06249482,0.0,0.0,10.41388889,0.0,0.0,6.142361111,6.606682099,-1.922515432,0.7,0,0,1,0.8603,0,0,0,0,0,0,2,0,0,0,0,0,0,0,2,0,0,0,0,0,0,1,1,0,0,0,0,0,0,343.15,653,CCOP(=O)([O-])OCC.CC[n+]1ccn(C)c1,1.412205743
0.777777778,-6.721527778,0.354122822,13.17857143,0,2.807255193,5.25e-07,-1.35,332609.2098,7.947841586,4.127401125,12.39368714,0.0,5.824404498,11.016661,0.0,25.96979326,0.0,12.84164325,6.9237372,13.59242839,20.04658231,7.047671983,0.0,4.567099648,0.0,32.41935462,33.6390107,0.0,4.127401125,0.0,0.0,4.127401125,38.0524474,0.0,0.0,42.42303282,0.0,0.0,0.0,1.343980064,0.0,9.641376055,5.590678619,-11.34794021,0.769230769,0,0,1,3.26062,0,0,0,0,0,0,3,0,0,0,0,0,0,0,2,0,0,0,0,0,0,0,0,0,0,0,0,0,2,313.15,654,CCCCCC[n+]1ccn(C)c1C.O=S(=O)([N-]S(=O)(=O)C(F)(F)F)C(F)(F)F,-0.040821995
0.777777778,-6.721527778,0.354122822,13.17857143,0,2.807255193,5.25e-07,-1.35,332609.2098,7.947841586,4.127401125,12.39368714,0.0,5.824404498,11.016661,0.0,25.96979326,0.0,12.84164325,6.9237372,13.59242839,20.04658231,7.047671983,0.0,4.567099648,0.0,32.41935462,33.6390107,0.0,4.127401125,0.0,0.0,4.127401125,38.0524474,0.0,0.0,42.42303282,0.0,0.0,0.0,1.343980064,0.0,9.641376055,5.590678619,-11.34794021,0.769230769,0,0,1,3.26062,0,0,0,0,0,0,3,0,0,0,0,0,0,0,2,0,0,0,0,0,0,0,0,0,0,0,0,0,2,323.15,655,CCCCCC[n+]1ccn(C)c1C.O=S(=O)([N-]S(=O)(=O)C(F)(F)F)C(F)(F)F,-0.010050336
0.777777778,-6.721527778,0.354122822,13.17857143,0,2.807255193,5.25e-07,-1.35,332609.2098,7.947841586,4.127401125,12.39368714,0.0,5.824404498,11.016661,0.0,25.96979326,0.0,12.84164325,6.9237372,13.59242839,20.04658231,7.047671983,0.0,4.567099648,0.0,32.41935462,33.6390107,0.0,4.127401125,0.0,0.0,4.127401125,38.0524474,0.0,0.0,42.42303282,0.0,0.0,0.0,1.343980064,0.0,9.641376055,5.590678619,-11.34794021,0.769230769,0,0,1,3.26062,0,0,0,0,0,0,3,0,0,0,0,0,0,0,2,0,0,0,0,0,0,0,0,0,0,0,0,0,2,333.15,656,CCCCCC[n+]1ccn(C)c1C.O=S(=O)([N-]S(=O)(=O)C(F)(F)F)C(F)(F)F,0.009950331
0.777777778,-6.721527778,0.354122822,13.17857143,0,2.807255193,5.25e-07,-1.35,332609.2098,7.947841586,4.127401125,12.39368714,0.0,5.824404498,11.016661,0.0,25.96979326,0.0,12.84164325,6.9237372,13.59242839,20.04658231,7.047671983,0.0,4.567099648,0.0,32.41935462,33.6390107,0.0,4.127401125,0.0,0.0,4.127401125,38.0524474,0.0,0.0,42.42303282,0.0,0.0,0.0,1.343980064,0.0,9.641376055,5.590678619,-11.34794021,0.769230769,0,0,1,3.26062,0,0,0,0,0,0,3,0,0,0,0,0,0,0,2,0,0,0,0,0,0,0,0,0,0,0,0,0,2,343.15,657,CCCCCC[n+]1ccn(C)c1C.O=S(=O)([N-]S(=O)(=O)C(F)(F)F)C(F)(F)F,0.029558802
0.777777778,-6.721527778,0.354122822,13.17857143,0,2.807255193,5.25e-07,-1.35,332609.2098,7.947841586,4.127401125,12.39368714,0.0,5.824404498,11.016661,0.0,25.96979326,0.0,12.84164325,6.9237372,13.59242839,20.04658231,7.047671983,0.0,4.567099648,0.0,32.41935462,33.6390107,0.0,4.127401125,0.0,0.0,4.127401125,38.0524474,0.0,0.0,42.42303282,0.0,0.0,0.0,1.343980064,0.0,9.641376055,5.590678619,-11.34794021,0.769230769,0,0,1,3.26062,0,0,0,0,0,0,3,0,0,0,0,0,0,0,2,0,0,0,0,0,0,0,0,0,0,0,0,0,2,353.15,658,CCCCCC[n+]1ccn(C)c1C.O=S(=O)([N-]S(=O)(=O)C(F)(F)F)C(F)(F)F,0.048790164
1.173287037,-6.0,0.334285728,11.05555556,0,2.533221862,4.94e-07,-1.005064935,5497.091441,9.069551207,17.26263557,12.39368714,0.0,5.824404498,7.254408353,0.0,9.134199296,0.0,12.84164325,6.9237372,13.59242839,7.254408353,7.047671983,0.0,4.567099648,0.0,11.821508,13.59242839,0.0,0.0,0.0,0.0,0.0,38.0524474,0.0,0.0,42.42303282,0.0,0.0,0.0,1.343980064,0.0,9.641376055,5.590678619,-3.904884653,0.727272727,0,0,1,3.50132,0,0,0,0,0,0,2,0,0,0,0,0,0,0,2,0,0,0,0,0,0,0,0,0,0,0,0,0,2,313.15,659,CCCCCC[n+]1ccn(C)c1C.F[B-](F)(F)F,0.792992516
1.173287037,-6.0,0.334285728,11.05555556,0,2.533221862,4.94e-07,-1.005064935,5497.091441,9.069551207,17.26263557,12.39368714,0.0,5.824404498,7.254408353,0.0,9.134199296,0.0,12.84164325,6.9237372,13.59242839,7.254408353,7.047671983,0.0,4.567099648,0.0,11.821508,13.59242839,0.0,0.0,0.0,0.0,0.0,38.0524474,0.0,0.0,42.42303282,0.0,0.0,0.0,1.343980064,0.0,9.641376055,5.590678619,-3.904884653,0.727272727,0,0,1,3.50132,0,0,0,0,0,0,2,0,0,0,0,0,0,0,2,0,0,0,0,0,0,0,0,0,0,0,0,0,2,323.15,660,CCCCCC[n+]1ccn(C)c1C.F[B-](F)(F)F,0.815364813
1.173287037,-6.0,0.334285728,11.05555556,0,2.533221862,4.94e-07,-1.005064935,5497.091441,9.069551207,17.26263557,12.39368714,0.0,5.824404498,7.254408353,0.0,9.134199296,0.0,12.84164325,6.9237372,13.59242839,7.254408353,7.047671983,0.0,4.567099648,0.0,11.821508,13.59242839,0.0,0.0,0.0,0.0,0.0,38.0524474,0.0,0.0,42.42303282,0.0,0.0,0.0,1.343980064,0.0,9.641376055,5.590678619,-3.904884653,0.727272727,0,0,1,3.50132,0,0,0,0,0,0,2,0,0,0,0,0,0,0,2,0,0,0,0,0,0,0,0,0,0,0,0,0,2,333.15,661,CCCCCC[n+]1ccn(C)c1C.F[B-](F)(F)F,0.837247525
1.173287037,-6.0,0.334285728,11.05555556,0,2.533221862,4.94e-07,-1.005064935,5497.091441,9.069551207,17.26263557,12.39368714,0.0,5.824404498,7.254408353,0.0,9.134199296,0.0,12.84164325,6.9237372,13.59242839,7.254408353,7.047671983,0.0,4.567099648,0.0,11.821508,13.59242839,0.0,0.0,0.0,0.0,0.0,38.0524474,0.0,0.0,42.42303282,0.0,0.0,0.0,1.343980064,0.0,9.641376055,5.590678619,-3.904884653,0.727272727,0,0,1,3.50132,0,0,0,0,0,0,2,0,0,0,0,0,0,0,2,0,0,0,0,0,0,0,0,0,0,0,0,0,2,343.15,662,CCCCCC[n+]1ccn(C)c1C.F[B-](F)(F)F,0.854415328
1.173287037,-6.0,0.334285728,11.05555556,0,2.533221862,4.94e-07,-1.005064935,5497.091441,9.069551207,17.26263557,12.39368714,0.0,5.824404498,7.254408353,0.0,9.134199296,0.0,12.84164325,6.9237372,13.59242839,7.254408353,7.047671983,0.0,4.567099648,0.0,11.821508,13.59242839,0.0,0.0,0.0,0.0,0.0,38.0524474,0.0,0.0,42.42303282,0.0,0.0,0.0,1.343980064,0.0,9.641376055,5.590678619,-3.904884653,0.727272727,0,0,1,3.50132,0,0,0,0,0,0,2,0,0,0,0,0,0,0,2,0,0,0,0,0,0,0,0,0,0,0,0,0,2,353.15,663,CCCCCC[n+]1ccn(C)c1C.F[B-](F)(F)F,0.875468737
1.179363426,-6.0,0.307201331,11.15,0,2.63000371,6.21e-07,-1.005064935,14938.42108,10.87538088,17.26263557,12.39368714,0.0,5.824404498,7.254408353,0.0,9.134199296,0.0,12.84164325,6.9237372,13.59242839,7.254408353,7.047671983,0.0,4.567099648,0.0,11.821508,13.59242839,0.0,0.0,0.0,0.0,0.0,50.89409064,0.0,0.0,42.42303282,0.0,0.0,0.0,1.350516844,0.0,12.56312681,5.624069429,-3.895752422,0.769230769,0,0,1,4.28152,0,0,0,0,0,0,2,0,0,0,0,0,0,0,2,0,0,0,0,0,0,0,0,0,0,0,0,0,4,313.15,664,CCCCCCCC[n+]1ccn(C)c1C.F[B-](F)(F)F,1.043804052
1.179363426,-6.0,0.307201331,11.15,0,2.63000371,6.21e-07,-1.005064935,14938.42108,10.87538088,17.26263557,12.39368714,0.0,5.824404498,7.254408353,0.0,9.134199296,0.0,12.84164325,6.9237372,13.59242839,7.254408353,7.047671983,0.0,4.567099648,0.0,11.821508,13.59242839,0.0,0.0,0.0,0.0,0.0,50.89409064,0.0,0.0,42.42303282,0.0,0.0,0.0,1.350516844,0.0,12.56312681,5.624069429,-3.895752422,0.769230769,0,0,1,4.28152,0,0,0,0,0,0,2,0,0,0,0,0,0,0,2,0,0,0,0,0,0,0,0,0,0,0,0,0,4,323.15,665,CCCCCCCC[n+]1ccn(C)c1C.F[B-](F)(F)F,1.061256502
1.179363426,-6.0,0.307201331,11.15,0,2.63000371,6.21e-07,-1.005064935,14938.42108,10.87538088,17.26263557,12.39368714,0.0,5.824404498,7.254408353,0.0,9.134199296,0.0,12.84164325,6.9237372,13.59242839,7.254408353,7.047671983,0.0,4.567099648,0.0,11.821508,13.59242839,0.0,0.0,0.0,0.0,0.0,50.89409064,0.0,0.0,42.42303282,0.0,0.0,0.0,1.350516844,0.0,12.56312681,5.624069429,-3.895752422,0.769230769,0,0,1,4.28152,0,0,0,0,0,0,2,0,0,0,0,0,0,0,2,0,0,0,0,0,0,0,0,0,0,0,0,0,4,333.15,666,CCCCCCCC[n+]1ccn(C)c1C.F[B-](F)(F)F,1.08180517
1.179363426,-6.0,0.307201331,11.15,0,2.63000371,6.21e-07,-1.005064935,14938.42108,10.87538088,17.26263557,12.39368714,0.0,5.824404498,7.254408353,0.0,9.134199296,0.0,12.84164325,6.9237372,13.59242839,7.254408353,7.047671983,0.0,4.567099648,0.0,11.821508,13.59242839,0.0,0.0,0.0,0.0,0.0,50.89409064,0.0,0.0,42.42303282,0.0,0.0,0.0,1.350516844,0.0,12.56312681,5.624069429,-3.895752422,0.769230769,0,0,1,4.28152,0,0,0,0,0,0,2,0,0,0,0,0,0,0,2,0,0,0,0,0,0,0,0,0,0,0,0,0,4,343.15,667,CCCCCCCC[n+]1ccn(C)c1C.F[B-](F)(F)F,1.105256831
1.179363426,-6.0,0.307201331,11.15,0,2.63000371,6.21e-07,-1.005064935,14938.42108,10.87538088,17.26263557,12.39368714,0.0,5.824404498,7.254408353,0.0,9.134199296,0.0,12.84164325,6.9237372,13.59242839,7.254408353,7.047671983,0.0,4.567099648,0.0,11.821508,13.59242839,0.0,0.0,0.0,0.0,0.0,50.89409064,0.0,0.0,42.42303282,0.0,0.0,0.0,1.350516844,0.0,12.56312681,5.624069429,-3.895752422,0.769230769,0,0,1,4.28152,0,0,0,0,0,0,2,0,0,0,0,0,0,0,2,0,0,0,0,0,0,0,0,0,0,0,0,0,4,353.15,668,CCCCCCCC[n+]1ccn(C)c1C.F[B-](F)(F)F,1.128171091
0.098680556,-4.526365741,0.295611754,10.75,0,2.492577746,2.88e-07,-0.96,2305.634415,9.589508527,9.289612827,12.39368714,16.72632066,0.0,0.0,4.183085433,17.55199628,0.0,0.0,7.109797541,27.30910789,10.39900058,14.09534397,20.32356147,4.567099648,0.0,37.86120798,33.41429293,0.0,0.0,13.21376393,0.0,0.0,7.109797541,0.0,41.95055048,8.919948386,0.0,0.0,0.0,0.0,0.0,6.0,-0.121226852,0.849409958,0.625,0,0,1,-1.0408,0,0,0,0,0,0,2,0,0,0,0,0,0,0,2,0,0,1,0,1,0,0,0,0,0,0,0,0,1,303.15,669,COCCOS(=O)(=O)[O-].Cn1cc[n+](C)c1,2.433613355
0.098680556,-4.526365741,0.295611754,10.75,0,2.492577746,2.88e-07,-0.96,2305.634415,9.589508527,9.289612827,12.39368714,16.72632066,0.0,0.0,4.183085433,17.55199628,0.0,0.0,7.109797541,27.30910789,10.39900058,14.09534397,20.32356147,4.567099648,0.0,37.86120798,33.41429293,0.0,0.0,13.21376393,0.0,0.0,7.109797541,0.0,41.95055048,8.919948386,0.0,0.0,0.0,0.0,0.0,6.0,-0.121226852,0.849409958,0.625,0,0,1,-1.0408,0,0,0,0,0,0,2,0,0,0,0,0,0,0,2,0,0,1,0,1,0,0,0,0,0,0,0,0,1,313.15,670,COCCOS(=O)(=O)[O-].Cn1cc[n+](C)c1,2.370243741
0.098680556,-4.526365741,0.295611754,10.75,0,2.492577746,2.88e-07,-0.96,2305.634415,9.589508527,9.289612827,12.39368714,16.72632066,0.0,0.0,4.183085433,17.55199628,0.0,0.0,7.109797541,27.30910789,10.39900058,14.09534397,20.32356147,4.567099648,0.0,37.86120798,33.41429293,0.0,0.0,13.21376393,0.0,0.0,7.109797541,0.0,41.95055048,8.919948386,0.0,0.0,0.0,0.0,0.0,6.0,-0.121226852,0.849409958,0.625,0,0,1,-1.0408,0,0,0,0,0,0,2,0,0,0,0,0,0,0,2,0,0,1,0,1,0,0,0,0,0,0,0,0,1,323.15,671,COCCOS(=O)(=O)[O-].Cn1cc[n+](C)c1,2.302585093
0.098680556,-4.526365741,0.295611754,10.75,0,2.492577746,2.88e-07,-0.96,2305.634415,9.589508527,9.289612827,12.39368714,16.72632066,0.0,0.0,4.183085433,17.55199628,0.0,0.0,7.109797541,27.30910789,10.39900058,14.09534397,20.32356147,4.567099648,0.0,37.86120798,33.41429293,0.0,0.0,13.21376393,0.0,0.0,7.109797541,0.0,41.95055048,8.919948386,0.0,0.0,0.0,0.0,0.0,6.0,-0.121226852,0.849409958,0.625,0,0,1,-1.0408,0,0,0,0,0,0,2,0,0,0,0,0,0,0,2,0,0,1,0,1,0,0,0,0,0,0,0,0,1,333.15,672,COCCOS(=O)(=O)[O-].Cn1cc[n+](C)c1,2.240709689
0.098680556,-4.526365741,0.295611754,10.75,0,2.492577746,2.88e-07,-0.96,2305.634415,9.589508527,9.289612827,12.39368714,16.72632066,0.0,0.0,4.183085433,17.55199628,0.0,0.0,7.109797541,27.30910789,10.39900058,14.09534397,20.32356147,4.567099648,0.0,37.86120798,33.41429293,0.0,0.0,13.21376393,0.0,0.0,7.109797541,0.0,41.95055048,8.919948386,0.0,0.0,0.0,0.0,0.0,6.0,-0.121226852,0.849409958,0.625,0,0,1,-1.0408,0,0,0,0,0,0,2,0,0,0,0,0,0,0,2,0,0,1,0,1,0,0,0,0,0,0,0,0,1,343.15,673,COCCOS(=O)(=O)[O-].Cn1cc[n+](C)c1,2.197224577
0.125771605,-3.942515432,0.347153872,11.95833333,0,2.549867055,0.0,0.54,82041.97248,14.84716287,13.94090593,0.0,0.0,7.822697123,0.0,4.565048285,0.0,0.0,40.03367647,7.262479191,37.86140404,15.08517631,0.0,37.86140404,4.893411603,15.08517631,37.86140404,13.61254261,0.0,0.0,13.21376393,0.0,0.0,44.68683977,32.33320448,0.0,36.74244312,0.0,0.0,10.41388889,0.0,0.0,14.86720144,12.89027542,-4.469143519,1.0,0,0,0,5.952,0,0,0,0,0,0,0,0,0,0,0,0,0,0,0,0,0,0,0,0,0,1,1,0,0,0,0,0,0,328.15,674,CCCC[P+](CC)(CCCC)CCCC.CCOP(=O)([O-])OCC,0.182321557
0.125771605,-3.942515432,0.347153872,11.95833333,0,2.549867055,0.0,0.54,82041.97248,14.84716287,13.94090593,0.0,0.0,7.822697123,0.0,4.565048285,0.0,0.0,40.03367647,7.262479191,37.86140404,15.08517631,0.0,37.86140404,4.893411603,15.08517631,37.86140404,13.61254261,0.0,0.0,13.21376393,0.0,0.0,44.68683977,32.33320448,0.0,36.74244312,0.0,0.0,10.41388889,0.0,0.0,14.86720144,12.89027542,-4.469143519,1.0,0,0,0,5.952,0,0,0,0,0,0,0,0,0,0,0,0,0,0,0,0,0,0,0,0,0,1,1,0,0,0,0,0,0,338.15,675,CCCC[P+](CC)(CCCC)CCCC.CCOP(=O)([O-])OCC,0.173953307
0.125771605,-3.942515432,0.347153872,11.95833333,0,2.549867055,0.0,0.54,82041.97248,14.84716287,13.94090593,0.0,0.0,7.822697123,0.0,4.565048285,0.0,0.0,40.03367647,7.262479191,37.86140404,15.08517631,0.0,37.86140404,4.893411603,15.08517631,37.86140404,13.61254261,0.0,0.0,13.21376393,0.0,0.0,44.68683977,32.33320448,0.0,36.74244312,0.0,0.0,10.41388889,0.0,0.0,14.86720144,12.89027542,-4.469143519,1.0,0,0,0,5.952,0,0,0,0,0,0,0,0,0,0,0,0,0,0,0,0,0,0,0,0,0,1,1,0,0,0,0,0,0,348.15,676,CCCC[P+](CC)(CCCC)CCCC.CCOP(=O)([O-])OCC,0.165514438
0.125771605,-3.942515432,0.347153872,11.95833333,0,2.549867055,0.0,0.54,82041.97248,14.84716287,13.94090593,0.0,0.0,7.822697123,0.0,4.565048285,0.0,0.0,40.03367647,7.262479191,37.86140404,15.08517631,0.0,37.86140404,4.893411603,15.08517631,37.86140404,13.61254261,0.0,0.0,13.21376393,0.0,0.0,44.68683977,32.33320448,0.0,36.74244312,0.0,0.0,10.41388889,0.0,0.0,14.86720144,12.89027542,-4.469143519,1.0,0,0,0,5.952,0,0,0,0,0,0,0,0,0,0,0,0,0,0,0,0,0,0,0,0,0,1,1,0,0,0,0,0,0,358.15,677,CCCC[P+](CC)(CCCC)CCCC.CCOP(=O)([O-])OCC,0.148420005
0.125771605,-3.942515432,0.347153872,11.95833333,0,2.549867055,0.0,0.54,82041.97248,14.84716287,13.94090593,0.0,0.0,7.822697123,0.0,4.565048285,0.0,0.0,40.03367647,7.262479191,37.86140404,15.08517631,0.0,37.86140404,4.893411603,15.08517631,37.86140404,13.61254261,0.0,0.0,13.21376393,0.0,0.0,44.68683977,32.33320448,0.0,36.74244312,0.0,0.0,10.41388889,0.0,0.0,14.86720144,12.89027542,-4.469143519,1.0,0,0,0,5.952,0,0,0,0,0,0,0,0,0,0,0,0,0,0,0,0,0,0,0,0,0,1,1,0,0,0,0,0,0,368.15,678,CCCC[P+](CC)(CCCC)CCCC.CCOP(=O)([O-])OCC,0.139761942
1.143684807,1.143684807,0.358930539,9.473684211,0,2.442800885,5.5e-07,-1.66,20241.04814,5.671647187,12.62878915,6.544756406,0.0,0.0,0.0,0.0,9.828991203,0.0,17.87341291,17.87341291,0.0,23.40123758,0.0,0.0,4.567099648,0.0,0.0,19.17354555,0.0,10.77244843,0.0,0.0,6.544756406,41.85698822,0.0,0.0,66.84514848,5.261891555,3.699074074,0.0,0.0,10.73756391,9.735377065,3.396827811,0.0,0.375,0,0,2,3.72198,0,0,0,0,0,0,2,0,0,0,0,0,0,0,1,1,0,0,0,0,0,0,0,0,0,1,0,1,2,328.15,679,CCCCCC[n+]1ccc2ccccc2c1.N#C[S-],0.717839793
1.143684807,1.143684807,0.358930539,9.473684211,0,2.442800885,5.5e-07,-1.66,20241.04814,5.671647187,12.62878915,6.544756406,0.0,0.0,0.0,0.0,9.828991203,0.0,17.87341291,17.87341291,0.0,23.40123758,0.0,0.0,4.567099648,0.0,0.0,19.17354555,0.0,10.77244843,0.0,0.0,6.544756406,41.85698822,0.0,0.0,66.84514848,5.261891555,3.699074074,0.0,0.0,10.73756391,9.735377065,3.396827811,0.0,0.375,0,0,2,3.72198,0,0,0,0,0,0,2,0,0,0,0,0,0,0,1,1,0,0,0,0,0,0,0,0,0,1,0,1,2,338.15,680,CCCCCC[n+]1ccc2ccccc2c1.N#C[S-],0.727548607
1.143684807,1.143684807,0.358930539,9.473684211,0,2.442800885,5.5e-07,-1.66,20241.04814,5.671647187,12.62878915,6.544756406,0.0,0.0,0.0,0.0,9.828991203,0.0,17.87341291,17.87341291,0.0,23.40123758,0.0,0.0,4.567099648,0.0,0.0,19.17354555,0.0,10.77244843,0.0,0.0,6.544756406,41.85698822,0.0,0.0,66.84514848,5.261891555,3.699074074,0.0,0.0,10.73756391,9.735377065,3.396827811,0.0,0.375,0,0,2,3.72198,0,0,0,0,0,0,2,0,0,0,0,0,0,0,1,1,0,0,0,0,0,0,0,0,0,1,0,1,2,348.15,681,CCCCCC[n+]1ccc2ccccc2c1.N#C[S-],0.732367894
1.143684807,1.143684807,0.358930539,9.473684211,0,2.442800885,5.5e-07,-1.66,20241.04814,5.671647187,12.62878915,6.544756406,0.0,0.0,0.0,0.0,9.828991203,0.0,17.87341291,17.87341291,0.0,23.40123758,0.0,0.0,4.567099648,0.0,0.0,19.17354555,0.0,10.77244843,0.0,0.0,6.544756406,41.85698822,0.0,0.0,66.84514848,5.261891555,3.699074074,0.0,0.0,10.73756391,9.735377065,3.396827811,0.0,0.375,0,0,2,3.72198,0,0,0,0,0,0,2,0,0,0,0,0,0,0,1,1,0,0,0,0,0,0,0,0,0,1,0,1,2,358.15,682,CCCCCC[n+]1ccc2ccccc2c1.N#C[S-],0.741937345
1.143684807,1.143684807,0.358930539,9.473684211,0,2.442800885,5.5e-07,-1.66,20241.04814,5.671647187,12.62878915,6.544756406,0.0,0.0,0.0,0.0,9.828991203,0.0,17.87341291,17.87341291,0.0,23.40123758,0.0,0.0,4.567099648,0.0,0.0,19.17354555,0.0,10.77244843,0.0,0.0,6.544756406,41.85698822,0.0,0.0,66.84514848,5.261891555,3.699074074,0.0,0.0,10.73756391,9.735377065,3.396827811,0.0,0.375,0,0,2,3.72198,0,0,0,0,0,0,2,0,0,0,0,0,0,0,1,1,0,0,0,0,0,0,0,0,0,1,0,1,2,368.15,683,CCCCCC[n+]1ccc2ccccc2c1.N#C[S-],0.746687947
1.150972222,1.150972222,0.574856782,8.0,0,2.283694313,3.85e-07,-2.07,3160.632929,7.344775652,10.52378311,6.544756406,0.0,0.0,0.0,5.316788604,4.567099648,0.0,12.99010427,30.43695237,0.0,0.0,0.0,0.0,4.567099648,0.0,0.0,6.544756406,0.0,5.316788604,0.0,0.0,6.544756406,30.79140693,0.0,0.0,48.25778393,10.52378311,0.0,0.0,0.0,4.22960223,9.41704554,5.497006803,0.0,0.416666667,0,0,1,2.40488,0,0,0,0,0,0,4,0,0,0,0,0,0,0,2,0,0,0,0,0,0,0,0,0,0,1,0,0,0,328.15,684,CCCC[n+]1cccc(C)c1.N#C[N-]C#N,0.698134722
1.150972222,1.150972222,0.574856782,8.0,0,2.283694313,3.85e-07,-2.07,3160.632929,7.344775652,10.52378311,6.544756406,0.0,0.0,0.0,5.316788604,4.567099648,0.0,12.99010427,30.43695237,0.0,0.0,0.0,0.0,4.567099648,0.0,0.0,6.544756406,0.0,5.316788604,0.0,0.0,6.544756406,30.79140693,0.0,0.0,48.25778393,10.52378311,0.0,0.0,0.0,4.22960223,9.41704554,5.497006803,0.0,0.416666667,0,0,1,2.40488,0,0,0,0,0,0,4,0,0,0,0,0,0,0,2,0,0,0,0,0,0,0,0,0,0,1,0,0,0,338.15,685,CCCC[n+]1cccc(C)c1.N#C[N-]C#N,0.717839793
1.150972222,1.150972222,0.574856782,8.0,0,2.283694313,3.85e-07,-2.07,3160.632929,7.344775652,10.52378311,6.544756406,0.0,0.0,0.0,5.316788604,4.567099648,0.0,12.99010427,30.43695237,0.0,0.0,0.0,0.0,4.567099648,0.0,0.0,6.544756406,0.0,5.316788604,0.0,0.0,6.544756406,30.79140693,0.0,0.0,48.25778393,10.52378311,0.0,0.0,0.0,4.22960223,9.41704554,5.497006803,0.0,0.416666667,0,0,1,2.40488,0,0,0,0,0,0,4,0,0,0,0,0,0,0,2,0,0,0,0,0,0,0,0,0,0,1,0,0,0,348.15,686,CCCC[n+]1cccc(C)c1.N#C[N-]C#N,0.741937345
1.150972222,1.150972222,0.574856782,8.0,0,2.283694313,3.85e-07,-2.07,3160.632929,7.344775652,10.52378311,6.544756406,0.0,0.0,0.0,5.316788604,4.567099648,0.0,12.99010427,30.43695237,0.0,0.0,0.0,0.0,4.567099648,0.0,0.0,6.544756406,0.0,5.316788604,0.0,0.0,6.544756406,30.79140693,0.0,0.0,48.25778393,10.52378311,0.0,0.0,0.0,4.22960223,9.41704554,5.497006803,0.0,0.416666667,0,0,1,2.40488,0,0,0,0,0,0,4,0,0,0,0,0,0,0,2,0,0,0,0,0,0,0,0,0,0,1,0,0,0,358.15,687,CCCC[n+]1cccc(C)c1.N#C[N-]C#N,0.765467842
1.150972222,1.150972222,0.574856782,8.0,0,2.283694313,3.85e-07,-2.07,3160.632929,7.344775652,10.52378311,6.544756406,0.0,0.0,0.0,5.316788604,4.567099648,0.0,12.99010427,30.43695237,0.0,0.0,0.0,0.0,4.567099648,0.0,0.0,6.544756406,0.0,5.316788604,0.0,0.0,6.544756406,30.79140693,0.0,0.0,48.25778393,10.52378311,0.0,0.0,0.0,4.22960223,9.41704554,5.497006803,0.0,0.416666667,0,0,1,2.40488,0,0,0,0,0,0,4,0,0,0,0,0,0,0,2,0,0,0,0,0,0,0,0,0,0,1,0,0,0,368.15,688,CCCC[n+]1cccc(C)c1.N#C[N-]C#N,0.78845736
0.777777778,-6.721527778,0.459739881,14.0,0,2.417015975,0.0,-0.64,47508.866,9.027531756,13.34729494,6.544756406,0.0,0.0,11.016661,0.0,16.83559397,0.0,13.8474744,7.109797541,26.74406676,20.04658231,0.0,40.39862071,0.0,0.0,72.73390654,24.78344526,0.0,4.127401125,0.0,0.0,21.76207035,13.08951281,7.109797541,0.0,20.89514638,4.736862954,0.0,0.0,0.0,0.0,0.0,8.833055556,-9.420555556,1.0,0,0,0,2.1785,0,0,0,0,0,0,2,0,1,0,0,0,0,0,0,0,0,1,0,1,0,0,0,0,0,0,1,0,0,318.15,689,CC[N+](C)(CC)CCOC.O=S(=O)([N-]S(=O)(=O)C(F)(F)F)C(F)(F)F,0.385262401
0.777777778,-6.721527778,0.459739881,14.0,0,2.417015975,0.0,-0.64,47508.866,9.027531756,13.34729494,6.544756406,0.0,0.0,11.016661,0.0,16.83559397,0.0,13.8474744,7.109797541,26.74406676,20.04658231,0.0,40.39862071,0.0,0.0,72.73390654,24.78344526,0.0,4.127401125,0.0,0.0,21.76207035,13.08951281,7.109797541,0.0,20.89514638,4.736862954,0.0,0.0,0.0,0.0,0.0,8.833055556,-9.420555556,1.0,0,0,0,2.1785,0,0,0,0,0,0,2,0,1,0,0,0,0,0,0,0,0,1,0,1,0,0,0,0,0,0,1,0,0,328.15,690,CC[N+](C)(CC)CCOC.O=S(=O)([N-]S(=O)(=O)C(F)(F)F)C(F)(F)F,0.392042088
0.777777778,-6.721527778,0.459739881,14.0,0,2.417015975,0.0,-0.64,47508.866,9.027531756,13.34729494,6.544756406,0.0,0.0,11.016661,0.0,16.83559397,0.0,13.8474744,7.109797541,26.74406676,20.04658231,0.0,40.39862071,0.0,0.0,72.73390654,24.78344526,0.0,4.127401125,0.0,0.0,21.76207035,13.08951281,7.109797541,0.0,20.89514638,4.736862954,0.0,0.0,0.0,0.0,0.0,8.833055556,-9.420555556,1.0,0,0,0,2.1785,0,0,0,0,0,0,2,0,1,0,0,0,0,0,0,0,0,1,0,1,0,0,0,0,0,0,1,0,0,338.15,691,CC[N+](C)(CC)CCOC.O=S(=O)([N-]S(=O)(=O)C(F)(F)F)C(F)(F)F,0.405465108
0.777777778,-6.721527778,0.459739881,14.0,0,2.417015975,0.0,-0.64,47508.866,9.027531756,13.34729494,6.544756406,0.0,0.0,11.016661,0.0,16.83559397,0.0,13.8474744,7.109797541,26.74406676,20.04658231,0.0,40.39862071,0.0,0.0,72.73390654,24.78344526,0.0,4.127401125,0.0,0.0,21.76207035,13.08951281,7.109797541,0.0,20.89514638,4.736862954,0.0,0.0,0.0,0.0,0.0,8.833055556,-9.420555556,1.0,0,0,0,2.1785,0,0,0,0,0,0,2,0,1,0,0,0,0,0,0,0,0,1,0,1,0,0,0,0,0,0,1,0,0,348.15,692,CC[N+](C)(CC)CCOC.O=S(=O)([N-]S(=O)(=O)C(F)(F)F)C(F)(F)F,0.418710335
0.777777778,-6.721527778,0.459739881,14.0,0,2.417015975,0.0,-0.64,47508.866,9.027531756,13.34729494,6.544756406,0.0,0.0,11.016661,0.0,16.83559397,0.0,13.8474744,7.109797541,26.74406676,20.04658231,0.0,40.39862071,0.0,0.0,72.73390654,24.78344526,0.0,4.127401125,0.0,0.0,21.76207035,13.08951281,7.109797541,0.0,20.89514638,4.736862954,0.0,0.0,0.0,0.0,0.0,8.833055556,-9.420555556,1.0,0,0,0,2.1785,0,0,0,0,0,0,2,0,1,0,0,0,0,0,0,0,0,1,0,1,0,0,0,0,0,0,1,0,0,358.15,693,CC[N+](C)(CC)CCOC.O=S(=O)([N-]S(=O)(=O)C(F)(F)F)C(F)(F)F,0.425267735
0.265768141,0.265768141,0.413293995,8.384615385,0,2.492801241,4.24e-07,-1.12,830.1028134,6.078857259,17.73531654,12.39368714,6.327320075,0.0,0.0,0.0,14.39609085,0.0,0.0,13.02770359,13.59242839,12.62878915,7.047671983,6.606881965,4.567099648,0.0,16.28050901,26.22121754,0.0,0.0,6.606881965,0.0,12.96557803,5.401253297,0.0,30.33577885,17.1958888,10.36841895,3.699074074,0.0,0.0,0.0,6.80295068,1.165907029,1.981592971,0.5,0,0,1,-0.29062,1,1,0,0,0,0,3,0,0,0,0,0,0,0,2,0,0,0,0,0,0,0,0,0,0,0,0,1,0,318.15,694,Cn1cc[n+](CCCO)c1.N#C[S-],2.282382386
0.265768141,0.265768141,0.413293995,8.384615385,0,2.492801241,4.24e-07,-1.12,830.1028134,6.078857259,17.73531654,12.39368714,6.327320075,0.0,0.0,0.0,14.39609085,0.0,0.0,13.02770359,13.59242839,12.62878915,7.047671983,6.606881965,4.567099648,0.0,16.28050901,26.22121754,0.0,0.0,6.606881965,0.0,12.96557803,5.401253297,0.0,30.33577885,17.1958888,10.36841895,3.699074074,0.0,0.0,0.0,6.80295068,1.165907029,1.981592971,0.5,0,0,1,-0.29062,1,1,0,0,0,0,3,0,0,0,0,0,0,0,2,0,0,0,0,0,0,0,0,0,0,0,0,1,0,328.15,695,Cn1cc[n+](CCCO)c1.N#C[S-],2.282382386
0.265768141,0.265768141,0.413293995,8.384615385,0,2.492801241,4.24e-07,-1.12,830.1028134,6.078857259,17.73531654,12.39368714,6.327320075,0.0,0.0,0.0,14.39609085,0.0,0.0,13.02770359,13.59242839,12.62878915,7.047671983,6.606881965,4.567099648,0.0,16.28050901,26.22121754,0.0,0.0,6.606881965,0.0,12.96557803,5.401253297,0.0,30.33577885,17.1958888,10.36841895,3.699074074,0.0,0.0,0.0,6.80295068,1.165907029,1.981592971,0.5,0,0,1,-0.29062,1,1,0,0,0,0,3,0,0,0,0,0,0,0,2,0,0,0,0,0,0,0,0,0,0,0,0,1,0,338.15,696,Cn1cc[n+](CCCO)c1.N#C[S-],2.282382386
0.265768141,0.265768141,0.413293995,8.384615385,0,2.492801241,4.24e-07,-1.12,830.1028134,6.078857259,17.73531654,12.39368714,6.327320075,0.0,0.0,0.0,14.39609085,0.0,0.0,13.02770359,13.59242839,12.62878915,7.047671983,6.606881965,4.567099648,0.0,16.28050901,26.22121754,0.0,0.0,6.606881965,0.0,12.96557803,5.401253297,0.0,30.33577885,17.1958888,10.36841895,3.699074074,0.0,0.0,0.0,6.80295068,1.165907029,1.981592971,0.5,0,0,1,-0.29062,1,1,0,0,0,0,3,0,0,0,0,0,0,0,2,0,0,0,0,0,0,0,0,0,0,0,0,1,0,348.15,697,Cn1cc[n+](CCCO)c1.N#C[S-],2.282382386
0.265768141,0.265768141,0.413293995,8.384615385,0,2.492801241,4.24e-07,-1.12,830.1028134,6.078857259,17.73531654,12.39368714,6.327320075,0.0,0.0,0.0,14.39609085,0.0,0.0,13.02770359,13.59242839,12.62878915,7.047671983,6.606881965,4.567099648,0.0,16.28050901,26.22121754,0.0,0.0,6.606881965,0.0,12.96557803,5.401253297,0.0,30.33577885,17.1958888,10.36841895,3.699074074,0.0,0.0,0.0,6.80295068,1.165907029,1.981592971,0.5,0,0,1,-0.29062,1,1,0,0,0,0,3,0,0,0,0,0,0,0,2,0,0,0,0,0,0,0,0,0,0,0,0,1,0,358.15,698,Cn1cc[n+](CCCO)c1.N#C[S-],2.282382386
0.0,0.0,0.488115282,9.307692308,0,2.144015908,1.44e-06,-0.37,694.6611542,5.805512671,16.98145085,6.544756406,0.0,0.0,0.0,0.0,4.567099648,0.0,6.420821623,18.55355576,0.0,0.0,0.0,0.0,21.5485505,0.0,0.0,6.544756406,0.0,0.0,16.98145085,0.0,0.0,32.2280429,0.0,0.0,42.0836252,0.0,0.0,0.0,0.0,6.224389251,9.61672186,3.413194444,0.0,0.545454545,0,0,1,-0.4416,0,0,0,0,0,0,1,0,0,0,0,0,0,0,1,0,0,0,0,0,0,0,0,0,0,1,0,0,2,333.15,699,CCCCCC[n+]1ccccc1.[Br-],1.122003241
0.0,0.0,0.488115282,9.307692308,0,2.144015908,1.44e-06,-0.37,694.6611542,5.805512671,16.98145085,6.544756406,0.0,0.0,0.0,0.0,4.567099648,0.0,6.420821623,18.55355576,0.0,0.0,0.0,0.0,21.5485505,0.0,0.0,6.544756406,0.0,0.0,16.98145085,0.0,0.0,32.2280429,0.0,0.0,42.0836252,0.0,0.0,0.0,0.0,6.224389251,9.61672186,3.413194444,0.0,0.545454545,0,0,1,-0.4416,0,0,0,0,0,0,1,0,0,0,0,0,0,0,1,0,0,0,0,0,0,0,0,0,0,1,0,0,2,343.15,700,CCCCCC[n+]1ccccc1.[Br-],1.103997761
0.0,0.0,0.488115282,9.307692308,0,2.144015908,1.44e-06,-0.37,694.6611542,5.805512671,16.98145085,6.544756406,0.0,0.0,0.0,0.0,4.567099648,0.0,6.420821623,18.55355576,0.0,0.0,0.0,0.0,21.5485505,0.0,0.0,6.544756406,0.0,0.0,16.98145085,0.0,0.0,32.2280429,0.0,0.0,42.0836252,0.0,0.0,0.0,0.0,6.224389251,9.61672186,3.413194444,0.0,0.545454545,0,0,1,-0.4416,0,0,0,0,0,0,1,0,0,0,0,0,0,0,1,0,0,0,0,0,0,0,0,0,0,1,0,0,2,353.15,701,CCCCCC[n+]1ccccc1.[Br-],1.088999567
0.0,0.0,0.488115282,9.307692308,0,2.144015908,1.44e-06,-0.37,694.6611542,5.805512671,16.98145085,6.544756406,0.0,0.0,0.0,0.0,4.567099648,0.0,6.420821623,18.55355576,0.0,0.0,0.0,0.0,21.5485505,0.0,0.0,6.544756406,0.0,0.0,16.98145085,0.0,0.0,32.2280429,0.0,0.0,42.0836252,0.0,0.0,0.0,0.0,6.224389251,9.61672186,3.413194444,0.0,0.545454545,0,0,1,-0.4416,0,0,0,0,0,0,1,0,0,0,0,0,0,0,1,0,0,0,0,0,0,0,0,0,0,1,0,0,2,363.15,702,CCCCCC[n+]1ccccc1.[Br-],1.074012172
0.0,0.0,0.488115282,9.307692308,0,2.144015908,1.44e-06,-0.37,694.6611542,5.805512671,16.98145085,6.544756406,0.0,0.0,0.0,0.0,4.567099648,0.0,6.420821623,18.55355576,0.0,0.0,0.0,0.0,21.5485505,0.0,0.0,6.544756406,0.0,0.0,16.98145085,0.0,0.0,32.2280429,0.0,0.0,42.0836252,0.0,0.0,0.0,0.0,6.224389251,9.61672186,3.413194444,0.0,0.545454545,0,0,1,-0.4416,0,0,0,0,0,0,1,0,0,0,0,0,0,0,1,0,0,0,0,0,0,0,0,0,0,1,0,0,2,373.15,703,CCCCCC[n+]1ccccc1.[Br-],1.045984771
1.150972222,-6.090277778,0.487846666,11.68421053,0,2.243409793,3.62e-07,-1.15,6597.868201,7.783051961,4.552749874,6.544756406,0.0,0.0,5.508330501,0.0,12.98489663,0.0,12.99010427,18.05064018,0.0,10.11812686,0.0,0.0,4.567099648,0.0,18.47887736,16.66288326,0.0,0.0,0.0,0.0,6.544756406,18.40509474,0.0,0.0,42.94099533,12.97054686,0.0,0.0,0.0,4.22960223,6.85454554,5.497006803,-6.090277778,0.545454545,0,0,1,2.13402,0,0,0,0,0,0,1,0,0,0,0,0,0,0,2,0,0,0,0,0,0,0,0,0,0,1,0,0,0,318.15,704,CCCC[n+]1cccc(C)c1.O=S(=O)([O-])C(F)(F)F,0.565313809
1.150972222,-6.090277778,0.487846666,11.68421053,0,2.243409793,3.62e-07,-1.15,6597.868201,7.783051961,4.552749874,6.544756406,0.0,0.0,5.508330501,0.0,12.98489663,0.0,12.99010427,18.05064018,0.0,10.11812686,0.0,0.0,4.567099648,0.0,18.47887736,16.66288326,0.0,0.0,0.0,0.0,6.544756406,18.40509474,0.0,0.0,42.94099533,12.97054686,0.0,0.0,0.0,4.22960223,6.85454554,5.497006803,-6.090277778,0.545454545,0,0,1,2.13402,0,0,0,0,0,0,1,0,0,0,0,0,0,0,2,0,0,0,0,0,0,0,0,0,0,1,0,0,0,328.15,705,CCCC[n+]1cccc(C)c1.O=S(=O)([O-])C(F)(F)F,0.58221562
1.150972222,-6.090277778,0.487846666,11.68421053,0,2.243409793,3.62e-07,-1.15,6597.868201,7.783051961,4.552749874,6.544756406,0.0,0.0,5.508330501,0.0,12.98489663,0.0,12.99010427,18.05064018,0.0,10.11812686,0.0,0.0,4.567099648,0.0,18.47887736,16.66288326,0.0,0.0,0.0,0.0,6.544756406,18.40509474,0.0,0.0,42.94099533,12.97054686,0.0,0.0,0.0,4.22960223,6.85454554,5.497006803,-6.090277778,0.545454545,0,0,1,2.13402,0,0,0,0,0,0,1,0,0,0,0,0,0,0,2,0,0,0,0,0,0,0,0,0,0,1,0,0,0,338.15,706,CCCC[n+]1cccc(C)c1.O=S(=O)([O-])C(F)(F)F,0.598836501
1.150972222,-6.090277778,0.487846666,11.68421053,0,2.243409793,3.62e-07,-1.15,6597.868201,7.783051961,4.552749874,6.544756406,0.0,0.0,5.508330501,0.0,12.98489663,0.0,12.99010427,18.05064018,0.0,10.11812686,0.0,0.0,4.567099648,0.0,18.47887736,16.66288326,0.0,0.0,0.0,0.0,6.544756406,18.40509474,0.0,0.0,42.94099533,12.97054686,0.0,0.0,0.0,4.22960223,6.85454554,5.497006803,-6.090277778,0.545454545,0,0,1,2.13402,0,0,0,0,0,0,1,0,0,0,0,0,0,0,2,0,0,0,0,0,0,0,0,0,0,1,0,0,0,348.15,707,CCCC[n+]1cccc(C)c1.O=S(=O)([O-])C(F)(F)F,0.615185639
1.150972222,-6.090277778,0.487846666,11.68421053,0,2.243409793,3.62e-07,-1.15,6597.868201,7.783051961,4.552749874,6.544756406,0.0,0.0,5.508330501,0.0,12.98489663,0.0,12.99010427,18.05064018,0.0,10.11812686,0.0,0.0,4.567099648,0.0,18.47887736,16.66288326,0.0,0.0,0.0,0.0,6.544756406,18.40509474,0.0,0.0,42.94099533,12.97054686,0.0,0.0,0.0,4.22960223,6.85454554,5.497006803,-6.090277778,0.545454545,0,0,1,2.13402,0,0,0,0,0,0,1,0,0,0,0,0,0,0,2,0,0,0,0,0,0,0,0,0,0,1,0,0,0,358.15,708,CCCC[n+]1cccc(C)c1.O=S(=O)([O-])C(F)(F)F,0.631271777
0.754583333,-6.721527778,0.515485784,14.33333333,0,2.240893703,0.0,-0.6,22023.50331,7.983276561,8.610431983,0.0,0.0,0.0,11.016661,0.0,16.83559397,0.0,20.26829602,0.0,26.6819412,20.04658231,0.0,20.64010037,0.0,0.0,59.01722703,20.04658231,0.0,4.127401125,0.0,0.0,14.65227281,12.96557803,0.0,0.0,34.86655556,0.0,0.0,0.0,0.0,0.754583333,1.282916667,8.074768519,-8.871296296,1.0,0,0,0,2.9405,0,0,0,0,0,0,2,0,0,0,0,0,0,0,0,0,0,0,0,0,0,0,0,0,0,0,1,0,0,323.15,709,CCC[N+](C)(C)C(C)C.O=S(=O)([N-]S(=O)(=O)C(F)(F)F)C(F)(F)F,0.415415439
0.754583333,-6.721527778,0.515485784,14.33333333,0,2.240893703,0.0,-0.6,22023.50331,7.983276561,8.610431983,0.0,0.0,0.0,11.016661,0.0,16.83559397,0.0,20.26829602,0.0,26.6819412,20.04658231,0.0,20.64010037,0.0,0.0,59.01722703,20.04658231,0.0,4.127401125,0.0,0.0,14.65227281,12.96557803,0.0,0.0,34.86655556,0.0,0.0,0.0,0.0,0.754583333,1.282916667,8.074768519,-8.871296296,1.0,0,0,0,2.9405,0,0,0,0,0,0,2,0,0,0,0,0,0,0,0,0,0,0,0,0,0,0,0,0,0,0,1,0,0,333.15,710,CCC[N+](C)(C)C(C)C.O=S(=O)([N-]S(=O)(=O)C(F)(F)F)C(F)(F)F,0.428530381
0.754583333,-6.721527778,0.515485784,14.33333333,0,2.240893703,0.0,-0.6,22023.50331,7.983276561,8.610431983,0.0,0.0,0.0,11.016661,0.0,16.83559397,0.0,20.26829602,0.0,26.6819412,20.04658231,0.0,20.64010037,0.0,0.0,59.01722703,20.04658231,0.0,4.127401125,0.0,0.0,14.65227281,12.96557803,0.0,0.0,34.86655556,0.0,0.0,0.0,0.0,0.754583333,1.282916667,8.074768519,-8.871296296,1.0,0,0,0,2.9405,0,0,0,0,0,0,2,0,0,0,0,0,0,0,0,0,0,0,0,0,0,0,0,0,0,0,1,0,0,343.15,711,CCC[N+](C)(C)C(C)C.O=S(=O)([N-]S(=O)(=O)C(F)(F)F)C(F)(F)F,0.442760893
0.754583333,-6.721527778,0.515485784,14.33333333,0,2.240893703,0.0,-0.6,22023.50331,7.983276561,8.610431983,0.0,0.0,0.0,11.016661,0.0,16.83559397,0.0,20.26829602,0.0,26.6819412,20.04658231,0.0,20.64010037,0.0,0.0,59.01722703,20.04658231,0.0,4.127401125,0.0,0.0,14.65227281,12.96557803,0.0,0.0,34.86655556,0.0,0.0,0.0,0.0,0.754583333,1.282916667,8.074768519,-8.871296296,1.0,0,0,0,2.9405,0,0,0,0,0,0,2,0,0,0,0,0,0,0,0,0,0,0,0,0,0,0,0,0,0,0,1,0,0,353.15,712,CCC[N+](C)(C)C(C)C.O=S(=O)([N-]S(=O)(=O)C(F)(F)F)C(F)(F)F,0.454889991
0.754583333,-6.721527778,0.515485784,14.33333333,0,2.240893703,0.0,-0.6,22023.50331,7.983276561,8.610431983,0.0,0.0,0.0,11.016661,0.0,16.83559397,0.0,20.26829602,0.0,26.6819412,20.04658231,0.0,20.64010037,0.0,0.0,59.01722703,20.04658231,0.0,4.127401125,0.0,0.0,14.65227281,12.96557803,0.0,0.0,34.86655556,0.0,0.0,0.0,0.0,0.754583333,1.282916667,8.074768519,-8.871296296,1.0,0,0,0,2.9405,0,0,0,0,0,0,2,0,0,0,0,0,0,0,0,0,0,0,0,0,0,0,0,0,0,0,1,0,0,363.15,713,CCC[N+](C)(C)C(C)C.O=S(=O)([N-]S(=O)(=O)C(F)(F)F)C(F)(F)F,0.466873736
0.756135676,-6.721527778,0.315292857,14.07407407,0,2.40268262,0.0,-0.6,101013.5827,10.49693878,8.610431983,0.0,0.0,0.0,11.016661,0.0,16.83559397,0.0,26.68911765,0.0,26.6819412,20.04658231,0.0,20.64010037,0.0,0.0,59.01722703,20.04658231,0.0,4.127401125,0.0,0.0,10.16924195,36.71107376,0.0,0.0,34.86655556,0.0,0.0,0.0,0.0,0.756135676,5.538811886,8.208089097,-8.783110355,1.0,0,0,0,4.1108,0,0,0,0,0,0,2,0,0,0,0,0,0,0,0,0,0,0,0,0,0,0,0,0,0,0,1,0,2,323.15,714,CCCCCC[N+](C)(C)C(C)C.O=S(=O)([N-]S(=O)(=O)C(F)(F)F)C(F)(F)F,0.068592791
0.756135676,-6.721527778,0.315292857,14.07407407,0,2.40268262,0.0,-0.6,101013.5827,10.49693878,8.610431983,0.0,0.0,0.0,11.016661,0.0,16.83559397,0.0,26.68911765,0.0,26.6819412,20.04658231,0.0,20.64010037,0.0,0.0,59.01722703,20.04658231,0.0,4.127401125,0.0,0.0,10.16924195,36.71107376,0.0,0.0,34.86655556,0.0,0.0,0.0,0.0,0.756135676,5.538811886,8.208089097,-8.783110355,1.0,0,0,0,4.1108,0,0,0,0,0,0,2,0,0,0,0,0,0,0,0,0,0,0,0,0,0,0,0,0,0,0,1,0,2,333.15,715,CCCCCC[N+](C)(C)C(C)C.O=S(=O)([N-]S(=O)(=O)C(F)(F)F)C(F)(F)F,0.088926209
0.756135676,-6.721527778,0.315292857,14.07407407,0,2.40268262,0.0,-0.6,101013.5827,10.49693878,8.610431983,0.0,0.0,0.0,11.016661,0.0,16.83559397,0.0,26.68911765,0.0,26.6819412,20.04658231,0.0,20.64010037,0.0,0.0,59.01722703,20.04658231,0.0,4.127401125,0.0,0.0,10.16924195,36.71107376,0.0,0.0,34.86655556,0.0,0.0,0.0,0.0,0.756135676,5.538811886,8.208089097,-8.783110355,1.0,0,0,0,4.1108,0,0,0,0,0,0,2,0,0,0,0,0,0,0,0,0,0,0,0,0,0,0,0,0,0,0,1,0,2,343.15,716,CCCCCC[N+](C)(C)C(C)C.O=S(=O)([N-]S(=O)(=O)C(F)(F)F)C(F)(F)F,0.103458708
0.756135676,-6.721527778,0.315292857,14.07407407,0,2.40268262,0.0,-0.6,101013.5827,10.49693878,8.610431983,0.0,0.0,0.0,11.016661,0.0,16.83559397,0.0,26.68911765,0.0,26.6819412,20.04658231,0.0,20.64010037,0.0,0.0,59.01722703,20.04658231,0.0,4.127401125,0.0,0.0,10.16924195,36.71107376,0.0,0.0,34.86655556,0.0,0.0,0.0,0.0,0.756135676,5.538811886,8.208089097,-8.783110355,1.0,0,0,0,4.1108,0,0,0,0,0,0,2,0,0,0,0,0,0,0,0,0,0,0,0,0,0,0,0,0,0,0,1,0,2,353.15,717,CCCCCC[N+](C)(C)C(C)C.O=S(=O)([N-]S(=O)(=O)C(F)(F)F)C(F)(F)F,0.141499562
0.756135676,-6.721527778,0.315292857,14.07407407,0,2.40268262,0.0,-0.6,101013.5827,10.49693878,8.610431983,0.0,0.0,0.0,11.016661,0.0,16.83559397,0.0,26.68911765,0.0,26.6819412,20.04658231,0.0,20.64010037,0.0,0.0,59.01722703,20.04658231,0.0,4.127401125,0.0,0.0,10.16924195,36.71107376,0.0,0.0,34.86655556,0.0,0.0,0.0,0.0,0.756135676,5.538811886,8.208089097,-8.783110355,1.0,0,0,0,4.1108,0,0,0,0,0,0,2,0,0,0,0,0,0,0,0,0,0,0,0,0,0,0,0,0,0,0,1,0,2,363.15,718,CCCCCC[N+](C)(C)C(C)C.O=S(=O)([N-]S(=O)(=O)C(F)(F)F)C(F)(F)F,0.166361537
0.742996811,-6.721527778,0.092892286,14.54901961,0,2.839949504,-6.93e-07,-1.2,1635909293.0,20.16734694,17.22086397,0.0,0.0,0.0,22.03332201,0.0,33.67118794,0.0,53.37823529,0.0,53.3638824,40.09316461,0.0,41.28020074,0.0,0.0,118.0344541,40.09316461,0.0,8.25480225,0.0,0.0,20.33848391,67.00132589,0.0,0.0,55.88563673,0.0,0.0,0.0,0.0,1.485993623,9.916730134,11.98421153,-17.44408245,1.0,0,0,0,6.8053,0,0,0,0,0,0,4,0,0,0,0,0,0,0,0,0,0,0,0,0,0,0,0,0,0,0,2,0,6,323.15,719,CC(C)[N+](C)(C)CCCCCCCCC[N+](C)(C)C(C)C.O=S(=O)([N-]S(=O)(=O)C(F)(F)F)C(F)(F)F.O=S(=O)([N-]S(=O)(=O)C(F)(F)F)C(F)(F)F,0.436963775
0.742996811,-6.721527778,0.092892286,14.54901961,0,2.839949504,-6.93e-07,-1.2,1635909293.0,20.16734694,17.22086397,0.0,0.0,0.0,22.03332201,0.0,33.67118794,0.0,53.37823529,0.0,53.3638824,40.09316461,0.0,41.28020074,0.0,0.0,118.0344541,40.09316461,0.0,8.25480225,0.0,0.0,20.33848391,67.00132589,0.0,0.0,55.88563673,0.0,0.0,0.0,0.0,1.485993623,9.916730134,11.98421153,-17.44408245,1.0,0,0,0,6.8053,0,0,0,0,0,0,4,0,0,0,0,0,0,0,0,0,0,0,0,0,0,0,0,0,0,0,2,0,6,333.15,720,CC(C)[N+](C)(C)CCCCCCCCC[N+](C)(C)C(C)C.O=S(=O)([N-]S(=O)(=O)C(F)(F)F)C(F)(F)F.O=S(=O)([N-]S(=O)(=O)C(F)(F)F)C(F)(F)F,0.449162963
0.742996811,-6.721527778,0.092892286,14.54901961,0,2.839949504,-6.93e-07,-1.2,1635909293.0,20.16734694,17.22086397,0.0,0.0,0.0,22.03332201,0.0,33.67118794,0.0,53.37823529,0.0,53.3638824,40.09316461,0.0,41.28020074,0.0,0.0,118.0344541,40.09316461,0.0,8.25480225,0.0,0.0,20.33848391,67.00132589,0.0,0.0,55.88563673,0.0,0.0,0.0,0.0,1.485993623,9.916730134,11.98421153,-17.44408245,1.0,0,0,0,6.8053,0,0,0,0,0,0,4,0,0,0,0,0,0,0,0,0,0,0,0,0,0,0,0,0,0,0,2,0,6,343.15,721,CC(C)[N+](C)(C)CCCCCCCCC[N+](C)(C)C(C)C.O=S(=O)([N-]S(=O)(=O)C(F)(F)F)C(F)(F)F.O=S(=O)([N-]S(=O)(=O)C(F)(F)F)C(F)(F)F,0.474991171
0.742996811,-6.721527778,0.092892286,14.54901961,0,2.839949504,-6.93e-07,-1.2,1635909293.0,20.16734694,17.22086397,0.0,0.0,0.0,22.03332201,0.0,33.67118794,0.0,53.37823529,0.0,53.3638824,40.09316461,0.0,41.28020074,0.0,0.0,118.0344541,40.09316461,0.0,8.25480225,0.0,0.0,20.33848391,67.00132589,0.0,0.0,55.88563673,0.0,0.0,0.0,0.0,1.485993623,9.916730134,11.98421153,-17.44408245,1.0,0,0,0,6.8053,0,0,0,0,0,0,4,0,0,0,0,0,0,0,0,0,0,0,0,0,0,0,0,0,0,0,2,0,6,353.15,722,CC(C)[N+](C)(C)CCCCCCCCC[N+](C)(C)C(C)C.O=S(=O)([N-]S(=O)(=O)C(F)(F)F)C(F)(F)F.O=S(=O)([N-]S(=O)(=O)C(F)(F)F)C(F)(F)F,0.511025604
0.742996811,-6.721527778,0.092892286,14.54901961,0,2.839949504,-6.93e-07,-1.2,1635909293.0,20.16734694,17.22086397,0.0,0.0,0.0,22.03332201,0.0,33.67118794,0.0,53.37823529,0.0,53.3638824,40.09316461,0.0,41.28020074,0.0,0.0,118.0344541,40.09316461,0.0,8.25480225,0.0,0.0,20.33848391,67.00132589,0.0,0.0,55.88563673,0.0,0.0,0.0,0.0,1.485993623,9.916730134,11.98421153,-17.44408245,1.0,0,0,0,6.8053,0,0,0,0,0,0,4,0,0,0,0,0,0,0,0,0,0,0,0,0,0,0,0,0,0,0,2,0,6,363.15,723,CC(C)[N+](C)(C)CCCCCCCCC[N+](C)(C)C(C)C.O=S(=O)([N-]S(=O)(=O)C(F)(F)F)C(F)(F)F.O=S(=O)([N-]S(=O)(=O)C(F)(F)F)C(F)(F)F,0.525911261
0.282916667,-6.721527778,0.544956906,14.33333333,0,2.240893703,0.0,-0.64,22023.50331,7.956182047,13.71695938,6.544756406,0.0,0.0,11.016661,0.0,16.83559397,0.0,13.8474744,0.0,26.74406676,20.04658231,0.0,27.24698234,0.0,0.0,70.73063639,20.04658231,0.0,4.127401125,6.606881965,6.041840829,15.15518839,0.0,0.0,0.0,27.94281836,5.106527395,0.0,0.0,0.0,0.594583333,0.0,5.452546296,-9.191296296,1.0,0,0,0,1.5228,1,1,0,0,0,0,2,0,1,0,0,0,0,0,0,0,0,0,0,0,0,0,0,0,0,0,1,0,0,323.15,724,CC(C)[N+](C)(C)CCO.O=S(=O)([N-]S(=O)(=O)C(F)(F)F)C(F)(F)F,0.820220263
0.282916667,-6.721527778,0.544956906,14.33333333,0,2.240893703,0.0,-0.64,22023.50331,7.956182047,13.71695938,6.544756406,0.0,0.0,11.016661,0.0,16.83559397,0.0,13.8474744,0.0,26.74406676,20.04658231,0.0,27.24698234,0.0,0.0,70.73063639,20.04658231,0.0,4.127401125,6.606881965,6.041840829,15.15518839,0.0,0.0,0.0,27.94281836,5.106527395,0.0,0.0,0.0,0.594583333,0.0,5.452546296,-9.191296296,1.0,0,0,0,1.5228,1,1,0,0,0,0,2,0,1,0,0,0,0,0,0,0,0,0,0,0,0,0,0,0,0,0,1,0,0,333.15,725,CC(C)[N+](C)(C)CCO.O=S(=O)([N-]S(=O)(=O)C(F)(F)F)C(F)(F)F,0.821100545
0.282916667,-6.721527778,0.544956906,14.33333333,0,2.240893703,0.0,-0.64,22023.50331,7.956182047,13.71695938,6.544756406,0.0,0.0,11.016661,0.0,16.83559397,0.0,13.8474744,0.0,26.74406676,20.04658231,0.0,27.24698234,0.0,0.0,70.73063639,20.04658231,0.0,4.127401125,6.606881965,6.041840829,15.15518839,0.0,0.0,0.0,27.94281836,5.106527395,0.0,0.0,0.0,0.594583333,0.0,5.452546296,-9.191296296,1.0,0,0,0,1.5228,1,1,0,0,0,0,2,0,1,0,0,0,0,0,0,0,0,0,0,0,0,0,0,0,0,0,1,0,0,343.15,726,CC(C)[N+](C)(C)CCO.O=S(=O)([N-]S(=O)(=O)C(F)(F)F)C(F)(F)F,0.821980052
0.282916667,-6.721527778,0.544956906,14.33333333,0,2.240893703,0.0,-0.64,22023.50331,7.956182047,13.71695938,6.544756406,0.0,0.0,11.016661,0.0,16.83559397,0.0,13.8474744,0.0,26.74406676,20.04658231,0.0,27.24698234,0.0,0.0,70.73063639,20.04658231,0.0,4.127401125,6.606881965,6.041840829,15.15518839,0.0,0.0,0.0,27.94281836,5.106527395,0.0,0.0,0.0,0.594583333,0.0,5.452546296,-9.191296296,1.0,0,0,0,1.5228,1,1,0,0,0,0,2,0,1,0,0,0,0,0,0,0,0,0,0,0,0,0,0,0,0,0,1,0,0,353.15,727,CC(C)[N+](C)(C)CCO.O=S(=O)([N-]S(=O)(=O)C(F)(F)F)C(F)(F)F,0.823297865
0.282916667,-6.721527778,0.544956906,14.33333333,0,2.240893703,0.0,-0.64,22023.50331,7.956182047,13.71695938,6.544756406,0.0,0.0,11.016661,0.0,16.83559397,0.0,13.8474744,0.0,26.74406676,20.04658231,0.0,27.24698234,0.0,0.0,70.73063639,20.04658231,0.0,4.127401125,6.606881965,6.041840829,15.15518839,0.0,0.0,0.0,27.94281836,5.106527395,0.0,0.0,0.0,0.594583333,0.0,5.452546296,-9.191296296,1.0,0,0,0,1.5228,1,1,0,0,0,0,2,0,1,0,0,0,0,0,0,0,0,0,0,0,0,0,0,0,0,0,1,0,0,363.15,728,CC(C)[N+](C)(C)CCO.O=S(=O)([N-]S(=O)(=O)C(F)(F)F)C(F)(F)F,0.824175443
0.203055556,0.203055556,0.512670478,7.714285714,0,2.545467115,2.92e-07,-2.05,1384.73411,5.581273962,15.6303105,18.93844355,6.327320075,0.0,0.0,5.316788604,9.134199296,0.0,0.0,12.38631219,13.65455395,0.0,7.047671983,6.606881965,4.567099648,0.0,16.28050901,13.59242839,0.0,5.316788604,6.606881965,6.544756406,0.0,12.38631219,0.0,34.9028785,5.316788604,15.6303105,0.0,0.0,0.0,0.0,8.35625,0.884444444,1.952256236,0.375,0,0,1,-0.37284,1,1,0,0,0,0,5,0,0,0,0,0,0,0,1,0,0,0,0,0,0,0,0,0,0,0,0,0,0,318.15,729,Cn1cc[n+](CCO)c1.N#C[N-]C#N,2.191653532
0.203055556,0.203055556,0.512670478,7.714285714,0,2.545467115,2.92e-07,-2.05,1384.73411,5.581273962,15.6303105,18.93844355,6.327320075,0.0,0.0,5.316788604,9.134199296,0.0,0.0,12.38631219,13.65455395,0.0,7.047671983,6.606881965,4.567099648,0.0,16.28050901,13.59242839,0.0,5.316788604,6.606881965,6.544756406,0.0,12.38631219,0.0,34.9028785,5.316788604,15.6303105,0.0,0.0,0.0,0.0,8.35625,0.884444444,1.952256236,0.375,0,0,1,-0.37284,1,1,0,0,0,0,5,0,0,0,0,0,0,0,1,0,0,0,0,0,0,0,0,0,0,0,0,0,0,328.15,730,Cn1cc[n+](CCO)c1.N#C[N-]C#N,2.188295947
0.203055556,0.203055556,0.512670478,7.714285714,0,2.545467115,2.92e-07,-2.05,1384.73411,5.581273962,15.6303105,18.93844355,6.327320075,0.0,0.0,5.316788604,9.134199296,0.0,0.0,12.38631219,13.65455395,0.0,7.047671983,6.606881965,4.567099648,0.0,16.28050901,13.59242839,0.0,5.316788604,6.606881965,6.544756406,0.0,12.38631219,0.0,34.9028785,5.316788604,15.6303105,0.0,0.0,0.0,0.0,8.35625,0.884444444,1.952256236,0.375,0,0,1,-0.37284,1,1,0,0,0,0,5,0,0,0,0,0,0,0,1,0,0,0,0,0,0,0,0,0,0,0,0,0,0,338.15,731,Cn1cc[n+](CCO)c1.N#C[N-]C#N,2.186051277
0.203055556,0.203055556,0.512670478,7.714285714,0,2.545467115,2.92e-07,-2.05,1384.73411,5.581273962,15.6303105,18.93844355,6.327320075,0.0,0.0,5.316788604,9.134199296,0.0,0.0,12.38631219,13.65455395,0.0,7.047671983,6.606881965,4.567099648,0.0,16.28050901,13.59242839,0.0,5.316788604,6.606881965,6.544756406,0.0,12.38631219,0.0,34.9028785,5.316788604,15.6303105,0.0,0.0,0.0,0.0,8.35625,0.884444444,1.952256236,0.375,0,0,1,-0.37284,1,1,0,0,0,0,5,0,0,0,0,0,0,0,1,0,0,0,0,0,0,0,0,0,0,0,0,0,0,348.15,732,Cn1cc[n+](CCO)c1.N#C[N-]C#N,2.18492705
0.203055556,0.203055556,0.512670478,7.714285714,0,2.545467115,2.92e-07,-2.05,1384.73411,5.581273962,15.6303105,18.93844355,6.327320075,0.0,0.0,5.316788604,9.134199296,0.0,0.0,12.38631219,13.65455395,0.0,7.047671983,6.606881965,4.567099648,0.0,16.28050901,13.59242839,0.0,5.316788604,6.606881965,6.544756406,0.0,12.38631219,0.0,34.9028785,5.316788604,15.6303105,0.0,0.0,0.0,0.0,8.35625,0.884444444,1.952256236,0.375,0,0,1,-0.37284,1,1,0,0,0,0,5,0,0,0,0,0,0,0,1,0,0,0,0,0,0,0,0,0,0,0,0,0,0,358.15,733,Cn1cc[n+](CCO)c1.N#C[N-]C#N,2.181546765
0.675277778,0.675277778,0.413873917,7.714285714,0,2.545467115,2.92e-07,-1.72,1384.73411,5.870733058,10.52378311,18.93844355,6.327320075,0.0,0.0,5.316788604,9.134199296,11.60093989,0.0,12.38631219,12.92767543,11.60093989,7.047671983,5.880003445,4.567099648,11.60093989,10.44710309,13.59242839,0.0,5.316788604,0.0,5.880003445,6.544756406,12.38631219,0.0,34.9028785,5.316788604,22.124723,5.51521353,0.0,0.675277778,0.0,8.559830247,0.891265432,1.990804989,0.375,0,0,1,0.87366,0,0,0,0,0,0,5,0,0,0,0,0,0,0,2,0,0,0,0,0,0,0,0,0,0,0,0,0,0,318.15,734,Cn1cc[n+](CCCl)c1.N#C[N-]C#N,2.341805806
0.675277778,0.675277778,0.413873917,7.714285714,0,2.545467115,2.92e-07,-1.72,1384.73411,5.870733058,10.52378311,18.93844355,6.327320075,0.0,0.0,5.316788604,9.134199296,11.60093989,0.0,12.38631219,12.92767543,11.60093989,7.047671983,5.880003445,4.567099648,11.60093989,10.44710309,13.59242839,0.0,5.316788604,0.0,5.880003445,6.544756406,12.38631219,0.0,34.9028785,5.316788604,22.124723,5.51521353,0.0,0.675277778,0.0,8.559830247,0.891265432,1.990804989,0.375,0,0,1,0.87366,0,0,0,0,0,0,5,0,0,0,0,0,0,0,2,0,0,0,0,0,0,0,0,0,0,0,0,0,0,328.15,735,Cn1cc[n+](CCCl)c1.N#C[N-]C#N,2.312535424
0.675277778,0.675277778,0.413873917,7.714285714,0,2.545467115,2.92e-07,-1.72,1384.73411,5.870733058,10.52378311,18.93844355,6.327320075,0.0,0.0,5.316788604,9.134199296,11.60093989,0.0,12.38631219,12.92767543,11.60093989,7.047671983,5.880003445,4.567099648,11.60093989,10.44710309,13.59242839,0.0,5.316788604,0.0,5.880003445,6.544756406,12.38631219,0.0,34.9028785,5.316788604,22.124723,5.51521353,0.0,0.675277778,0.0,8.559830247,0.891265432,1.990804989,0.375,0,0,1,0.87366,0,0,0,0,0,0,5,0,0,0,0,0,0,0,2,0,0,0,0,0,0,0,0,0,0,0,0,0,0,338.15,736,Cn1cc[n+](CCCl)c1.N#C[N-]C#N,2.282382386
0.675277778,0.675277778,0.413873917,7.714285714,0,2.545467115,2.92e-07,-1.72,1384.73411,5.870733058,10.52378311,18.93844355,6.327320075,0.0,0.0,5.316788604,9.134199296,11.60093989,0.0,12.38631219,12.92767543,11.60093989,7.047671983,5.880003445,4.567099648,11.60093989,10.44710309,13.59242839,0.0,5.316788604,0.0,5.880003445,6.544756406,12.38631219,0.0,34.9028785,5.316788604,22.124723,5.51521353,0.0,0.675277778,0.0,8.559830247,0.891265432,1.990804989,0.375,0,0,1,0.87366,0,0,0,0,0,0,5,0,0,0,0,0,0,0,2,0,0,0,0,0,0,0,0,0,0,0,0,0,0,348.15,737,Cn1cc[n+](CCCl)c1.N#C[N-]C#N,2.251291799
0.675277778,0.675277778,0.413873917,7.714285714,0,2.545467115,2.92e-07,-1.72,1384.73411,5.870733058,10.52378311,18.93844355,6.327320075,0.0,0.0,5.316788604,9.134199296,11.60093989,0.0,12.38631219,12.92767543,11.60093989,7.047671983,5.880003445,4.567099648,11.60093989,10.44710309,13.59242839,0.0,5.316788604,0.0,5.880003445,6.544756406,12.38631219,0.0,34.9028785,5.316788604,22.124723,5.51521353,0.0,0.675277778,0.0,8.559830247,0.891265432,1.990804989,0.375,0,0,1,0.87366,0,0,0,0,0,0,5,0,0,0,0,0,0,0,2,0,0,0,0,0,0,0,0,0,0,0,0,0,0,358.15,738,Cn1cc[n+](CCCl)c1.N#C[N-]C#N,2.222459049
0.0,0.0,0.332680709,8.5,0,2.165879683,8.1e-07,-0.76,147.2798185,2.231388154,12.40703316,18.93844355,6.327320075,0.0,0.0,0.0,9.134199296,0.0,0.0,0.0,7.047671983,0.0,7.047671983,0.0,16.97413281,0.0,4.567099648,13.59242839,0.0,0.0,12.40703316,0.0,6.544756406,0.0,0.0,36.41179896,11.14603533,0.0,0.0,0.0,0.0,0.0,7.909583333,4.524852608,1.999591837,0.285714286,0,0,1,-2.4974,0,0,0,0,0,0,2,0,0,0,0,0,1,0,1,0,0,0,0,0,0,0,0,0,0,0,0,0,0,303.15,739,C=CC[n+]1ccn(C)c1.[Cl-],2.595254707
0.0,0.0,0.332680709,8.5,0,2.165879683,8.1e-07,-0.76,147.2798185,2.231388154,12.40703316,18.93844355,6.327320075,0.0,0.0,0.0,9.134199296,0.0,0.0,0.0,7.047671983,0.0,7.047671983,0.0,16.97413281,0.0,4.567099648,13.59242839,0.0,0.0,12.40703316,0.0,6.544756406,0.0,0.0,36.41179896,11.14603533,0.0,0.0,0.0,0.0,0.0,7.909583333,4.524852608,1.999591837,0.285714286,0,0,1,-2.4974,0,0,0,0,0,0,2,0,0,0,0,0,1,0,1,0,0,0,0,0,0,0,0,0,0,0,0,0,0,313.15,740,C=CC[n+]1ccn(C)c1.[Cl-],2.517696473
0.0,0.0,0.332680709,8.5,0,2.165879683,8.1e-07,-0.76,147.2798185,2.231388154,12.40703316,18.93844355,6.327320075,0.0,0.0,0.0,9.134199296,0.0,0.0,0.0,7.047671983,0.0,7.047671983,0.0,16.97413281,0.0,4.567099648,13.59242839,0.0,0.0,12.40703316,0.0,6.544756406,0.0,0.0,36.41179896,11.14603533,0.0,0.0,0.0,0.0,0.0,7.909583333,4.524852608,1.999591837,0.285714286,0,0,1,-2.4974,0,0,0,0,0,0,2,0,0,0,0,0,1,0,1,0,0,0,0,0,0,0,0,0,0,0,0,0,0,323.15,741,C=CC[n+]1ccn(C)c1.[Cl-],2.459588842
0.0,0.0,0.332680709,8.5,0,2.165879683,8.1e-07,-0.76,147.2798185,2.231388154,12.40703316,18.93844355,6.327320075,0.0,0.0,0.0,9.134199296,0.0,0.0,0.0,7.047671983,0.0,7.047671983,0.0,16.97413281,0.0,4.567099648,13.59242839,0.0,0.0,12.40703316,0.0,6.544756406,0.0,0.0,36.41179896,11.14603533,0.0,0.0,0.0,0.0,0.0,7.909583333,4.524852608,1.999591837,0.285714286,0,0,1,-2.4974,0,0,0,0,0,0,2,0,0,0,0,0,1,0,1,0,0,0,0,0,0,0,0,0,0,0,0,0,0,333.15,742,C=CC[n+]1ccn(C)c1.[Cl-],2.406945108
0.0,0.0,0.332680709,8.5,0,2.165879683,8.1e-07,-0.76,147.2798185,2.231388154,12.40703316,18.93844355,6.327320075,0.0,0.0,0.0,9.134199296,0.0,0.0,0.0,7.047671983,0.0,7.047671983,0.0,16.97413281,0.0,4.567099648,13.59242839,0.0,0.0,12.40703316,0.0,6.544756406,0.0,0.0,36.41179896,11.14603533,0.0,0.0,0.0,0.0,0.0,7.909583333,4.524852608,1.999591837,0.285714286,0,0,1,-2.4974,0,0,0,0,0,0,2,0,0,0,0,0,1,0,1,0,0,0,0,0,0,0,0,0,0,0,0,0,0,343.15,743,C=CC[n+]1ccn(C)c1.[Cl-],2.351375257
1.150138889,-3.296296296,0.383861233,18.0,0,3.089657697,1.74e-07,-2.845064935,141568.1157,3.872196638,18.61743254,12.39368714,6.327320075,0.0,30.8344924,0.0,28.31234803,0.0,6.420821623,0.0,13.59242839,30.8344924,7.047671983,0.0,4.567099648,0.0,35.40159205,51.38800966,0.0,0.0,0.0,0.0,6.544756406,12.84164325,0.0,7.047671983,53.39637625,0.0,0.0,41.93944444,-5.490740741,0.0,8.817018141,0.065648148,2.044092971,0.416666667,0,0,3,-1.2653,0,0,0,0,4,4,2,0,0,0,0,0,0,0,2,0,0,0,0,0,0,0,0,0,0,0,0,0,0,307.8,744,CCCCn1cc[n+](C)c1.O=C1O[B-]2(OC1=O)OC(=O)C(=O)O2,1.669591835
1.150138889,-3.296296296,0.383861233,18.0,0,3.089657697,1.74e-07,-2.845064935,141568.1157,3.872196638,18.61743254,12.39368714,6.327320075,0.0,30.8344924,0.0,28.31234803,0.0,6.420821623,0.0,13.59242839,30.8344924,7.047671983,0.0,4.567099648,0.0,35.40159205,51.38800966,0.0,0.0,0.0,0.0,6.544756406,12.84164325,0.0,7.047671983,53.39637625,0.0,0.0,41.93944444,-5.490740741,0.0,8.817018141,0.065648148,2.044092971,0.416666667,0,0,3,-1.2653,0,0,0,0,4,4,2,0,0,0,0,0,0,0,2,0,0,0,0,0,0,0,0,0,0,0,0,0,0,317.5,745,CCCCn1cc[n+](C)c1.O=C1O[B-]2(OC1=O)OC(=O)C(=O)O2,1.549687908
1.150138889,-3.296296296,0.383861233,18.0,0,3.089657697,1.74e-07,-2.845064935,141568.1157,3.872196638,18.61743254,12.39368714,6.327320075,0.0,30.8344924,0.0,28.31234803,0.0,6.420821623,0.0,13.59242839,30.8344924,7.047671983,0.0,4.567099648,0.0,35.40159205,51.38800966,0.0,0.0,0.0,0.0,6.544756406,12.84164325,0.0,7.047671983,53.39637625,0.0,0.0,41.93944444,-5.490740741,0.0,8.817018141,0.065648148,2.044092971,0.416666667,0,0,3,-1.2653,0,0,0,0,4,4,2,0,0,0,0,0,0,0,2,0,0,0,0,0,0,0,0,0,0,0,0,0,0,328.2,746,CCCCn1cc[n+](C)c1.O=C1O[B-]2(OC1=O)OC(=O)C(=O)O2,1.472472057
1.150138889,-3.296296296,0.383861233,18.0,0,3.089657697,1.74e-07,-2.845064935,141568.1157,3.872196638,18.61743254,12.39368714,6.327320075,0.0,30.8344924,0.0,28.31234803,0.0,6.420821623,0.0,13.59242839,30.8344924,7.047671983,0.0,4.567099648,0.0,35.40159205,51.38800966,0.0,0.0,0.0,0.0,6.544756406,12.84164325,0.0,7.047671983,53.39637625,0.0,0.0,41.93944444,-5.490740741,0.0,8.817018141,0.065648148,2.044092971,0.416666667,0,0,3,-1.2653,0,0,0,0,4,4,2,0,0,0,0,0,0,0,2,0,0,0,0,0,0,0,0,0,0,0,0,0,0,338.4,747,CCCCn1cc[n+](C)c1.O=C1O[B-]2(OC1=O)OC(=O)C(=O)O2,1.368639426
1.150138889,-3.296296296,0.383861233,18.0,0,3.089657697,1.74e-07,-2.845064935,141568.1157,3.872196638,18.61743254,12.39368714,6.327320075,0.0,30.8344924,0.0,28.31234803,0.0,6.420821623,0.0,13.59242839,30.8344924,7.047671983,0.0,4.567099648,0.0,35.40159205,51.38800966,0.0,0.0,0.0,0.0,6.544756406,12.84164325,0.0,7.047671983,53.39637625,0.0,0.0,41.93944444,-5.490740741,0.0,8.817018141,0.065648148,2.044092971,0.416666667,0,0,3,-1.2653,0,0,0,0,4,4,2,0,0,0,0,0,0,0,2,0,0,0,0,0,0,0,0,0,0,0,0,0,0,348.5,748,CCCCn1cc[n+](C)c1.O=C1O[B-]2(OC1=O)OC(=O)C(=O)O2,1.302912752
1.1675,-3.296296296,0.301351106,17.52,0,3.158031112,1.81e-07,-2.845064935,378079.4847,4.813879433,18.61743254,12.39368714,6.327320075,0.0,30.8344924,0.0,28.31234803,0.0,12.84164325,0.0,13.59242839,30.8344924,7.047671983,0.0,4.567099648,0.0,35.40159205,51.38800966,0.0,0.0,0.0,0.0,0.0,32.2280429,0.0,0.0,60.44404823,0.0,0.0,41.93944444,-5.490740741,0.0,11.69987733,0.116898148,2.05807831,0.5,0,0,3,-0.4851,0,0,0,0,4,4,2,0,0,0,0,0,0,0,2,0,0,0,0,0,0,0,0,0,0,0,0,0,2,308.1,749,CCCCCCn1cc[n+](C)c1.O=C1O[B-]2(OC1=O)OC(=O)C(=O)O2,1.147402453
1.1675,-3.296296296,0.301351106,17.52,0,3.158031112,1.81e-07,-2.845064935,378079.4847,4.813879433,18.61743254,12.39368714,6.327320075,0.0,30.8344924,0.0,28.31234803,0.0,12.84164325,0.0,13.59242839,30.8344924,7.047671983,0.0,4.567099648,0.0,35.40159205,51.38800966,0.0,0.0,0.0,0.0,0.0,32.2280429,0.0,0.0,60.44404823,0.0,0.0,41.93944444,-5.490740741,0.0,11.69987733,0.116898148,2.05807831,0.5,0,0,3,-0.4851,0,0,0,0,4,4,2,0,0,0,0,0,0,0,2,0,0,0,0,0,0,0,0,0,0,0,0,0,2,318.1,750,CCCCCCn1cc[n+](C)c1.O=C1O[B-]2(OC1=O)OC(=O)C(=O)O2,1.095273387
1.1675,-3.296296296,0.301351106,17.52,0,3.158031112,1.81e-07,-2.845064935,378079.4847,4.813879433,18.61743254,12.39368714,6.327320075,0.0,30.8344924,0.0,28.31234803,0.0,12.84164325,0.0,13.59242839,30.8344924,7.047671983,0.0,4.567099648,0.0,35.40159205,51.38800966,0.0,0.0,0.0,0.0,0.0,32.2280429,0.0,0.0,60.44404823,0.0,0.0,41.93944444,-5.490740741,0.0,11.69987733,0.116898148,2.05807831,0.5,0,0,3,-0.4851,0,0,0,0,4,4,2,0,0,0,0,0,0,0,2,0,0,0,0,0,0,0,0,0,0,0,0,0,2,328.4,751,CCCCCCn1cc[n+](C)c1.O=C1O[B-]2(OC1=O)OC(=O)C(=O)O2,1.026041596
1.1675,-3.296296296,0.301351106,17.52,0,3.158031112,1.81e-07,-2.845064935,378079.4847,4.813879433,18.61743254,12.39368714,6.327320075,0.0,30.8344924,0.0,28.31234803,0.0,12.84164325,0.0,13.59242839,30.8344924,7.047671983,0.0,4.567099648,0.0,35.40159205,51.38800966,0.0,0.0,0.0,0.0,0.0,32.2280429,0.0,0.0,60.44404823,0.0,0.0,41.93944444,-5.490740741,0.0,11.69987733,0.116898148,2.05807831,0.5,0,0,3,-0.4851,0,0,0,0,4,4,2,0,0,0,0,0,0,0,2,0,0,0,0,0,0,0,0,0,0,0,0,0,2,338.5,752,CCCCCCn1cc[n+](C)c1.O=C1O[B-]2(OC1=O)OC(=O)C(=O)O2,0.97455964
1.1675,-3.296296296,0.301351106,17.52,0,3.158031112,1.81e-07,-2.845064935,378079.4847,4.813879433,18.61743254,12.39368714,6.327320075,0.0,30.8344924,0.0,28.31234803,0.0,12.84164325,0.0,13.59242839,30.8344924,7.047671983,0.0,4.567099648,0.0,35.40159205,51.38800966,0.0,0.0,0.0,0.0,0.0,32.2280429,0.0,0.0,60.44404823,0.0,0.0,41.93944444,-5.490740741,0.0,11.69987733,0.116898148,2.05807831,0.5,0,0,3,-0.4851,0,0,0,0,4,4,2,0,0,0,0,0,0,0,2,0,0,0,0,0,0,0,0,0,0,0,0,0,2,348.5,753,CCCCCCn1cc[n+](C)c1.O=C1O[B-]2(OC1=O)OC(=O)C(=O)O2,0.90825856
0.0,0.0,0.481208342,9.0,0,2.165879683,8.1e-07,-0.31,147.2798185,2.518544061,16.98145085,12.39368714,6.327320075,0.0,0.0,0.0,9.134199296,0.0,6.420821623,0.0,13.59242839,0.0,7.047671983,0.0,21.5485505,0.0,4.567099648,13.59242839,0.0,0.0,16.98145085,0.0,6.544756406,6.420821623,0.0,7.047671983,34.77894371,0.0,0.0,0.0,0.0,0.0,7.427916667,3.306388889,2.033888889,0.571428571,0,0,1,-2.2734,0,0,0,0,0,0,2,0,0,0,0,0,0,0,2,0,0,0,0,0,0,0,0,0,0,0,0,0,0,323.15,754,CCCn1cc[n+](C)c1.[Br-],1.08180517
0.0,0.0,0.481208342,9.0,0,2.165879683,8.1e-07,-0.31,147.2798185,2.518544061,16.98145085,12.39368714,6.327320075,0.0,0.0,0.0,9.134199296,0.0,6.420821623,0.0,13.59242839,0.0,7.047671983,0.0,21.5485505,0.0,4.567099648,13.59242839,0.0,0.0,16.98145085,0.0,6.544756406,6.420821623,0.0,7.047671983,34.77894371,0.0,0.0,0.0,0.0,0.0,7.427916667,3.306388889,2.033888889,0.571428571,0,0,1,-2.2734,0,0,0,0,0,0,2,0,0,0,0,0,0,0,2,0,0,0,0,0,0,0,0,0,0,0,0,0,0,333.15,755,CCCn1cc[n+](C)c1.[Br-],1.134622726
0.0,0.0,0.481208342,9.0,0,2.165879683,8.1e-07,-0.31,147.2798185,2.518544061,16.98145085,12.39368714,6.327320075,0.0,0.0,0.0,9.134199296,0.0,6.420821623,0.0,13.59242839,0.0,7.047671983,0.0,21.5485505,0.0,4.567099648,13.59242839,0.0,0.0,16.98145085,0.0,6.544756406,6.420821623,0.0,7.047671983,34.77894371,0.0,0.0,0.0,0.0,0.0,7.427916667,3.306388889,2.033888889,0.571428571,0,0,1,-2.2734,0,0,0,0,0,0,2,0,0,0,0,0,0,0,2,0,0,0,0,0,0,0,0,0,0,0,0,0,0,343.15,756,CCCn1cc[n+](C)c1.[Br-],1.202972304
0.0,0.0,0.481208342,9.0,0,2.165879683,8.1e-07,-0.31,147.2798185,2.518544061,16.98145085,12.39368714,6.327320075,0.0,0.0,0.0,9.134199296,0.0,6.420821623,0.0,13.59242839,0.0,7.047671983,0.0,21.5485505,0.0,4.567099648,13.59242839,0.0,0.0,16.98145085,0.0,6.544756406,6.420821623,0.0,7.047671983,34.77894371,0.0,0.0,0.0,0.0,0.0,7.427916667,3.306388889,2.033888889,0.571428571,0,0,1,-2.2734,0,0,0,0,0,0,2,0,0,0,0,0,0,0,2,0,0,0,0,0,0,0,0,0,0,0,0,0,0,353.15,757,CCCn1cc[n+](C)c1.[Br-],1.252762968
0.0,0.0,0.481208342,9.0,0,2.165879683,8.1e-07,-0.31,147.2798185,2.518544061,16.98145085,12.39368714,6.327320075,0.0,0.0,0.0,9.134199296,0.0,6.420821623,0.0,13.59242839,0.0,7.047671983,0.0,21.5485505,0.0,4.567099648,13.59242839,0.0,0.0,16.98145085,0.0,6.544756406,6.420821623,0.0,7.047671983,34.77894371,0.0,0.0,0.0,0.0,0.0,7.427916667,3.306388889,2.033888889,0.571428571,0,0,1,-2.2734,0,0,0,0,0,0,2,0,0,0,0,0,0,0,2,0,0,0,0,0,0,0,0,0,0,0,0,0,0,363.15,758,CCCn1cc[n+](C)c1.[Br-],1.313723668
1.056388889,-2.873971193,0.493435112,9.615384615,0,2.520241489,2.52e-07,-0.64,758.5926881,6.514679989,13.98220705,20.64855837,6.327320075,0.0,0.0,0.0,9.134199296,0.0,6.9237372,7.109797541,13.59242839,8.254871229,7.047671983,7.109797541,9.460511251,8.254871229,11.67689719,22.68122384,0.0,0.0,0.0,0.0,13.65455395,0.0,0.0,17.8116152,28.53874766,0.0,0.0,9.219907407,0.0,0.0,6.142361111,3.181388889,0.26537037,0.571428571,0,0,1,-0.2847,0,0,0,0,0,0,2,0,0,0,0,0,0,0,2,0,0,0,0,0,0,0,0,0,0,0,0,0,0,313.15,759,CC[n+]1ccn(C)c1.CO[PH](=O)[O-],1.876406943
1.056388889,-2.873971193,0.493435112,9.615384615,0,2.520241489,2.52e-07,-0.64,758.5926881,6.514679989,13.98220705,20.64855837,6.327320075,0.0,0.0,0.0,9.134199296,0.0,6.9237372,7.109797541,13.59242839,8.254871229,7.047671983,7.109797541,9.460511251,8.254871229,11.67689719,22.68122384,0.0,0.0,0.0,0.0,13.65455395,0.0,0.0,17.8116152,28.53874766,0.0,0.0,9.219907407,0.0,0.0,6.142361111,3.181388889,0.26537037,0.571428571,0,0,1,-0.2847,0,0,0,0,0,0,2,0,0,0,0,0,0,0,2,0,0,0,0,0,0,0,0,0,0,0,0,0,0,333.15,760,CC[n+]1ccn(C)c1.CO[PH](=O)[O-],1.891604804
1.056388889,-2.873971193,0.493435112,9.615384615,0,2.520241489,2.52e-07,-0.64,758.5926881,6.514679989,13.98220705,20.64855837,6.327320075,0.0,0.0,0.0,9.134199296,0.0,6.9237372,7.109797541,13.59242839,8.254871229,7.047671983,7.109797541,9.460511251,8.254871229,11.67689719,22.68122384,0.0,0.0,0.0,0.0,13.65455395,0.0,0.0,17.8116152,28.53874766,0.0,0.0,9.219907407,0.0,0.0,6.142361111,3.181388889,0.26537037,0.571428571,0,0,1,-0.2847,0,0,0,0,0,0,2,0,0,0,0,0,0,0,2,0,0,0,0,0,0,0,0,0,0,0,0,0,0,353.15,761,CC[n+]1ccn(C)c1.CO[PH](=O)[O-],1.919859472
1.056388889,-2.873971193,0.493435112,9.615384615,0,2.520241489,2.52e-07,-0.64,758.5926881,6.514679989,13.98220705,20.64855837,6.327320075,0.0,0.0,0.0,9.134199296,0.0,6.9237372,7.109797541,13.59242839,8.254871229,7.047671983,7.109797541,9.460511251,8.254871229,11.67689719,22.68122384,0.0,0.0,0.0,0.0,13.65455395,0.0,0.0,17.8116152,28.53874766,0.0,0.0,9.219907407,0.0,0.0,6.142361111,3.181388889,0.26537037,0.571428571,0,0,1,-0.2847,0,0,0,0,0,0,2,0,0,0,0,0,0,0,2,0,0,0,0,0,0,0,0,0,0,0,0,0,0,373.15,762,CC[n+]1ccn(C)c1.CO[PH](=O)[O-],1.968509981
1.119341564,-2.873971193,0.433471712,9.416666667,0,2.356285041,2.17e-07,-0.64,412.3498821,6.094932395,13.98220705,20.64855837,6.327320075,0.0,0.0,0.0,9.134199296,0.0,0.0,7.109797541,14.09534397,8.254871229,14.09534397,7.109797541,9.460511251,8.254871229,11.67689719,23.18413941,0.0,0.0,0.0,0.0,7.109797541,0.0,0.0,41.95055048,4.523747162,0.0,0.0,9.219907407,0.0,0.0,6.0,0.0,2.24537037,0.5,0,0,1,-0.7676,0,0,0,0,0,0,2,0,0,0,0,0,0,0,2,0,0,0,0,0,0,0,0,0,0,0,0,0,0,313.15,763,CO[PH](=O)[O-].Cn1cc[n+](C)c1,2.439734931
1.119341564,-2.873971193,0.433471712,9.416666667,0,2.356285041,2.17e-07,-0.64,412.3498821,6.094932395,13.98220705,20.64855837,6.327320075,0.0,0.0,0.0,9.134199296,0.0,0.0,7.109797541,14.09534397,8.254871229,14.09534397,7.109797541,9.460511251,8.254871229,11.67689719,23.18413941,0.0,0.0,0.0,0.0,7.109797541,0.0,0.0,41.95055048,4.523747162,0.0,0.0,9.219907407,0.0,0.0,6.0,0.0,2.24537037,0.5,0,0,1,-0.7676,0,0,0,0,0,0,2,0,0,0,0,0,0,0,2,0,0,0,0,0,0,0,0,0,0,0,0,0,0,323.15,764,CO[PH](=O)[O-].Cn1cc[n+](C)c1,2.430978308
1.119341564,-2.873971193,0.433471712,9.416666667,0,2.356285041,2.17e-07,-0.64,412.3498821,6.094932395,13.98220705,20.64855837,6.327320075,0.0,0.0,0.0,9.134199296,0.0,0.0,7.109797541,14.09534397,8.254871229,14.09534397,7.109797541,9.460511251,8.254871229,11.67689719,23.18413941,0.0,0.0,0.0,0.0,7.109797541,0.0,0.0,41.95055048,4.523747162,0.0,0.0,9.219907407,0.0,0.0,6.0,0.0,2.24537037,0.5,0,0,1,-0.7676,0,0,0,0,0,0,2,0,0,0,0,0,0,0,2,0,0,0,0,0,0,0,0,0,0,0,0,0,0,333.15,765,CO[PH](=O)[O-].Cn1cc[n+](C)c1,2.423917378
1.119341564,-2.873971193,0.433471712,9.416666667,0,2.356285041,2.17e-07,-0.64,412.3498821,6.094932395,13.98220705,20.64855837,6.327320075,0.0,0.0,0.0,9.134199296,0.0,0.0,7.109797541,14.09534397,8.254871229,14.09534397,7.109797541,9.460511251,8.254871229,11.67689719,23.18413941,0.0,0.0,0.0,0.0,7.109797541,0.0,0.0,41.95055048,4.523747162,0.0,0.0,9.219907407,0.0,0.0,6.0,0.0,2.24537037,0.5,0,0,1,-0.7676,0,0,0,0,0,0,2,0,0,0,0,0,0,0,2,0,0,0,0,0,0,0,0,0,0,0,0,0,0,343.15,766,CO[PH](=O)[O-].Cn1cc[n+](C)c1,2.420368129
0.060347222,-4.578120683,0.276938378,11.0,0,2.790687597,3.88e-07,-1.0,18839.93197,12.05540166,14.02647578,12.39368714,16.72632066,0.0,0.0,4.183085433,17.55199628,0.0,6.9237372,7.109797541,40.01995625,10.39900058,7.047671983,33.5373254,4.567099648,0.0,51.07497191,37.64824031,0.0,0.0,13.21376393,13.21376393,6.544756406,7.109797541,0.0,17.8116152,32.93494888,4.736862954,0.0,0.0,0.0,0.0,6.142361111,3.754074783,-1.042285171,0.727272727,0,0,1,-0.5413,0,0,0,0,0,0,2,0,0,0,0,0,0,0,2,0,0,2,0,1,0,0,0,0,0,0,0,0,4,308.15,767,CCn1cc[n+](C)c1.COCCOCCOS(=O)(=O)[O-],1.488399584
0.060347222,-4.578120683,0.276938378,11.0,0,2.790687597,3.88e-07,-1.0,18839.93197,12.05540166,14.02647578,12.39368714,16.72632066,0.0,0.0,4.183085433,17.55199628,0.0,6.9237372,7.109797541,40.01995625,10.39900058,7.047671983,33.5373254,4.567099648,0.0,51.07497191,37.64824031,0.0,0.0,13.21376393,13.21376393,6.544756406,7.109797541,0.0,17.8116152,32.93494888,4.736862954,0.0,0.0,0.0,0.0,6.142361111,3.754074783,-1.042285171,0.727272727,0,0,1,-0.5413,0,0,0,0,0,0,2,0,0,0,0,0,0,0,2,0,0,2,0,1,0,0,0,0,0,0,0,0,4,313.15,768,CCn1cc[n+](C)c1.COCCOCCOS(=O)(=O)[O-],1.492904096
0.060347222,-4.578120683,0.276938378,11.0,0,2.790687597,3.88e-07,-1.0,18839.93197,12.05540166,14.02647578,12.39368714,16.72632066,0.0,0.0,4.183085433,17.55199628,0.0,6.9237372,7.109797541,40.01995625,10.39900058,7.047671983,33.5373254,4.567099648,0.0,51.07497191,37.64824031,0.0,0.0,13.21376393,13.21376393,6.544756406,7.109797541,0.0,17.8116152,32.93494888,4.736862954,0.0,0.0,0.0,0.0,6.142361111,3.754074783,-1.042285171,0.727272727,0,0,1,-0.5413,0,0,0,0,0,0,2,0,0,0,0,0,0,0,2,0,0,2,0,1,0,0,0,0,0,0,0,0,4,323.15,769,CCn1cc[n+](C)c1.COCCOCCOS(=O)(=O)[O-],1.506297154
0.060347222,-4.578120683,0.276938378,11.0,0,2.790687597,3.88e-07,-1.0,18839.93197,12.05540166,14.02647578,12.39368714,16.72632066,0.0,0.0,4.183085433,17.55199628,0.0,6.9237372,7.109797541,40.01995625,10.39900058,7.047671983,33.5373254,4.567099648,0.0,51.07497191,37.64824031,0.0,0.0,13.21376393,13.21376393,6.544756406,7.109797541,0.0,17.8116152,32.93494888,4.736862954,0.0,0.0,0.0,0.0,6.142361111,3.754074783,-1.042285171,0.727272727,0,0,1,-0.5413,0,0,0,0,0,0,2,0,0,0,0,0,0,0,2,0,0,2,0,1,0,0,0,0,0,0,0,0,4,333.15,770,CCn1cc[n+](C)c1.COCCOCCOS(=O)(=O)[O-],1.530394705
0.025752315,-4.471531177,0.302302643,11.04761905,0,2.830919823,4.23e-07,-0.92,30919.30631,13.80469088,4.552749874,12.39368714,16.72632066,0.0,0.0,4.183085433,17.55199628,0.0,13.34455882,0.0,20.19931035,10.39900058,7.047671983,6.606881965,4.567099648,0.0,24.14452847,28.1745144,0.0,0.0,6.606881965,6.420821623,19.38639965,19.26246487,0.0,17.8116152,35.12182313,0.0,0.0,0.0,0.0,0.0,12.35425061,5.339200102,-2.451531177,0.785714286,0,0,1,2.1562,0,0,0,0,0,0,2,0,0,0,0,0,0,0,2,0,0,0,0,0,0,0,0,0,0,0,0,0,5,318.15,771,CCCCCCCCOS(=O)(=O)[O-].CC[n+]1ccn(C)c1,0.231111721
0.025752315,-4.471531177,0.302302643,11.04761905,0,2.830919823,4.23e-07,-0.92,30919.30631,13.80469088,4.552749874,12.39368714,16.72632066,0.0,0.0,4.183085433,17.55199628,0.0,13.34455882,0.0,20.19931035,10.39900058,7.047671983,6.606881965,4.567099648,0.0,24.14452847,28.1745144,0.0,0.0,6.606881965,6.420821623,19.38639965,19.26246487,0.0,17.8116152,35.12182313,0.0,0.0,0.0,0.0,0.0,12.35425061,5.339200102,-2.451531177,0.785714286,0,0,1,2.1562,0,0,0,0,0,0,2,0,0,0,0,0,0,0,2,0,0,0,0,0,0,0,0,0,0,0,0,0,5,333.15,772,CCCCCCCCOS(=O)(=O)[O-].CC[n+]1ccn(C)c1,0.223143551
0.025752315,-4.471531177,0.302302643,11.04761905,0,2.830919823,4.23e-07,-0.92,30919.30631,13.80469088,4.552749874,12.39368714,16.72632066,0.0,0.0,4.183085433,17.55199628,0.0,13.34455882,0.0,20.19931035,10.39900058,7.047671983,6.606881965,4.567099648,0.0,24.14452847,28.1745144,0.0,0.0,6.606881965,6.420821623,19.38639965,19.26246487,0.0,17.8116152,35.12182313,0.0,0.0,0.0,0.0,0.0,12.35425061,5.339200102,-2.451531177,0.785714286,0,0,1,2.1562,0,0,0,0,0,0,2,0,0,0,0,0,0,0,2,0,0,0,0,0,0,0,0,0,0,0,0,0,5,348.15,773,CCCCCCCCOS(=O)(=O)[O-].CC[n+]1ccn(C)c1,0.21511138
0.025752315,-4.471531177,0.302302643,11.04761905,0,2.830919823,4.23e-07,-0.92,30919.30631,13.80469088,4.552749874,12.39368714,16.72632066,0.0,0.0,4.183085433,17.55199628,0.0,13.34455882,0.0,20.19931035,10.39900058,7.047671983,6.606881965,4.567099648,0.0,24.14452847,28.1745144,0.0,0.0,6.606881965,6.420821623,19.38639965,19.26246487,0.0,17.8116152,35.12182313,0.0,0.0,0.0,0.0,0.0,12.35425061,5.339200102,-2.451531177,0.785714286,0,0,1,2.1562,0,0,0,0,0,0,2,0,0,0,0,0,0,0,2,0,0,0,0,0,0,0,0,0,0,0,0,0,5,358.15,774,CCCCCCCCOS(=O)(=O)[O-].CC[n+]1ccn(C)c1,0.198850859
1.173576389,-10.65740741,0.247017115,14.85714286,0,2.649014991,4.86e-07,-0.78,14074.21665,21.66296898,0.0,12.39368714,6.327320075,0.0,32.98994288,0.0,9.134199296,0.0,12.84164325,0.0,13.59242839,7.808509084,7.047671983,0.0,4.567099648,7.808509084,4.567099648,13.59242839,0.0,0.0,0.0,0.0,0.0,45.06968614,0.0,0.0,41.8266157,0.0,0.0,0.0,0.0,0.0,14.63746271,3.437287415,-8.590196866,0.75,0,0,1,6.0555,0,0,0,0,0,0,2,0,0,0,0,0,0,0,2,0,0,0,0,0,0,0,0,0,0,0,0,0,4,343.15,775,CCCCCCCC[n+]1ccn(C)c1.F[P-](F)(F)(F)(F)F,-0.301105093
1.173576389,-10.65740741,0.247017115,14.85714286,0,2.649014991,4.86e-07,-0.78,14074.21665,21.66296898,0.0,12.39368714,6.327320075,0.0,32.98994288,0.0,9.134199296,0.0,12.84164325,0.0,13.59242839,7.808509084,7.047671983,0.0,4.567099648,7.808509084,4.567099648,13.59242839,0.0,0.0,0.0,0.0,0.0,45.06968614,0.0,0.0,41.8266157,0.0,0.0,0.0,0.0,0.0,14.63746271,3.437287415,-8.590196866,0.75,0,0,1,6.0555,0,0,0,0,0,0,2,0,0,0,0,0,0,0,2,0,0,0,0,0,0,0,0,0,0,0,0,0,4,353.15,776,CCCCCCCC[n+]1ccn(C)c1.F[P-](F)(F)(F)(F)F,-0.328504067
1.173576389,-10.65740741,0.247017115,14.85714286,0,2.649014991,4.86e-07,-0.78,14074.21665,21.66296898,0.0,12.39368714,6.327320075,0.0,32.98994288,0.0,9.134199296,0.0,12.84164325,0.0,13.59242839,7.808509084,7.047671983,0.0,4.567099648,7.808509084,4.567099648,13.59242839,0.0,0.0,0.0,0.0,0.0,45.06968614,0.0,0.0,41.8266157,0.0,0.0,0.0,0.0,0.0,14.63746271,3.437287415,-8.590196866,0.75,0,0,1,6.0555,0,0,0,0,0,0,2,0,0,0,0,0,0,0,2,0,0,0,0,0,0,0,0,0,0,0,0,0,4,363.15,777,CCCCCCCC[n+]1ccn(C)c1.F[P-](F)(F)(F)(F)F,-0.328504067
1.173576389,-10.65740741,0.247017115,14.85714286,0,2.649014991,4.86e-07,-0.78,14074.21665,21.66296898,0.0,12.39368714,6.327320075,0.0,32.98994288,0.0,9.134199296,0.0,12.84164325,0.0,13.59242839,7.808509084,7.047671983,0.0,4.567099648,7.808509084,4.567099648,13.59242839,0.0,0.0,0.0,0.0,0.0,45.06968614,0.0,0.0,41.8266157,0.0,0.0,0.0,0.0,0.0,14.63746271,3.437287415,-8.590196866,0.75,0,0,1,6.0555,0,0,0,0,0,0,2,0,0,0,0,0,0,0,2,0,0,0,0,0,0,0,0,0,0,0,0,0,4,373.15,778,CCCCCCCC[n+]1ccn(C)c1.F[P-](F)(F)(F)(F)F,-0.371063681
0.177685185,-4.269583333,0.640715007,10.85714286,0,2.822435929,2.11e-07,-1.66,38848.00812,6.550982138,4.552749874,22.511814,6.327320075,0.0,0.0,0.0,17.55199628,0.0,25.47729296,0.0,18.48791186,10.11812686,7.047671983,0.0,4.567099648,0.0,17.53764651,23.71055525,0.0,0.0,4.895483476,0.0,12.1082079,24.97437738,12.13273414,13.97140918,34.77894371,0.0,0.0,-0.177685185,0.0,5.782638889,8.817018141,5.182581255,-2.225490363,0.4,0,0,2,2.01182,0,0,0,0,0,0,2,0,0,0,0,0,0,0,3,0,0,0,0,0,0,0,0,0,0,0,0,0,0,338.2,779,CCCC[n+]1ccn(C)c1.Cc1ccc(S(=O)(=O)[O-])cc1,1.10856262
0.177685185,-4.269583333,0.640715007,10.85714286,0,2.822435929,2.11e-07,-1.66,38848.00812,6.550982138,4.552749874,22.511814,6.327320075,0.0,0.0,0.0,17.55199628,0.0,25.47729296,0.0,18.48791186,10.11812686,7.047671983,0.0,4.567099648,0.0,17.53764651,23.71055525,0.0,0.0,4.895483476,0.0,12.1082079,24.97437738,12.13273414,13.97140918,34.77894371,0.0,0.0,-0.177685185,0.0,5.782638889,8.817018141,5.182581255,-2.225490363,0.4,0,0,2,2.01182,0,0,0,0,0,0,2,0,0,0,0,0,0,0,3,0,0,0,0,0,0,0,0,0,0,0,0,0,0,348.2,780,CCCC[n+]1ccn(C)c1.Cc1ccc(S(=O)(=O)[O-])cc1,1.101940079
0.177685185,-4.269583333,0.640715007,10.85714286,0,2.822435929,2.11e-07,-1.66,38848.00812,6.550982138,4.552749874,22.511814,6.327320075,0.0,0.0,0.0,17.55199628,0.0,25.47729296,0.0,18.48791186,10.11812686,7.047671983,0.0,4.567099648,0.0,17.53764651,23.71055525,0.0,0.0,4.895483476,0.0,12.1082079,24.97437738,12.13273414,13.97140918,34.77894371,0.0,0.0,-0.177685185,0.0,5.782638889,8.817018141,5.182581255,-2.225490363,0.4,0,0,2,2.01182,0,0,0,0,0,0,2,0,0,0,0,0,0,0,3,0,0,0,0,0,0,0,0,0,0,0,0,0,0,358.2,781,CCCC[n+]1ccn(C)c1.Cc1ccc(S(=O)(=O)[O-])cc1,1.095273387
0.177685185,-4.269583333,0.640715007,10.85714286,0,2.822435929,2.11e-07,-1.66,38848.00812,6.550982138,4.552749874,22.511814,6.327320075,0.0,0.0,0.0,17.55199628,0.0,25.47729296,0.0,18.48791186,10.11812686,7.047671983,0.0,4.567099648,0.0,17.53764651,23.71055525,0.0,0.0,4.895483476,0.0,12.1082079,24.97437738,12.13273414,13.97140918,34.77894371,0.0,0.0,-0.177685185,0.0,5.782638889,8.817018141,5.182581255,-2.225490363,0.4,0,0,2,2.01182,0,0,0,0,0,0,2,0,0,0,0,0,0,0,3,0,0,0,0,0,0,0,0,0,0,0,0,0,0,368.2,782,CCCC[n+]1ccn(C)c1.Cc1ccc(S(=O)(=O)[O-])cc1,1.088561953
0.6966063,-0.6966063,0.055309914,10.89473684,0,2.927206215,0.0,-0.79,108718757.2,29.76136412,10.52378311,0.0,0.0,0.0,0.0,5.316788604,0.0,0.0,51.36657298,19.64879138,24.64764011,7.262479191,0.0,24.64764011,0.0,7.262479191,24.64764011,0.0,0.0,5.316788604,0.0,0.0,0.0,140.8027447,50.3309266,0.0,33.0117374,10.52378311,0.0,0.0,0.0,0.0,44.65147022,9.413191634,-0.6966063,0.941176471,0,0,0,12.76826,0,0,0,0,0,0,3,0,0,0,0,0,0,0,0,0,0,0,0,0,0,0,0,0,0,0,0,0,16,313.15,783,CCCCCCCCCCCCCC[P+](CCCCCC)(CCCCCC)CCCCCC.N#C[N-]C#N,-0.869884359
0.6966063,-0.6966063,0.055309914,10.89473684,0,2.927206215,0.0,-0.79,108718757.2,29.76136412,10.52378311,0.0,0.0,0.0,0.0,5.316788604,0.0,0.0,51.36657298,19.64879138,24.64764011,7.262479191,0.0,24.64764011,0.0,7.262479191,24.64764011,0.0,0.0,5.316788604,0.0,0.0,0.0,140.8027447,50.3309266,0.0,33.0117374,10.52378311,0.0,0.0,0.0,0.0,44.65147022,9.413191634,-0.6966063,0.941176471,0,0,0,12.76826,0,0,0,0,0,0,3,0,0,0,0,0,0,0,0,0,0,0,0,0,0,0,0,0,0,0,0,0,16,323.15,784,CCCCCCCCCCCCCC[P+](CCCCCC)(CCCCCC)CCCCCC.N#C[N-]C#N,-0.780886095
0.6966063,-0.6966063,0.055309914,10.89473684,0,2.927206215,0.0,-0.79,108718757.2,29.76136412,10.52378311,0.0,0.0,0.0,0.0,5.316788604,0.0,0.0,51.36657298,19.64879138,24.64764011,7.262479191,0.0,24.64764011,0.0,7.262479191,24.64764011,0.0,0.0,5.316788604,0.0,0.0,0.0,140.8027447,50.3309266,0.0,33.0117374,10.52378311,0.0,0.0,0.0,0.0,44.65147022,9.413191634,-0.6966063,0.941176471,0,0,0,12.76826,0,0,0,0,0,0,3,0,0,0,0,0,0,0,0,0,0,0,0,0,0,0,0,0,0,0,0,0,16,333.15,785,CCCCCCCCCCCCCC[P+](CCCCCC)(CCCCCC)CCCCCC.N#C[N-]C#N,-0.71539279
0.6966063,-0.6966063,0.055309914,10.89473684,0,2.927206215,0.0,-0.79,108718757.2,29.76136412,10.52378311,0.0,0.0,0.0,0.0,5.316788604,0.0,0.0,51.36657298,19.64879138,24.64764011,7.262479191,0.0,24.64764011,0.0,7.262479191,24.64764011,0.0,0.0,5.316788604,0.0,0.0,0.0,140.8027447,50.3309266,0.0,33.0117374,10.52378311,0.0,0.0,0.0,0.0,44.65147022,9.413191634,-0.6966063,0.941176471,0,0,0,12.76826,0,0,0,0,0,0,3,0,0,0,0,0,0,0,0,0,0,0,0,0,0,0,0,0,0,0,0,0,16,343.15,786,CCCCCCCCCCCCCC[P+](CCCCCC)(CCCCCC)CCCCCC.N#C[N-]C#N,-0.648173815
0.80787037,-4.412037037,0.334833459,10.46153846,0,2.34391854,2.26e-07,-0.92,527.3816716,7.44101083,4.552749874,12.39368714,16.72632066,0.0,0.0,4.183085433,17.55199628,0.0,0.0,0.0,21.20514151,10.39900058,14.09534397,7.109797541,4.567099648,0.0,24.64744405,28.67742998,0.0,0.0,0.0,0.0,7.109797541,0.0,0.0,41.95055048,4.183085433,0.0,0.0,0.0,0.0,0.0,6.0,0.0,0.395833333,0.5,0,0,1,-1.0574,0,0,0,0,0,0,2,0,0,0,0,0,0,0,2,0,0,0,0,0,0,0,0,0,0,0,0,0,0,303.15,787,COS(=O)(=O)[O-].Cn1cc[n+](C)c1,2.833213344
0.80787037,-4.412037037,0.334833459,10.46153846,0,2.34391854,2.26e-07,-0.92,527.3816716,7.44101083,4.552749874,12.39368714,16.72632066,0.0,0.0,4.183085433,17.55199628,0.0,0.0,0.0,21.20514151,10.39900058,14.09534397,7.109797541,4.567099648,0.0,24.64744405,28.67742998,0.0,0.0,0.0,0.0,7.109797541,0.0,0.0,41.95055048,4.183085433,0.0,0.0,0.0,0.0,0.0,6.0,0.0,0.395833333,0.5,0,0,1,-1.0574,0,0,0,0,0,0,2,0,0,0,0,0,0,0,2,0,0,0,0,0,0,0,0,0,0,0,0,0,0,313.15,788,COS(=O)(=O)[O-].Cn1cc[n+](C)c1,2.708050201
0.80787037,-4.412037037,0.334833459,10.46153846,0,2.34391854,2.26e-07,-0.92,527.3816716,7.44101083,4.552749874,12.39368714,16.72632066,0.0,0.0,4.183085433,17.55199628,0.0,0.0,0.0,21.20514151,10.39900058,14.09534397,7.109797541,4.567099648,0.0,24.64744405,28.67742998,0.0,0.0,0.0,0.0,7.109797541,0.0,0.0,41.95055048,4.183085433,0.0,0.0,0.0,0.0,0.0,6.0,0.0,0.395833333,0.5,0,0,1,-1.0574,0,0,0,0,0,0,2,0,0,0,0,0,0,0,2,0,0,0,0,0,0,0,0,0,0,0,0,0,0,323.15,789,COS(=O)(=O)[O-].Cn1cc[n+](C)c1,2.63905733
0.80787037,-4.412037037,0.334833459,10.46153846,0,2.34391854,2.26e-07,-0.92,527.3816716,7.44101083,4.552749874,12.39368714,16.72632066,0.0,0.0,4.183085433,17.55199628,0.0,0.0,0.0,21.20514151,10.39900058,14.09534397,7.109797541,4.567099648,0.0,24.64744405,28.67742998,0.0,0.0,0.0,0.0,7.109797541,0.0,0.0,41.95055048,4.183085433,0.0,0.0,0.0,0.0,0.0,6.0,0.0,0.395833333,0.5,0,0,1,-1.0574,0,0,0,0,0,0,2,0,0,0,0,0,0,0,2,0,0,0,0,0,0,0,0,0,0,0,0,0,0,333.15,790,COS(=O)(=O)[O-].Cn1cc[n+](C)c1,2.533696814
0.122986111,-4.534585695,0.416024395,10.375,0,2.265527279,3.15e-07,-1.02,2718.632734,12.98,9.289612827,0.0,10.39900058,0.0,0.0,4.183085433,13.40177551,0.0,6.9237372,18.7396161,13.21376393,10.39900058,0.0,19.82064589,4.983978521,0.0,32.79119275,19.31894897,0.0,0.0,13.21376393,6.606881965,0.0,0.0,6.9237372,30.59278835,9.167063954,4.736862954,0.0,2.892361111,0.0,5.857638889,3.75,2.144448224,-4.534585695,0.444444444,0,0,1,0.0004,0,0,0,1,0,0,0,1,0,0,1,0,0,0,0,0,0,1,0,0,0,0,0,0,0,1,0,0,2,303.15,791,CCOCCOS(=O)(=O)[O-].c1cc[nH+]cc1,1.945910149
0.122986111,-4.534585695,0.416024395,10.375,0,2.265527279,3.15e-07,-1.02,2718.632734,12.98,9.289612827,0.0,10.39900058,0.0,0.0,4.183085433,13.40177551,0.0,6.9237372,18.7396161,13.21376393,10.39900058,0.0,19.82064589,4.983978521,0.0,32.79119275,19.31894897,0.0,0.0,13.21376393,6.606881965,0.0,0.0,6.9237372,30.59278835,9.167063954,4.736862954,0.0,2.892361111,0.0,5.857638889,3.75,2.144448224,-4.534585695,0.444444444,0,0,1,0.0004,0,0,0,1,0,0,0,1,0,0,1,0,0,0,0,0,0,1,0,0,0,0,0,0,0,1,0,0,2,313.15,792,CCOCCOS(=O)(=O)[O-].c1cc[nH+]cc1,1.887069649
0.122986111,-4.534585695,0.416024395,10.375,0,2.265527279,3.15e-07,-1.02,2718.632734,12.98,9.289612827,0.0,10.39900058,0.0,0.0,4.183085433,13.40177551,0.0,6.9237372,18.7396161,13.21376393,10.39900058,0.0,19.82064589,4.983978521,0.0,32.79119275,19.31894897,0.0,0.0,13.21376393,6.606881965,0.0,0.0,6.9237372,30.59278835,9.167063954,4.736862954,0.0,2.892361111,0.0,5.857638889,3.75,2.144448224,-4.534585695,0.444444444,0,0,1,0.0004,0,0,0,1,0,0,0,1,0,0,1,0,0,0,0,0,0,1,0,0,0,0,0,0,0,1,0,0,2,323.15,793,CCOCCOS(=O)(=O)[O-].c1cc[nH+]cc1,1.774952351
0.122986111,-4.534585695,0.416024395,10.375,0,2.265527279,3.15e-07,-1.02,2718.632734,12.98,9.289612827,0.0,10.39900058,0.0,0.0,4.183085433,13.40177551,0.0,6.9237372,18.7396161,13.21376393,10.39900058,0.0,19.82064589,4.983978521,0.0,32.79119275,19.31894897,0.0,0.0,13.21376393,6.606881965,0.0,0.0,6.9237372,30.59278835,9.167063954,4.736862954,0.0,2.892361111,0.0,5.857638889,3.75,2.144448224,-4.534585695,0.444444444,0,0,1,0.0004,0,0,0,1,0,0,0,1,0,0,1,0,0,0,0,0,0,1,0,0,0,0,0,0,0,1,0,0,2,333.15,794,CCOCCOS(=O)(=O)[O-].c1cc[nH+]cc1,1.722766598
1.125,-1.125,0.360511926,11.2,1,3.10221577,3.68e-07,0.846493506,188009.7868,17.99405633,0.0,24.78737429,12.65464015,0.0,62.13054341,0.0,18.26839859,0.0,12.84164325,0.0,27.18485678,56.67272777,14.09534397,0.0,9.134199296,56.67272777,9.134199296,32.64267241,0.0,0.0,0.0,0.0,13.08951281,25.68328649,0.0,14.09534397,126.2306152,0.0,12.9375,0.0,0.0,0.0,17.63403628,6.723888889,4.088185941,0.625,0,0,2,5.6053,0,0,0,0,0,0,4,0,0,0,0,0,0,0,4,0,0,0,0,0,0,0,0,0,0,0,0,0,0,308.15,795,Br[Co-2](Br)(Br)Br.CCCCn1cc[n+](C)c1.CCCCn1cc[n+](C)c1,1.022450928
1.125,-1.125,0.360511926,11.2,1,3.10221577,3.68e-07,0.846493506,188009.7868,17.99405633,0.0,24.78737429,12.65464015,0.0,62.13054341,0.0,18.26839859,0.0,12.84164325,0.0,27.18485678,56.67272777,14.09534397,0.0,9.134199296,56.67272777,9.134199296,32.64267241,0.0,0.0,0.0,0.0,13.08951281,25.68328649,0.0,14.09534397,126.2306152,0.0,12.9375,0.0,0.0,0.0,17.63403628,6.723888889,4.088185941,0.625,0,0,2,5.6053,0,0,0,0,0,0,4,0,0,0,0,0,0,0,4,0,0,0,0,0,0,0,0,0,0,0,0,0,0,313.15,796,Br[Co-2](Br)(Br)Br.CCCCn1cc[n+](C)c1.CCCCn1cc[n+](C)c1,1.004301609
1.125,-1.125,0.360511926,11.2,1,3.10221577,3.68e-07,0.846493506,188009.7868,17.99405633,0.0,24.78737429,12.65464015,0.0,62.13054341,0.0,18.26839859,0.0,12.84164325,0.0,27.18485678,56.67272777,14.09534397,0.0,9.134199296,56.67272777,9.134199296,32.64267241,0.0,0.0,0.0,0.0,13.08951281,25.68328649,0.0,14.09534397,126.2306152,0.0,12.9375,0.0,0.0,0.0,17.63403628,6.723888889,4.088185941,0.625,0,0,2,5.6053,0,0,0,0,0,0,4,0,0,0,0,0,0,0,4,0,0,0,0,0,0,0,0,0,0,0,0,0,0,323.15,797,Br[Co-2](Br)(Br)Br.CCCCn1cc[n+](C)c1.CCCCn1cc[n+](C)c1,0.982078472
1.125,-1.125,0.360511926,11.2,1,3.10221577,3.68e-07,0.846493506,188009.7868,17.99405633,0.0,24.78737429,12.65464015,0.0,62.13054341,0.0,18.26839859,0.0,12.84164325,0.0,27.18485678,56.67272777,14.09534397,0.0,9.134199296,56.67272777,9.134199296,32.64267241,0.0,0.0,0.0,0.0,13.08951281,25.68328649,0.0,14.09534397,126.2306152,0.0,12.9375,0.0,0.0,0.0,17.63403628,6.723888889,4.088185941,0.625,0,0,2,5.6053,0,0,0,0,0,0,4,0,0,0,0,0,0,0,4,0,0,0,0,0,0,0,0,0,0,0,0,0,0,333.15,798,Br[Co-2](Br)(Br)Br.CCCCn1cc[n+](C)c1.CCCCn1cc[n+](C)c1,0.947789399
0.402777778,-0.402777778,0.425116104,15.42105263,0,2.423662778,3.99e-07,-2.25,12796.93947,7.63399295,9.219893811,13.08951281,0.0,0.0,0.0,0.0,15.78567466,0.0,0.0,12.84164325,32.87541363,0.0,0.0,39.89570513,0.0,0.0,44.37873599,4.736862954,0.0,0.0,0.0,6.420821623,43.75188563,18.20766394,0.0,0.0,13.1168933,25.78442917,0.0,0.0,-0.402777778,6.370746882,1.710017007,5.083218537,2.249895125,0.615384615,0,0,1,0.89861,0,0,0,0,0,0,5,0,1,0,0,0,0,0,0,0,0,1,0,0,1,0,0,0,0,0,1,0,1,328.15,799,C[N+]1(CCCC#N)CCOCC1.N#C[C-](C#N)C#N,1.996059933
0.402777778,-0.402777778,0.425116104,15.42105263,0,2.423662778,3.99e-07,-2.25,12796.93947,7.63399295,9.219893811,13.08951281,0.0,0.0,0.0,0.0,15.78567466,0.0,0.0,12.84164325,32.87541363,0.0,0.0,39.89570513,0.0,0.0,44.37873599,4.736862954,0.0,0.0,0.0,6.420821623,43.75188563,18.20766394,0.0,0.0,13.1168933,25.78442917,0.0,0.0,-0.402777778,6.370746882,1.710017007,5.083218537,2.249895125,0.615384615,0,0,1,0.89861,0,0,0,0,0,0,5,0,1,0,0,0,0,0,0,0,0,1,0,0,1,0,0,0,0,0,1,0,1,338.15,800,C[N+]1(CCCC#N)CCOCC1.N#C[C-](C#N)C#N,1.974081026
0.402777778,-0.402777778,0.425116104,15.42105263,0,2.423662778,3.99e-07,-2.25,12796.93947,7.63399295,9.219893811,13.08951281,0.0,0.0,0.0,0.0,15.78567466,0.0,0.0,12.84164325,32.87541363,0.0,0.0,39.89570513,0.0,0.0,44.37873599,4.736862954,0.0,0.0,0.0,6.420821623,43.75188563,18.20766394,0.0,0.0,13.1168933,25.78442917,0.0,0.0,-0.402777778,6.370746882,1.710017007,5.083218537,2.249895125,0.615384615,0,0,1,0.89861,0,0,0,0,0,0,5,0,1,0,0,0,0,0,0,0,0,1,0,0,1,0,0,0,0,0,1,0,1,348.15,801,C[N+]1(CCCC#N)CCOCC1.N#C[C-](C#N)C#N,1.95586048
0.402777778,-0.402777778,0.425116104,15.42105263,0,2.423662778,3.99e-07,-2.25,12796.93947,7.63399295,9.219893811,13.08951281,0.0,0.0,0.0,0.0,15.78567466,0.0,0.0,12.84164325,32.87541363,0.0,0.0,39.89570513,0.0,0.0,44.37873599,4.736862954,0.0,0.0,0.0,6.420821623,43.75188563,18.20766394,0.0,0.0,13.1168933,25.78442917,0.0,0.0,-0.402777778,6.370746882,1.710017007,5.083218537,2.249895125,0.615384615,0,0,1,0.89861,0,0,0,0,0,0,5,0,1,0,0,0,0,0,0,0,0,1,0,0,1,0,0,0,0,0,1,0,1,358.15,802,C[N+]1(CCCC#N)CCOCC1.N#C[C-](C#N)C#N,1.940179474
0.314183673,-0.402777778,0.559922122,16.16666667,0,2.401295012,3.6e-07,-1.78,7876.247638,6.727531502,14.32642121,13.08951281,0.0,0.0,0.0,0.0,15.78567466,0.0,0.0,13.02770359,26.80619232,0.0,0.0,46.50258709,0.0,0.0,56.09214535,4.736862954,0.0,0.0,0.0,6.606881965,43.75188563,18.20766394,0.0,0.0,7.047671983,25.62906501,0.0,0.0,-0.402777778,4.1875,0.913194444,5.345649093,2.234305556,0.666666667,0,0,1,-0.02277,1,1,0,0,0,0,4,0,1,0,0,0,0,0,0,0,0,1,0,0,1,0,0,0,0,0,1,0,0,328.15,803,C[N+]1(CCCO)CCOCC1.N#C[C-](C#N)C#N,1.93874166
0.314183673,-0.402777778,0.559922122,16.16666667,0,2.401295012,3.6e-07,-1.78,7876.247638,6.727531502,14.32642121,13.08951281,0.0,0.0,0.0,0.0,15.78567466,0.0,0.0,13.02770359,26.80619232,0.0,0.0,46.50258709,0.0,0.0,56.09214535,4.736862954,0.0,0.0,0.0,6.606881965,43.75188563,18.20766394,0.0,0.0,7.047671983,25.62906501,0.0,0.0,-0.402777778,4.1875,0.913194444,5.345649093,2.234305556,0.666666667,0,0,1,-0.02277,1,1,0,0,0,0,4,0,1,0,0,0,0,0,0,0,0,1,0,0,1,0,0,0,0,0,1,0,0,338.15,804,C[N+]1(CCCO)CCOCC1.N#C[C-](C#N)C#N,1.927164106
0.314183673,-0.402777778,0.559922122,16.16666667,0,2.401295012,3.6e-07,-1.78,7876.247638,6.727531502,14.32642121,13.08951281,0.0,0.0,0.0,0.0,15.78567466,0.0,0.0,13.02770359,26.80619232,0.0,0.0,46.50258709,0.0,0.0,56.09214535,4.736862954,0.0,0.0,0.0,6.606881965,43.75188563,18.20766394,0.0,0.0,7.047671983,25.62906501,0.0,0.0,-0.402777778,4.1875,0.913194444,5.345649093,2.234305556,0.666666667,0,0,1,-0.02277,1,1,0,0,0,0,4,0,1,0,0,0,0,0,0,0,0,1,0,0,1,0,0,0,0,0,1,0,0,348.15,805,C[N+]1(CCCO)CCOCC1.N#C[C-](C#N)C#N,1.913977102
0.314183673,-0.402777778,0.559922122,16.16666667,0,2.401295012,3.6e-07,-1.78,7876.247638,6.727531502,14.32642121,13.08951281,0.0,0.0,0.0,0.0,15.78567466,0.0,0.0,13.02770359,26.80619232,0.0,0.0,46.50258709,0.0,0.0,56.09214535,4.736862954,0.0,0.0,0.0,6.606881965,43.75188563,18.20766394,0.0,0.0,7.047671983,25.62906501,0.0,0.0,-0.402777778,4.1875,0.913194444,5.345649093,2.234305556,0.666666667,0,0,1,-0.02277,1,1,0,0,0,0,4,0,1,0,0,0,0,0,0,0,0,1,0,0,1,0,0,0,0,0,1,0,0,358.15,806,C[N+]1(CCCO)CCOCC1.N#C[C-](C#N)C#N,1.906575144
0.777777778,-6.721527778,0.365129214,13.18518519,0,2.863344843,5.11e-07,-1.35,226691.0113,8.921202044,4.127401125,12.39368714,6.327320075,0.0,11.016661,0.0,25.96979326,0.0,12.84164325,0.0,13.59242839,20.04658231,7.047671983,0.0,4.567099648,0.0,32.41935462,33.6390107,0.0,4.127401125,0.0,0.0,4.127401125,32.2280429,0.0,0.0,41.8266157,0.0,0.0,0.0,0.0,0.0,11.69987733,3.413194444,-11.38497725,0.75,0,0,1,2.9522,0,0,0,0,0,0,3,0,0,0,0,0,0,0,2,0,0,0,0,0,0,0,0,0,0,0,0,0,2,303.15,807,CCCCCC[n+]1ccn(C)c1.O=S(=O)([N-]S(=O)(=O)C(F)(F)F)C(F)(F)F,-0.162518929
0.777777778,-6.721527778,0.365129214,13.18518519,0,2.863344843,5.11e-07,-1.35,226691.0113,8.921202044,4.127401125,12.39368714,6.327320075,0.0,11.016661,0.0,25.96979326,0.0,12.84164325,0.0,13.59242839,20.04658231,7.047671983,0.0,4.567099648,0.0,32.41935462,33.6390107,0.0,4.127401125,0.0,0.0,4.127401125,32.2280429,0.0,0.0,41.8266157,0.0,0.0,0.0,0.0,0.0,11.69987733,3.413194444,-11.38497725,0.75,0,0,1,2.9522,0,0,0,0,0,0,3,0,0,0,0,0,0,0,2,0,0,0,0,0,0,0,0,0,0,0,0,0,2,313.15,808,CCCCCC[n+]1ccn(C)c1.O=S(=O)([N-]S(=O)(=O)C(F)(F)F)C(F)(F)F,-0.051293294
0.777777778,-6.721527778,0.365129214,13.18518519,0,2.863344843,5.11e-07,-1.35,226691.0113,8.921202044,4.127401125,12.39368714,6.327320075,0.0,11.016661,0.0,25.96979326,0.0,12.84164325,0.0,13.59242839,20.04658231,7.047671983,0.0,4.567099648,0.0,32.41935462,33.6390107,0.0,4.127401125,0.0,0.0,4.127401125,32.2280429,0.0,0.0,41.8266157,0.0,0.0,0.0,0.0,0.0,11.69987733,3.413194444,-11.38497725,0.75,0,0,1,2.9522,0,0,0,0,0,0,3,0,0,0,0,0,0,0,2,0,0,0,0,0,0,0,0,0,0,0,0,0,2,323.15,809,CCCCCC[n+]1ccn(C)c1.O=S(=O)([N-]S(=O)(=O)C(F)(F)F)C(F)(F)F,0.048790164
0.777777778,-6.721527778,0.365129214,13.18518519,0,2.863344843,5.11e-07,-1.35,226691.0113,8.921202044,4.127401125,12.39368714,6.327320075,0.0,11.016661,0.0,25.96979326,0.0,12.84164325,0.0,13.59242839,20.04658231,7.047671983,0.0,4.567099648,0.0,32.41935462,33.6390107,0.0,4.127401125,0.0,0.0,4.127401125,32.2280429,0.0,0.0,41.8266157,0.0,0.0,0.0,0.0,0.0,11.69987733,3.413194444,-11.38497725,0.75,0,0,1,2.9522,0,0,0,0,0,0,3,0,0,0,0,0,0,0,2,0,0,0,0,0,0,0,0,0,0,0,0,0,2,333.15,810,CCCCCC[n+]1ccn(C)c1.O=S(=O)([N-]S(=O)(=O)C(F)(F)F)C(F)(F)F,0.131028262
1.038966049,-3.904320988,0.584073325,10.88235294,0,2.731366428,3.25e-07,-0.68,4850.906777,8.098717988,13.94090593,12.39368714,6.327320075,7.822697123,0.0,4.565048285,9.134199296,0.0,6.420821623,14.21959508,13.59242839,7.822697123,7.047671983,14.21959508,9.460511251,7.822697123,18.78669473,27.204971,0.0,0.0,0.0,0.0,20.76435149,12.84164325,0.0,7.047671983,43.82643804,0.0,0.0,9.951388889,0.0,0.0,8.817018141,3.361944444,0.217704082,0.7,0,0,1,0.8603,0,0,0,0,0,0,2,0,0,0,0,0,0,0,2,0,0,0,0,0,0,1,1,0,0,0,0,0,0,358.15,811,CCCC[n+]1ccn(C)c1.COP(=O)([O-])OC,1.350667183
1.038966049,-3.904320988,0.584073325,10.88235294,0,2.731366428,3.25e-07,-0.68,4850.906777,8.098717988,13.94090593,12.39368714,6.327320075,7.822697123,0.0,4.565048285,9.134199296,0.0,6.420821623,14.21959508,13.59242839,7.822697123,7.047671983,14.21959508,9.460511251,7.822697123,18.78669473,27.204971,0.0,0.0,0.0,0.0,20.76435149,12.84164325,0.0,7.047671983,43.82643804,0.0,0.0,9.951388889,0.0,0.0,8.817018141,3.361944444,0.217704082,0.7,0,0,1,0.8603,0,0,0,0,0,0,2,0,0,0,0,0,0,0,2,0,0,0,0,0,0,1,1,0,0,0,0,0,0,368.15,812,CCCC[n+]1ccn(C)c1.COP(=O)([O-])OC,1.383791231
1.038966049,-3.904320988,0.584073325,10.88235294,0,2.731366428,3.25e-07,-0.68,4850.906777,8.098717988,13.94090593,12.39368714,6.327320075,7.822697123,0.0,4.565048285,9.134199296,0.0,6.420821623,14.21959508,13.59242839,7.822697123,7.047671983,14.21959508,9.460511251,7.822697123,18.78669473,27.204971,0.0,0.0,0.0,0.0,20.76435149,12.84164325,0.0,7.047671983,43.82643804,0.0,0.0,9.951388889,0.0,0.0,8.817018141,3.361944444,0.217704082,0.7,0,0,1,0.8603,0,0,0,0,0,0,2,0,0,0,0,0,0,0,2,0,0,0,0,0,0,1,1,0,0,0,0,0,0,378.15,813,CCCC[n+]1ccn(C)c1.COP(=O)([O-])OC,1.40854497
1.038966049,-3.904320988,0.584073325,10.88235294,0,2.731366428,3.25e-07,-0.68,4850.906777,8.098717988,13.94090593,12.39368714,6.327320075,7.822697123,0.0,4.565048285,9.134199296,0.0,6.420821623,14.21959508,13.59242839,7.822697123,7.047671983,14.21959508,9.460511251,7.822697123,18.78669473,27.204971,0.0,0.0,0.0,0.0,20.76435149,12.84164325,0.0,7.047671983,43.82643804,0.0,0.0,9.951388889,0.0,0.0,8.817018141,3.361944444,0.217704082,0.7,0,0,1,0.8603,0,0,0,0,0,0,2,0,0,0,0,0,0,0,2,0,0,0,0,0,0,1,1,0,0,0,0,0,0,388.15,814,CCCC[n+]1ccn(C)c1.COP(=O)([O-])OC,1.456286733
0.604166667,-3.916666667,0.556876136,10.66666667,0,2.445635406,3.36e-07,-0.88,1357.32765,11.04429936,4.552749874,12.39368714,6.327320075,0.0,0.0,0.0,17.55199628,0.0,6.420821623,6.255769184,23.71055525,10.11812686,7.047671983,6.255769184,4.567099648,0.0,23.79341569,23.71055525,0.0,0.0,0.0,6.255769184,6.544756406,12.84164325,0.0,7.047671983,34.77894371,12.97054686,0.0,0.0,0.0,0.0,9.421184807,3.361944444,-1.872573696,0.666666667,0,0,1,0.2741,0,0,0,0,0,0,2,0,0,0,0,0,0,0,2,0,0,0,0,0,0,0,0,0,0,0,0,0,0,358.15,815,CCCC[n+]1ccn(C)c1.CS(=O)(=O)[O-],1.671473303
0.604166667,-3.916666667,0.556876136,10.66666667,0,2.445635406,3.36e-07,-0.88,1357.32765,11.04429936,4.552749874,12.39368714,6.327320075,0.0,0.0,0.0,17.55199628,0.0,6.420821623,6.255769184,23.71055525,10.11812686,7.047671983,6.255769184,4.567099648,0.0,23.79341569,23.71055525,0.0,0.0,0.0,6.255769184,6.544756406,12.84164325,0.0,7.047671983,34.77894371,12.97054686,0.0,0.0,0.0,0.0,9.421184807,3.361944444,-1.872573696,0.666666667,0,0,1,0.2741,0,0,0,0,0,0,2,0,0,0,0,0,0,0,2,0,0,0,0,0,0,0,0,0,0,0,0,0,0,368.15,816,CCCC[n+]1ccn(C)c1.CS(=O)(=O)[O-],1.695615609
0.604166667,-3.916666667,0.556876136,10.66666667,0,2.445635406,3.36e-07,-0.88,1357.32765,11.04429936,4.552749874,12.39368714,6.327320075,0.0,0.0,0.0,17.55199628,0.0,6.420821623,6.255769184,23.71055525,10.11812686,7.047671983,6.255769184,4.567099648,0.0,23.79341569,23.71055525,0.0,0.0,0.0,6.255769184,6.544756406,12.84164325,0.0,7.047671983,34.77894371,12.97054686,0.0,0.0,0.0,0.0,9.421184807,3.361944444,-1.872573696,0.666666667,0,0,1,0.2741,0,0,0,0,0,0,2,0,0,0,0,0,0,0,2,0,0,0,0,0,0,0,0,0,0,0,0,0,0,378.15,817,CCCC[n+]1ccn(C)c1.CS(=O)(=O)[O-],1.736951233
0.604166667,-3.916666667,0.556876136,10.66666667,0,2.445635406,3.36e-07,-0.88,1357.32765,11.04429936,4.552749874,12.39368714,6.327320075,0.0,0.0,0.0,17.55199628,0.0,6.420821623,6.255769184,23.71055525,10.11812686,7.047671983,6.255769184,4.567099648,0.0,23.79341569,23.71055525,0.0,0.0,0.0,6.255769184,6.544756406,12.84164325,0.0,7.047671983,34.77894371,12.97054686,0.0,0.0,0.0,0.0,9.421184807,3.361944444,-1.872573696,0.666666667,0,0,1,0.2741,0,0,0,0,0,0,2,0,0,0,0,0,0,0,2,0,0,0,0,0,0,0,0,0,0,0,0,0,0,388.15,818,CCCC[n+]1ccn(C)c1.CS(=O)(=O)[O-],1.764730797
1.178837868,-6.0,0.167318863,11.28,0,2.920975782,1.01e-06,-1.005064935,198903.8459,20.95153712,17.26263557,12.39368714,6.327320075,0.0,7.254408353,0.0,9.134199296,0.0,12.84164325,0.0,13.59242839,7.254408353,7.047671983,0.0,4.567099648,0.0,11.821508,13.59242839,0.0,0.0,0.0,0.0,0.0,83.59461588,0.0,0.0,41.8266157,0.0,0.0,0.0,0.0,0.0,23.55145077,3.466835788,-3.917902185,0.833333333,0,0,1,6.3137,0,0,0,0,0,0,2,0,0,0,0,0,0,0,2,0,0,0,0,0,0,0,0,0,0,0,0,0,10,393.15,819,CCCCCCCCCCCCCCn1cc[n+](C)c1.F[B-](F)(F)F,0.145830448
1.178837868,-6.0,0.167318863,11.28,0,2.920975782,1.01e-06,-1.005064935,198903.8459,20.95153712,17.26263557,12.39368714,6.327320075,0.0,7.254408353,0.0,9.134199296,0.0,12.84164325,0.0,13.59242839,7.254408353,7.047671983,0.0,4.567099648,0.0,11.821508,13.59242839,0.0,0.0,0.0,0.0,0.0,83.59461588,0.0,0.0,41.8266157,0.0,0.0,0.0,0.0,0.0,23.55145077,3.466835788,-3.917902185,0.833333333,0,0,1,6.3137,0,0,0,0,0,0,2,0,0,0,0,0,0,0,2,0,0,0,0,0,0,0,0,0,0,0,0,0,10,403.15,820,CCCCCCCCCCCCCCn1cc[n+](C)c1.F[B-](F)(F)F,0.148420005
1.178837868,-6.0,0.167318863,11.28,0,2.920975782,1.01e-06,-1.005064935,198903.8459,20.95153712,17.26263557,12.39368714,6.327320075,0.0,7.254408353,0.0,9.134199296,0.0,12.84164325,0.0,13.59242839,7.254408353,7.047671983,0.0,4.567099648,0.0,11.821508,13.59242839,0.0,0.0,0.0,0.0,0.0,83.59461588,0.0,0.0,41.8266157,0.0,0.0,0.0,0.0,0.0,23.55145077,3.466835788,-3.917902185,0.833333333,0,0,1,6.3137,0,0,0,0,0,0,2,0,0,0,0,0,0,0,2,0,0,0,0,0,0,0,0,0,0,0,0,0,10,418.15,821,CCCCCCCCCCCCCCn1cc[n+](C)c1.F[B-](F)(F)F,0.155292884
1.178837868,-6.0,0.167318863,11.28,0,2.920975782,1.01e-06,-1.005064935,198903.8459,20.95153712,17.26263557,12.39368714,6.327320075,0.0,7.254408353,0.0,9.134199296,0.0,12.84164325,0.0,13.59242839,7.254408353,7.047671983,0.0,4.567099648,0.0,11.821508,13.59242839,0.0,0.0,0.0,0.0,0.0,83.59461588,0.0,0.0,41.8266157,0.0,0.0,0.0,0.0,0.0,23.55145077,3.466835788,-3.917902185,0.833333333,0,0,1,6.3137,0,0,0,0,0,0,2,0,0,0,0,0,0,0,2,0,0,0,0,0,0,0,0,0,0,0,0,0,10,433.15,822,CCCCCCCCCCCCCCn1cc[n+](C)c1.F[B-](F)(F)F,0.161268148
1.178837868,-6.0,0.167318863,11.28,0,2.920975782,1.01e-06,-1.005064935,198903.8459,20.95153712,17.26263557,12.39368714,6.327320075,0.0,7.254408353,0.0,9.134199296,0.0,12.84164325,0.0,13.59242839,7.254408353,7.047671983,0.0,4.567099648,0.0,11.821508,13.59242839,0.0,0.0,0.0,0.0,0.0,83.59461588,0.0,0.0,41.8266157,0.0,0.0,0.0,0.0,0.0,23.55145077,3.466835788,-3.917902185,0.833333333,0,0,1,6.3137,0,0,0,0,0,0,2,0,0,0,0,0,0,0,2,0,0,0,0,0,0,0,0,0,0,0,0,0,10,343.15,823,CCCCCCCCCCCCCCn1cc[n+](C)c1.F[B-](F)(F)F,0.044973366
1.178837868,-6.0,0.167318863,11.28,0,2.920975782,1.01e-06,-1.005064935,198903.8459,20.95153712,17.26263557,12.39368714,6.327320075,0.0,7.254408353,0.0,9.134199296,0.0,12.84164325,0.0,13.59242839,7.254408353,7.047671983,0.0,4.567099648,0.0,11.821508,13.59242839,0.0,0.0,0.0,0.0,0.0,83.59461588,0.0,0.0,41.8266157,0.0,0.0,0.0,0.0,0.0,23.55145077,3.466835788,-3.917902185,0.833333333,0,0,1,6.3137,0,0,0,0,0,0,2,0,0,0,0,0,0,0,2,0,0,0,0,0,0,0,0,0,0,0,0,0,10,358.15,824,CCCCCCCCCCCCCCn1cc[n+](C)c1.F[B-](F)(F)F,0.080657903
1.178837868,-6.0,0.167318863,11.28,0,2.920975782,1.01e-06,-1.005064935,198903.8459,20.95153712,17.26263557,12.39368714,6.327320075,0.0,7.254408353,0.0,9.134199296,0.0,12.84164325,0.0,13.59242839,7.254408353,7.047671983,0.0,4.567099648,0.0,11.821508,13.59242839,0.0,0.0,0.0,0.0,0.0,83.59461588,0.0,0.0,41.8266157,0.0,0.0,0.0,0.0,0.0,23.55145077,3.466835788,-3.917902185,0.833333333,0,0,1,6.3137,0,0,0,0,0,0,2,0,0,0,0,0,0,0,2,0,0,0,0,0,0,0,0,0,0,0,0,0,10,373.15,825,CCCCCCCCCCCCCCn1cc[n+](C)c1.F[B-](F)(F)F,0.108854405
1.178837868,-6.0,0.167318863,11.28,0,2.920975782,1.01e-06,-1.005064935,198903.8459,20.95153712,17.26263557,12.39368714,6.327320075,0.0,7.254408353,0.0,9.134199296,0.0,12.84164325,0.0,13.59242839,7.254408353,7.047671983,0.0,4.567099648,0.0,11.821508,13.59242839,0.0,0.0,0.0,0.0,0.0,83.59461588,0.0,0.0,41.8266157,0.0,0.0,0.0,0.0,0.0,23.55145077,3.466835788,-3.917902185,0.833333333,0,0,1,6.3137,0,0,0,0,0,0,2,0,0,0,0,0,0,0,2,0,0,0,0,0,0,0,0,0,0,0,0,0,10,388.15,826,CCCCCCCCCCCCCCn1cc[n+](C)c1.F[B-](F)(F)F,0.136277618
1.177916667,-6.0,0.216967217,11.2173913,0,2.846632523,8.41e-07,-1.005064935,74040.91193,18.94742367,17.26263557,12.39368714,6.327320075,0.0,7.254408353,0.0,9.134199296,0.0,12.84164325,0.0,13.59242839,7.254408353,7.047671983,0.0,4.567099648,0.0,11.821508,13.59242839,0.0,0.0,0.0,0.0,0.0,70.75297264,0.0,0.0,41.8266157,0.0,0.0,0.0,0.0,0.0,20.57124974,3.460404986,-3.921585414,0.8125,0,0,1,5.5335,0,0,0,0,0,0,2,0,0,0,0,0,0,0,2,0,0,0,0,0,0,0,0,0,0,0,0,0,8,323.15,827,CCCCCCCCCCCC[n+]1ccn(C)c1.F[B-](F)(F)F,0.176471143
1.177916667,-6.0,0.216967217,11.2173913,0,2.846632523,8.41e-07,-1.005064935,74040.91193,18.94742367,17.26263557,12.39368714,6.327320075,0.0,7.254408353,0.0,9.134199296,0.0,12.84164325,0.0,13.59242839,7.254408353,7.047671983,0.0,4.567099648,0.0,11.821508,13.59242839,0.0,0.0,0.0,0.0,0.0,70.75297264,0.0,0.0,41.8266157,0.0,0.0,0.0,0.0,0.0,20.57124974,3.460404986,-3.921585414,0.8125,0,0,1,5.5335,0,0,0,0,0,0,2,0,0,0,0,0,0,0,2,0,0,0,0,0,0,0,0,0,0,0,0,0,8,328.15,828,CCCCCCCCCCCC[n+]1ccn(C)c1.F[B-](F)(F)F,0.181487876
1.177916667,-6.0,0.216967217,11.2173913,0,2.846632523,8.41e-07,-1.005064935,74040.91193,18.94742367,17.26263557,12.39368714,6.327320075,0.0,7.254408353,0.0,9.134199296,0.0,12.84164325,0.0,13.59242839,7.254408353,7.047671983,0.0,4.567099648,0.0,11.821508,13.59242839,0.0,0.0,0.0,0.0,0.0,70.75297264,0.0,0.0,41.8266157,0.0,0.0,0.0,0.0,0.0,20.57124974,3.460404986,-3.921585414,0.8125,0,0,1,5.5335,0,0,0,0,0,0,2,0,0,0,0,0,0,0,2,0,0,0,0,0,0,0,0,0,0,0,0,0,8,333.15,829,CCCCCCCCCCCC[n+]1ccn(C)c1.F[B-](F)(F)F,0.192271888
1.177916667,-6.0,0.216967217,11.2173913,0,2.846632523,8.41e-07,-1.005064935,74040.91193,18.94742367,17.26263557,12.39368714,6.327320075,0.0,7.254408353,0.0,9.134199296,0.0,12.84164325,0.0,13.59242839,7.254408353,7.047671983,0.0,4.567099648,0.0,11.821508,13.59242839,0.0,0.0,0.0,0.0,0.0,70.75297264,0.0,0.0,41.8266157,0.0,0.0,0.0,0.0,0.0,20.57124974,3.460404986,-3.921585414,0.8125,0,0,1,5.5335,0,0,0,0,0,0,2,0,0,0,0,0,0,0,2,0,0,0,0,0,0,0,0,0,0,0,0,0,8,338.15,830,CCCCCCCCCCCC[n+]1ccn(C)c1.F[B-](F)(F)F,0.197210169
0.640768141,0.640768141,0.427062057,7.625,0,2.66904401,3.85e-07,-2.52,3822.071022,6.938804779,10.52378311,12.39368714,6.327320075,0.0,0.0,5.316788604,9.134199296,0.0,6.420821623,18.80713381,19.6616497,0.0,7.047671983,0.0,4.567099648,0.0,4.567099648,13.59242839,0.0,5.316788604,0.0,6.420821623,12.96557803,12.38631219,0.0,30.33577885,15.95310956,15.78567466,0.0,0.0,0.0,2.124609552,10.15396542,0.938888889,1.986897754,0.4,0,0,1,0.93864,0,0,0,0,0,0,6,0,0,0,0,0,0,0,2,0,0,0,0,0,0,0,0,0,0,0,0,0,1,328.15,831,Cn1cc[n+](CCCC#N)c1.N#C[N-]C#N,2.090628731
0.640768141,0.640768141,0.427062057,7.625,0,2.66904401,3.85e-07,-2.52,3822.071022,6.938804779,10.52378311,12.39368714,6.327320075,0.0,0.0,5.316788604,9.134199296,0.0,6.420821623,18.80713381,19.6616497,0.0,7.047671983,0.0,4.567099648,0.0,4.567099648,13.59242839,0.0,5.316788604,0.0,6.420821623,12.96557803,12.38631219,0.0,30.33577885,15.95310956,15.78567466,0.0,0.0,0.0,2.124609552,10.15396542,0.938888889,1.986897754,0.4,0,0,1,0.93864,0,0,0,0,0,0,6,0,0,0,0,0,0,0,2,0,0,0,0,0,0,0,0,0,0,0,0,0,1,338.15,832,Cn1cc[n+](CCCC#N)c1.N#C[N-]C#N,2.051556338
0.640768141,0.640768141,0.427062057,7.625,0,2.66904401,3.85e-07,-2.52,3822.071022,6.938804779,10.52378311,12.39368714,6.327320075,0.0,0.0,5.316788604,9.134199296,0.0,6.420821623,18.80713381,19.6616497,0.0,7.047671983,0.0,4.567099648,0.0,4.567099648,13.59242839,0.0,5.316788604,0.0,6.420821623,12.96557803,12.38631219,0.0,30.33577885,15.95310956,15.78567466,0.0,0.0,0.0,2.124609552,10.15396542,0.938888889,1.986897754,0.4,0,0,1,0.93864,0,0,0,0,0,0,6,0,0,0,0,0,0,0,2,0,0,0,0,0,0,0,0,0,0,0,0,0,1,348.15,833,Cn1cc[n+](CCCC#N)c1.N#C[N-]C#N,2.013568798
0.640768141,0.640768141,0.427062057,7.625,0,2.66904401,3.85e-07,-2.52,3822.071022,6.938804779,10.52378311,12.39368714,6.327320075,0.0,0.0,5.316788604,9.134199296,0.0,6.420821623,18.80713381,19.6616497,0.0,7.047671983,0.0,4.567099648,0.0,4.567099648,13.59242839,0.0,5.316788604,0.0,6.420821623,12.96557803,12.38631219,0.0,30.33577885,15.95310956,15.78567466,0.0,0.0,0.0,2.124609552,10.15396542,0.938888889,1.986897754,0.4,0,0,1,0.93864,0,0,0,0,0,0,6,0,0,0,0,0,0,0,2,0,0,0,0,0,0,0,0,0,0,0,0,0,1,358.15,834,Cn1cc[n+](CCCC#N)c1.N#C[N-]C#N,1.974081026
0.057300275,-4.412037037,0.072784163,13.27777778,0,2.845752113,0.0,-0.37,26590625.21,31.65973536,33.45942438,13.08951281,10.39900058,0.0,0.0,4.183085433,8.417796984,0.0,12.84164325,0.0,73.55728165,10.39900058,0.0,86.64679446,0.0,0.0,114.313427,28.79267488,0.0,0.0,13.21376393,39.64129179,31.22709762,70.62903785,0.0,0.0,18.15449462,24.42364365,0.0,0.0,0.0,0.0,15.00546855,8.727319348,-1.322194207,1.0,0,0,0,2.8714,2,2,0,0,0,0,1,0,1,0,0,0,0,0,0,0,0,3,0,0,0,0,0,0,0,0,1,0,16,313.15,835,CCCCCCCCCCCCC[N+](C)(CCOCCO)CCOCCOCCO.COS(=O)(=O)[O-],0.048790164
0.057300275,-4.412037037,0.072784163,13.27777778,0,2.845752113,0.0,-0.37,26590625.21,31.65973536,33.45942438,13.08951281,10.39900058,0.0,0.0,4.183085433,8.417796984,0.0,12.84164325,0.0,73.55728165,10.39900058,0.0,86.64679446,0.0,0.0,114.313427,28.79267488,0.0,0.0,13.21376393,39.64129179,31.22709762,70.62903785,0.0,0.0,18.15449462,24.42364365,0.0,0.0,0.0,0.0,15.00546855,8.727319348,-1.322194207,1.0,0,0,0,2.8714,2,2,0,0,0,0,1,0,1,0,0,0,0,0,0,0,0,3,0,0,0,0,0,0,0,0,1,0,16,323.15,836,CCCCCCCCCCCCC[N+](C)(CCOCCO)CCOCCOCCO.COS(=O)(=O)[O-],0.058268908
0.057300275,-4.412037037,0.072784163,13.27777778,0,2.845752113,0.0,-0.37,26590625.21,31.65973536,33.45942438,13.08951281,10.39900058,0.0,0.0,4.183085433,8.417796984,0.0,12.84164325,0.0,73.55728165,10.39900058,0.0,86.64679446,0.0,0.0,114.313427,28.79267488,0.0,0.0,13.21376393,39.64129179,31.22709762,70.62903785,0.0,0.0,18.15449462,24.42364365,0.0,0.0,0.0,0.0,15.00546855,8.727319348,-1.322194207,1.0,0,0,0,2.8714,2,2,0,0,0,0,1,0,1,0,0,0,0,0,0,0,0,3,0,0,0,0,0,0,0,0,1,0,16,333.15,837,CCCCCCCCCCCCC[N+](C)(CCOCCO)CCOCCOCCO.COS(=O)(=O)[O-],0.067658648
0.057300275,-4.412037037,0.072784163,13.27777778,0,2.845752113,0.0,-0.37,26590625.21,31.65973536,33.45942438,13.08951281,10.39900058,0.0,0.0,4.183085433,8.417796984,0.0,12.84164325,0.0,73.55728165,10.39900058,0.0,86.64679446,0.0,0.0,114.313427,28.79267488,0.0,0.0,13.21376393,39.64129179,31.22709762,70.62903785,0.0,0.0,18.15449462,24.42364365,0.0,0.0,0.0,0.0,15.00546855,8.727319348,-1.322194207,1.0,0,0,0,2.8714,2,2,0,0,0,0,1,0,1,0,0,0,0,0,0,0,0,3,0,0,0,0,0,0,0,0,1,0,16,343.15,838,CCCCCCCCCCCCC[N+](C)(CCOCCO)CCOCCOCCO.COS(=O)(=O)[O-],0.086177696
0.777777778,-6.721527778,0.309187382,13.10344828,0,2.934841035,5.41e-07,-1.35,608119.6064,10.30017675,4.127401125,12.39368714,6.327320075,0.0,11.016661,0.0,25.96979326,0.0,12.84164325,0.0,13.59242839,20.04658231,7.047671983,0.0,4.567099648,0.0,32.41935462,33.6390107,0.0,4.127401125,0.0,0.0,4.127401125,45.06968614,0.0,0.0,41.8266157,0.0,0.0,0.0,0.0,0.0,14.63746271,3.437287415,-11.37584501,0.785714286,0,0,1,3.7324,0,0,0,0,0,0,3,0,0,0,0,0,0,0,2,0,0,0,0,0,0,0,0,0,0,0,0,0,4,333.0,839,CCCCCCCCn1cc[n+](C)c1.O=S(=O)([N-]S(=O)(=O)C(F)(F)F)C(F)(F)F,-0.020202707
0.777777778,-6.721527778,0.309187382,13.10344828,0,2.934841035,5.41e-07,-1.35,608119.6064,10.30017675,4.127401125,12.39368714,6.327320075,0.0,11.016661,0.0,25.96979326,0.0,12.84164325,0.0,13.59242839,20.04658231,7.047671983,0.0,4.567099648,0.0,32.41935462,33.6390107,0.0,4.127401125,0.0,0.0,4.127401125,45.06968614,0.0,0.0,41.8266157,0.0,0.0,0.0,0.0,0.0,14.63746271,3.437287415,-11.37584501,0.785714286,0,0,1,3.7324,0,0,0,0,0,0,3,0,0,0,0,0,0,0,2,0,0,0,0,0,0,0,0,0,0,0,0,0,4,343.0,840,CCCCCCCCn1cc[n+](C)c1.O=S(=O)([N-]S(=O)(=O)C(F)(F)F)C(F)(F)F,0.019802627
0.777777778,-6.721527778,0.309187382,13.10344828,0,2.934841035,5.41e-07,-1.35,608119.6064,10.30017675,4.127401125,12.39368714,6.327320075,0.0,11.016661,0.0,25.96979326,0.0,12.84164325,0.0,13.59242839,20.04658231,7.047671983,0.0,4.567099648,0.0,32.41935462,33.6390107,0.0,4.127401125,0.0,0.0,4.127401125,45.06968614,0.0,0.0,41.8266157,0.0,0.0,0.0,0.0,0.0,14.63746271,3.437287415,-11.37584501,0.785714286,0,0,1,3.7324,0,0,0,0,0,0,3,0,0,0,0,0,0,0,2,0,0,0,0,0,0,0,0,0,0,0,0,0,4,353.0,841,CCCCCCCCn1cc[n+](C)c1.O=S(=O)([N-]S(=O)(=O)C(F)(F)F)C(F)(F)F,0.058268908
0.777777778,-6.721527778,0.309187382,13.10344828,0,2.934841035,5.41e-07,-1.35,608119.6064,10.30017675,4.127401125,12.39368714,6.327320075,0.0,11.016661,0.0,25.96979326,0.0,12.84164325,0.0,13.59242839,20.04658231,7.047671983,0.0,4.567099648,0.0,32.41935462,33.6390107,0.0,4.127401125,0.0,0.0,4.127401125,45.06968614,0.0,0.0,41.8266157,0.0,0.0,0.0,0.0,0.0,14.63746271,3.437287415,-11.37584501,0.785714286,0,0,1,3.7324,0,0,0,0,0,0,3,0,0,0,0,0,0,0,2,0,0,0,0,0,0,0,0,0,0,0,0,0,4,363.0,842,CCCCCCCCn1cc[n+](C)c1.O=S(=O)([N-]S(=O)(=O)C(F)(F)F)C(F)(F)F,0.104360015
0.0,0.0,0.603555571,9.857142857,0,2.591709405,1.69e-06,-0.31,1277.712737,4.795757871,16.98145085,12.39368714,6.327320075,0.0,0.0,0.0,9.134199296,0.0,12.84164325,0.0,13.08951281,0.0,0.0,0.0,21.5485505,0.0,4.567099648,13.08951281,0.0,0.0,16.98145085,0.0,13.08951281,25.68328649,0.0,0.0,41.70268091,0.0,0.0,0.0,0.0,0.0,11.65987654,6.786234568,0.0,0.727272727,0,0,1,-0.6202,0,0,0,0,0,0,2,0,0,0,0,0,0,0,2,0,0,0,0,0,0,0,0,0,0,0,0,0,0,333.0,843,CCCCn1cc[n+](CCCC)c1.[Br-],1.223775432
0.0,0.0,0.603555571,9.857142857,0,2.591709405,1.69e-06,-0.31,1277.712737,4.795757871,16.98145085,12.39368714,6.327320075,0.0,0.0,0.0,9.134199296,0.0,12.84164325,0.0,13.08951281,0.0,0.0,0.0,21.5485505,0.0,4.567099648,13.08951281,0.0,0.0,16.98145085,0.0,13.08951281,25.68328649,0.0,0.0,41.70268091,0.0,0.0,0.0,0.0,0.0,11.65987654,6.786234568,0.0,0.727272727,0,0,1,-0.6202,0,0,0,0,0,0,2,0,0,0,0,0,0,0,2,0,0,0,0,0,0,0,0,0,0,0,0,0,0,343.0,844,CCCCn1cc[n+](CCCC)c1.[Br-],1.241268589
0.0,0.0,0.603555571,9.857142857,0,2.591709405,1.69e-06,-0.31,1277.712737,4.795757871,16.98145085,12.39368714,6.327320075,0.0,0.0,0.0,9.134199296,0.0,12.84164325,0.0,13.08951281,0.0,0.0,0.0,21.5485505,0.0,4.567099648,13.08951281,0.0,0.0,16.98145085,0.0,13.08951281,25.68328649,0.0,0.0,41.70268091,0.0,0.0,0.0,0.0,0.0,11.65987654,6.786234568,0.0,0.727272727,0,0,1,-0.6202,0,0,0,0,0,0,2,0,0,0,0,0,0,0,2,0,0,0,0,0,0,0,0,0,0,0,0,0,0,353.0,845,CCCCn1cc[n+](CCCC)c1.[Br-],1.266947603
0.0,0.0,0.603555571,9.857142857,0,2.591709405,1.69e-06,-0.31,1277.712737,4.795757871,16.98145085,12.39368714,6.327320075,0.0,0.0,0.0,9.134199296,0.0,12.84164325,0.0,13.08951281,0.0,0.0,0.0,21.5485505,0.0,4.567099648,13.08951281,0.0,0.0,16.98145085,0.0,13.08951281,25.68328649,0.0,0.0,41.70268091,0.0,0.0,0.0,0.0,0.0,11.65987654,6.786234568,0.0,0.727272727,0,0,1,-0.6202,0,0,0,0,0,0,2,0,0,0,0,0,0,0,2,0,0,0,0,0,0,0,0,0,0,0,0,0,0,363.0,846,CCCCn1cc[n+](CCCC)c1.[Br-],1.283707772
0.6966063,-6.721527778,0.041428521,13.04166667,0,2.987489949,0.0,-0.13,3786432973.0,25.76453822,4.127401125,0.0,0.0,0.0,11.016661,0.0,16.83559397,0.0,51.36657298,7.262479191,24.64764011,27.3090615,0.0,24.64764011,0.0,7.262479191,52.49989508,20.04658231,0.0,4.127401125,0.0,0.0,4.127401125,128.4164325,50.3309266,0.0,27.6949488,0.0,0.0,0.0,0.0,0.0,42.08897022,9.413191634,-14.13966186,1.0,0,0,0,13.5053,0,0,0,0,0,0,1,0,0,0,0,0,0,0,0,0,0,0,0,0,0,0,0,0,0,0,0,0,16,313.15,847,CCCCCCCCCCCCCC[P+](CCCCCC)(CCCCCC)CCCCCC.O=S(=O)([N-]S(=O)(=O)C(F)(F)F)C(F)(F)F,-0.794073099
0.6966063,-6.721527778,0.041428521,13.04166667,0,2.987489949,0.0,-0.13,3786432973.0,25.76453822,4.127401125,0.0,0.0,0.0,11.016661,0.0,16.83559397,0.0,51.36657298,7.262479191,24.64764011,27.3090615,0.0,24.64764011,0.0,7.262479191,52.49989508,20.04658231,0.0,4.127401125,0.0,0.0,4.127401125,128.4164325,50.3309266,0.0,27.6949488,0.0,0.0,0.0,0.0,0.0,42.08897022,9.413191634,-14.13966186,1.0,0,0,0,13.5053,0,0,0,0,0,0,1,0,0,0,0,0,0,0,0,0,0,0,0,0,0,0,0,0,0,0,0,0,16,333.15,848,CCCCCCCCCCCCCC[P+](CCCCCC)(CCCCCC)CCCCCC.O=S(=O)([N-]S(=O)(=O)C(F)(F)F)C(F)(F)F,-0.750776293
0.6966063,-6.721527778,0.041428521,13.04166667,0,2.987489949,0.0,-0.13,3786432973.0,25.76453822,4.127401125,0.0,0.0,0.0,11.016661,0.0,16.83559397,0.0,51.36657298,7.262479191,24.64764011,27.3090615,0.0,24.64764011,0.0,7.262479191,52.49989508,20.04658231,0.0,4.127401125,0.0,0.0,4.127401125,128.4164325,50.3309266,0.0,27.6949488,0.0,0.0,0.0,0.0,0.0,42.08897022,9.413191634,-14.13966186,1.0,0,0,0,13.5053,0,0,0,0,0,0,1,0,0,0,0,0,0,0,0,0,0,0,0,0,0,0,0,0,0,0,0,0,16,353.15,849,CCCCCCCCCCCCCC[P+](CCCCCC)(CCCCCC)CCCCCC.O=S(=O)([N-]S(=O)(=O)C(F)(F)F)C(F)(F)F,-0.721546655
0.6966063,-6.721527778,0.041428521,13.04166667,0,2.987489949,0.0,-0.13,3786432973.0,25.76453822,4.127401125,0.0,0.0,0.0,11.016661,0.0,16.83559397,0.0,51.36657298,7.262479191,24.64764011,27.3090615,0.0,24.64764011,0.0,7.262479191,52.49989508,20.04658231,0.0,4.127401125,0.0,0.0,4.127401125,128.4164325,50.3309266,0.0,27.6949488,0.0,0.0,0.0,0.0,0.0,42.08897022,9.413191634,-14.13966186,1.0,0,0,0,13.5053,0,0,0,0,0,0,1,0,0,0,0,0,0,0,0,0,0,0,0,0,0,0,0,0,0,0,0,0,16,373.15,850,CCCCCCCCCCCCCC[P+](CCCCCC)(CCCCCC)CCCCCC.O=S(=O)([N-]S(=O)(=O)C(F)(F)F)C(F)(F)F,-0.673344553
0.777777778,-6.721527778,0.565457906,13.375,0,2.659341659,4.96e-07,-1.35,46464.01747,5.62490516,4.127401125,12.39368714,0.0,5.824404498,11.016661,0.0,25.96979326,0.0,6.9237372,6.9237372,13.59242839,20.04658231,7.047671983,0.0,4.567099648,0.0,32.41935462,33.6390107,0.0,4.127401125,0.0,0.0,10.67215753,5.824404498,0.0,0.0,42.42303282,0.0,0.0,0.0,1.303240741,0.0,4.16087963,5.322592593,-11.38601852,0.666666667,0,0,1,1.70022,0,0,0,0,0,0,3,0,0,0,0,0,0,0,2,0,0,0,0,0,0,0,0,0,0,0,0,0,0,313.7,851,CC[n+]1ccn(C)c1C.O=S(=O)([N-]S(=O)(=O)C(F)(F)F)C(F)(F)F,0.498955451
0.777777778,-6.721527778,0.565457906,13.375,0,2.659341659,4.96e-07,-1.35,46464.01747,5.62490516,4.127401125,12.39368714,0.0,5.824404498,11.016661,0.0,25.96979326,0.0,6.9237372,6.9237372,13.59242839,20.04658231,7.047671983,0.0,4.567099648,0.0,32.41935462,33.6390107,0.0,4.127401125,0.0,0.0,10.67215753,5.824404498,0.0,0.0,42.42303282,0.0,0.0,0.0,1.303240741,0.0,4.16087963,5.322592593,-11.38601852,0.666666667,0,0,1,1.70022,0,0,0,0,0,0,3,0,0,0,0,0,0,0,2,0,0,0,0,0,0,0,0,0,0,0,0,0,0,323.0,852,CC[n+]1ccn(C)c1C.O=S(=O)([N-]S(=O)(=O)C(F)(F)F)C(F)(F)F,0.505008738
0.777777778,-6.721527778,0.565457906,13.375,0,2.659341659,4.96e-07,-1.35,46464.01747,5.62490516,4.127401125,12.39368714,0.0,5.824404498,11.016661,0.0,25.96979326,0.0,6.9237372,6.9237372,13.59242839,20.04658231,7.047671983,0.0,4.567099648,0.0,32.41935462,33.6390107,0.0,4.127401125,0.0,0.0,10.67215753,5.824404498,0.0,0.0,42.42303282,0.0,0.0,0.0,1.303240741,0.0,4.16087963,5.322592593,-11.38601852,0.666666667,0,0,1,1.70022,0,0,0,0,0,0,3,0,0,0,0,0,0,0,2,0,0,0,0,0,0,0,0,0,0,0,0,0,0,333.4,853,CC[n+]1ccn(C)c1C.O=S(=O)([N-]S(=O)(=O)C(F)(F)F)C(F)(F)F,0.5086232
0.777777778,-6.721527778,0.565457906,13.375,0,2.659341659,4.96e-07,-1.35,46464.01747,5.62490516,4.127401125,12.39368714,0.0,5.824404498,11.016661,0.0,25.96979326,0.0,6.9237372,6.9237372,13.59242839,20.04658231,7.047671983,0.0,4.567099648,0.0,32.41935462,33.6390107,0.0,4.127401125,0.0,0.0,10.67215753,5.824404498,0.0,0.0,42.42303282,0.0,0.0,0.0,1.303240741,0.0,4.16087963,5.322592593,-11.38601852,0.666666667,0,0,1,1.70022,0,0,0,0,0,0,3,0,0,0,0,0,0,0,2,0,0,0,0,0,0,0,0,0,0,0,0,0,0,343.7,854,CC[n+]1ccn(C)c1C.O=S(=O)([N-]S(=O)(=O)C(F)(F)F)C(F)(F)F,0.514020515
0.777777778,-6.721527778,0.575236092,13.39130435,0,2.712977135,5.02e-07,-1.35,31847.63859,6.343188116,4.127401125,12.39368714,6.327320075,0.0,11.016661,0.0,25.96979326,0.0,6.9237372,0.0,13.59242839,20.04658231,7.047671983,0.0,4.567099648,0.0,32.41935462,33.6390107,0.0,4.127401125,0.0,0.0,10.67215753,0.0,0.0,17.8116152,24.01500049,0.0,0.0,0.0,0.0,0.0,6.142361111,3.181388889,-11.42305556,0.625,0,0,1,1.3918,0,0,0,0,0,0,3,0,0,0,0,0,0,0,2,0,0,0,0,0,0,0,0,0,0,0,0,0,0,313.8,855,CC[n+]1ccn(C)c1.O=S(=O)([N-]S(=O)(=O)C(F)(F)F)C(F)(F)F,0.551007413
0.777777778,-6.721527778,0.575236092,13.39130435,0,2.712977135,5.02e-07,-1.35,31847.63859,6.343188116,4.127401125,12.39368714,6.327320075,0.0,11.016661,0.0,25.96979326,0.0,6.9237372,0.0,13.59242839,20.04658231,7.047671983,0.0,4.567099648,0.0,32.41935462,33.6390107,0.0,4.127401125,0.0,0.0,10.67215753,0.0,0.0,17.8116152,24.01500049,0.0,0.0,0.0,0.0,0.0,6.142361111,3.181388889,-11.42305556,0.625,0,0,1,1.3918,0,0,0,0,0,0,3,0,0,0,0,0,0,0,2,0,0,0,0,0,0,0,0,0,0,0,0,0,0,323.0,856,CC[n+]1ccn(C)c1.O=S(=O)([N-]S(=O)(=O)C(F)(F)F)C(F)(F)F,0.561328606
0.777777778,-6.721527778,0.575236092,13.39130435,0,2.712977135,5.02e-07,-1.35,31847.63859,6.343188116,4.127401125,12.39368714,6.327320075,0.0,11.016661,0.0,25.96979326,0.0,6.9237372,0.0,13.59242839,20.04658231,7.047671983,0.0,4.567099648,0.0,32.41935462,33.6390107,0.0,4.127401125,0.0,0.0,10.67215753,0.0,0.0,17.8116152,24.01500049,0.0,0.0,0.0,0.0,0.0,6.142361111,3.181388889,-11.42305556,0.625,0,0,1,1.3918,0,0,0,0,0,0,3,0,0,0,0,0,0,0,2,0,0,0,0,0,0,0,0,0,0,0,0,0,0,333.3,857,CC[n+]1ccn(C)c1.O=S(=O)([N-]S(=O)(=O)C(F)(F)F)C(F)(F)F,0.566449528
0.777777778,-6.721527778,0.575236092,13.39130435,0,2.712977135,5.02e-07,-1.35,31847.63859,6.343188116,4.127401125,12.39368714,6.327320075,0.0,11.016661,0.0,25.96979326,0.0,6.9237372,0.0,13.59242839,20.04658231,7.047671983,0.0,4.567099648,0.0,32.41935462,33.6390107,0.0,4.127401125,0.0,0.0,10.67215753,0.0,0.0,17.8116152,24.01500049,0.0,0.0,0.0,0.0,0.0,6.142361111,3.181388889,-11.42305556,0.625,0,0,1,1.3918,0,0,0,0,0,0,3,0,0,0,0,0,0,0,2,0,0,0,0,0,0,0,0,0,0,0,0,0,0,343.7,858,CC[n+]1ccn(C)c1.O=S(=O)([N-]S(=O)(=O)C(F)(F)F)C(F)(F)F,0.574363645
0.777777778,-6.721527778,0.418552691,12.88,0,2.836386495,4.96e-07,-1.87,90597.02105,6.869625161,4.127401125,18.93844355,6.327320075,0.0,11.016661,0.0,25.96979326,0.0,0.0,0.0,6.19995489,26.2465372,0.0,0.0,4.567099648,0.0,32.41935462,26.59133871,0.0,10.32735601,0.0,0.0,10.67215753,0.0,6.19995489,33.93122662,13.15787137,0.0,0.0,0.0,0.0,0.0,9.473767007,8.111371882,-13.44305556,0.3,0,0,1,2.1214,0,0,0,0,0,0,3,0,0,0,0,0,1,0,0,0,0,0,0,0,0,0,0,0,0,0,0,0,0,313.15,859,C=CC[n+]1ccn(C=C)c1.O=S(=O)([N-]S(=O)(=O)C(F)(F)F)C(F)(F)F,1.071926023
0.777777778,-6.721527778,0.418552691,12.88,0,2.836386495,4.96e-07,-1.87,90597.02105,6.869625161,4.127401125,18.93844355,6.327320075,0.0,11.016661,0.0,25.96979326,0.0,0.0,0.0,6.19995489,26.2465372,0.0,0.0,4.567099648,0.0,32.41935462,26.59133871,0.0,10.32735601,0.0,0.0,10.67215753,0.0,6.19995489,33.93122662,13.15787137,0.0,0.0,0.0,0.0,0.0,9.473767007,8.111371882,-13.44305556,0.3,0,0,1,2.1214,0,0,0,0,0,0,3,0,0,0,0,0,1,0,0,0,0,0,0,0,0,0,0,0,0,0,0,0,0,323.15,860,C=CC[n+]1ccn(C=C)c1.O=S(=O)([N-]S(=O)(=O)C(F)(F)F)C(F)(F)F,1.062985111
0.777777778,-6.721527778,0.418552691,12.88,0,2.836386495,4.96e-07,-1.87,90597.02105,6.869625161,4.127401125,18.93844355,6.327320075,0.0,11.016661,0.0,25.96979326,0.0,0.0,0.0,6.19995489,26.2465372,0.0,0.0,4.567099648,0.0,32.41935462,26.59133871,0.0,10.32735601,0.0,0.0,10.67215753,0.0,6.19995489,33.93122662,13.15787137,0.0,0.0,0.0,0.0,0.0,9.473767007,8.111371882,-13.44305556,0.3,0,0,1,2.1214,0,0,0,0,0,0,3,0,0,0,0,0,1,0,0,0,0,0,0,0,0,0,0,0,0,0,0,0,0,333.15,861,C=CC[n+]1ccn(C=C)c1.O=S(=O)([N-]S(=O)(=O)C(F)(F)F)C(F)(F)F,1.058831419
0.777777778,-6.721527778,0.418552691,12.88,0,2.836386495,4.96e-07,-1.87,90597.02105,6.869625161,4.127401125,18.93844355,6.327320075,0.0,11.016661,0.0,25.96979326,0.0,0.0,0.0,6.19995489,26.2465372,0.0,0.0,4.567099648,0.0,32.41935462,26.59133871,0.0,10.32735601,0.0,0.0,10.67215753,0.0,6.19995489,33.93122662,13.15787137,0.0,0.0,0.0,0.0,0.0,9.473767007,8.111371882,-13.44305556,0.3,0,0,1,2.1214,0,0,0,0,0,0,3,0,0,0,0,0,1,0,0,0,0,0,0,0,0,0,0,0,0,0,0,0,0,343.15,862,C=CC[n+]1ccn(C=C)c1.O=S(=O)([N-]S(=O)(=O)C(F)(F)F)C(F)(F)F,1.056052674
0.777777778,-6.721527778,0.212673559,17.29032258,0,3.016094146,5.82e-07,-0.6,1545509.978,11.71841831,8.610431983,0.0,0.0,0.0,11.016661,0.0,16.83559397,0.0,12.84164325,12.84164325,26.6819412,20.04658231,0.0,26.6819412,0.0,0.0,59.01722703,20.04658231,0.0,4.127401125,0.0,0.0,4.127401125,88.3255163,0.0,0.0,13.97140918,0.0,0.0,0.0,0.0,0.0,14.56323843,6.61326659,-10.99042835,1.0,0,0,1,5.4268,0,0,0,0,0,0,2,0,0,1,0,0,0,0,0,0,0,0,0,0,0,0,0,0,0,0,1,0,6,322.6,863,CCCCCCCCCC[N+]1(C)CCCC1.O=S(=O)([N-]S(=O)(=O)C(F)(F)F)C(F)(F)F,-0.261364764
0.777777778,-6.721527778,0.212673559,17.29032258,0,3.016094146,5.82e-07,-0.6,1545509.978,11.71841831,8.610431983,0.0,0.0,0.0,11.016661,0.0,16.83559397,0.0,12.84164325,12.84164325,26.6819412,20.04658231,0.0,26.6819412,0.0,0.0,59.01722703,20.04658231,0.0,4.127401125,0.0,0.0,4.127401125,88.3255163,0.0,0.0,13.97140918,0.0,0.0,0.0,0.0,0.0,14.56323843,6.61326659,-10.99042835,1.0,0,0,1,5.4268,0,0,0,0,0,0,2,0,0,1,0,0,0,0,0,0,0,0,0,0,0,0,0,0,0,0,1,0,6,332.5,864,CCCCCCCCCC[N+]1(C)CCCC1.O=S(=O)([N-]S(=O)(=O)C(F)(F)F)C(F)(F)F,-0.248461359
0.777777778,-6.721527778,0.212673559,17.29032258,0,3.016094146,5.82e-07,-0.6,1545509.978,11.71841831,8.610431983,0.0,0.0,0.0,11.016661,0.0,16.83559397,0.0,12.84164325,12.84164325,26.6819412,20.04658231,0.0,26.6819412,0.0,0.0,59.01722703,20.04658231,0.0,4.127401125,0.0,0.0,4.127401125,88.3255163,0.0,0.0,13.97140918,0.0,0.0,0.0,0.0,0.0,14.56323843,6.61326659,-10.99042835,1.0,0,0,1,5.4268,0,0,0,0,0,0,2,0,0,1,0,0,0,0,0,0,0,0,0,0,0,0,0,0,0,0,1,0,6,342.8,865,CCCCCCCCCC[N+]1(C)CCCC1.O=S(=O)([N-]S(=O)(=O)C(F)(F)F)C(F)(F)F,-0.223143551
0.777777778,-6.721527778,0.335027778,18.07407407,0,2.8792177,5.11e-07,-0.6,215371.2424,8.959277487,8.610431983,0.0,0.0,0.0,11.016661,0.0,16.83559397,0.0,12.84164325,12.84164325,26.6819412,20.04658231,0.0,26.6819412,0.0,0.0,59.01722703,20.04658231,0.0,4.127401125,0.0,0.0,4.127401125,62.64222981,0.0,0.0,13.97140918,0.0,0.0,0.0,0.0,0.0,8.618005795,6.58768865,-11.01354592,1.0,0,0,1,3.8664,0,0,0,0,0,0,2,0,0,1,0,0,0,0,0,0,0,0,0,0,0,0,0,0,0,0,1,0,2,322.9,866,CCCCCC[N+]1(C)CCCC1.O=S(=O)([N-]S(=O)(=O)C(F)(F)F)C(F)(F)F,0.0
0.777777778,-6.721527778,0.335027778,18.07407407,0,2.8792177,5.11e-07,-0.6,215371.2424,8.959277487,8.610431983,0.0,0.0,0.0,11.016661,0.0,16.83559397,0.0,12.84164325,12.84164325,26.6819412,20.04658231,0.0,26.6819412,0.0,0.0,59.01722703,20.04658231,0.0,4.127401125,0.0,0.0,4.127401125,62.64222981,0.0,0.0,13.97140918,0.0,0.0,0.0,0.0,0.0,8.618005795,6.58768865,-11.01354592,1.0,0,0,1,3.8664,0,0,0,0,0,0,2,0,0,1,0,0,0,0,0,0,0,0,0,0,0,0,0,0,0,0,1,0,2,333.0,867,CCCCCC[N+]1(C)CCCC1.O=S(=O)([N-]S(=O)(=O)C(F)(F)F)C(F)(F)F,0.009950331
0.777777778,-6.721527778,0.335027778,18.07407407,0,2.8792177,5.11e-07,-0.6,215371.2424,8.959277487,8.610431983,0.0,0.0,0.0,11.016661,0.0,16.83559397,0.0,12.84164325,12.84164325,26.6819412,20.04658231,0.0,26.6819412,0.0,0.0,59.01722703,20.04658231,0.0,4.127401125,0.0,0.0,4.127401125,62.64222981,0.0,0.0,13.97140918,0.0,0.0,0.0,0.0,0.0,8.618005795,6.58768865,-11.01354592,1.0,0,0,1,3.8664,0,0,0,0,0,0,2,0,0,1,0,0,0,0,0,0,0,0,0,0,0,0,0,0,0,0,1,0,2,343.1,868,CCCCCC[N+]1(C)CCCC1.O=S(=O)([N-]S(=O)(=O)C(F)(F)F)C(F)(F)F,0.039220713
0.777777778,-6.721527778,0.274514327,17.65517241,0,2.950171799,5.41e-07,-0.6,577469.5781,10.31376695,8.610431983,0.0,0.0,0.0,11.016661,0.0,16.83559397,0.0,12.84164325,12.84164325,26.6819412,20.04658231,0.0,26.6819412,0.0,0.0,59.01722703,20.04658231,0.0,4.127401125,0.0,0.0,4.127401125,75.48387306,0.0,0.0,13.97140918,0.0,0.0,0.0,0.0,0.0,11.5840087,6.603669162,-10.99956058,1.0,0,0,1,4.6466,0,0,0,0,0,0,2,0,0,1,0,0,0,0,0,0,0,0,0,0,0,0,0,0,0,0,1,0,4,323.0,869,CCCCCCCC[N+]1(C)CCCC1.O=S(=O)([N-]S(=O)(=O)C(F)(F)F)C(F)(F)F,-0.274436846
0.777777778,-6.721527778,0.274514327,17.65517241,0,2.950171799,5.41e-07,-0.6,577469.5781,10.31376695,8.610431983,0.0,0.0,0.0,11.016661,0.0,16.83559397,0.0,12.84164325,12.84164325,26.6819412,20.04658231,0.0,26.6819412,0.0,0.0,59.01722703,20.04658231,0.0,4.127401125,0.0,0.0,4.127401125,75.48387306,0.0,0.0,13.97140918,0.0,0.0,0.0,0.0,0.0,11.5840087,6.603669162,-10.99956058,1.0,0,0,1,4.6466,0,0,0,0,0,0,2,0,0,1,0,0,0,0,0,0,0,0,0,0,0,0,0,0,0,0,1,0,4,333.0,870,CCCCCCCC[N+]1(C)CCCC1.O=S(=O)([N-]S(=O)(=O)C(F)(F)F)C(F)(F)F,-0.248461359
0.777777778,-6.721527778,0.274514327,17.65517241,0,2.950171799,5.41e-07,-0.6,577469.5781,10.31376695,8.610431983,0.0,0.0,0.0,11.016661,0.0,16.83559397,0.0,12.84164325,12.84164325,26.6819412,20.04658231,0.0,26.6819412,0.0,0.0,59.01722703,20.04658231,0.0,4.127401125,0.0,0.0,4.127401125,75.48387306,0.0,0.0,13.97140918,0.0,0.0,0.0,0.0,0.0,11.5840087,6.603669162,-10.99956058,1.0,0,0,1,4.6466,0,0,0,0,0,0,2,0,0,1,0,0,0,0,0,0,0,0,0,0,0,0,0,0,0,0,1,0,4,343.1,871,CCCCCCCC[N+]1(C)CCCC1.O=S(=O)([N-]S(=O)(=O)C(F)(F)F)C(F)(F)F,-0.301105093
0.15238733,-6.721527778,0.255316525,13.65517241,0,2.852758068,5.41e-07,-1.44,398747.1117,10.23698884,4.127401125,12.39368714,6.327320075,10.11812686,11.016661,4.552749874,25.96979326,0.0,12.84164325,0.0,19.345282,30.16470917,7.047671983,5.752853607,4.567099648,0.0,51.14275508,43.75713755,0.0,4.127401125,5.752853607,6.420821623,17.09297915,0.0,0.0,34.9028785,0.0,4.552749874,0.0,0.0,-0.15238733,0.0,6.998883968,0.774166667,-15.30558768,0.7,0,0,1,1.0399,0,0,0,0,0,0,3,0,0,0,0,0,0,0,2,0,0,0,0,0,0,0,0,0,0,0,0,0,1,323.15,872,Cn1cc[n+](CCCCS(=O)(=O)O)c1.O=S(=O)([N-]S(=O)(=O)C(F)(F)F)C(F)(F)F,1.131402111
0.15238733,-6.721527778,0.255316525,13.65517241,0,2.852758068,5.41e-07,-1.44,398747.1117,10.23698884,4.127401125,12.39368714,6.327320075,10.11812686,11.016661,4.552749874,25.96979326,0.0,12.84164325,0.0,19.345282,30.16470917,7.047671983,5.752853607,4.567099648,0.0,51.14275508,43.75713755,0.0,4.127401125,5.752853607,6.420821623,17.09297915,0.0,0.0,34.9028785,0.0,4.552749874,0.0,0.0,-0.15238733,0.0,6.998883968,0.774166667,-15.30558768,0.7,0,0,1,1.0399,0,0,0,0,0,0,3,0,0,0,0,0,0,0,2,0,0,0,0,0,0,0,0,0,0,0,0,0,1,333.15,873,Cn1cc[n+](CCCCS(=O)(=O)O)c1.O=S(=O)([N-]S(=O)(=O)C(F)(F)F)C(F)(F)F,1.187843422
0.15238733,-6.721527778,0.255316525,13.65517241,0,2.852758068,5.41e-07,-1.44,398747.1117,10.23698884,4.127401125,12.39368714,6.327320075,10.11812686,11.016661,4.552749874,25.96979326,0.0,12.84164325,0.0,19.345282,30.16470917,7.047671983,5.752853607,4.567099648,0.0,51.14275508,43.75713755,0.0,4.127401125,5.752853607,6.420821623,17.09297915,0.0,0.0,34.9028785,0.0,4.552749874,0.0,0.0,-0.15238733,0.0,6.998883968,0.774166667,-15.30558768,0.7,0,0,1,1.0399,0,0,0,0,0,0,3,0,0,0,0,0,0,0,2,0,0,0,0,0,0,0,0,0,0,0,0,0,1,343.15,874,Cn1cc[n+](CCCCS(=O)(=O)O)c1.O=S(=O)([N-]S(=O)(=O)C(F)(F)F)C(F)(F)F,1.196948189
0.15238733,-6.090277778,0.338838168,12.63636364,0,2.673070716,4.72e-07,-1.18,23266.40752,9.701334164,4.552749874,12.39368714,6.327320075,10.11812686,5.508330501,4.552749874,17.55199628,0.0,12.84164325,0.0,19.345282,20.23625372,7.047671983,5.752853607,4.567099648,0.0,41.76937747,33.82868211,0.0,0.0,5.752853607,6.420821623,12.96557803,0.0,0.0,34.9028785,0.0,17.52329673,0.0,0.0,-0.15238733,0.0,6.998883968,0.774166667,-7.952809902,0.666666667,0,0,1,0.032,0,0,0,0,0,0,2,0,0,0,0,0,0,0,2,0,0,0,0,0,0,0,0,0,0,0,0,0,1,323.15,875,Cn1cc[n+](CCCCS(=O)(=O)O)c1.O=S(=O)([O-])C(F)(F)F,1.74745921
0.15238733,-6.090277778,0.338838168,12.63636364,0,2.673070716,4.72e-07,-1.18,23266.40752,9.701334164,4.552749874,12.39368714,6.327320075,10.11812686,5.508330501,4.552749874,17.55199628,0.0,12.84164325,0.0,19.345282,20.23625372,7.047671983,5.752853607,4.567099648,0.0,41.76937747,33.82868211,0.0,0.0,5.752853607,6.420821623,12.96557803,0.0,0.0,34.9028785,0.0,17.52329673,0.0,0.0,-0.15238733,0.0,6.998883968,0.774166667,-7.952809902,0.666666667,0,0,1,0.032,0,0,0,0,0,0,2,0,0,0,0,0,0,0,2,0,0,0,0,0,0,0,0,0,0,0,0,0,1,333.15,876,Cn1cc[n+](CCCCS(=O)(=O)O)c1.O=S(=O)([O-])C(F)(F)F,1.711994501
0.15238733,-6.090277778,0.338838168,12.63636364,0,2.673070716,4.72e-07,-1.18,23266.40752,9.701334164,4.552749874,12.39368714,6.327320075,10.11812686,5.508330501,4.552749874,17.55199628,0.0,12.84164325,0.0,19.345282,20.23625372,7.047671983,5.752853607,4.567099648,0.0,41.76937747,33.82868211,0.0,0.0,5.752853607,6.420821623,12.96557803,0.0,0.0,34.9028785,0.0,17.52329673,0.0,0.0,-0.15238733,0.0,6.998883968,0.774166667,-7.952809902,0.666666667,0,0,1,0.032,0,0,0,0,0,0,2,0,0,0,0,0,0,0,2,0,0,0,0,0,0,0,0,0,0,0,0,0,1,343.15,877,Cn1cc[n+](CCCCS(=O)(=O)O)c1.O=S(=O)([O-])C(F)(F)F,1.711994501
0.060347222,-4.578120683,0.262480504,11.09090909,0,2.8560181,4.06e-07,-1.0,49771.82743,13.95918367,14.02647578,12.39368714,16.72632066,0.0,0.0,4.183085433,17.55199628,0.0,6.420821623,7.109797541,40.01995625,10.39900058,7.047671983,33.5373254,4.567099648,0.0,51.07497191,37.64824031,0.0,0.0,13.21376393,13.21376393,6.544756406,19.95144079,0.0,7.047671983,43.6988921,4.736862954,0.0,0.0,0.0,0.0,8.817018141,3.934630338,-1.0181922,0.769230769,0,0,1,0.2389,0,0,0,0,0,0,2,0,0,0,0,0,0,0,2,0,0,2,0,1,0,0,0,0,0,0,0,0,4,298.15,878,CCCC[n+]1ccn(C)c1.COCCOCCOS(=O)(=O)[O-],1.313723668
0.060347222,-4.578120683,0.262480504,11.09090909,0,2.8560181,4.06e-07,-1.0,49771.82743,13.95918367,14.02647578,12.39368714,16.72632066,0.0,0.0,4.183085433,17.55199628,0.0,6.420821623,7.109797541,40.01995625,10.39900058,7.047671983,33.5373254,4.567099648,0.0,51.07497191,37.64824031,0.0,0.0,13.21376393,13.21376393,6.544756406,19.95144079,0.0,7.047671983,43.6988921,4.736862954,0.0,0.0,0.0,0.0,8.817018141,3.934630338,-1.0181922,0.769230769,0,0,1,0.2389,0,0,0,0,0,0,2,0,0,0,0,0,0,0,2,0,0,2,0,1,0,0,0,0,0,0,0,0,4,303.15,879,CCCC[n+]1ccn(C)c1.COCCOCCOS(=O)(=O)[O-],1.305626458
0.060347222,-4.578120683,0.262480504,11.09090909,0,2.8560181,4.06e-07,-1.0,49771.82743,13.95918367,14.02647578,12.39368714,16.72632066,0.0,0.0,4.183085433,17.55199628,0.0,6.420821623,7.109797541,40.01995625,10.39900058,7.047671983,33.5373254,4.567099648,0.0,51.07497191,37.64824031,0.0,0.0,13.21376393,13.21376393,6.544756406,19.95144079,0.0,7.047671983,43.6988921,4.736862954,0.0,0.0,0.0,0.0,8.817018141,3.934630338,-1.0181922,0.769230769,0,0,1,0.2389,0,0,0,0,0,0,2,0,0,0,0,0,0,0,2,0,0,2,0,1,0,0,0,0,0,0,0,0,4,308.15,880,CCCC[n+]1ccn(C)c1.COCCOCCOS(=O)(=O)[O-],1.297463147
1.177916667,-6.0,0.216967217,11.2173913,0,2.846632523,8.41e-07,-1.005064935,74040.91193,18.94742367,17.26263557,12.39368714,6.327320075,0.0,7.254408353,0.0,9.134199296,0.0,12.84164325,0.0,13.59242839,7.254408353,7.047671983,0.0,4.567099648,0.0,11.821508,13.59242839,0.0,0.0,0.0,0.0,0.0,70.75297264,0.0,0.0,41.8266157,0.0,0.0,0.0,0.0,0.0,20.57124974,3.460404986,-3.921585414,0.8125,0,0,1,5.5335,0,0,0,0,0,0,2,0,0,0,0,0,0,0,2,0,0,0,0,0,0,0,0,0,0,0,0,0,8,308.15,881,CCCCCCCCCCCC[n+]1ccn(C)c1.F[B-](F)(F)F,0.138891999
1.177916667,-6.0,0.216967217,11.2173913,0,2.846632523,8.41e-07,-1.005064935,74040.91193,18.94742367,17.26263557,12.39368714,6.327320075,0.0,7.254408353,0.0,9.134199296,0.0,12.84164325,0.0,13.59242839,7.254408353,7.047671983,0.0,4.567099648,0.0,11.821508,13.59242839,0.0,0.0,0.0,0.0,0.0,70.75297264,0.0,0.0,41.8266157,0.0,0.0,0.0,0.0,0.0,20.57124974,3.460404986,-3.921585414,0.8125,0,0,1,5.5335,0,0,0,0,0,0,2,0,0,0,0,0,0,0,2,0,0,0,0,0,0,0,0,0,0,0,0,0,8,313.15,882,CCCCCCCCCCCC[n+]1ccn(C)c1.F[B-](F)(F)F,0.156148682
1.177916667,-6.0,0.216967217,11.2173913,0,2.846632523,8.41e-07,-1.005064935,74040.91193,18.94742367,17.26263557,12.39368714,6.327320075,0.0,7.254408353,0.0,9.134199296,0.0,12.84164325,0.0,13.59242839,7.254408353,7.047671983,0.0,4.567099648,0.0,11.821508,13.59242839,0.0,0.0,0.0,0.0,0.0,70.75297264,0.0,0.0,41.8266157,0.0,0.0,0.0,0.0,0.0,20.57124974,3.460404986,-3.921585414,0.8125,0,0,1,5.5335,0,0,0,0,0,0,2,0,0,0,0,0,0,0,2,0,0,0,0,0,0,0,0,0,0,0,0,0,8,318.15,883,CCCCCCCCCCCC[n+]1ccn(C)c1.F[B-](F)(F)F,0.162968828
1.1675,-15.00578704,0.119962709,16.54054054,0,3.074878808,8.93e-07,-1.62,9644787.865,4.944783259,0.0,12.39368714,6.327320075,0.0,120.8430761,0.0,9.134199296,0.0,12.84164325,0.0,13.59242839,6.876385235,7.047671983,0.0,4.567099648,6.876385235,40.08684792,13.59242839,0.0,0.0,0.0,0.0,0.0,32.2280429,0.0,0.0,41.8266157,0.0,0.0,0.0,0.0,0.0,-14.41184335,-11.59259259,2.05807831,0.8125,0,0,1,9.0871,0,0,0,0,0,0,2,0,0,0,0,0,0,0,2,0,0,0,0,0,0,0,0,0,0,0,0,0,2,312.8,884,CCCCCCn1cc[n+](C)c1.FC(F)(F)C(F)(F)[P-](F)(F)(F)(C(F)(F)C(F)(F)F)C(F)(F)C(F)(F)F,-0.394525168
1.1675,-15.00578704,0.119962709,16.54054054,0,3.074878808,8.93e-07,-1.62,9644787.865,4.944783259,0.0,12.39368714,6.327320075,0.0,120.8430761,0.0,9.134199296,0.0,12.84164325,0.0,13.59242839,6.876385235,7.047671983,0.0,4.567099648,6.876385235,40.08684792,13.59242839,0.0,0.0,0.0,0.0,0.0,32.2280429,0.0,0.0,41.8266157,0.0,0.0,0.0,0.0,0.0,-14.41184335,-11.59259259,2.05807831,0.8125,0,0,1,9.0871,0,0,0,0,0,0,2,0,0,0,0,0,0,0,2,0,0,0,0,0,0,0,0,0,0,0,0,0,2,332.85,885,CCCCCCn1cc[n+](C)c1.FC(F)(F)C(F)(F)[P-](F)(F)(F)(C(F)(F)C(F)(F)F)C(F)(F)C(F)(F)F,-0.318828801
1.1675,-15.00578704,0.119962709,16.54054054,0,3.074878808,8.93e-07,-1.62,9644787.865,4.944783259,0.0,12.39368714,6.327320075,0.0,120.8430761,0.0,9.134199296,0.0,12.84164325,0.0,13.59242839,6.876385235,7.047671983,0.0,4.567099648,6.876385235,40.08684792,13.59242839,0.0,0.0,0.0,0.0,0.0,32.2280429,0.0,0.0,41.8266157,0.0,0.0,0.0,0.0,0.0,-14.41184335,-11.59259259,2.05807831,0.8125,0,0,1,9.0871,0,0,0,0,0,0,2,0,0,0,0,0,0,0,2,0,0,0,0,0,0,0,0,0,0,0,0,0,2,354.65,886,CCCCCCn1cc[n+](C)c1.FC(F)(F)C(F)(F)[P-](F)(F)(F)(C(F)(F)C(F)(F)F)C(F)(F)C(F)(F)F,-0.283690051
0.421527778,-7.619930556,0.407880283,14.19354839,0,2.952028791,7.43e-07,-1.63,972212.3061,6.9260431,4.127401125,12.39368714,6.327320075,0.0,22.86171934,0.0,25.96979326,0.0,6.420821623,0.0,13.59242839,20.04658231,7.047671983,0.0,4.567099648,0.0,44.26441296,33.6390107,0.0,4.127401125,0.0,4.127401125,6.544756406,12.84164325,0.0,7.047671983,34.77894371,0.0,0.0,0.0,0.0,0.0,-5.186212916,3.361944444,-13.19576814,0.75,0,0,1,3.4426,0,0,0,0,0,0,3,0,0,0,0,0,0,0,2,0,0,0,0,0,0,0,0,0,0,0,0,0,0,322.55,887,CCCC[n+]1ccn(C)c1.O=S(=O)([N-]S(=O)(=O)C(F)(F)C(F)(F)F)C(F)(F)C(F)(F)F,0.33432708
0.421527778,-7.619930556,0.407880283,14.19354839,0,2.952028791,7.43e-07,-1.63,972212.3061,6.9260431,4.127401125,12.39368714,6.327320075,0.0,22.86171934,0.0,25.96979326,0.0,6.420821623,0.0,13.59242839,20.04658231,7.047671983,0.0,4.567099648,0.0,44.26441296,33.6390107,0.0,4.127401125,0.0,4.127401125,6.544756406,12.84164325,0.0,7.047671983,34.77894371,0.0,0.0,0.0,0.0,0.0,-5.186212916,3.361944444,-13.19576814,0.75,0,0,1,3.4426,0,0,0,0,0,0,3,0,0,0,0,0,0,0,2,0,0,0,0,0,0,0,0,0,0,0,0,0,0,342.75,888,CCCC[n+]1ccn(C)c1.O=S(=O)([N-]S(=O)(=O)C(F)(F)C(F)(F)F)C(F)(F)C(F)(F)F,0.348541961
0.421527778,-7.619930556,0.407880283,14.19354839,0,2.952028791,7.43e-07,-1.63,972212.3061,6.9260431,4.127401125,12.39368714,6.327320075,0.0,22.86171934,0.0,25.96979326,0.0,6.420821623,0.0,13.59242839,20.04658231,7.047671983,0.0,4.567099648,0.0,44.26441296,33.6390107,0.0,4.127401125,0.0,4.127401125,6.544756406,12.84164325,0.0,7.047671983,34.77894371,0.0,0.0,0.0,0.0,0.0,-5.186212916,3.361944444,-13.19576814,0.75,0,0,1,3.4426,0,0,0,0,0,0,3,0,0,0,0,0,0,0,2,0,0,0,0,0,0,0,0,0,0,0,0,0,0,362.65,889,CCCC[n+]1ccn(C)c1.O=S(=O)([N-]S(=O)(=O)C(F)(F)C(F)(F)F)C(F)(F)C(F)(F)F,0.37569295
0.777777778,-6.721527778,0.081035028,12.80487805,0,3.196631322,9.09e-07,-1.35,203332776.4,16.76359341,4.127401125,12.39368714,0.0,5.824404498,11.016661,0.0,25.96979326,0.0,25.68328649,6.9237372,13.08951281,20.04658231,0.0,0.0,4.567099648,0.0,32.41935462,33.13609512,0.0,4.127401125,0.0,0.0,4.127401125,121.6470633,0.0,0.0,42.29909804,0.0,0.0,0.0,1.440640361,0.0,27.03527721,9.270449168,-13.44305556,0.884615385,0,0,1,8.42472,0,0,0,0,0,0,3,0,0,0,0,0,0,0,2,0,0,0,0,0,0,0,0,0,0,0,0,0,12,323.1,890,CCCCCCCCCCn1cc[n+](CCCCCCCCCC)c1C.O=S(=O)([N-]S(=O)(=O)C(F)(F)F)C(F)(F)F,-0.669430654
0.777777778,-6.721527778,0.081035028,12.80487805,0,3.196631322,9.09e-07,-1.35,203332776.4,16.76359341,4.127401125,12.39368714,0.0,5.824404498,11.016661,0.0,25.96979326,0.0,25.68328649,6.9237372,13.08951281,20.04658231,0.0,0.0,4.567099648,0.0,32.41935462,33.13609512,0.0,4.127401125,0.0,0.0,4.127401125,121.6470633,0.0,0.0,42.29909804,0.0,0.0,0.0,1.440640361,0.0,27.03527721,9.270449168,-13.44305556,0.884615385,0,0,1,8.42472,0,0,0,0,0,0,3,0,0,0,0,0,0,0,2,0,0,0,0,0,0,0,0,0,0,0,0,0,12,333.15,891,CCCCCCCCCCn1cc[n+](CCCCCCCCCC)c1C.O=S(=O)([N-]S(=O)(=O)C(F)(F)F)C(F)(F)F,-0.653926467
0.777777778,-6.721527778,0.081035028,12.80487805,0,3.196631322,9.09e-07,-1.35,203332776.4,16.76359341,4.127401125,12.39368714,0.0,5.824404498,11.016661,0.0,25.96979326,0.0,25.68328649,6.9237372,13.08951281,20.04658231,0.0,0.0,4.567099648,0.0,32.41935462,33.13609512,0.0,4.127401125,0.0,0.0,4.127401125,121.6470633,0.0,0.0,42.29909804,0.0,0.0,0.0,1.440640361,0.0,27.03527721,9.270449168,-13.44305556,0.884615385,0,0,1,8.42472,0,0,0,0,0,0,3,0,0,0,0,0,0,0,2,0,0,0,0,0,0,0,0,0,0,0,0,0,12,343.15,892,CCCCCCCCCCn1cc[n+](CCCCCCCCCC)c1C.O=S(=O)([N-]S(=O)(=O)C(F)(F)F)C(F)(F)F,-0.64055473
0.160804989,-6.721527778,0.138501806,13.91666667,0,3.873363137,9.81e-07,-4.17,42575200000000.0,22.12377579,26.59279224,43.28502782,18.98196022,0.0,33.04998301,0.0,77.90937979,0.0,0.0,0.0,34.35677988,60.13974692,21.14301595,13.21376393,13.70129894,0.0,116.5757942,115.685802,0.0,12.38220337,6.103966388,33.40621417,12.38220337,0.0,0.0,104.7086355,0.0,14.21058886,0.0,0.0,0.0,0.0,17.5895457,2.317366049,-34.38715866,0.625,0,0,3,2.4338,0,0,0,0,0,0,9,0,0,0,0,0,0,0,3,0,0,3,0,0,0,0,0,0,0,0,0,0,0,312.45,893,C[n+]1ccn(COCC(COCn2cc[n+](C)c2)OCn2cc[n+](C)c2)c1.O=S(=O)([N-]S(=O)(=O)C(F)(F)F)C(F)(F)F.O=S(=O)([N-]S(=O)(=O)C(F)(F)F)C(F)(F)F.O=S(=O)([N-]S(=O)(=O)C(F)(F)F)C(F)(F)F,0.329303747
0.160804989,-6.721527778,0.138501806,13.91666667,0,3.873363137,9.81e-07,-4.17,42575200000000.0,22.12377579,26.59279224,43.28502782,18.98196022,0.0,33.04998301,0.0,77.90937979,0.0,0.0,0.0,34.35677988,60.13974692,21.14301595,13.21376393,13.70129894,0.0,116.5757942,115.685802,0.0,12.38220337,6.103966388,33.40621417,12.38220337,0.0,0.0,104.7086355,0.0,14.21058886,0.0,0.0,0.0,0.0,17.5895457,2.317366049,-34.38715866,0.625,0,0,3,2.4338,0,0,0,0,0,0,9,0,0,0,0,0,0,0,3,0,0,3,0,0,0,0,0,0,0,0,0,0,0,322.45,894,C[n+]1ccn(COCC(COCn2cc[n+](C)c2)OCn2cc[n+](C)c2)c1.O=S(=O)([N-]S(=O)(=O)C(F)(F)F)C(F)(F)F.O=S(=O)([N-]S(=O)(=O)C(F)(F)F)C(F)(F)F.O=S(=O)([N-]S(=O)(=O)C(F)(F)F)C(F)(F)F,0.300104592
0.160804989,-6.721527778,0.138501806,13.91666667,0,3.873363137,9.81e-07,-4.17,42575200000000.0,22.12377579,26.59279224,43.28502782,18.98196022,0.0,33.04998301,0.0,77.90937979,0.0,0.0,0.0,34.35677988,60.13974692,21.14301595,13.21376393,13.70129894,0.0,116.5757942,115.685802,0.0,12.38220337,6.103966388,33.40621417,12.38220337,0.0,0.0,104.7086355,0.0,14.21058886,0.0,0.0,0.0,0.0,17.5895457,2.317366049,-34.38715866,0.625,0,0,3,2.4338,0,0,0,0,0,0,9,0,0,0,0,0,0,0,3,0,0,3,0,0,0,0,0,0,0,0,0,0,0,332.45,895,C[n+]1ccn(COCC(COCn2cc[n+](C)c2)OCn2cc[n+](C)c2)c1.O=S(=O)([N-]S(=O)(=O)C(F)(F)F)C(F)(F)F.O=S(=O)([N-]S(=O)(=O)C(F)(F)F)C(F)(F)F.O=S(=O)([N-]S(=O)(=O)C(F)(F)F)C(F)(F)F,0.285178942
0.213590745,-6.721527778,0.110110067,13.44444444,0,3.256495984,1.18e-06,-4.95,2091230000000000.0,25.20608736,41.29252143,6.103966388,0.0,20.19245024,33.04998301,0.0,50.50678191,0.0,0.0,95.74639313,13.21376393,77.20190574,0.0,70.19952502,28.40102814,0.0,145.1605271,94.54278602,0.0,12.38220337,6.103966388,33.40621417,29.4443622,0.0,0.0,93.16839227,51.0979316,14.21058886,0.0,6.211888257,0.0,12.37697114,11.85819556,2.143293999,-28.16819495,0.545454545,0,0,3,4.6163,0,0,0,0,0,0,9,0,0,0,0,0,0,3,0,0,0,3,0,0,0,0,0,0,0,3,0,0,0,312.95,896,CN(C)c1cc[n+](COCC(COC[n+]2ccc(N(C)C)cc2)OC[n+]2ccc(N(C)C)cc2)cc1.O=S(=O)([N-]S(=O)(=O)C(F)(F)F)C(F)(F)F.O=S(=O)([N-]S(=O)(=O)C(F)(F)F)C(F)(F)F.O=S(=O)([N-]S(=O)(=O)C(F)(F)F)C(F)(F)F,-0.713349888
0.213590745,-6.721527778,0.110110067,13.44444444,0,3.256495984,1.18e-06,-4.95,2091230000000000.0,25.20608736,41.29252143,6.103966388,0.0,20.19245024,33.04998301,0.0,50.50678191,0.0,0.0,95.74639313,13.21376393,77.20190574,0.0,70.19952502,28.40102814,0.0,145.1605271,94.54278602,0.0,12.38220337,6.103966388,33.40621417,29.4443622,0.0,0.0,93.16839227,51.0979316,14.21058886,0.0,6.211888257,0.0,12.37697114,11.85819556,2.143293999,-28.16819495,0.545454545,0,0,3,4.6163,0,0,0,0,0,0,9,0,0,0,0,0,0,3,0,0,0,3,0,0,0,0,0,0,0,3,0,0,0,322.85,897,CN(C)c1cc[n+](COCC(COC[n+]2ccc(N(C)C)cc2)OC[n+]2ccc(N(C)C)cc2)cc1.O=S(=O)([N-]S(=O)(=O)C(F)(F)F)C(F)(F)F.O=S(=O)([N-]S(=O)(=O)C(F)(F)F)C(F)(F)F.O=S(=O)([N-]S(=O)(=O)C(F)(F)F)C(F)(F)F,-0.713349888
0.213590745,-6.721527778,0.110110067,13.44444444,0,3.256495984,1.18e-06,-4.95,2091230000000000.0,25.20608736,41.29252143,6.103966388,0.0,20.19245024,33.04998301,0.0,50.50678191,0.0,0.0,95.74639313,13.21376393,77.20190574,0.0,70.19952502,28.40102814,0.0,145.1605271,94.54278602,0.0,12.38220337,6.103966388,33.40621417,29.4443622,0.0,0.0,93.16839227,51.0979316,14.21058886,0.0,6.211888257,0.0,12.37697114,11.85819556,2.143293999,-28.16819495,0.545454545,0,0,3,4.6163,0,0,0,0,0,0,9,0,0,0,0,0,0,3,0,0,0,3,0,0,0,0,0,0,0,3,0,0,0,332.65,898,CN(C)c1cc[n+](COCC(COC[n+]2ccc(N(C)C)cc2)OC[n+]2ccc(N(C)C)cc2)cc1.O=S(=O)([N-]S(=O)(=O)C(F)(F)F)C(F)(F)F.O=S(=O)([N-]S(=O)(=O)C(F)(F)F)C(F)(F)F.O=S(=O)([N-]S(=O)(=O)C(F)(F)F)C(F)(F)F,-0.673344553
0.160804989,-0.160804989,0.223912722,8.714285714,0,3.704601844,9.26e-07,-6.15,1024688365.0,18.99722758,45.78193819,43.28502782,18.98196022,0.0,0.0,15.95036581,27.40259789,0.0,0.0,37.15893657,34.35677988,0.0,21.14301595,13.21376393,13.70129894,0.0,33.01902926,55.54605505,0.0,15.95036581,6.103966388,33.40621417,0.0,37.15893657,0.0,104.7086355,15.95036581,45.78193819,0.0,0.0,0.0,0.0,25.2770457,2.317366049,5.942008007,0.375,0,0,3,0.22268,0,0,0,0,0,0,15,0,0,0,0,0,0,0,3,0,0,3,0,0,0,0,0,0,0,0,0,0,0,312.45,899,C[n+]1ccn(COCC(COCn2cc[n+](C)c2)OCn2cc[n+](C)c2)c1.N#C[N-]C#N.N#C[N-]C#N.N#C[N-]C#N,1.713797928
0.160804989,-0.160804989,0.223912722,8.714285714,0,3.704601844,9.26e-07,-6.15,1024688365.0,18.99722758,45.78193819,43.28502782,18.98196022,0.0,0.0,15.95036581,27.40259789,0.0,0.0,37.15893657,34.35677988,0.0,21.14301595,13.21376393,13.70129894,0.0,33.01902926,55.54605505,0.0,15.95036581,6.103966388,33.40621417,0.0,37.15893657,0.0,104.7086355,15.95036581,45.78193819,0.0,0.0,0.0,0.0,25.2770457,2.317366049,5.942008007,0.375,0,0,3,0.22268,0,0,0,0,0,0,15,0,0,0,0,0,0,0,3,0,0,3,0,0,0,0,0,0,0,0,0,0,0,322.45,900,C[n+]1ccn(COCC(COCn2cc[n+](C)c2)OCn2cc[n+](C)c2)c1.N#C[N-]C#N.N#C[N-]C#N.N#C[N-]C#N,1.658228077
0.160804989,-0.160804989,0.223912722,8.714285714,0,3.704601844,9.26e-07,-6.15,1024688365.0,18.99722758,45.78193819,43.28502782,18.98196022,0.0,0.0,15.95036581,27.40259789,0.0,0.0,37.15893657,34.35677988,0.0,21.14301595,13.21376393,13.70129894,0.0,33.01902926,55.54605505,0.0,15.95036581,6.103966388,33.40621417,0.0,37.15893657,0.0,104.7086355,15.95036581,45.78193819,0.0,0.0,0.0,0.0,25.2770457,2.317366049,5.942008007,0.375,0,0,3,0.22268,0,0,0,0,0,0,15,0,0,0,0,0,0,0,3,0,0,3,0,0,0,0,0,0,0,0,0,0,0,332.45,901,C[n+]1ccn(COCC(COCn2cc[n+](C)c2)OCn2cc[n+](C)c2)c1.N#C[N-]C#N.N#C[N-]C#N.N#C[N-]C#N,1.605429891
0.241683067,-6.721527778,0.046204793,13.36666667,0,1.112326211,3.84e-07,-6.51,6.41e+19,24.94146072,26.59279224,62.91929704,18.98196022,0.0,33.04998301,0.0,77.90937979,0.0,16.69035448,0.0,13.21376393,60.13974692,0.0,13.21376393,13.70129894,0.0,116.5757942,114.1770552,0.0,12.38220337,6.103966388,33.40621417,32.01647259,16.69035448,0.0,50.49093086,124.0701947,14.21058886,0.0,0.0,0.0,31.2812462,18.18964691,4.520909284,-40.32916667,0.357142857,0,0,6,6.9677,0,0,0,0,0,0,9,0,0,0,0,0,0,0,0,0,0,3,0,0,0,0,0,0,0,0,0,0,0,312.55,902,O=S(=O)([N-]S(=O)(=O)C(F)(F)F)C(F)(F)F.O=S(=O)([N-]S(=O)(=O)C(F)(F)F)C(F)(F)F.O=S(=O)([N-]S(=O)(=O)C(F)(F)F)C(F)(F)F.c1ccc(C[n+]2ccn(COCC(COCn3cc[n+](Cc4ccccc4)c3)OCn3cc[n+](Cc4ccccc4)c3)c2)cc1,-0.198450939
0.241683067,-6.721527778,0.046204793,13.36666667,0,1.112326211,3.84e-07,-6.51,6.41e+19,24.94146072,26.59279224,62.91929704,18.98196022,0.0,33.04998301,0.0,77.90937979,0.0,16.69035448,0.0,13.21376393,60.13974692,0.0,13.21376393,13.70129894,0.0,116.5757942,114.1770552,0.0,12.38220337,6.103966388,33.40621417,32.01647259,16.69035448,0.0,50.49093086,124.0701947,14.21058886,0.0,0.0,0.0,31.2812462,18.18964691,4.520909284,-40.32916667,0.357142857,0,0,6,6.9677,0,0,0,0,0,0,9,0,0,0,0,0,0,0,0,0,0,3,0,0,0,0,0,0,0,0,0,0,0,322.85,903,O=S(=O)([N-]S(=O)(=O)C(F)(F)F)C(F)(F)F.O=S(=O)([N-]S(=O)(=O)C(F)(F)F)C(F)(F)F.O=S(=O)([N-]S(=O)(=O)C(F)(F)F)C(F)(F)F.c1ccc(C[n+]2ccn(COCC(COCn3cc[n+](Cc4ccccc4)c3)OCn3cc[n+](Cc4ccccc4)c3)c2)cc1,-0.287682072
0.241683067,-6.721527778,0.046204793,13.36666667,0,1.112326211,3.84e-07,-6.51,6.41e+19,24.94146072,26.59279224,62.91929704,18.98196022,0.0,33.04998301,0.0,77.90937979,0.0,16.69035448,0.0,13.21376393,60.13974692,0.0,13.21376393,13.70129894,0.0,116.5757942,114.1770552,0.0,12.38220337,6.103966388,33.40621417,32.01647259,16.69035448,0.0,50.49093086,124.0701947,14.21058886,0.0,0.0,0.0,31.2812462,18.18964691,4.520909284,-40.32916667,0.357142857,0,0,6,6.9677,0,0,0,0,0,0,9,0,0,0,0,0,0,0,0,0,0,3,0,0,0,0,0,0,0,0,0,0,0,332.65,904,O=S(=O)([N-]S(=O)(=O)C(F)(F)F)C(F)(F)F.O=S(=O)([N-]S(=O)(=O)C(F)(F)F)C(F)(F)F.O=S(=O)([N-]S(=O)(=O)C(F)(F)F)C(F)(F)F.c1ccc(C[n+]2ccn(COCC(COCn3cc[n+](Cc4ccccc4)c3)OCn3cc[n+](Cc4ccccc4)c3)c2)cc1,-0.261364764
0.184221464,-6.0,0.027107354,11.86363636,0,3.868051645,2.42e-06,-3.135194805,23927600000000.0,36.91937343,65.99849558,43.28502782,0.0,17.47321349,21.76322506,0.0,27.40259789,0.0,38.52492974,20.7712116,32.84803315,21.76322506,0.0,13.21376393,13.70129894,0.0,54.78225432,54.03730832,0.0,0.0,6.103966388,33.40621417,19.63426922,133.0480027,0.0,0.0,106.1260825,14.21058886,0.0,0.0,3.680486842,0.0,36.40623021,19.00478648,-18.0,0.785714286,0,0,3,12.55166,0,0,0,0,0,0,6,0,0,0,0,0,0,0,3,0,0,3,0,0,0,0,0,0,0,0,0,0,12,312.55,905,CCCCCCCC[n+]1ccn(COCC(COCn2cc[n+](CCCCCCCC)c2C)OCn2cc[n+](CCCCCCCC)c2C)c1C.F[B-](F)(F)F.F[B-](F)(F)F.F[B-](F)(F)F,-0.261364764
0.184221464,-6.0,0.027107354,11.86363636,0,3.868051645,2.42e-06,-3.135194805,23927600000000.0,36.91937343,65.99849558,43.28502782,0.0,17.47321349,21.76322506,0.0,27.40259789,0.0,38.52492974,20.7712116,32.84803315,21.76322506,0.0,13.21376393,13.70129894,0.0,54.78225432,54.03730832,0.0,0.0,6.103966388,33.40621417,19.63426922,133.0480027,0.0,0.0,106.1260825,14.21058886,0.0,0.0,3.680486842,0.0,36.40623021,19.00478648,-18.0,0.785714286,0,0,3,12.55166,0,0,0,0,0,0,6,0,0,0,0,0,0,0,3,0,0,3,0,0,0,0,0,0,0,0,0,0,12,322.45,906,CCCCCCCC[n+]1ccn(COCC(COCn2cc[n+](CCCCCCCC)c2C)OCn2cc[n+](CCCCCCCC)c2C)c1C.F[B-](F)(F)F.F[B-](F)(F)F.F[B-](F)(F)F,-0.261364764
0.184221464,-6.0,0.027107354,11.86363636,0,3.868051645,2.42e-06,-3.135194805,23927600000000.0,36.91937343,65.99849558,43.28502782,0.0,17.47321349,21.76322506,0.0,27.40259789,0.0,38.52492974,20.7712116,32.84803315,21.76322506,0.0,13.21376393,13.70129894,0.0,54.78225432,54.03730832,0.0,0.0,6.103966388,33.40621417,19.63426922,133.0480027,0.0,0.0,106.1260825,14.21058886,0.0,0.0,3.680486842,0.0,36.40623021,19.00478648,-18.0,0.785714286,0,0,3,12.55166,0,0,0,0,0,0,6,0,0,0,0,0,0,0,3,0,0,3,0,0,0,0,0,0,0,0,0,0,12,332.95,907,CCCCCCCC[n+]1ccn(COCC(COCn2cc[n+](CCCCCCCC)c2C)OCn2cc[n+](CCCCCCCC)c2C)c1C.F[B-](F)(F)F.F[B-](F)(F)F.F[B-](F)(F)F,-0.274436846
0.184221464,-6.721527778,0.029245493,13.46875,0,1.288306327,1.61e-06,-4.17,1.98e+22,32.43512456,26.59279224,43.28502782,0.0,17.47321349,33.04998301,0.0,77.90937979,0.0,38.52492974,20.7712116,32.84803315,60.13974692,0.0,13.21376393,13.70129894,0.0,116.5757942,114.1770552,0.0,12.38220337,6.103966388,33.40621417,32.01647259,133.0480027,0.0,0.0,106.1260825,14.21058886,0.0,0.0,3.680486842,0.0,36.40623021,19.00478648,-40.32916667,0.8125,0,0,3,11.82956,0,0,0,0,0,0,9,0,0,0,0,0,0,0,3,0,0,3,0,0,0,0,0,0,0,0,0,0,12,312.55,908,CCCCCCCC[n+]1ccn(COCC(COCn2cc[n+](CCCCCCCC)c2C)OCn2cc[n+](CCCCCCCC)c2C)c1C.O=S(=O)([N-]S(=O)(=O)C(F)(F)F)C(F)(F)F.O=S(=O)([N-]S(=O)(=O)C(F)(F)F)C(F)(F)F.O=S(=O)([N-]S(=O)(=O)C(F)(F)F)C(F)(F)F,-0.916290732
0.184221464,-6.721527778,0.029245493,13.46875,0,1.288306327,1.61e-06,-4.17,1.98e+22,32.43512456,26.59279224,43.28502782,0.0,17.47321349,33.04998301,0.0,77.90937979,0.0,38.52492974,20.7712116,32.84803315,60.13974692,0.0,13.21376393,13.70129894,0.0,116.5757942,114.1770552,0.0,12.38220337,6.103966388,33.40621417,32.01647259,133.0480027,0.0,0.0,106.1260825,14.21058886,0.0,0.0,3.680486842,0.0,36.40623021,19.00478648,-40.32916667,0.8125,0,0,3,11.82956,0,0,0,0,0,0,9,0,0,0,0,0,0,0,3,0,0,3,0,0,0,0,0,0,0,0,0,0,12,322.45,909,CCCCCCCC[n+]1ccn(COCC(COCn2cc[n+](CCCCCCCC)c2C)OCn2cc[n+](CCCCCCCC)c2C)c1C.O=S(=O)([N-]S(=O)(=O)C(F)(F)F)C(F)(F)F.O=S(=O)([N-]S(=O)(=O)C(F)(F)F)C(F)(F)F.O=S(=O)([N-]S(=O)(=O)C(F)(F)F)C(F)(F)F,-0.916290732
0.184221464,-6.721527778,0.029245493,13.46875,0,1.288306327,1.61e-06,-4.17,1.98e+22,32.43512456,26.59279224,43.28502782,0.0,17.47321349,33.04998301,0.0,77.90937979,0.0,38.52492974,20.7712116,32.84803315,60.13974692,0.0,13.21376393,13.70129894,0.0,116.5757942,114.1770552,0.0,12.38220337,6.103966388,33.40621417,32.01647259,133.0480027,0.0,0.0,106.1260825,14.21058886,0.0,0.0,3.680486842,0.0,36.40623021,19.00478648,-40.32916667,0.8125,0,0,3,11.82956,0,0,0,0,0,0,9,0,0,0,0,0,0,0,3,0,0,3,0,0,0,0,0,0,0,0,0,0,12,332.45,910,CCCCCCCC[n+]1ccn(COCC(COCn2cc[n+](CCCCCCCC)c2C)OCn2cc[n+](CCCCCCCC)c2C)c1C.O=S(=O)([N-]S(=O)(=O)C(F)(F)F)C(F)(F)F.O=S(=O)([N-]S(=O)(=O)C(F)(F)F)C(F)(F)F.O=S(=O)([N-]S(=O)(=O)C(F)(F)F)C(F)(F)F,-0.891598119
0.777777778,-6.721527778,0.529085858,18.83333333,0,2.724249074,4.96e-07,-0.6,47598.07981,6.721579519,8.610431983,0.0,0.0,0.0,11.016661,0.0,16.83559397,0.0,6.420821623,12.84164325,26.6819412,20.04658231,0.0,26.6819412,0.0,0.0,59.01722703,20.04658231,0.0,4.127401125,0.0,0.0,4.127401125,43.37976494,0.0,0.0,13.97140918,0.0,0.0,0.0,0.0,0.0,4.253472222,6.517361111,-11.05763889,1.0,0,0,1,2.6961,0,0,0,0,0,0,2,0,0,1,0,0,0,0,0,0,0,0,0,0,0,0,0,0,0,0,1,0,0,323.15,911,CCC[N+]1(C)CCCC1.O=S(=O)([N-]S(=O)(=O)C(F)(F)F)C(F)(F)F,0.31481074
0.777777778,-6.721527778,0.529085858,18.83333333,0,2.724249074,4.96e-07,-0.6,47598.07981,6.721579519,8.610431983,0.0,0.0,0.0,11.016661,0.0,16.83559397,0.0,6.420821623,12.84164325,26.6819412,20.04658231,0.0,26.6819412,0.0,0.0,59.01722703,20.04658231,0.0,4.127401125,0.0,0.0,4.127401125,43.37976494,0.0,0.0,13.97140918,0.0,0.0,0.0,0.0,0.0,4.253472222,6.517361111,-11.05763889,1.0,0,0,1,2.6961,0,0,0,0,0,0,2,0,0,1,0,0,0,0,0,0,0,0,0,0,0,0,0,0,0,0,1,0,0,333.15,912,CCC[N+]1(C)CCCC1.O=S(=O)([N-]S(=O)(=O)C(F)(F)F)C(F)(F)F,0.322083499
0.777777778,-6.721527778,0.529085858,18.83333333,0,2.724249074,4.96e-07,-0.6,47598.07981,6.721579519,8.610431983,0.0,0.0,0.0,11.016661,0.0,16.83559397,0.0,6.420821623,12.84164325,26.6819412,20.04658231,0.0,26.6819412,0.0,0.0,59.01722703,20.04658231,0.0,4.127401125,0.0,0.0,4.127401125,43.37976494,0.0,0.0,13.97140918,0.0,0.0,0.0,0.0,0.0,4.253472222,6.517361111,-11.05763889,1.0,0,0,1,2.6961,0,0,0,0,0,0,2,0,0,1,0,0,0,0,0,0,0,0,0,0,0,0,0,0,0,0,1,0,0,343.15,913,CCC[N+]1(C)CCCC1.O=S(=O)([N-]S(=O)(=O)C(F)(F)F)C(F)(F)F,0.371563556
0.777777778,-6.721527778,0.362697868,18.30769231,0,2.82879584,5.02e-07,-0.6,130512.1537,7.9625,8.610431983,0.0,0.0,0.0,11.016661,0.0,16.83559397,0.0,12.84164325,12.84164325,26.6819412,20.04658231,0.0,26.6819412,0.0,0.0,59.01722703,20.04658231,0.0,4.127401125,0.0,0.0,4.127401125,56.22140819,0.0,0.0,13.97140918,0.0,0.0,0.0,0.0,0.0,7.144930556,6.574652778,-11.02375,1.0,0,0,1,3.4763,0,0,0,0,0,0,2,0,0,1,0,0,0,0,0,0,0,0,0,0,0,0,0,0,0,0,1,0,1,323.15,914,CCCCC[N+]1(C)CCCC1.O=S(=O)([N-]S(=O)(=O)C(F)(F)F)C(F)(F)F,0.086177696
0.777777778,-6.721527778,0.362697868,18.30769231,0,2.82879584,5.02e-07,-0.6,130512.1537,7.9625,8.610431983,0.0,0.0,0.0,11.016661,0.0,16.83559397,0.0,12.84164325,12.84164325,26.6819412,20.04658231,0.0,26.6819412,0.0,0.0,59.01722703,20.04658231,0.0,4.127401125,0.0,0.0,4.127401125,56.22140819,0.0,0.0,13.97140918,0.0,0.0,0.0,0.0,0.0,7.144930556,6.574652778,-11.02375,1.0,0,0,1,3.4763,0,0,0,0,0,0,2,0,0,1,0,0,0,0,0,0,0,0,0,0,0,0,0,0,0,0,1,0,1,333.15,915,CCCCC[N+]1(C)CCCC1.O=S(=O)([N-]S(=O)(=O)C(F)(F)F)C(F)(F)F,0.104360015
0.777777778,-6.721527778,0.362697868,18.30769231,0,2.82879584,5.02e-07,-0.6,130512.1537,7.9625,8.610431983,0.0,0.0,0.0,11.016661,0.0,16.83559397,0.0,12.84164325,12.84164325,26.6819412,20.04658231,0.0,26.6819412,0.0,0.0,59.01722703,20.04658231,0.0,4.127401125,0.0,0.0,4.127401125,56.22140819,0.0,0.0,13.97140918,0.0,0.0,0.0,0.0,0.0,7.144930556,6.574652778,-11.02375,1.0,0,0,1,3.4763,0,0,0,0,0,0,2,0,0,1,0,0,0,0,0,0,0,0,0,0,0,0,0,0,0,0,1,0,1,343.15,916,CCCCC[N+]1(C)CCCC1.O=S(=O)([N-]S(=O)(=O)C(F)(F)F)C(F)(F)F,0.131028262
1.150138889,-10.65740741,0.438937144,15.52941176,0,2.416505751,3.25e-07,-0.78,1877.624968,17.81292137,0.0,12.39368714,6.327320075,0.0,32.98994288,0.0,9.134199296,0.0,6.420821623,0.0,13.59242839,7.808509084,7.047671983,0.0,4.567099648,7.808509084,4.567099648,13.59242839,0.0,0.0,0.0,0.0,6.544756406,12.84164325,0.0,7.047671983,34.77894371,0.0,0.0,0.0,0.0,0.0,8.817018141,3.361944444,-8.613314437,0.625,0,0,1,4.4951,0,0,0,0,0,0,2,0,0,0,0,0,0,0,2,0,0,0,0,0,0,0,0,0,0,0,0,0,0,315.9,917,CCCC[n+]1ccn(C)c1.F[P-](F)(F)(F)(F)F,0.536493371
1.150138889,-10.65740741,0.438937144,15.52941176,0,2.416505751,3.25e-07,-0.78,1877.624968,17.81292137,0.0,12.39368714,6.327320075,0.0,32.98994288,0.0,9.134199296,0.0,6.420821623,0.0,13.59242839,7.808509084,7.047671983,0.0,4.567099648,7.808509084,4.567099648,13.59242839,0.0,0.0,0.0,0.0,6.544756406,12.84164325,0.0,7.047671983,34.77894371,0.0,0.0,0.0,0.0,0.0,8.817018141,3.361944444,-8.613314437,0.625,0,0,1,4.4951,0,0,0,0,0,0,2,0,0,0,0,0,0,0,2,0,0,0,0,0,0,0,0,0,0,0,0,0,0,325.3,918,CCCC[n+]1ccn(C)c1.F[P-](F)(F)(F)(F)F,0.463734016
1.150138889,-10.65740741,0.438937144,15.52941176,0,2.416505751,3.25e-07,-0.78,1877.624968,17.81292137,0.0,12.39368714,6.327320075,0.0,32.98994288,0.0,9.134199296,0.0,6.420821623,0.0,13.59242839,7.808509084,7.047671983,0.0,4.567099648,7.808509084,4.567099648,13.59242839,0.0,0.0,0.0,0.0,6.544756406,12.84164325,0.0,7.047671983,34.77894371,0.0,0.0,0.0,0.0,0.0,8.817018141,3.361944444,-8.613314437,0.625,0,0,1,4.4951,0,0,0,0,0,0,2,0,0,0,0,0,0,0,2,0,0,0,0,0,0,0,0,0,0,0,0,0,0,334.8,919,CCCC[n+]1ccn(C)c1.F[P-](F)(F)(F)(F)F,0.536493371
0.777777778,-6.721527778,0.503673038,18.56,0,2.805862298,4.96e-07,-0.6,80430.04277,7.661259973,8.610431983,0.0,0.0,0.0,11.016661,0.0,16.83559397,0.0,6.420821623,12.84164325,26.6819412,20.04658231,0.0,26.6819412,0.0,0.0,59.01722703,20.04658231,0.0,4.127401125,0.0,0.0,4.127401125,49.80058657,0.0,0.0,13.97140918,0.0,0.0,0.0,0.0,0.0,5.685286281,6.554297052,-11.03763889,1.0,0,0,1,3.0862,0,0,0,0,0,0,2,0,0,1,0,0,0,0,0,0,0,0,0,0,0,0,0,0,0,0,1,0,0,313.1,920,CCCC[N+]1(C)CCCC1.O=S(=O)([N-]S(=O)(=O)C(F)(F)F)C(F)(F)F,0.198850859
0.777777778,-6.721527778,0.503673038,18.56,0,2.805862298,4.96e-07,-0.6,80430.04277,7.661259973,8.610431983,0.0,0.0,0.0,11.016661,0.0,16.83559397,0.0,6.420821623,12.84164325,26.6819412,20.04658231,0.0,26.6819412,0.0,0.0,59.01722703,20.04658231,0.0,4.127401125,0.0,0.0,4.127401125,49.80058657,0.0,0.0,13.97140918,0.0,0.0,0.0,0.0,0.0,5.685286281,6.554297052,-11.03763889,1.0,0,0,1,3.0862,0,0,0,0,0,0,2,0,0,1,0,0,0,0,0,0,0,0,0,0,0,0,0,0,0,0,1,0,0,333.1,921,CCCC[N+]1(C)CCCC1.O=S(=O)([N-]S(=O)(=O)C(F)(F)F)C(F)(F)F,0.254642218
0.777777778,-6.721527778,0.503673038,18.56,0,2.805862298,4.96e-07,-0.6,80430.04277,7.661259973,8.610431983,0.0,0.0,0.0,11.016661,0.0,16.83559397,0.0,6.420821623,12.84164325,26.6819412,20.04658231,0.0,26.6819412,0.0,0.0,59.01722703,20.04658231,0.0,4.127401125,0.0,0.0,4.127401125,49.80058657,0.0,0.0,13.97140918,0.0,0.0,0.0,0.0,0.0,5.685286281,6.554297052,-11.03763889,1.0,0,0,1,3.0862,0,0,0,0,0,0,2,0,0,1,0,0,0,0,0,0,0,0,0,0,0,0,0,0,0,0,1,0,0,353.1,922,CCCC[N+]1(C)CCCC1.O=S(=O)([N-]S(=O)(=O)C(F)(F)F)C(F)(F)F,0.31481074
1.150138889,-6.0,0.424788927,10.8,0,2.445635406,3.36e-07,-1.005064935,1357.32765,10.91851685,17.26263557,12.39368714,6.327320075,0.0,7.254408353,0.0,9.134199296,0.0,6.420821623,0.0,13.59242839,7.254408353,7.047671983,0.0,4.567099648,0.0,11.821508,13.59242839,0.0,0.0,0.0,0.0,6.544756406,12.84164325,0.0,7.047671983,34.77894371,0.0,0.0,0.0,0.0,0.0,8.817018141,3.361944444,-3.955907029,0.625,0,0,1,2.4127,0,0,0,0,0,0,2,0,0,0,0,0,0,0,2,0,0,0,0,0,0,0,0,0,0,0,0,0,0,313.1,923,CCCC[n+]1ccn(C)c1.F[B-](F)(F)F,1.187843422
1.150138889,-6.0,0.424788927,10.8,0,2.445635406,3.36e-07,-1.005064935,1357.32765,10.91851685,17.26263557,12.39368714,6.327320075,0.0,7.254408353,0.0,9.134199296,0.0,6.420821623,0.0,13.59242839,7.254408353,7.047671983,0.0,4.567099648,0.0,11.821508,13.59242839,0.0,0.0,0.0,0.0,6.544756406,12.84164325,0.0,7.047671983,34.77894371,0.0,0.0,0.0,0.0,0.0,8.817018141,3.361944444,-3.955907029,0.625,0,0,1,2.4127,0,0,0,0,0,0,2,0,0,0,0,0,0,0,2,0,0,0,0,0,0,0,0,0,0,0,0,0,0,333.1,924,CCCC[n+]1ccn(C)c1.F[B-](F)(F)F,1.202972304
1.150138889,-6.0,0.424788927,10.8,0,2.445635406,3.36e-07,-1.005064935,1357.32765,10.91851685,17.26263557,12.39368714,6.327320075,0.0,7.254408353,0.0,9.134199296,0.0,6.420821623,0.0,13.59242839,7.254408353,7.047671983,0.0,4.567099648,0.0,11.821508,13.59242839,0.0,0.0,0.0,0.0,6.544756406,12.84164325,0.0,7.047671983,34.77894371,0.0,0.0,0.0,0.0,0.0,8.817018141,3.361944444,-3.955907029,0.625,0,0,1,2.4127,0,0,0,0,0,0,2,0,0,0,0,0,0,0,2,0,0,0,0,0,0,0,0,0,0,0,0,0,0,353.1,925,CCCC[n+]1ccn(C)c1.F[B-](F)(F)F,1.223775432
1.149583333,-6.0,0.430669346,10.625,0,2.144211443,3.85e-07,-1.065064935,1886.90607,11.01224508,17.26263557,6.544756406,0.0,0.0,7.254408353,0.0,4.567099648,0.0,12.48718869,18.55355576,0.0,7.254408353,0.0,0.0,4.567099648,0.0,7.254408353,6.544756406,0.0,0.0,0.0,0.0,6.544756406,18.40509474,0.0,0.0,42.94099533,0.0,0.0,0.0,0.0,4.296944444,6.823998724,5.481836026,-6.0,0.5,0,0,1,3.38262,0,0,0,0,0,0,1,0,0,0,0,0,0,0,2,0,0,0,0,0,0,0,0,0,0,1,0,0,0,313.1,926,CCCC[n+]1ccc(C)cc1.F[B-](F)(F)F,0.978326123
1.149583333,-6.0,0.430669346,10.625,0,2.144211443,3.85e-07,-1.065064935,1886.90607,11.01224508,17.26263557,6.544756406,0.0,0.0,7.254408353,0.0,4.567099648,0.0,12.48718869,18.55355576,0.0,7.254408353,0.0,0.0,4.567099648,0.0,7.254408353,6.544756406,0.0,0.0,0.0,0.0,6.544756406,18.40509474,0.0,0.0,42.94099533,0.0,0.0,0.0,0.0,4.296944444,6.823998724,5.481836026,-6.0,0.5,0,0,1,3.38262,0,0,0,0,0,0,1,0,0,0,0,0,0,0,2,0,0,0,0,0,0,0,0,0,0,1,0,0,0,333.1,927,CCCC[n+]1ccc(C)cc1.F[B-](F)(F)F,0.989541194
1.149583333,-6.0,0.430669346,10.625,0,2.144211443,3.85e-07,-1.065064935,1886.90607,11.01224508,17.26263557,6.544756406,0.0,0.0,7.254408353,0.0,4.567099648,0.0,12.48718869,18.55355576,0.0,7.254408353,0.0,0.0,4.567099648,0.0,7.254408353,6.544756406,0.0,0.0,0.0,0.0,6.544756406,18.40509474,0.0,0.0,42.94099533,0.0,0.0,0.0,0.0,4.296944444,6.823998724,5.481836026,-6.0,0.5,0,0,1,3.38262,0,0,0,0,0,0,1,0,0,0,0,0,0,0,2,0,0,0,0,0,0,0,0,0,0,1,0,0,0,353.1,928,CCCC[n+]1ccc(C)cc1.F[B-](F)(F)F,1.004301609
0.0,-0.358276224,0.256322283,9.133333333,0,2.583363683,1.96e-06,-1.1,1785.104305,5.366230174,21.71831381,12.39368714,6.327320075,0.0,5.969305288,0.0,13.92873648,0.0,0.0,12.49684173,20.19931035,5.969305288,7.047671983,6.606881965,21.5485505,0.0,17.1432869,23.12382853,0.0,0.0,22.95075614,6.606881965,12.96557803,6.076020107,0.0,34.9028785,6.578935684,4.736862954,0.0,10.67605316,-0.358276224,0.0,7.920948444,4.607450813,1.966506234,0.4,0,0,1,-2.5641,0,0,0,0,1,1,2,0,0,0,0,0,0,0,2,0,1,1,0,0,0,0,0,0,0,0,0,0,1,313.15,929,C=CC(=O)OCCCn1cc[n+](C)c1.[Br-],2.560323289
0.0,-0.358276224,0.256322283,9.133333333,0,2.583363683,1.96e-06,-1.1,1785.104305,5.366230174,21.71831381,12.39368714,6.327320075,0.0,5.969305288,0.0,13.92873648,0.0,0.0,12.49684173,20.19931035,5.969305288,7.047671983,6.606881965,21.5485505,0.0,17.1432869,23.12382853,0.0,0.0,22.95075614,6.606881965,12.96557803,6.076020107,0.0,34.9028785,6.578935684,4.736862954,0.0,10.67605316,-0.358276224,0.0,7.920948444,4.607450813,1.966506234,0.4,0,0,1,-2.5641,0,0,0,0,1,1,2,0,0,0,0,0,0,0,2,0,1,1,0,0,0,0,0,0,0,0,0,0,1,323.15,930,C=CC(=O)OCCCn1cc[n+](C)c1.[Br-],2.492378665
1.1675,-6.0,0.330011132,10.94117647,0,2.564273858,4.37e-07,-1.005064935,3718.197093,12.92858638,17.26263557,12.39368714,6.327320075,0.0,7.254408353,0.0,9.134199296,0.0,12.84164325,0.0,13.59242839,7.254408353,7.047671983,0.0,4.567099648,0.0,11.821508,13.59242839,0.0,0.0,0.0,0.0,0.0,32.2280429,0.0,0.0,41.8266157,0.0,0.0,0.0,0.0,0.0,11.69987733,3.413194444,-3.94192169,0.7,0,0,1,3.1929,0,0,0,0,0,0,2,0,0,0,0,0,0,0,2,0,0,0,0,0,0,0,0,0,0,0,0,0,2,343.0,931,CCCCCC[n+]1ccn(C)c1.F[B-](F)(F)F,0.959350221
0.0,0.0,0.326690104,10.15789474,0,2.808270285,3.24e-06,-0.57,15181.50916,9.036180493,16.98145085,18.93844355,6.327320075,0.0,0.0,0.0,9.134199296,0.0,12.84164325,0.0,6.544756406,0.0,0.0,0.0,21.5485505,0.0,4.567099648,13.08951281,0.0,0.0,16.98145085,0.0,13.08951281,51.36657298,0.0,6.076020107,41.3578794,0.0,0.0,0.0,0.0,0.0,19.47241799,8.084793157,0.0,0.6875,0,0,1,1.1063,0,0,0,0,0,0,2,0,0,0,0,0,1,0,1,0,0,0,0,0,0,0,0,0,0,0,0,0,6,323.15,932,C=CC[n+]1ccn(CCCCCCCCCC)c1.[Br-],0.615185639
0.0,0.0,0.35299422,9.941176471,0,2.716897333,2.56e-06,-0.57,5610.392993,7.371779734,16.98145085,18.93844355,6.327320075,0.0,0.0,0.0,9.134199296,0.0,12.84164325,0.0,6.544756406,0.0,0.0,0.0,21.5485505,0.0,4.567099648,13.08951281,0.0,0.0,16.98145085,0.0,13.08951281,38.52492974,0.0,6.076020107,41.3578794,0.0,0.0,0.0,0.0,0.0,16.51950035,8.05648809,0.0,0.642857143,0,0,1,0.3261,0,0,0,0,0,0,2,0,0,0,0,0,1,0,1,0,0,0,0,0,0,0,0,0,0,0,0,0,4,323.15,933,C=CC[n+]1ccn(CCCCCCCC)c1.[Br-],0.652325186
0.0,0.0,0.371014365,8.5,0,2.165879683,8.1e-07,-0.57,147.2798185,2.351355522,16.98145085,18.93844355,6.327320075,0.0,0.0,0.0,9.134199296,0.0,0.0,0.0,7.047671983,0.0,7.047671983,0.0,21.5485505,0.0,4.567099648,13.59242839,0.0,0.0,16.98145085,0.0,6.544756406,0.0,0.0,36.41179896,11.14603533,0.0,0.0,0.0,0.0,0.0,7.909583333,4.524852608,1.999591837,0.285714286,0,0,1,-2.4974,0,0,0,0,0,0,2,0,0,0,0,0,1,0,1,0,0,0,0,0,0,0,0,0,0,0,0,0,0,323.15,934,C=CC[n+]1ccn(C)c1.[Br-],1.822935087
0.0,-1.175179201,0.306713977,10.35,0,2.810076366,3.61e-06,-0.325064935,21078.38282,9.558594225,27.029496,12.39368714,6.327320075,0.0,7.118392334,0.0,9.134199296,0.0,25.58263826,0.0,13.08951281,7.118392334,0.0,0.0,21.5485505,0.0,21.73353713,13.08951281,6.320173392,0.0,16.98145085,6.320173392,19.51033443,38.52492974,0.0,0.0,34.77894371,10.04804515,0.0,0.0,0.0,0.0,15.43967003,4.177808589,-1.175179201,0.785714286,0,0,1,-0.997,0,0,0,0,0,0,2,0,0,0,0,0,0,0,2,0,0,0,0,0,0,0,0,0,0,0,0,0,4,323.15,935,CCCCCCCC[n+]1ccn(CCCB(O)O)c1.[Br-],0.879626748
0.0,-1.176545847,0.255664186,10.625,0,2.964330539,5.29e-06,-0.325064935,152396.233,13.02085107,27.029496,12.39368714,6.327320075,0.0,7.118392334,0.0,9.134199296,0.0,25.58263826,0.0,13.08951281,7.118392334,0.0,0.0,21.5485505,0.0,21.73353713,13.08951281,6.320173392,0.0,16.98145085,6.320173392,19.51033443,64.20821623,0.0,0.0,34.77894371,10.04804515,0.0,0.0,0.0,0.0,21.27037364,4.208823633,-1.176545847,0.833333333,0,0,1,0.5634,0,0,0,0,0,0,2,0,0,0,0,0,0,0,2,0,0,0,0,0,0,0,0,0,0,0,0,0,8,323.15,936,CCCCCCCCCCCC[n+]1ccn(CCCB(O)O)c1.[Br-],1.211940974
0.0,0.0,0.289651319,10.33333333,0,2.889549438,4e-06,-0.57,40895.79319,10.75283539,16.98145085,18.93844355,6.327320075,0.0,0.0,0.0,9.134199296,0.0,12.84164325,0.0,6.544756406,0.0,0.0,0.0,21.5485505,0.0,4.567099648,13.08951281,0.0,0.0,16.98145085,0.0,13.08951281,64.20821623,0.0,6.076020107,41.3578794,0.0,0.0,0.0,0.0,0.0,22.43912202,8.104975075,0.0,0.722222222,0,0,1,1.8865,0,0,0,0,0,0,2,0,0,0,0,0,1,0,1,0,0,0,0,0,0,0,0,0,0,0,0,0,8,323.15,937,C=CC[n+]1ccn(CCCCCCCCCCCC)c1.[Br-],0.322083499
0.0,-1.175914825,0.284782579,10.5,0,2.89120961,4.41e-06,-0.325064935,56774.68311,11.26988467,27.029496,12.39368714,6.327320075,0.0,7.118392334,0.0,9.134199296,0.0,25.58263826,0.0,13.08951281,7.118392334,0.0,0.0,21.5485505,0.0,21.73353713,13.08951281,6.320173392,0.0,16.98145085,6.320173392,19.51033443,51.36657298,0.0,0.0,34.77894371,10.04804515,0.0,0.0,0.0,0.0,18.34333531,4.19636216,-1.175914825,0.8125,0,0,1,-0.2168,0,0,0,0,0,0,2,0,0,0,0,0,0,0,2,0,0,0,0,0,0,0,0,0,0,0,0,0,6,323.15,938,CCCCCCCCCC[n+]1ccn(CCCB(O)O)c1.[Br-],0.587786665
0.0,-0.282554526,0.265035218,9.789473684,0,2.73046781,3.24e-06,-1.1,11339.63282,7.822958237,21.71831381,12.39368714,6.327320075,0.0,5.969305288,0.0,13.92873648,0.0,32.60702369,5.57310453,20.19931035,5.969305288,7.047671983,6.606881965,21.5485505,0.0,17.1432869,23.12382853,0.0,0.0,22.95075614,12.17998649,32.2280429,0.0,6.9237372,17.8116152,23.67019898,4.736862954,0.0,11.0916011,-0.282554526,0.0,10.53304939,6.757904406,2.020280978,0.571428571,0,0,1,-1.0037,0,0,0,0,1,1,2,0,0,0,0,0,0,0,2,0,1,1,0,0,0,0,0,0,0,0,0,0,4,313.15,939,C=C(C)C(=O)OCCCCCCn1cc[n+](C)c1.[Br-],1.202972304
1.09375,-1.75,0.419972869,7.333333333,0,1.662994737,0.0,-0.84,53.2158316,141.6760523,21.05523877,0.0,0.0,0.0,0.0,0.0,0.0,0.0,6.420821623,0.0,11.63137545,0.0,0.0,6.544756406,5.733667477,0.0,11.63137545,0.0,0.0,0.0,0.0,0.0,6.544756406,12.84164325,0.0,0.0,12.65740468,15.32157129,0.0,8.25,0.0,0.0,2.559027778,3.265555556,0.0,1.0,0,0,0,-0.2107,0,0,0,0,0,0,1,0,0,0,0,0,0,0,0,0,0,0,0,0,0,0,0,0,0,0,1,0,0,298.15,940,CCCC[NH3+].O=[N+]([O-])[O-],2.03077637
0.777777778,-6.721527778,0.133647457,18.98113208,0,2.941868312,7.99e-07,-1.28,13088616834.0,18.47700165,26.69458987,26.17902562,0.0,0.0,22.03332201,0.0,33.67118794,0.0,25.68328649,0.0,53.61238464,40.09316461,0.0,79.79141026,0.0,0.0,144.4619819,49.56689052,0.0,8.25480225,0.0,0.0,34.68233011,93.18035151,0.0,0.0,14.09534397,9.473725908,0.0,0.0,0.0,0.0,9.905881271,11.37200072,-22.08520718,1.0,0,0,2,4.7893,0,0,0,0,0,0,4,0,2,0,0,0,0,0,0,0,0,2,0,0,2,0,0,0,0,0,2,0,6,308.0,941,C[N+]1(CCCCCCCCC[N+]2(C)CCOCC2)CCOCC1.O=S(=O)([N-]S(=O)(=O)C(F)(F)F)C(F)(F)F.O=S(=O)([N-]S(=O)(=O)C(F)(F)F)C(F)(F)F,-0.994252273
0.777777778,-6.721527778,0.133647457,18.98113208,0,2.941868312,7.99e-07,-1.28,13088616834.0,18.47700165,26.69458987,26.17902562,0.0,0.0,22.03332201,0.0,33.67118794,0.0,25.68328649,0.0,53.61238464,40.09316461,0.0,79.79141026,0.0,0.0,144.4619819,49.56689052,0.0,8.25480225,0.0,0.0,34.68233011,93.18035151,0.0,0.0,14.09534397,9.473725908,0.0,0.0,0.0,0.0,9.905881271,11.37200072,-22.08520718,1.0,0,0,2,4.7893,0,0,0,0,0,0,4,0,2,0,0,0,0,0,0,0,0,2,0,0,2,0,0,0,0,0,2,0,6,313.0,942,C[N+]1(CCCCCCCCC[N+]2(C)CCOCC2)CCOCC1.O=S(=O)([N-]S(=O)(=O)C(F)(F)F)C(F)(F)F.O=S(=O)([N-]S(=O)(=O)C(F)(F)F)C(F)(F)F,-0.967584026
0.777777778,-6.721527778,0.133647457,18.98113208,0,2.941868312,7.99e-07,-1.28,13088616834.0,18.47700165,26.69458987,26.17902562,0.0,0.0,22.03332201,0.0,33.67118794,0.0,25.68328649,0.0,53.61238464,40.09316461,0.0,79.79141026,0.0,0.0,144.4619819,49.56689052,0.0,8.25480225,0.0,0.0,34.68233011,93.18035151,0.0,0.0,14.09534397,9.473725908,0.0,0.0,0.0,0.0,9.905881271,11.37200072,-22.08520718,1.0,0,0,2,4.7893,0,0,0,0,0,0,4,0,2,0,0,0,0,0,0,0,0,2,0,0,2,0,0,0,0,0,2,0,6,318.0,943,C[N+]1(CCCCCCCCC[N+]2(C)CCOCC2)CCOCC1.O=S(=O)([N-]S(=O)(=O)C(F)(F)F)C(F)(F)F.O=S(=O)([N-]S(=O)(=O)C(F)(F)F)C(F)(F)F,-0.949330586
0.777777778,-6.721527778,0.133647457,18.98113208,0,2.941868312,7.99e-07,-1.28,13088616834.0,18.47700165,26.69458987,26.17902562,0.0,0.0,22.03332201,0.0,33.67118794,0.0,25.68328649,0.0,53.61238464,40.09316461,0.0,79.79141026,0.0,0.0,144.4619819,49.56689052,0.0,8.25480225,0.0,0.0,34.68233011,93.18035151,0.0,0.0,14.09534397,9.473725908,0.0,0.0,0.0,0.0,9.905881271,11.37200072,-22.08520718,1.0,0,0,2,4.7893,0,0,0,0,0,0,4,0,2,0,0,0,0,0,0,0,0,2,0,0,2,0,0,0,0,0,2,0,6,323.0,944,C[N+]1(CCCCCCCCC[N+]2(C)CCOCC2)CCOCC1.O=S(=O)([N-]S(=O)(=O)C(F)(F)F)C(F)(F)F.O=S(=O)([N-]S(=O)(=O)C(F)(F)F)C(F)(F)F,-0.93140437
0.777777778,-6.721527778,0.107872003,18.72727273,0,3.022603698,8.46e-07,-1.28,41522067033.0,18.03413652,26.69458987,26.17902562,0.0,0.0,22.03332201,0.0,33.67118794,0.0,39.53076089,0.0,52.60655348,40.09316461,0.0,78.78557911,0.0,0.0,143.4561508,49.56689052,0.0,8.25480225,0.0,0.0,34.68233011,106.2698643,0.0,0.0,13.8474744,9.473725908,0.0,0.0,0.0,0.0,9.960116808,18.83925641,-26.88611111,1.0,0,0,2,5.5695,0,0,0,0,0,0,4,0,2,0,0,0,0,0,0,0,0,2,0,0,2,0,0,0,0,0,2,0,6,308.0,945,CC[N+]1(CCCCCCCCC[N+]2(CC)CCOCC2)CCOCC1.O=S(=O)([N-]S(=O)(=O)C(F)(F)F)C(F)(F)F.O=S(=O)([N-]S(=O)(=O)C(F)(F)F)C(F)(F)F,-1.262308381
0.777777778,-6.721527778,0.107872003,18.72727273,0,3.022603698,8.46e-07,-1.28,41522067033.0,18.03413652,26.69458987,26.17902562,0.0,0.0,22.03332201,0.0,33.67118794,0.0,39.53076089,0.0,52.60655348,40.09316461,0.0,78.78557911,0.0,0.0,143.4561508,49.56689052,0.0,8.25480225,0.0,0.0,34.68233011,106.2698643,0.0,0.0,13.8474744,9.473725908,0.0,0.0,0.0,0.0,9.960116808,18.83925641,-26.88611111,1.0,0,0,2,5.5695,0,0,0,0,0,0,4,0,2,0,0,0,0,0,0,0,0,2,0,0,2,0,0,0,0,0,2,0,6,313.0,946,CC[N+]1(CCCCCCCCC[N+]2(CC)CCOCC2)CCOCC1.O=S(=O)([N-]S(=O)(=O)C(F)(F)F)C(F)(F)F.O=S(=O)([N-]S(=O)(=O)C(F)(F)F)C(F)(F)F,-1.224175512
0.777777778,-6.721527778,0.107872003,18.72727273,0,3.022603698,8.46e-07,-1.28,41522067033.0,18.03413652,26.69458987,26.17902562,0.0,0.0,22.03332201,0.0,33.67118794,0.0,39.53076089,0.0,52.60655348,40.09316461,0.0,78.78557911,0.0,0.0,143.4561508,49.56689052,0.0,8.25480225,0.0,0.0,34.68233011,106.2698643,0.0,0.0,13.8474744,9.473725908,0.0,0.0,0.0,0.0,9.960116808,18.83925641,-26.88611111,1.0,0,0,2,5.5695,0,0,0,0,0,0,4,0,2,0,0,0,0,0,0,0,0,2,0,0,2,0,0,0,0,0,2,0,6,318.0,947,CC[N+]1(CCCCCCCCC[N+]2(CC)CCOCC2)CCOCC1.O=S(=O)([N-]S(=O)(=O)C(F)(F)F)C(F)(F)F.O=S(=O)([N-]S(=O)(=O)C(F)(F)F)C(F)(F)F,-1.167962367
0.777777778,-6.721527778,0.107872003,18.72727273,0,3.022603698,8.46e-07,-1.28,41522067033.0,18.03413652,26.69458987,26.17902562,0.0,0.0,22.03332201,0.0,33.67118794,0.0,39.53076089,0.0,52.60655348,40.09316461,0.0,78.78557911,0.0,0.0,143.4561508,49.56689052,0.0,8.25480225,0.0,0.0,34.68233011,106.2698643,0.0,0.0,13.8474744,9.473725908,0.0,0.0,0.0,0.0,9.960116808,18.83925641,-26.88611111,1.0,0,0,2,5.5695,0,0,0,0,0,0,4,0,2,0,0,0,0,0,0,0,0,2,0,0,2,0,0,0,0,0,2,0,6,323.0,948,CC[N+]1(CCCCCCCCC[N+]2(CC)CCOCC2)CCOCC1.O=S(=O)([N-]S(=O)(=O)C(F)(F)F)C(F)(F)F.O=S(=O)([N-]S(=O)(=O)C(F)(F)F)C(F)(F)F,-1.127011763
0.777777778,-6.721527778,0.076393028,18.37931034,0,3.071116687,9.22e-07,-1.28,178715000000.0,19.61731505,26.69458987,26.17902562,0.0,0.0,22.03332201,0.0,33.67118794,0.0,39.53076089,0.0,52.60655348,40.09316461,0.0,78.78557911,0.0,0.0,143.4561508,49.56689052,0.0,8.25480225,0.0,0.0,34.68233011,125.5323292,0.0,0.0,13.8474744,9.473725908,0.0,0.0,0.0,0.0,14.38029858,18.89204692,-26.88611111,1.0,0,0,2,6.7398,0,0,0,0,0,0,4,0,2,0,0,0,0,0,0,0,0,2,0,0,2,0,0,0,0,0,2,0,9,308.0,949,CC[N+]1(CCCCCCCCCCCC[N+]2(CC)CCOCC2)CCOCC1.O=S(=O)([N-]S(=O)(=O)C(F)(F)F)C(F)(F)F.O=S(=O)([N-]S(=O)(=O)C(F)(F)F)C(F)(F)F,-0.818710404
0.777777778,-6.721527778,0.076393028,18.37931034,0,3.071116687,9.22e-07,-1.28,178715000000.0,19.61731505,26.69458987,26.17902562,0.0,0.0,22.03332201,0.0,33.67118794,0.0,39.53076089,0.0,52.60655348,40.09316461,0.0,78.78557911,0.0,0.0,143.4561508,49.56689052,0.0,8.25480225,0.0,0.0,34.68233011,125.5323292,0.0,0.0,13.8474744,9.473725908,0.0,0.0,0.0,0.0,14.38029858,18.89204692,-26.88611111,1.0,0,0,2,6.7398,0,0,0,0,0,0,4,0,2,0,0,0,0,0,0,0,0,2,0,0,2,0,0,0,0,0,2,0,9,313.0,950,CC[N+]1(CCCCCCCCCCCC[N+]2(CC)CCOCC2)CCOCC1.O=S(=O)([N-]S(=O)(=O)C(F)(F)F)C(F)(F)F.O=S(=O)([N-]S(=O)(=O)C(F)(F)F)C(F)(F)F,-0.772190388
0.777777778,-6.721527778,0.076393028,18.37931034,0,3.071116687,9.22e-07,-1.28,178715000000.0,19.61731505,26.69458987,26.17902562,0.0,0.0,22.03332201,0.0,33.67118794,0.0,39.53076089,0.0,52.60655348,40.09316461,0.0,78.78557911,0.0,0.0,143.4561508,49.56689052,0.0,8.25480225,0.0,0.0,34.68233011,125.5323292,0.0,0.0,13.8474744,9.473725908,0.0,0.0,0.0,0.0,14.38029858,18.89204692,-26.88611111,1.0,0,0,2,6.7398,0,0,0,0,0,0,4,0,2,0,0,0,0,0,0,0,0,2,0,0,2,0,0,0,0,0,2,0,9,318.0,951,CC[N+]1(CCCCCCCCCCCC[N+]2(CC)CCOCC2)CCOCC1.O=S(=O)([N-]S(=O)(=O)C(F)(F)F)C(F)(F)F.O=S(=O)([N-]S(=O)(=O)C(F)(F)F)C(F)(F)F,-0.811930717
0.777777778,-6.721527778,0.076393028,18.37931034,0,3.071116687,9.22e-07,-1.28,178715000000.0,19.61731505,26.69458987,26.17902562,0.0,0.0,22.03332201,0.0,33.67118794,0.0,39.53076089,0.0,52.60655348,40.09316461,0.0,78.78557911,0.0,0.0,143.4561508,49.56689052,0.0,8.25480225,0.0,0.0,34.68233011,125.5323292,0.0,0.0,13.8474744,9.473725908,0.0,0.0,0.0,0.0,14.38029858,18.89204692,-26.88611111,1.0,0,0,2,6.7398,0,0,0,0,0,0,4,0,2,0,0,0,0,0,0,0,0,2,0,0,2,0,0,0,0,0,2,0,9,323.0,952,CC[N+]1(CCCCCCCCCCCC[N+]2(CC)CCOCC2)CCOCC1.O=S(=O)([N-]S(=O)(=O)C(F)(F)F)C(F)(F)F.O=S(=O)([N-]S(=O)(=O)C(F)(F)F)C(F)(F)F,-0.825536369
0.777777778,-6.721527778,0.095905302,18.60714286,0,2.99608081,8.71e-07,-1.28,56466816008.0,20.12027882,26.69458987,26.17902562,0.0,0.0,22.03332201,0.0,33.67118794,0.0,25.68328649,0.0,53.61238464,40.09316461,0.0,79.79141026,0.0,0.0,144.4619819,49.56689052,0.0,8.25480225,0.0,0.0,34.68233011,112.4428164,0.0,0.0,14.09534397,9.473725908,0.0,0.0,0.0,0.0,14.32290062,11.4104658,-22.07297495,1.0,0,0,2,5.9596,0,0,0,0,0,0,4,0,2,0,0,0,0,0,0,0,0,2,0,0,2,0,0,0,0,0,2,0,9,308.0,953,C[N+]1(CCCCCCCCCCCC[N+]2(C)CCOCC2)CCOCC1.O=S(=O)([N-]S(=O)(=O)C(F)(F)F)C(F)(F)F.O=S(=O)([N-]S(=O)(=O)C(F)(F)F)C(F)(F)F,-1.541779264
0.777777778,-6.721527778,0.095905302,18.60714286,0,2.99608081,8.71e-07,-1.28,56466816008.0,20.12027882,26.69458987,26.17902562,0.0,0.0,22.03332201,0.0,33.67118794,0.0,25.68328649,0.0,53.61238464,40.09316461,0.0,79.79141026,0.0,0.0,144.4619819,49.56689052,0.0,8.25480225,0.0,0.0,34.68233011,112.4428164,0.0,0.0,14.09534397,9.473725908,0.0,0.0,0.0,0.0,14.32290062,11.4104658,-22.07297495,1.0,0,0,2,5.9596,0,0,0,0,0,0,4,0,2,0,0,0,0,0,0,0,0,2,0,0,2,0,0,0,0,0,2,0,9,313.0,954,C[N+]1(CCCCCCCCCCCC[N+]2(C)CCOCC2)CCOCC1.O=S(=O)([N-]S(=O)(=O)C(F)(F)F)C(F)(F)F.O=S(=O)([N-]S(=O)(=O)C(F)(F)F)C(F)(F)F,-1.505077897
0.777777778,-6.721527778,0.095905302,18.60714286,0,2.99608081,8.71e-07,-1.28,56466816008.0,20.12027882,26.69458987,26.17902562,0.0,0.0,22.03332201,0.0,33.67118794,0.0,25.68328649,0.0,53.61238464,40.09316461,0.0,79.79141026,0.0,0.0,144.4619819,49.56689052,0.0,8.25480225,0.0,0.0,34.68233011,112.4428164,0.0,0.0,14.09534397,9.473725908,0.0,0.0,0.0,0.0,14.32290062,11.4104658,-22.07297495,1.0,0,0,2,5.9596,0,0,0,0,0,0,4,0,2,0,0,0,0,0,0,0,0,2,0,0,2,0,0,0,0,0,2,0,9,318.0,955,C[N+]1(CCCCCCCCCCCC[N+]2(C)CCOCC2)CCOCC1.O=S(=O)([N-]S(=O)(=O)C(F)(F)F)C(F)(F)F.O=S(=O)([N-]S(=O)(=O)C(F)(F)F)C(F)(F)F,-1.427116356
0.777777778,-6.721527778,0.095905302,18.60714286,0,2.99608081,8.71e-07,-1.28,56466816008.0,20.12027882,26.69458987,26.17902562,0.0,0.0,22.03332201,0.0,33.67118794,0.0,25.68328649,0.0,53.61238464,40.09316461,0.0,79.79141026,0.0,0.0,144.4619819,49.56689052,0.0,8.25480225,0.0,0.0,34.68233011,112.4428164,0.0,0.0,14.09534397,9.473725908,0.0,0.0,0.0,0.0,14.32290062,11.4104658,-22.07297495,1.0,0,0,2,5.9596,0,0,0,0,0,0,4,0,2,0,0,0,0,0,0,0,0,2,0,0,2,0,0,0,0,0,2,0,9,323.0,956,C[N+]1(CCCCCCCCCCCC[N+]2(C)CCOCC2)CCOCC1.O=S(=O)([N-]S(=O)(=O)C(F)(F)F)C(F)(F)F.O=S(=O)([N-]S(=O)(=O)C(F)(F)F)C(F)(F)F,-1.402423743
1.150138889,1.150138889,0.413183681,8.384615385,0,2.492801241,4.24e-07,-1.08,830.1028134,6.11504752,12.62878915,12.39368714,6.327320075,0.0,0.0,0.0,14.39609085,0.0,6.420821623,0.0,13.59242839,12.62878915,7.047671983,0.0,4.567099648,0.0,4.567099648,26.22121754,0.0,0.0,0.0,0.0,6.544756406,18.24289654,0.0,7.047671983,47.40773286,5.261891555,3.699074074,0.0,0.0,0.0,8.817018141,3.361944444,2.044092971,0.555555556,0,0,1,1.12708,0,0,0,0,0,0,3,0,0,0,0,0,0,0,2,0,0,0,0,0,0,0,0,0,0,0,0,1,0,298.15,957,CCCC[n+]1ccn(C)c1.N#C[S-],1.223775432
1.150138889,1.150138889,0.413183681,8.384615385,0,2.492801241,4.24e-07,-1.08,830.1028134,6.11504752,12.62878915,12.39368714,6.327320075,0.0,0.0,0.0,14.39609085,0.0,6.420821623,0.0,13.59242839,12.62878915,7.047671983,0.0,4.567099648,0.0,4.567099648,26.22121754,0.0,0.0,0.0,0.0,6.544756406,18.24289654,0.0,7.047671983,47.40773286,5.261891555,3.699074074,0.0,0.0,0.0,8.817018141,3.361944444,2.044092971,0.555555556,0,0,1,1.12708,0,0,0,0,0,0,3,0,0,0,0,0,0,0,2,0,0,0,0,0,0,0,0,0,0,0,0,1,0,308.15,958,CCCC[n+]1ccn(C)c1.N#C[S-],1.247032294
1.150138889,1.150138889,0.413183681,8.384615385,0,2.492801241,4.24e-07,-1.08,830.1028134,6.11504752,12.62878915,12.39368714,6.327320075,0.0,0.0,0.0,14.39609085,0.0,6.420821623,0.0,13.59242839,12.62878915,7.047671983,0.0,4.567099648,0.0,4.567099648,26.22121754,0.0,0.0,0.0,0.0,6.544756406,18.24289654,0.0,7.047671983,47.40773286,5.261891555,3.699074074,0.0,0.0,0.0,8.817018141,3.361944444,2.044092971,0.555555556,0,0,1,1.12708,0,0,0,0,0,0,3,0,0,0,0,0,0,0,2,0,0,0,0,0,0,0,0,0,0,0,0,1,0,318.15,959,CCCC[n+]1ccn(C)c1.N#C[S-],1.25846099
1.150138889,1.150138889,0.413183681,8.384615385,0,2.492801241,4.24e-07,-1.08,830.1028134,6.11504752,12.62878915,12.39368714,6.327320075,0.0,0.0,0.0,14.39609085,0.0,6.420821623,0.0,13.59242839,12.62878915,7.047671983,0.0,4.567099648,0.0,4.567099648,26.22121754,0.0,0.0,0.0,0.0,6.544756406,18.24289654,0.0,7.047671983,47.40773286,5.261891555,3.699074074,0.0,0.0,0.0,8.817018141,3.361944444,2.044092971,0.555555556,0,0,1,1.12708,0,0,0,0,0,0,3,0,0,0,0,0,0,0,2,0,0,0,0,0,0,0,0,0,0,0,0,1,0,328.15,960,CCCC[n+]1ccn(C)c1.N#C[S-],1.261297871
1.150138889,1.150138889,0.413183681,8.384615385,0,2.492801241,4.24e-07,-1.08,830.1028134,6.11504752,12.62878915,12.39368714,6.327320075,0.0,0.0,0.0,14.39609085,0.0,6.420821623,0.0,13.59242839,12.62878915,7.047671983,0.0,4.567099648,0.0,4.567099648,26.22121754,0.0,0.0,0.0,0.0,6.544756406,18.24289654,0.0,7.047671983,47.40773286,5.261891555,3.699074074,0.0,0.0,0.0,8.817018141,3.361944444,2.044092971,0.555555556,0,0,1,1.12708,0,0,0,0,0,0,3,0,0,0,0,0,0,0,2,0,0,0,0,0,0,0,0,0,0,0,0,1,0,338.15,961,CCCC[n+]1ccn(C)c1.N#C[S-],1.266947603
1.150138889,1.150138889,0.413183681,8.384615385,0,2.492801241,4.24e-07,-1.08,830.1028134,6.11504752,12.62878915,12.39368714,6.327320075,0.0,0.0,0.0,14.39609085,0.0,6.420821623,0.0,13.59242839,12.62878915,7.047671983,0.0,4.567099648,0.0,4.567099648,26.22121754,0.0,0.0,0.0,0.0,6.544756406,18.24289654,0.0,7.047671983,47.40773286,5.261891555,3.699074074,0.0,0.0,0.0,8.817018141,3.361944444,2.044092971,0.555555556,0,0,1,1.12708,0,0,0,0,0,0,3,0,0,0,0,0,0,0,2,0,0,0,0,0,0,0,0,0,0,0,0,1,0,348.15,962,CCCC[n+]1ccn(C)c1.N#C[S-],1.278152203
1.150138889,1.150138889,0.413183681,8.384615385,0,2.492801241,4.24e-07,-1.08,830.1028134,6.11504752,12.62878915,12.39368714,6.327320075,0.0,0.0,0.0,14.39609085,0.0,6.420821623,0.0,13.59242839,12.62878915,7.047671983,0.0,4.567099648,0.0,4.567099648,26.22121754,0.0,0.0,0.0,0.0,6.544756406,18.24289654,0.0,7.047671983,47.40773286,5.261891555,3.699074074,0.0,0.0,0.0,8.817018141,3.361944444,2.044092971,0.555555556,0,0,1,1.12708,0,0,0,0,0,0,3,0,0,0,0,0,0,0,2,0,0,0,0,0,0,0,0,0,0,0,0,1,0,358.15,963,CCCC[n+]1ccn(C)c1.N#C[S-],1.286474026
1.150138889,1.150138889,0.413183681,8.384615385,0,2.492801241,4.24e-07,-1.08,830.1028134,6.11504752,12.62878915,12.39368714,6.327320075,0.0,0.0,0.0,14.39609085,0.0,6.420821623,0.0,13.59242839,12.62878915,7.047671983,0.0,4.567099648,0.0,4.567099648,26.22121754,0.0,0.0,0.0,0.0,6.544756406,18.24289654,0.0,7.047671983,47.40773286,5.261891555,3.699074074,0.0,0.0,0.0,8.817018141,3.361944444,2.044092971,0.555555556,0,0,1,1.12708,0,0,0,0,0,0,3,0,0,0,0,0,0,0,2,0,0,0,0,0,0,0,0,0,0,0,0,1,0,368.15,964,CCCC[n+]1ccn(C)c1.N#C[S-],1.294727168
0.177685185,-4.269583333,0.457565778,12.48,0,2.34335099,4.72e-07,-0.44,79036.54219,11.72643767,4.552749874,10.11812686,0.0,0.0,0.0,0.0,8.417796984,0.0,36.81018948,13.92730479,23.38121356,17.38060605,17.75371814,25.15055569,0.0,7.262479191,38.12110254,10.11812686,0.0,0.0,4.895483476,0.0,23.31716963,30.61846422,12.13273414,6.9237372,48.2072488,0.0,0.0,-0.177685185,2.641203704,5.782638889,4.468333333,18.65438681,-4.907314815,0.7,0,0,1,5.50092,0,0,0,0,0,0,0,0,0,0,0,0,0,0,1,0,0,0,0,0,0,0,0,0,0,0,0,0,0,298.15,965,CC(C)C[P+](C)(CC(C)C)CC(C)C.Cc1ccc(S(=O)(=O)[O-])cc1,0.662687973
0.177685185,-4.269583333,0.457565778,12.48,0,2.34335099,4.72e-07,-0.44,79036.54219,11.72643767,4.552749874,10.11812686,0.0,0.0,0.0,0.0,8.417796984,0.0,36.81018948,13.92730479,23.38121356,17.38060605,17.75371814,25.15055569,0.0,7.262479191,38.12110254,10.11812686,0.0,0.0,4.895483476,0.0,23.31716963,30.61846422,12.13273414,6.9237372,48.2072488,0.0,0.0,-0.177685185,2.641203704,5.782638889,4.468333333,18.65438681,-4.907314815,0.7,0,0,1,5.50092,0,0,0,0,0,0,0,0,0,0,0,0,0,0,1,0,0,0,0,0,0,0,0,0,0,0,0,0,0,308.15,966,CC(C)C[P+](C)(CC(C)C)CC(C)C.Cc1ccc(S(=O)(=O)[O-])cc1,0.593326845
0.177685185,-4.269583333,0.457565778,12.48,0,2.34335099,4.72e-07,-0.44,79036.54219,11.72643767,4.552749874,10.11812686,0.0,0.0,0.0,0.0,8.417796984,0.0,36.81018948,13.92730479,23.38121356,17.38060605,17.75371814,25.15055569,0.0,7.262479191,38.12110254,10.11812686,0.0,0.0,4.895483476,0.0,23.31716963,30.61846422,12.13273414,6.9237372,48.2072488,0.0,0.0,-0.177685185,2.641203704,5.782638889,4.468333333,18.65438681,-4.907314815,0.7,0,0,1,5.50092,0,0,0,0,0,0,0,0,0,0,0,0,0,0,1,0,0,0,0,0,0,0,0,0,0,0,0,0,0,318.15,967,CC(C)C[P+](C)(CC(C)C)CC(C)C.Cc1ccc(S(=O)(=O)[O-])cc1,0.576613364
0.177685185,-4.269583333,0.457565778,12.48,0,2.34335099,4.72e-07,-0.44,79036.54219,11.72643767,4.552749874,10.11812686,0.0,0.0,0.0,0.0,8.417796984,0.0,36.81018948,13.92730479,23.38121356,17.38060605,17.75371814,25.15055569,0.0,7.262479191,38.12110254,10.11812686,0.0,0.0,4.895483476,0.0,23.31716963,30.61846422,12.13273414,6.9237372,48.2072488,0.0,0.0,-0.177685185,2.641203704,5.782638889,4.468333333,18.65438681,-4.907314815,0.7,0,0,1,5.50092,0,0,0,0,0,0,0,0,0,0,0,0,0,0,1,0,0,0,0,0,0,0,0,0,0,0,0,0,0,328.15,968,CC(C)C[P+](C)(CC(C)C)CC(C)C.Cc1ccc(S(=O)(=O)[O-])cc1,0.524728529
0.177685185,-4.269583333,0.457565778,12.48,0,2.34335099,4.72e-07,-0.44,79036.54219,11.72643767,4.552749874,10.11812686,0.0,0.0,0.0,0.0,8.417796984,0.0,36.81018948,13.92730479,23.38121356,17.38060605,17.75371814,25.15055569,0.0,7.262479191,38.12110254,10.11812686,0.0,0.0,4.895483476,0.0,23.31716963,30.61846422,12.13273414,6.9237372,48.2072488,0.0,0.0,-0.177685185,2.641203704,5.782638889,4.468333333,18.65438681,-4.907314815,0.7,0,0,1,5.50092,0,0,0,0,0,0,0,0,0,0,0,0,0,0,1,0,0,0,0,0,0,0,0,0,0,0,0,0,0,338.15,969,CC(C)C[P+](C)(CC(C)C)CC(C)C.Cc1ccc(S(=O)(=O)[O-])cc1,0.506817602
0.177685185,-4.269583333,0.457565778,12.48,0,2.34335099,4.72e-07,-0.44,79036.54219,11.72643767,4.552749874,10.11812686,0.0,0.0,0.0,0.0,8.417796984,0.0,36.81018948,13.92730479,23.38121356,17.38060605,17.75371814,25.15055569,0.0,7.262479191,38.12110254,10.11812686,0.0,0.0,4.895483476,0.0,23.31716963,30.61846422,12.13273414,6.9237372,48.2072488,0.0,0.0,-0.177685185,2.641203704,5.782638889,4.468333333,18.65438681,-4.907314815,0.7,0,0,1,5.50092,0,0,0,0,0,0,0,0,0,0,0,0,0,0,1,0,0,0,0,0,0,0,0,0,0,0,0,0,0,348.15,970,CC(C)C[P+](C)(CC(C)C)CC(C)C.Cc1ccc(S(=O)(=O)[O-])cc1,0.500775288
0.177685185,-4.269583333,0.457565778,12.48,0,2.34335099,4.72e-07,-0.44,79036.54219,11.72643767,4.552749874,10.11812686,0.0,0.0,0.0,0.0,8.417796984,0.0,36.81018948,13.92730479,23.38121356,17.38060605,17.75371814,25.15055569,0.0,7.262479191,38.12110254,10.11812686,0.0,0.0,4.895483476,0.0,23.31716963,30.61846422,12.13273414,6.9237372,48.2072488,0.0,0.0,-0.177685185,2.641203704,5.782638889,4.468333333,18.65438681,-4.907314815,0.7,0,0,1,5.50092,0,0,0,0,0,0,0,0,0,0,0,0,0,0,1,0,0,0,0,0,0,0,0,0,0,0,0,0,0,358.15,971,CC(C)C[P+](C)(CC(C)C)CC(C)C.Cc1ccc(S(=O)(=O)[O-])cc1,0.494696242
0.177685185,-4.269583333,0.457565778,12.48,0,2.34335099,4.72e-07,-0.44,79036.54219,11.72643767,4.552749874,10.11812686,0.0,0.0,0.0,0.0,8.417796984,0.0,36.81018948,13.92730479,23.38121356,17.38060605,17.75371814,25.15055569,0.0,7.262479191,38.12110254,10.11812686,0.0,0.0,4.895483476,0.0,23.31716963,30.61846422,12.13273414,6.9237372,48.2072488,0.0,0.0,-0.177685185,2.641203704,5.782638889,4.468333333,18.65438681,-4.907314815,0.7,0,0,1,5.50092,0,0,0,0,0,0,0,0,0,0,0,0,0,0,1,0,0,0,0,0,0,0,0,0,0,0,0,0,0,368.15,972,CC(C)C[P+](C)(CC(C)C)CC(C)C.Cc1ccc(S(=O)(=O)[O-])cc1,0.476234179
1.355,-6.090277778,0.454263497,19.22222222,0,2.606851266,3.31e-07,-0.34,4653.22951,6.554504822,9.035780731,0.0,0.0,0.0,5.508330501,0.0,8.417796984,0.0,6.420821623,12.84164325,26.6819412,10.11812686,0.0,26.6819412,0.0,0.0,49.64384942,10.11812686,0.0,0.0,0.0,0.0,0.0,49.80058657,0.0,0.0,13.97140918,12.97054686,0.0,0.0,0.0,0.0,5.685286281,6.554297052,-3.684861111,1.0,0,0,1,2.0783,0,0,0,0,0,0,1,0,0,1,0,0,0,0,0,0,0,0,0,0,0,0,0,0,0,0,1,0,0,298.15,973,CCCC[N+]1(C)CCCC1.O=S(=O)([O-])C(F)(F)F,0.770108222
1.355,-6.090277778,0.454263497,19.22222222,0,2.606851266,3.31e-07,-0.34,4653.22951,6.554504822,9.035780731,0.0,0.0,0.0,5.508330501,0.0,8.417796984,0.0,6.420821623,12.84164325,26.6819412,10.11812686,0.0,26.6819412,0.0,0.0,49.64384942,10.11812686,0.0,0.0,0.0,0.0,0.0,49.80058657,0.0,0.0,13.97140918,12.97054686,0.0,0.0,0.0,0.0,5.685286281,6.554297052,-3.684861111,1.0,0,0,1,2.0783,0,0,0,0,0,0,1,0,0,1,0,0,0,0,0,0,0,0,0,0,0,0,0,0,0,0,1,0,0,308.15,974,CCCC[N+]1(C)CCCC1.O=S(=O)([O-])C(F)(F)F,0.783901544
1.355,-6.090277778,0.454263497,19.22222222,0,2.606851266,3.31e-07,-0.34,4653.22951,6.554504822,9.035780731,0.0,0.0,0.0,5.508330501,0.0,8.417796984,0.0,6.420821623,12.84164325,26.6819412,10.11812686,0.0,26.6819412,0.0,0.0,49.64384942,10.11812686,0.0,0.0,0.0,0.0,0.0,49.80058657,0.0,0.0,13.97140918,12.97054686,0.0,0.0,0.0,0.0,5.685286281,6.554297052,-3.684861111,1.0,0,0,1,2.0783,0,0,0,0,0,0,1,0,0,1,0,0,0,0,0,0,0,0,0,0,0,0,0,0,0,0,1,0,0,318.15,975,CCCC[N+]1(C)CCCC1.O=S(=O)([O-])C(F)(F)F,0.797507196
1.355,-6.090277778,0.454263497,19.22222222,0,2.606851266,3.31e-07,-0.34,4653.22951,6.554504822,9.035780731,0.0,0.0,0.0,5.508330501,0.0,8.417796984,0.0,6.420821623,12.84164325,26.6819412,10.11812686,0.0,26.6819412,0.0,0.0,49.64384942,10.11812686,0.0,0.0,0.0,0.0,0.0,49.80058657,0.0,0.0,13.97140918,12.97054686,0.0,0.0,0.0,0.0,5.685286281,6.554297052,-3.684861111,1.0,0,0,1,2.0783,0,0,0,0,0,0,1,0,0,1,0,0,0,0,0,0,0,0,0,0,0,0,0,0,0,0,1,0,0,328.15,976,CCCC[N+]1(C)CCCC1.O=S(=O)([O-])C(F)(F)F,0.810930216
1.355,-6.090277778,0.454263497,19.22222222,0,2.606851266,3.31e-07,-0.34,4653.22951,6.554504822,9.035780731,0.0,0.0,0.0,5.508330501,0.0,8.417796984,0.0,6.420821623,12.84164325,26.6819412,10.11812686,0.0,26.6819412,0.0,0.0,49.64384942,10.11812686,0.0,0.0,0.0,0.0,0.0,49.80058657,0.0,0.0,13.97140918,12.97054686,0.0,0.0,0.0,0.0,5.685286281,6.554297052,-3.684861111,1.0,0,0,1,2.0783,0,0,0,0,0,0,1,0,0,1,0,0,0,0,0,0,0,0,0,0,0,0,0,0,0,0,1,0,0,338.15,977,CCCC[N+]1(C)CCCC1.O=S(=O)([O-])C(F)(F)F,0.819779831
1.355,-6.090277778,0.454263497,19.22222222,0,2.606851266,3.31e-07,-0.34,4653.22951,6.554504822,9.035780731,0.0,0.0,0.0,5.508330501,0.0,8.417796984,0.0,6.420821623,12.84164325,26.6819412,10.11812686,0.0,26.6819412,0.0,0.0,49.64384942,10.11812686,0.0,0.0,0.0,0.0,0.0,49.80058657,0.0,0.0,13.97140918,12.97054686,0.0,0.0,0.0,0.0,5.685286281,6.554297052,-3.684861111,1.0,0,0,1,2.0783,0,0,0,0,0,0,1,0,0,1,0,0,0,0,0,0,0,0,0,0,0,0,0,0,0,0,1,0,0,348.15,978,CCCC[N+]1(C)CCCC1.O=S(=O)([O-])C(F)(F)F,0.832909123
1.355,-6.090277778,0.454263497,19.22222222,0,2.606851266,3.31e-07,-0.34,4653.22951,6.554504822,9.035780731,0.0,0.0,0.0,5.508330501,0.0,8.417796984,0.0,6.420821623,12.84164325,26.6819412,10.11812686,0.0,26.6819412,0.0,0.0,49.64384942,10.11812686,0.0,0.0,0.0,0.0,0.0,49.80058657,0.0,0.0,13.97140918,12.97054686,0.0,0.0,0.0,0.0,5.685286281,6.554297052,-3.684861111,1.0,0,0,1,2.0783,0,0,0,0,0,0,1,0,0,1,0,0,0,0,0,0,0,0,0,0,0,0,0,0,0,0,1,0,0,358.15,979,CCCC[N+]1(C)CCCC1.O=S(=O)([O-])C(F)(F)F,0.841567186
1.355,-6.090277778,0.454263497,19.22222222,0,2.606851266,3.31e-07,-0.34,4653.22951,6.554504822,9.035780731,0.0,0.0,0.0,5.508330501,0.0,8.417796984,0.0,6.420821623,12.84164325,26.6819412,10.11812686,0.0,26.6819412,0.0,0.0,49.64384942,10.11812686,0.0,0.0,0.0,0.0,0.0,49.80058657,0.0,0.0,13.97140918,12.97054686,0.0,0.0,0.0,0.0,5.685286281,6.554297052,-3.684861111,1.0,0,0,1,2.0783,0,0,0,0,0,0,1,0,0,1,0,0,0,0,0,0,0,0,0,0,0,0,0,0,0,0,1,0,0,368.15,980,CCCC[N+]1(C)CCCC1.O=S(=O)([O-])C(F)(F)F,0.854415328
0.6966063,-10.65740741,0.045937473,13.95,0,2.856596291,0.0,0.44,92834217.58,40.57871802,0.0,0.0,0.0,0.0,32.98994288,0.0,0.0,0.0,51.36657298,7.262479191,24.64764011,15.07098827,0.0,24.64764011,0.0,15.07098827,24.64764011,0.0,0.0,0.0,0.0,0.0,0.0,128.4164325,50.3309266,0.0,27.6949488,0.0,0.0,0.0,0.0,0.0,42.08897022,9.413191634,-11.35401371,1.0,0,0,0,15.8284,0,0,0,0,0,0,0,0,0,0,0,0,0,0,0,0,0,0,0,0,0,0,0,0,0,0,0,0,16,313.15,981,CCCCCCCCCCCCCC[P+](CCCCCC)(CCCCCC)CCCCCC.F[P-](F)(F)(F)(F)F,-0.231932057
0.6966063,-10.65740741,0.045937473,13.95,0,2.856596291,0.0,0.44,92834217.58,40.57871802,0.0,0.0,0.0,0.0,32.98994288,0.0,0.0,0.0,51.36657298,7.262479191,24.64764011,15.07098827,0.0,24.64764011,0.0,15.07098827,24.64764011,0.0,0.0,0.0,0.0,0.0,0.0,128.4164325,50.3309266,0.0,27.6949488,0.0,0.0,0.0,0.0,0.0,42.08897022,9.413191634,-11.35401371,1.0,0,0,0,15.8284,0,0,0,0,0,0,0,0,0,0,0,0,0,0,0,0,0,0,0,0,0,0,0,0,0,0,0,0,16,333.15,982,CCCCCCCCCCCCCC[P+](CCCCCC)(CCCCCC)CCCCCC.F[P-](F)(F)(F)(F)F,-0.423120043
0.6966063,-10.65740741,0.045937473,13.95,0,2.856596291,0.0,0.44,92834217.58,40.57871802,0.0,0.0,0.0,0.0,32.98994288,0.0,0.0,0.0,51.36657298,7.262479191,24.64764011,15.07098827,0.0,24.64764011,0.0,15.07098827,24.64764011,0.0,0.0,0.0,0.0,0.0,0.0,128.4164325,50.3309266,0.0,27.6949488,0.0,0.0,0.0,0.0,0.0,42.08897022,9.413191634,-11.35401371,1.0,0,0,0,15.8284,0,0,0,0,0,0,0,0,0,0,0,0,0,0,0,0,0,0,0,0,0,0,0,0,0,0,0,0,16,353.15,983,CCCCCCCCCCCCCC[P+](CCCCCC)(CCCCCC)CCCCCC.F[P-](F)(F)(F)(F)F,-0.619896719
0.6966063,-10.65740741,0.045937473,13.95,0,2.856596291,0.0,0.44,92834217.58,40.57871802,0.0,0.0,0.0,0.0,32.98994288,0.0,0.0,0.0,51.36657298,7.262479191,24.64764011,15.07098827,0.0,24.64764011,0.0,15.07098827,24.64764011,0.0,0.0,0.0,0.0,0.0,0.0,128.4164325,50.3309266,0.0,27.6949488,0.0,0.0,0.0,0.0,0.0,42.08897022,9.413191634,-11.35401371,1.0,0,0,0,15.8284,0,0,0,0,0,0,0,0,0,0,0,0,0,0,0,0,0,0,0,0,0,0,0,0,0,0,0,0,16,363.15,984,CCCCCCCCCCCCCC[P+](CCCCCC)(CCCCCC)CCCCCC.F[P-](F)(F)(F)(F)F,-0.671385689
1.173576389,-1.75,0.325650662,9.666666667,0,2.685557373,6.31e-07,-1.59,8153.352184,10.91229905,15.32157129,12.39368714,6.327320075,0.0,0.0,0.0,9.134199296,0.0,12.84164325,0.0,18.67904743,0.0,7.047671983,0.0,4.567099648,0.0,9.653718691,13.59242839,0.0,0.0,0.0,0.0,0.0,45.06968614,0.0,0.0,41.8266157,15.32157129,0.0,8.25,0.0,0.0,14.63746271,3.437287415,2.067210541,0.75,0,0,1,2.434,0,0,0,0,0,0,3,0,0,0,0,0,0,0,2,0,0,0,0,0,0,0,0,0,0,0,0,0,4,303.15,985,CCCCCCCCn1cc[n+](C)c1.O=[N+]([O-])[O-],0.343589704
1.173576389,-1.75,0.325650662,9.666666667,0,2.685557373,6.31e-07,-1.59,8153.352184,10.91229905,15.32157129,12.39368714,6.327320075,0.0,0.0,0.0,9.134199296,0.0,12.84164325,0.0,18.67904743,0.0,7.047671983,0.0,4.567099648,0.0,9.653718691,13.59242839,0.0,0.0,0.0,0.0,0.0,45.06968614,0.0,0.0,41.8266157,15.32157129,0.0,8.25,0.0,0.0,14.63746271,3.437287415,2.067210541,0.75,0,0,1,2.434,0,0,0,0,0,0,3,0,0,0,0,0,0,0,2,0,0,0,0,0,0,0,0,0,0,0,0,0,4,313.15,986,CCCCCCCCn1cc[n+](C)c1.O=[N+]([O-])[O-],0.343589704
1.173576389,-1.75,0.325650662,9.666666667,0,2.685557373,6.31e-07,-1.59,8153.352184,10.91229905,15.32157129,12.39368714,6.327320075,0.0,0.0,0.0,9.134199296,0.0,12.84164325,0.0,18.67904743,0.0,7.047671983,0.0,4.567099648,0.0,9.653718691,13.59242839,0.0,0.0,0.0,0.0,0.0,45.06968614,0.0,0.0,41.8266157,15.32157129,0.0,8.25,0.0,0.0,14.63746271,3.437287415,2.067210541,0.75,0,0,1,2.434,0,0,0,0,0,0,3,0,0,0,0,0,0,0,2,0,0,0,0,0,0,0,0,0,0,0,0,0,4,323.15,987,CCCCCCCCn1cc[n+](C)c1.O=[N+]([O-])[O-],0.350656872
1.173576389,-1.75,0.325650662,9.666666667,0,2.685557373,6.31e-07,-1.59,8153.352184,10.91229905,15.32157129,12.39368714,6.327320075,0.0,0.0,0.0,9.134199296,0.0,12.84164325,0.0,18.67904743,0.0,7.047671983,0.0,4.567099648,0.0,9.653718691,13.59242839,0.0,0.0,0.0,0.0,0.0,45.06968614,0.0,0.0,41.8266157,15.32157129,0.0,8.25,0.0,0.0,14.63746271,3.437287415,2.067210541,0.75,0,0,1,2.434,0,0,0,0,0,0,3,0,0,0,0,0,0,0,2,0,0,0,0,0,0,0,0,0,0,0,0,0,4,333.15,988,CCCCCCCCn1cc[n+](C)c1.O=[N+]([O-])[O-],0.357674444
1.173576389,-1.75,0.325650662,9.666666667,0,2.685557373,6.31e-07,-1.59,8153.352184,10.91229905,15.32157129,12.39368714,6.327320075,0.0,0.0,0.0,9.134199296,0.0,12.84164325,0.0,18.67904743,0.0,7.047671983,0.0,4.567099648,0.0,9.653718691,13.59242839,0.0,0.0,0.0,0.0,0.0,45.06968614,0.0,0.0,41.8266157,15.32157129,0.0,8.25,0.0,0.0,14.63746271,3.437287415,2.067210541,0.75,0,0,1,2.434,0,0,0,0,0,0,3,0,0,0,0,0,0,0,2,0,0,0,0,0,0,0,0,0,0,0,0,0,4,343.15,989,CCCCCCCCn1cc[n+](C)c1.O=[N+]([O-])[O-],0.364643114
1.173576389,-1.75,0.325650662,9.666666667,0,2.685557373,6.31e-07,-1.59,8153.352184,10.91229905,15.32157129,12.39368714,6.327320075,0.0,0.0,0.0,9.134199296,0.0,12.84164325,0.0,18.67904743,0.0,7.047671983,0.0,4.567099648,0.0,9.653718691,13.59242839,0.0,0.0,0.0,0.0,0.0,45.06968614,0.0,0.0,41.8266157,15.32157129,0.0,8.25,0.0,0.0,14.63746271,3.437287415,2.067210541,0.75,0,0,1,2.434,0,0,0,0,0,0,3,0,0,0,0,0,0,0,2,0,0,0,0,0,0,0,0,0,0,0,0,0,4,353.15,990,CCCCCCCCn1cc[n+](C)c1.O=[N+]([O-])[O-],0.371563556
1.173576389,-1.75,0.325650662,9.666666667,0,2.685557373,6.31e-07,-1.59,8153.352184,10.91229905,15.32157129,12.39368714,6.327320075,0.0,0.0,0.0,9.134199296,0.0,12.84164325,0.0,18.67904743,0.0,7.047671983,0.0,4.567099648,0.0,9.653718691,13.59242839,0.0,0.0,0.0,0.0,0.0,45.06968614,0.0,0.0,41.8266157,15.32157129,0.0,8.25,0.0,0.0,14.63746271,3.437287415,2.067210541,0.75,0,0,1,2.434,0,0,0,0,0,0,3,0,0,0,0,0,0,0,2,0,0,0,0,0,0,0,0,0,0,0,0,0,4,363.15,991,CCCCCCCCn1cc[n+](C)c1.O=[N+]([O-])[O-],0.378436436
1.056388889,-6.0,0.368046964,10.61538462,0,2.312410047,2.52e-07,-1.005064935,497.1681601,8.904894527,17.26263557,12.39368714,6.327320075,0.0,7.254408353,0.0,9.134199296,0.0,6.9237372,0.0,13.59242839,7.254408353,7.047671983,0.0,4.567099648,0.0,11.821508,13.59242839,0.0,0.0,0.0,0.0,6.544756406,0.0,0.0,17.8116152,24.01500049,0.0,0.0,0.0,0.0,0.0,6.142361111,3.181388889,-3.98,0.5,0,0,1,1.6325,0,0,0,0,0,0,2,0,0,0,0,0,0,0,2,0,0,0,0,0,0,0,0,0,0,0,0,0,0,303.15,992,CC[n+]1ccn(C)c1.F[B-](F)(F)F,1.302369126
1.056388889,-6.0,0.368046964,10.61538462,0,2.312410047,2.52e-07,-1.005064935,497.1681601,8.904894527,17.26263557,12.39368714,6.327320075,0.0,7.254408353,0.0,9.134199296,0.0,6.9237372,0.0,13.59242839,7.254408353,7.047671983,0.0,4.567099648,0.0,11.821508,13.59242839,0.0,0.0,0.0,0.0,6.544756406,0.0,0.0,17.8116152,24.01500049,0.0,0.0,0.0,0.0,0.0,6.142361111,3.181388889,-3.98,0.5,0,0,1,1.6325,0,0,0,0,0,0,2,0,0,0,0,0,0,0,2,0,0,0,0,0,0,0,0,0,0,0,0,0,0,313.15,993,CC[n+]1ccn(C)c1.F[B-](F)(F)F,1.297189886
1.056388889,-6.0,0.368046964,10.61538462,0,2.312410047,2.52e-07,-1.005064935,497.1681601,8.904894527,17.26263557,12.39368714,6.327320075,0.0,7.254408353,0.0,9.134199296,0.0,6.9237372,0.0,13.59242839,7.254408353,7.047671983,0.0,4.567099648,0.0,11.821508,13.59242839,0.0,0.0,0.0,0.0,6.544756406,0.0,0.0,17.8116152,24.01500049,0.0,0.0,0.0,0.0,0.0,6.142361111,3.181388889,-3.98,0.5,0,0,1,1.6325,0,0,0,0,0,0,2,0,0,0,0,0,0,0,2,0,0,0,0,0,0,0,0,0,0,0,0,0,0,323.15,994,CC[n+]1ccn(C)c1.F[B-](F)(F)F,1.285091856
1.056388889,-6.0,0.368046964,10.61538462,0,2.312410047,2.52e-07,-1.005064935,497.1681601,8.904894527,17.26263557,12.39368714,6.327320075,0.0,7.254408353,0.0,9.134199296,0.0,6.9237372,0.0,13.59242839,7.254408353,7.047671983,0.0,4.567099648,0.0,11.821508,13.59242839,0.0,0.0,0.0,0.0,6.544756406,0.0,0.0,17.8116152,24.01500049,0.0,0.0,0.0,0.0,0.0,6.142361111,3.181388889,-3.98,0.5,0,0,1,1.6325,0,0,0,0,0,0,2,0,0,0,0,0,0,0,2,0,0,0,0,0,0,0,0,0,0,0,0,0,0,333.15,995,CC[n+]1ccn(C)c1.F[B-](F)(F)F,1.269760545
1.056388889,-6.0,0.368046964,10.61538462,0,2.312410047,2.52e-07,-1.005064935,497.1681601,8.904894527,17.26263557,12.39368714,6.327320075,0.0,7.254408353,0.0,9.134199296,0.0,6.9237372,0.0,13.59242839,7.254408353,7.047671983,0.0,4.567099648,0.0,11.821508,13.59242839,0.0,0.0,0.0,0.0,6.544756406,0.0,0.0,17.8116152,24.01500049,0.0,0.0,0.0,0.0,0.0,6.142361111,3.181388889,-3.98,0.5,0,0,1,1.6325,0,0,0,0,0,0,2,0,0,0,0,0,0,0,2,0,0,0,0,0,0,0,0,0,0,0,0,0,0,343.15,996,CC[n+]1ccn(C)c1.F[B-](F)(F)F,1.25732398
1.056388889,-6.0,0.368046964,10.61538462,0,2.312410047,2.52e-07,-1.005064935,497.1681601,8.904894527,17.26263557,12.39368714,6.327320075,0.0,7.254408353,0.0,9.134199296,0.0,6.9237372,0.0,13.59242839,7.254408353,7.047671983,0.0,4.567099648,0.0,11.821508,13.59242839,0.0,0.0,0.0,0.0,6.544756406,0.0,0.0,17.8116152,24.01500049,0.0,0.0,0.0,0.0,0.0,6.142361111,3.181388889,-3.98,0.5,0,0,1,1.6325,0,0,0,0,0,0,2,0,0,0,0,0,0,0,2,0,0,0,0,0,0,0,0,0,0,0,0,0,0,353.15,997,CC[n+]1ccn(C)c1.F[B-](F)(F)F,1.247606841
1.056388889,-6.0,0.368046964,10.61538462,0,2.312410047,2.52e-07,-1.005064935,497.1681601,8.904894527,17.26263557,12.39368714,6.327320075,0.0,7.254408353,0.0,9.134199296,0.0,6.9237372,0.0,13.59242839,7.254408353,7.047671983,0.0,4.567099648,0.0,11.821508,13.59242839,0.0,0.0,0.0,0.0,6.544756406,0.0,0.0,17.8116152,24.01500049,0.0,0.0,0.0,0.0,0.0,6.142361111,3.181388889,-3.98,0.5,0,0,1,1.6325,0,0,0,0,0,0,2,0,0,0,0,0,0,0,2,0,0,0,0,0,0,0,0,0,0,0,0,0,0,363.15,998,CC[n+]1ccn(C)c1.F[B-](F)(F)F,1.223481271
1.13162037,-6.0,0.415391162,10.86666667,0,2.33642218,3.36e-07,-1.005064935,1191.575312,6.986670671,17.26263557,12.39368714,0.0,5.824404498,7.254408353,0.0,9.134199296,0.0,6.420821623,6.9237372,13.59242839,7.254408353,7.047671983,0.0,4.567099648,0.0,11.821508,13.59242839,0.0,0.0,0.0,0.0,6.544756406,12.24522612,0.0,0.0,42.42303282,0.0,0.0,0.0,1.321157407,0.0,5.416018519,5.460092593,-3.929074074,0.625,0,0,1,2.33102,0,0,0,0,0,0,2,0,0,0,0,0,0,0,2,0,0,0,0,0,0,0,0,0,0,0,0,0,0,303.15,999,CCCn1cc[n+](C)c1C.F[B-](F)(F)F,1.957556354
1.13162037,-6.0,0.415391162,10.86666667,0,2.33642218,3.36e-07,-1.005064935,1191.575312,6.986670671,17.26263557,12.39368714,0.0,5.824404498,7.254408353,0.0,9.134199296,0.0,6.420821623,6.9237372,13.59242839,7.254408353,7.047671983,0.0,4.567099648,0.0,11.821508,13.59242839,0.0,0.0,0.0,0.0,6.544756406,12.24522612,0.0,0.0,42.42303282,0.0,0.0,0.0,1.321157407,0.0,5.416018519,5.460092593,-3.929074074,0.625,0,0,1,2.33102,0,0,0,0,0,0,2,0,0,0,0,0,0,0,2,0,0,0,0,0,0,0,0,0,0,0,0,0,0,313.15,1000,CCCn1cc[n+](C)c1C.F[B-](F)(F)F,1.799727639
1.13162037,-6.0,0.415391162,10.86666667,0,2.33642218,3.36e-07,-1.005064935,1191.575312,6.986670671,17.26263557,12.39368714,0.0,5.824404498,7.254408353,0.0,9.134199296,0.0,6.420821623,6.9237372,13.59242839,7.254408353,7.047671983,0.0,4.567099648,0.0,11.821508,13.59242839,0.0,0.0,0.0,0.0,6.544756406,12.24522612,0.0,0.0,42.42303282,0.0,0.0,0.0,1.321157407,0.0,5.416018519,5.460092593,-3.929074074,0.625,0,0,1,2.33102,0,0,0,0,0,0,2,0,0,0,0,0,0,0,2,0,0,0,0,0,0,0,0,0,0,0,0,0,0,323.15,1001,CCCn1cc[n+](C)c1C.F[B-](F)(F)F,1.677283459
1.13162037,-6.0,0.415391162,10.86666667,0,2.33642218,3.36e-07,-1.005064935,1191.575312,6.986670671,17.26263557,12.39368714,0.0,5.824404498,7.254408353,0.0,9.134199296,0.0,6.420821623,6.9237372,13.59242839,7.254408353,7.047671983,0.0,4.567099648,0.0,11.821508,13.59242839,0.0,0.0,0.0,0.0,6.544756406,12.24522612,0.0,0.0,42.42303282,0.0,0.0,0.0,1.321157407,0.0,5.416018519,5.460092593,-3.929074074,0.625,0,0,1,2.33102,0,0,0,0,0,0,2,0,0,0,0,0,0,0,2,0,0,0,0,0,0,0,0,0,0,0,0,0,0,333.15,1002,CCCn1cc[n+](C)c1C.F[B-](F)(F)F,1.524751104
1.13162037,-6.0,0.415391162,10.86666667,0,2.33642218,3.36e-07,-1.005064935,1191.575312,6.986670671,17.26263557,12.39368714,0.0,5.824404498,7.254408353,0.0,9.134199296,0.0,6.420821623,6.9237372,13.59242839,7.254408353,7.047671983,0.0,4.567099648,0.0,11.821508,13.59242839,0.0,0.0,0.0,0.0,6.544756406,12.24522612,0.0,0.0,42.42303282,0.0,0.0,0.0,1.321157407,0.0,5.416018519,5.460092593,-3.929074074,0.625,0,0,1,2.33102,0,0,0,0,0,0,2,0,0,0,0,0,0,0,2,0,0,0,0,0,0,0,0,0,0,0,0,0,0,343.15,1003,CCCn1cc[n+](C)c1C.F[B-](F)(F)F,1.463949606
1.13162037,-6.0,0.415391162,10.86666667,0,2.33642218,3.36e-07,-1.005064935,1191.575312,6.986670671,17.26263557,12.39368714,0.0,5.824404498,7.254408353,0.0,9.134199296,0.0,6.420821623,6.9237372,13.59242839,7.254408353,7.047671983,0.0,4.567099648,0.0,11.821508,13.59242839,0.0,0.0,0.0,0.0,6.544756406,12.24522612,0.0,0.0,42.42303282,0.0,0.0,0.0,1.321157407,0.0,5.416018519,5.460092593,-3.929074074,0.625,0,0,1,2.33102,0,0,0,0,0,0,2,0,0,0,0,0,0,0,2,0,0,0,0,0,0,0,0,0,0,0,0,0,0,353.15,1004,CCCn1cc[n+](C)c1C.F[B-](F)(F)F,1.350926217
1.13162037,-6.0,0.415391162,10.86666667,0,2.33642218,3.36e-07,-1.005064935,1191.575312,6.986670671,17.26263557,12.39368714,0.0,5.824404498,7.254408353,0.0,9.134199296,0.0,6.420821623,6.9237372,13.59242839,7.254408353,7.047671983,0.0,4.567099648,0.0,11.821508,13.59242839,0.0,0.0,0.0,0.0,6.544756406,12.24522612,0.0,0.0,42.42303282,0.0,0.0,0.0,1.321157407,0.0,5.416018519,5.460092593,-3.929074074,0.625,0,0,1,2.33102,0,0,0,0,0,0,2,0,0,0,0,0,0,0,2,0,0,0,0,0,0,0,0,0,0,0,0,0,0,363.15,1005,CCCn1cc[n+](C)c1C.F[B-](F)(F)F,1.25675499
1.1675,-6.090277778,0.360795278,11.9,0,2.686908272,3.96e-07,-1.09,13246.45778,8.155184457,4.552749874,12.39368714,6.327320075,0.0,5.508330501,0.0,17.55199628,0.0,12.84164325,0.0,13.59242839,10.11812686,7.047671983,0.0,4.567099648,0.0,23.04597701,23.71055525,0.0,0.0,0.0,0.0,0.0,32.2280429,0.0,0.0,41.8266157,12.97054686,0.0,0.0,0.0,0.0,11.69987733,3.413194444,-4.032199468,0.727272727,0,0,1,1.9443,0,0,0,0,0,0,2,0,0,0,0,0,0,0,2,0,0,0,0,0,0,0,0,0,0,0,0,0,2,303.15,1006,CCCCCC[n+]1ccn(C)c1.O=S(=O)([O-])C(F)(F)F,0.683601768
1.1675,-6.090277778,0.360795278,11.9,0,2.686908272,3.96e-07,-1.09,13246.45778,8.155184457,4.552749874,12.39368714,6.327320075,0.0,5.508330501,0.0,17.55199628,0.0,12.84164325,0.0,13.59242839,10.11812686,7.047671983,0.0,4.567099648,0.0,23.04597701,23.71055525,0.0,0.0,0.0,0.0,0.0,32.2280429,0.0,0.0,41.8266157,12.97054686,0.0,0.0,0.0,0.0,11.69987733,3.413194444,-4.032199468,0.727272727,0,0,1,1.9443,0,0,0,0,0,0,2,0,0,0,0,0,0,0,2,0,0,0,0,0,0,0,0,0,0,0,0,0,2,313.15,1007,CCCCCC[n+]1ccn(C)c1.O=S(=O)([O-])C(F)(F)F,0.707543061
1.1675,-6.090277778,0.360795278,11.9,0,2.686908272,3.96e-07,-1.09,13246.45778,8.155184457,4.552749874,12.39368714,6.327320075,0.0,5.508330501,0.0,17.55199628,0.0,12.84164325,0.0,13.59242839,10.11812686,7.047671983,0.0,4.567099648,0.0,23.04597701,23.71055525,0.0,0.0,0.0,0.0,0.0,32.2280429,0.0,0.0,41.8266157,12.97054686,0.0,0.0,0.0,0.0,11.69987733,3.413194444,-4.032199468,0.727272727,0,0,1,1.9443,0,0,0,0,0,0,2,0,0,0,0,0,0,0,2,0,0,0,0,0,0,0,0,0,0,0,0,0,2,323.15,1008,CCCCCC[n+]1ccn(C)c1.O=S(=O)([O-])C(F)(F)F,0.725130226
1.1675,-6.090277778,0.360795278,11.9,0,2.686908272,3.96e-07,-1.09,13246.45778,8.155184457,4.552749874,12.39368714,6.327320075,0.0,5.508330501,0.0,17.55199628,0.0,12.84164325,0.0,13.59242839,10.11812686,7.047671983,0.0,4.567099648,0.0,23.04597701,23.71055525,0.0,0.0,0.0,0.0,0.0,32.2280429,0.0,0.0,41.8266157,12.97054686,0.0,0.0,0.0,0.0,11.69987733,3.413194444,-4.032199468,0.727272727,0,0,1,1.9443,0,0,0,0,0,0,2,0,0,0,0,0,0,0,2,0,0,0,0,0,0,0,0,0,0,0,0,0,2,333.15,1009,CCCCCC[n+]1ccn(C)c1.O=S(=O)([O-])C(F)(F)F,0.76127301
1.1675,-6.090277778,0.360795278,11.9,0,2.686908272,3.96e-07,-1.09,13246.45778,8.155184457,4.552749874,12.39368714,6.327320075,0.0,5.508330501,0.0,17.55199628,0.0,12.84164325,0.0,13.59242839,10.11812686,7.047671983,0.0,4.567099648,0.0,23.04597701,23.71055525,0.0,0.0,0.0,0.0,0.0,32.2280429,0.0,0.0,41.8266157,12.97054686,0.0,0.0,0.0,0.0,11.69987733,3.413194444,-4.032199468,0.727272727,0,0,1,1.9443,0,0,0,0,0,0,2,0,0,0,0,0,0,0,2,0,0,0,0,0,0,0,0,0,0,0,0,0,2,343.15,1010,CCCCCC[n+]1ccn(C)c1.O=S(=O)([O-])C(F)(F)F,0.787547856
1.1675,-6.090277778,0.360795278,11.9,0,2.686908272,3.96e-07,-1.09,13246.45778,8.155184457,4.552749874,12.39368714,6.327320075,0.0,5.508330501,0.0,17.55199628,0.0,12.84164325,0.0,13.59242839,10.11812686,7.047671983,0.0,4.567099648,0.0,23.04597701,23.71055525,0.0,0.0,0.0,0.0,0.0,32.2280429,0.0,0.0,41.8266157,12.97054686,0.0,0.0,0.0,0.0,11.69987733,3.413194444,-4.032199468,0.727272727,0,0,1,1.9443,0,0,0,0,0,0,2,0,0,0,0,0,0,0,2,0,0,0,0,0,0,0,0,0,0,0,0,0,2,353.15,1011,CCCCCC[n+]1ccn(C)c1.O=S(=O)([O-])C(F)(F)F,0.810485673
1.1675,-6.090277778,0.360795278,11.9,0,2.686908272,3.96e-07,-1.09,13246.45778,8.155184457,4.552749874,12.39368714,6.327320075,0.0,5.508330501,0.0,17.55199628,0.0,12.84164325,0.0,13.59242839,10.11812686,7.047671983,0.0,4.567099648,0.0,23.04597701,23.71055525,0.0,0.0,0.0,0.0,0.0,32.2280429,0.0,0.0,41.8266157,12.97054686,0.0,0.0,0.0,0.0,11.69987733,3.413194444,-4.032199468,0.727272727,0,0,1,1.9443,0,0,0,0,0,0,2,0,0,0,0,0,0,0,2,0,0,0,0,0,0,0,0,0,0,0,0,0,2,363.15,1012,CCCCCC[n+]1ccn(C)c1.O=S(=O)([O-])C(F)(F)F,0.818016163
0.203055556,-6.0,0.435654551,10.71428571,0,2.324138206,2.92e-07,-1.045064935,790.2069901,9.046218125,22.36916297,18.93844355,6.327320075,0.0,7.254408353,0.0,9.134199296,0.0,0.0,0.0,13.65455395,7.254408353,7.047671983,6.606881965,4.567099648,0.0,23.53491736,13.59242839,0.0,0.0,6.606881965,6.544756406,0.0,0.0,0.0,34.9028785,0.0,5.106527395,0.0,0.0,0.0,0.0,5.79375,0.884444444,-4.047743764,0.5,0,0,1,0.6049,1,1,0,0,0,0,2,0,0,0,0,0,0,0,1,0,0,0,0,0,0,0,0,0,0,0,0,0,0,303.15,1013,Cn1cc[n+](CCO)c1.F[B-](F)(F)F,2.90690106
0.203055556,-6.0,0.435654551,10.71428571,0,2.324138206,2.92e-07,-1.045064935,790.2069901,9.046218125,22.36916297,18.93844355,6.327320075,0.0,7.254408353,0.0,9.134199296,0.0,0.0,0.0,13.65455395,7.254408353,7.047671983,6.606881965,4.567099648,0.0,23.53491736,13.59242839,0.0,0.0,6.606881965,6.544756406,0.0,0.0,0.0,34.9028785,0.0,5.106527395,0.0,0.0,0.0,0.0,5.79375,0.884444444,-4.047743764,0.5,0,0,1,0.6049,1,1,0,0,0,0,2,0,0,0,0,0,0,0,1,0,0,0,0,0,0,0,0,0,0,0,0,0,0,313.15,1014,Cn1cc[n+](CCO)c1.F[B-](F)(F)F,2.890371758
0.203055556,-6.0,0.435654551,10.71428571,0,2.324138206,2.92e-07,-1.045064935,790.2069901,9.046218125,22.36916297,18.93844355,6.327320075,0.0,7.254408353,0.0,9.134199296,0.0,0.0,0.0,13.65455395,7.254408353,7.047671983,6.606881965,4.567099648,0.0,23.53491736,13.59242839,0.0,0.0,6.606881965,6.544756406,0.0,0.0,0.0,34.9028785,0.0,5.106527395,0.0,0.0,0.0,0.0,5.79375,0.884444444,-4.047743764,0.5,0,0,1,0.6049,1,1,0,0,0,0,2,0,0,0,0,0,0,0,1,0,0,0,0,0,0,0,0,0,0,0,0,0,0,323.15,1015,Cn1cc[n+](CCO)c1.F[B-](F)(F)F,2.87356464
0.203055556,-6.0,0.435654551,10.71428571,0,2.324138206,2.92e-07,-1.045064935,790.2069901,9.046218125,22.36916297,18.93844355,6.327320075,0.0,7.254408353,0.0,9.134199296,0.0,0.0,0.0,13.65455395,7.254408353,7.047671983,6.606881965,4.567099648,0.0,23.53491736,13.59242839,0.0,0.0,6.606881965,6.544756406,0.0,0.0,0.0,34.9028785,0.0,5.106527395,0.0,0.0,0.0,0.0,5.79375,0.884444444,-4.047743764,0.5,0,0,1,0.6049,1,1,0,0,0,0,2,0,0,0,0,0,0,0,1,0,0,0,0,0,0,0,0,0,0,0,0,0,0,333.15,1016,Cn1cc[n+](CCO)c1.F[B-](F)(F)F,2.862200881
0.203055556,-6.0,0.435654551,10.71428571,0,2.324138206,2.92e-07,-1.045064935,790.2069901,9.046218125,22.36916297,18.93844355,6.327320075,0.0,7.254408353,0.0,9.134199296,0.0,0.0,0.0,13.65455395,7.254408353,7.047671983,6.606881965,4.567099648,0.0,23.53491736,13.59242839,0.0,0.0,6.606881965,6.544756406,0.0,0.0,0.0,34.9028785,0.0,5.106527395,0.0,0.0,0.0,0.0,5.79375,0.884444444,-4.047743764,0.5,0,0,1,0.6049,1,1,0,0,0,0,2,0,0,0,0,0,0,0,1,0,0,0,0,0,0,0,0,0,0,0,0,0,0,343.15,1017,Cn1cc[n+](CCO)c1.F[B-](F)(F)F,2.850706502
0.203055556,-6.0,0.435654551,10.71428571,0,2.324138206,2.92e-07,-1.045064935,790.2069901,9.046218125,22.36916297,18.93844355,6.327320075,0.0,7.254408353,0.0,9.134199296,0.0,0.0,0.0,13.65455395,7.254408353,7.047671983,6.606881965,4.567099648,0.0,23.53491736,13.59242839,0.0,0.0,6.606881965,6.544756406,0.0,0.0,0.0,34.9028785,0.0,5.106527395,0.0,0.0,0.0,0.0,5.79375,0.884444444,-4.047743764,0.5,0,0,1,0.6049,1,1,0,0,0,0,2,0,0,0,0,0,0,0,1,0,0,0,0,0,0,0,0,0,0,0,0,0,0,353.15,1018,Cn1cc[n+](CCO)c1.F[B-](F)(F)F,2.844909384
0.203055556,-6.0,0.435654551,10.71428571,0,2.324138206,2.92e-07,-1.045064935,790.2069901,9.046218125,22.36916297,18.93844355,6.327320075,0.0,7.254408353,0.0,9.134199296,0.0,0.0,0.0,13.65455395,7.254408353,7.047671983,6.606881965,4.567099648,0.0,23.53491736,13.59242839,0.0,0.0,6.606881965,6.544756406,0.0,0.0,0.0,34.9028785,0.0,5.106527395,0.0,0.0,0.0,0.0,5.79375,0.884444444,-4.047743764,0.5,0,0,1,0.6049,1,1,0,0,0,0,2,0,0,0,0,0,0,0,1,0,0,0,0,0,0,0,0,0,0,0,0,0,0,363.15,1019,Cn1cc[n+](CCO)c1.F[B-](F)(F)F,2.827313622
1.1675,-2.722222222,0.464102434,9.238095238,0,2.929539481,4e-07,-2.765064935,40779.18957,6.81094143,0.0,12.39368714,6.327320075,0.0,6.145991148,0.0,30.18176551,23.87429233,12.84164325,0.0,13.59242839,6.145991148,7.047671983,0.0,4.567099648,0.0,10.7130908,13.59242839,0.0,0.0,0.0,0.0,0.0,56.10233522,0.0,0.0,41.8266157,21.04756622,0.0,0.0,5.375,0.0,8.977655108,3.413194444,2.05807831,0.5,0,0,1,1.57922,0,0,0,0,0,0,6,0,0,0,0,0,0,0,2,0,0,0,0,0,0,0,0,0,0,0,0,0,2,318.15,1020,CCCCCC[n+]1ccn(C)c1.N#C[B-](C#N)(C#N)C#N,-0.025317808
1.1675,-2.722222222,0.464102434,9.238095238,0,2.929539481,4e-07,-2.765064935,40779.18957,6.81094143,0.0,12.39368714,6.327320075,0.0,6.145991148,0.0,30.18176551,23.87429233,12.84164325,0.0,13.59242839,6.145991148,7.047671983,0.0,4.567099648,0.0,10.7130908,13.59242839,0.0,0.0,0.0,0.0,0.0,56.10233522,0.0,0.0,41.8266157,21.04756622,0.0,0.0,5.375,0.0,8.977655108,3.413194444,2.05807831,0.5,0,0,1,1.57922,0,0,0,0,0,0,6,0,0,0,0,0,0,0,2,0,0,0,0,0,0,0,0,0,0,0,0,0,2,328.15,1021,CCCCCC[n+]1ccn(C)c1.N#C[B-](C#N)(C#N)C#N,-0.007024615
1.1675,-2.722222222,0.464102434,9.238095238,0,2.929539481,4e-07,-2.765064935,40779.18957,6.81094143,0.0,12.39368714,6.327320075,0.0,6.145991148,0.0,30.18176551,23.87429233,12.84164325,0.0,13.59242839,6.145991148,7.047671983,0.0,4.567099648,0.0,10.7130908,13.59242839,0.0,0.0,0.0,0.0,0.0,56.10233522,0.0,0.0,41.8266157,21.04756622,0.0,0.0,5.375,0.0,8.977655108,3.413194444,2.05807831,0.5,0,0,1,1.57922,0,0,0,0,0,0,6,0,0,0,0,0,0,0,2,0,0,0,0,0,0,0,0,0,0,0,0,0,2,338.15,1022,CCCCCC[n+]1ccn(C)c1.N#C[B-](C#N)(C#N)C#N,0.019802627
1.1675,-2.722222222,0.464102434,9.238095238,0,2.929539481,4e-07,-2.765064935,40779.18957,6.81094143,0.0,12.39368714,6.327320075,0.0,6.145991148,0.0,30.18176551,23.87429233,12.84164325,0.0,13.59242839,6.145991148,7.047671983,0.0,4.567099648,0.0,10.7130908,13.59242839,0.0,0.0,0.0,0.0,0.0,56.10233522,0.0,0.0,41.8266157,21.04756622,0.0,0.0,5.375,0.0,8.977655108,3.413194444,2.05807831,0.5,0,0,1,1.57922,0,0,0,0,0,0,6,0,0,0,0,0,0,0,2,0,0,0,0,0,0,0,0,0,0,0,0,0,2,348.15,1023,CCCCCC[n+]1ccn(C)c1.N#C[B-](C#N)(C#N)C#N,0.039220713
1.1675,-2.722222222,0.464102434,9.238095238,0,2.929539481,4e-07,-2.765064935,40779.18957,6.81094143,0.0,12.39368714,6.327320075,0.0,6.145991148,0.0,30.18176551,23.87429233,12.84164325,0.0,13.59242839,6.145991148,7.047671983,0.0,4.567099648,0.0,10.7130908,13.59242839,0.0,0.0,0.0,0.0,0.0,56.10233522,0.0,0.0,41.8266157,21.04756622,0.0,0.0,5.375,0.0,8.977655108,3.413194444,2.05807831,0.5,0,0,1,1.57922,0,0,0,0,0,0,6,0,0,0,0,0,0,0,2,0,0,0,0,0,0,0,0,0,0,0,0,0,2,358.15,1024,CCCCCC[n+]1ccn(C)c1.N#C[B-](C#N)(C#N)C#N,0.058268908
1.1675,-2.722222222,0.464102434,9.238095238,0,2.929539481,4e-07,-2.765064935,40779.18957,6.81094143,0.0,12.39368714,6.327320075,0.0,6.145991148,0.0,30.18176551,23.87429233,12.84164325,0.0,13.59242839,6.145991148,7.047671983,0.0,4.567099648,0.0,10.7130908,13.59242839,0.0,0.0,0.0,0.0,0.0,56.10233522,0.0,0.0,41.8266157,21.04756622,0.0,0.0,5.375,0.0,8.977655108,3.413194444,2.05807831,0.5,0,0,1,1.57922,0,0,0,0,0,0,6,0,0,0,0,0,0,0,2,0,0,0,0,0,0,0,0,0,0,0,0,0,2,368.15,1025,CCCCCC[n+]1ccn(C)c1.N#C[B-](C#N)(C#N)C#N,0.076961041
1.150138889,1.150138889,0.552927804,8.0,0,2.633932177,3.36e-07,-2.01,2338.931774,7.091397949,10.52378311,12.39368714,6.327320075,0.0,0.0,5.316788604,9.134199296,0.0,6.420821623,12.38631219,13.59242839,0.0,7.047671983,0.0,4.567099648,0.0,4.567099648,13.59242839,0.0,5.316788604,0.0,0.0,6.544756406,25.22795544,0.0,7.047671983,40.09573232,10.52378311,0.0,0.0,0.0,0.0,11.37951814,3.361944444,2.044092971,0.5,0,0,1,1.43496,0,0,0,0,0,0,5,0,0,0,0,0,0,0,2,0,0,0,0,0,0,0,0,0,0,0,0,0,0,318.15,1026,CCCC[n+]1ccn(C)c1.N#C[N-]C#N,1.061256502
1.150138889,1.150138889,0.552927804,8.0,0,2.633932177,3.36e-07,-2.01,2338.931774,7.091397949,10.52378311,12.39368714,6.327320075,0.0,0.0,5.316788604,9.134199296,0.0,6.420821623,12.38631219,13.59242839,0.0,7.047671983,0.0,4.567099648,0.0,4.567099648,13.59242839,0.0,5.316788604,0.0,0.0,6.544756406,25.22795544,0.0,7.047671983,40.09573232,10.52378311,0.0,0.0,0.0,0.0,11.37951814,3.361944444,2.044092971,0.5,0,0,1,1.43496,0,0,0,0,0,0,5,0,0,0,0,0,0,0,2,0,0,0,0,0,0,0,0,0,0,0,0,0,0,328.15,1027,CCCC[n+]1ccn(C)c1.N#C[N-]C#N,1.101940079
1.150138889,1.150138889,0.552927804,8.0,0,2.633932177,3.36e-07,-2.01,2338.931774,7.091397949,10.52378311,12.39368714,6.327320075,0.0,0.0,5.316788604,9.134199296,0.0,6.420821623,12.38631219,13.59242839,0.0,7.047671983,0.0,4.567099648,0.0,4.567099648,13.59242839,0.0,5.316788604,0.0,0.0,6.544756406,25.22795544,0.0,7.047671983,40.09573232,10.52378311,0.0,0.0,0.0,0.0,11.37951814,3.361944444,2.044092971,0.5,0,0,1,1.43496,0,0,0,0,0,0,5,0,0,0,0,0,0,0,2,0,0,0,0,0,0,0,0,0,0,0,0,0,0,338.15,1028,CCCC[n+]1ccn(C)c1.N#C[N-]C#N,1.147402453
1.150138889,1.150138889,0.552927804,8.0,0,2.633932177,3.36e-07,-2.01,2338.931774,7.091397949,10.52378311,12.39368714,6.327320075,0.0,0.0,5.316788604,9.134199296,0.0,6.420821623,12.38631219,13.59242839,0.0,7.047671983,0.0,4.567099648,0.0,4.567099648,13.59242839,0.0,5.316788604,0.0,0.0,6.544756406,25.22795544,0.0,7.047671983,40.09573232,10.52378311,0.0,0.0,0.0,0.0,11.37951814,3.361944444,2.044092971,0.5,0,0,1,1.43496,0,0,0,0,0,0,5,0,0,0,0,0,0,0,2,0,0,0,0,0,0,0,0,0,0,0,0,0,0,348.15,1029,CCCC[n+]1ccn(C)c1.N#C[N-]C#N,1.184789985
1.150138889,1.150138889,0.552927804,8.0,0,2.633932177,3.36e-07,-2.01,2338.931774,7.091397949,10.52378311,12.39368714,6.327320075,0.0,0.0,5.316788604,9.134199296,0.0,6.420821623,12.38631219,13.59242839,0.0,7.047671983,0.0,4.567099648,0.0,4.567099648,13.59242839,0.0,5.316788604,0.0,0.0,6.544756406,25.22795544,0.0,7.047671983,40.09573232,10.52378311,0.0,0.0,0.0,0.0,11.37951814,3.361944444,2.044092971,0.5,0,0,1,1.43496,0,0,0,0,0,0,5,0,0,0,0,0,0,0,2,0,0,0,0,0,0,0,0,0,0,0,0,0,0,358.15,1030,CCCC[n+]1ccn(C)c1.N#C[N-]C#N,1.223775432
1.150138889,1.150138889,0.552927804,8.0,0,2.633932177,3.36e-07,-2.01,2338.931774,7.091397949,10.52378311,12.39368714,6.327320075,0.0,0.0,5.316788604,9.134199296,0.0,6.420821623,12.38631219,13.59242839,0.0,7.047671983,0.0,4.567099648,0.0,4.567099648,13.59242839,0.0,5.316788604,0.0,0.0,6.544756406,25.22795544,0.0,7.047671983,40.09573232,10.52378311,0.0,0.0,0.0,0.0,11.37951814,3.361944444,2.044092971,0.5,0,0,1,1.43496,0,0,0,0,0,0,5,0,0,0,0,0,0,0,2,0,0,0,0,0,0,0,0,0,0,0,0,0,0,368.15,1031,CCCC[n+]1ccn(C)c1.N#C[N-]C#N,1.264126727
0.777777778,-6.721527778,0.062770314,13.2195122,0,2.840420605,0.0,-0.6,117428748.2,21.69593411,8.610431983,0.0,0.0,0.0,11.016661,0.0,16.83559397,0.0,38.52492974,0.0,26.6819412,20.04658231,0.0,26.6819412,0.0,0.0,59.01722703,20.04658231,0.0,4.127401125,0.0,0.0,4.127401125,139.6920893,0.0,0.0,27.81888358,0.0,0.0,0.0,0.0,0.0,25.86058308,11.22328384,-10.88340396,1.0,0,0,0,9.5738,0,0,0,0,0,0,2,0,0,0,0,0,0,0,0,0,0,0,0,0,0,0,0,0,0,0,1,0,12,303.15,1032,CCCCCCCC[N+](C)(CCCCCCCC)CCCCCCCC.O=S(=O)([N-]S(=O)(=O)C(F)(F)F)C(F)(F)F,-0.673344553
0.777777778,-6.721527778,0.062770314,13.2195122,0,2.840420605,0.0,-0.6,117428748.2,21.69593411,8.610431983,0.0,0.0,0.0,11.016661,0.0,16.83559397,0.0,38.52492974,0.0,26.6819412,20.04658231,0.0,26.6819412,0.0,0.0,59.01722703,20.04658231,0.0,4.127401125,0.0,0.0,4.127401125,139.6920893,0.0,0.0,27.81888358,0.0,0.0,0.0,0.0,0.0,25.86058308,11.22328384,-10.88340396,1.0,0,0,0,9.5738,0,0,0,0,0,0,2,0,0,0,0,0,0,0,0,0,0,0,0,0,0,0,0,0,0,0,1,0,12,303.15,1033,CCCCCCCC[N+](C)(CCCCCCCC)CCCCCCCC.O=S(=O)([N-]S(=O)(=O)C(F)(F)F)C(F)(F)F,-0.673344553
0.777777778,-6.721527778,0.062770314,13.2195122,0,2.840420605,0.0,-0.6,117428748.2,21.69593411,8.610431983,0.0,0.0,0.0,11.016661,0.0,16.83559397,0.0,38.52492974,0.0,26.6819412,20.04658231,0.0,26.6819412,0.0,0.0,59.01722703,20.04658231,0.0,4.127401125,0.0,0.0,4.127401125,139.6920893,0.0,0.0,27.81888358,0.0,0.0,0.0,0.0,0.0,25.86058308,11.22328384,-10.88340396,1.0,0,0,0,9.5738,0,0,0,0,0,0,2,0,0,0,0,0,0,0,0,0,0,0,0,0,0,0,0,0,0,0,1,0,12,313.15,1034,CCCCCCCC[N+](C)(CCCCCCCC)CCCCCCCC.O=S(=O)([N-]S(=O)(=O)C(F)(F)F)C(F)(F)F,-0.653926467
0.777777778,-6.721527778,0.062770314,13.2195122,0,2.840420605,0.0,-0.6,117428748.2,21.69593411,8.610431983,0.0,0.0,0.0,11.016661,0.0,16.83559397,0.0,38.52492974,0.0,26.6819412,20.04658231,0.0,26.6819412,0.0,0.0,59.01722703,20.04658231,0.0,4.127401125,0.0,0.0,4.127401125,139.6920893,0.0,0.0,27.81888358,0.0,0.0,0.0,0.0,0.0,25.86058308,11.22328384,-10.88340396,1.0,0,0,0,9.5738,0,0,0,0,0,0,2,0,0,0,0,0,0,0,0,0,0,0,0,0,0,0,0,0,0,0,1,0,12,313.15,1035,CCCCCCCC[N+](C)(CCCCCCCC)CCCCCCCC.O=S(=O)([N-]S(=O)(=O)C(F)(F)F)C(F)(F)F,-0.653926467
0.777777778,-6.721527778,0.062770314,13.2195122,0,2.840420605,0.0,-0.6,117428748.2,21.69593411,8.610431983,0.0,0.0,0.0,11.016661,0.0,16.83559397,0.0,38.52492974,0.0,26.6819412,20.04658231,0.0,26.6819412,0.0,0.0,59.01722703,20.04658231,0.0,4.127401125,0.0,0.0,4.127401125,139.6920893,0.0,0.0,27.81888358,0.0,0.0,0.0,0.0,0.0,25.86058308,11.22328384,-10.88340396,1.0,0,0,0,9.5738,0,0,0,0,0,0,2,0,0,0,0,0,0,0,0,0,0,0,0,0,0,0,0,0,0,0,1,0,12,323.15,1036,CCCCCCCC[N+](C)(CCCCCCCC)CCCCCCCC.O=S(=O)([N-]S(=O)(=O)C(F)(F)F)C(F)(F)F,-0.634878272
0.777777778,-6.721527778,0.062770314,13.2195122,0,2.840420605,0.0,-0.6,117428748.2,21.69593411,8.610431983,0.0,0.0,0.0,11.016661,0.0,16.83559397,0.0,38.52492974,0.0,26.6819412,20.04658231,0.0,26.6819412,0.0,0.0,59.01722703,20.04658231,0.0,4.127401125,0.0,0.0,4.127401125,139.6920893,0.0,0.0,27.81888358,0.0,0.0,0.0,0.0,0.0,25.86058308,11.22328384,-10.88340396,1.0,0,0,0,9.5738,0,0,0,0,0,0,2,0,0,0,0,0,0,0,0,0,0,0,0,0,0,0,0,0,0,0,1,0,12,323.15,1037,CCCCCCCC[N+](C)(CCCCCCCC)CCCCCCCC.O=S(=O)([N-]S(=O)(=O)C(F)(F)F)C(F)(F)F,-0.597837001
0.777777778,-6.721527778,0.470046643,18.76923077,0,2.43043765,5.02e-07,-0.68,108815.5545,7.911629221,18.08415789,19.63426922,0.0,0.0,11.016661,0.0,16.83559397,0.0,0.0,7.109797541,26.86831788,20.04658231,0.0,53.61238464,0.0,0.0,85.94767046,29.52030821,0.0,4.127401125,0.0,0.0,48.06534709,0.0,7.109797541,0.0,7.047671983,9.473725908,0.0,0.0,0.0,0.0,0.0,6.031258503,-9.421084892,1.0,0,0,1,1.1689,0,0,0,0,0,0,2,0,1,0,0,0,0,0,0,0,0,2,0,1,1,0,0,0,0,0,1,0,0,318.15,1038,COCC[N+]1(C)CCOCC1.O=S(=O)([N-]S(=O)(=O)C(F)(F)F)C(F)(F)F,0.698134722
0.777777778,-6.721527778,0.470046643,18.76923077,0,2.43043765,5.02e-07,-0.68,108815.5545,7.911629221,18.08415789,19.63426922,0.0,0.0,11.016661,0.0,16.83559397,0.0,0.0,7.109797541,26.86831788,20.04658231,0.0,53.61238464,0.0,0.0,85.94767046,29.52030821,0.0,4.127401125,0.0,0.0,48.06534709,0.0,7.109797541,0.0,7.047671983,9.473725908,0.0,0.0,0.0,0.0,0.0,6.031258503,-9.421084892,1.0,0,0,1,1.1689,0,0,0,0,0,0,2,0,1,0,0,0,0,0,0,0,0,2,0,1,1,0,0,0,0,0,1,0,0,328.15,1039,COCC[N+]1(C)CCOCC1.O=S(=O)([N-]S(=O)(=O)C(F)(F)F)C(F)(F)F,0.698134722
0.777777778,-6.721527778,0.470046643,18.76923077,0,2.43043765,5.02e-07,-0.68,108815.5545,7.911629221,18.08415789,19.63426922,0.0,0.0,11.016661,0.0,16.83559397,0.0,0.0,7.109797541,26.86831788,20.04658231,0.0,53.61238464,0.0,0.0,85.94767046,29.52030821,0.0,4.127401125,0.0,0.0,48.06534709,0.0,7.109797541,0.0,7.047671983,9.473725908,0.0,0.0,0.0,0.0,0.0,6.031258503,-9.421084892,1.0,0,0,1,1.1689,0,0,0,0,0,0,2,0,1,0,0,0,0,0,0,0,0,2,0,1,1,0,0,0,0,0,1,0,0,338.15,1040,COCC[N+]1(C)CCOCC1.O=S(=O)([N-]S(=O)(=O)C(F)(F)F)C(F)(F)F,0.693147181
0.777777778,-6.721527778,0.470046643,18.76923077,0,2.43043765,5.02e-07,-0.68,108815.5545,7.911629221,18.08415789,19.63426922,0.0,0.0,11.016661,0.0,16.83559397,0.0,0.0,7.109797541,26.86831788,20.04658231,0.0,53.61238464,0.0,0.0,85.94767046,29.52030821,0.0,4.127401125,0.0,0.0,48.06534709,0.0,7.109797541,0.0,7.047671983,9.473725908,0.0,0.0,0.0,0.0,0.0,6.031258503,-9.421084892,1.0,0,0,1,1.1689,0,0,0,0,0,0,2,0,1,0,0,0,0,0,0,0,0,2,0,1,1,0,0,0,0,0,1,0,0,348.15,1041,COCC[N+]1(C)CCOCC1.O=S(=O)([N-]S(=O)(=O)C(F)(F)F)C(F)(F)F,0.688134639
0.777777778,-6.721527778,0.470046643,18.76923077,0,2.43043765,5.02e-07,-0.68,108815.5545,7.911629221,18.08415789,19.63426922,0.0,0.0,11.016661,0.0,16.83559397,0.0,0.0,7.109797541,26.86831788,20.04658231,0.0,53.61238464,0.0,0.0,85.94767046,29.52030821,0.0,4.127401125,0.0,0.0,48.06534709,0.0,7.109797541,0.0,7.047671983,9.473725908,0.0,0.0,0.0,0.0,0.0,6.031258503,-9.421084892,1.0,0,0,1,1.1689,0,0,0,0,0,0,2,0,1,0,0,0,0,0,0,0,0,2,0,1,1,0,0,0,0,0,1,0,0,358.15,1042,COCC[N+]1(C)CCOCC1.O=S(=O)([N-]S(=O)(=O)C(F)(F)F)C(F)(F)F,0.683096845
0.777777778,-6.721527778,0.470046643,18.76923077,0,2.43043765,5.02e-07,-0.68,108815.5545,7.911629221,18.08415789,19.63426922,0.0,0.0,11.016661,0.0,16.83559397,0.0,0.0,7.109797541,26.86831788,20.04658231,0.0,53.61238464,0.0,0.0,85.94767046,29.52030821,0.0,4.127401125,0.0,0.0,48.06534709,0.0,7.109797541,0.0,7.047671983,9.473725908,0.0,0.0,0.0,0.0,0.0,6.031258503,-9.421084892,1.0,0,0,1,1.1689,0,0,0,0,0,0,2,0,1,0,0,0,0,0,0,0,0,2,0,1,1,0,0,0,0,0,1,0,0,368.15,1043,COCC[N+]1(C)CCOCC1.O=S(=O)([N-]S(=O)(=O)C(F)(F)F)C(F)(F)F,0.678033543
1.150138889,-11.25,0.436017336,15.52941176,0,2.416505751,3.25e-07,-0.391818182,1877.624968,18.18224879,0.0,12.39368714,6.327320075,0.0,36.35308399,0.0,9.134199296,0.0,6.420821623,0.0,13.59242839,19.4751803,7.047671983,0.0,4.567099648,0.0,24.04227994,13.59242839,0.0,0.0,0.0,0.0,6.544756406,12.84164325,0.0,7.047671983,34.77894371,0.0,-11.25,0.0,0.0,0.0,8.817018141,3.361944444,2.044092971,0.625,0,0,1,3.2531,0,0,0,0,0,0,2,0,0,0,0,0,0,0,2,0,0,0,0,0,0,0,0,0,0,0,0,0,0,313.15,1044,CCCC[n+]1ccn(C)c1.F[Sb-](F)(F)(F)(F)F,0.602675277
1.150138889,-11.25,0.436017336,15.52941176,0,2.416505751,3.25e-07,-0.391818182,1877.624968,18.18224879,0.0,12.39368714,6.327320075,0.0,36.35308399,0.0,9.134199296,0.0,6.420821623,0.0,13.59242839,19.4751803,7.047671983,0.0,4.567099648,0.0,24.04227994,13.59242839,0.0,0.0,0.0,0.0,6.544756406,12.84164325,0.0,7.047671983,34.77894371,0.0,-11.25,0.0,0.0,0.0,8.817018141,3.361944444,2.044092971,0.625,0,0,1,3.2531,0,0,0,0,0,0,2,0,0,0,0,0,0,0,2,0,0,0,0,0,0,0,0,0,0,0,0,0,0,323.15,1045,CCCC[n+]1ccn(C)c1.F[Sb-](F)(F)(F)(F)F,0.647103242
1.150138889,-11.25,0.436017336,15.52941176,0,2.416505751,3.25e-07,-0.391818182,1877.624968,18.18224879,0.0,12.39368714,6.327320075,0.0,36.35308399,0.0,9.134199296,0.0,6.420821623,0.0,13.59242839,19.4751803,7.047671983,0.0,4.567099648,0.0,24.04227994,13.59242839,0.0,0.0,0.0,0.0,6.544756406,12.84164325,0.0,7.047671983,34.77894371,0.0,-11.25,0.0,0.0,0.0,8.817018141,3.361944444,2.044092971,0.625,0,0,1,3.2531,0,0,0,0,0,0,2,0,0,0,0,0,0,0,2,0,0,0,0,0,0,0,0,0,0,0,0,0,0,333.15,1046,CCCC[n+]1ccn(C)c1.F[Sb-](F)(F)(F)(F)F,0.667829373
0.091435185,-4.424189815,0.414137951,10.66666667,0,2.499295022,2.65e-07,-0.92,1504.575603,8.099942859,4.552749874,12.39368714,16.72632066,0.0,0.0,4.183085433,17.55199628,0.0,13.8474744,0.0,20.19931035,10.39900058,7.047671983,6.606881965,4.567099648,0.0,24.14452847,28.1745144,0.0,0.0,6.606881965,0.0,6.544756406,6.9237372,0.0,17.8116152,28.19808593,0.0,0.0,0.0,0.0,0.0,6.142361111,4.51599537,-2.404189815,0.625,0,0,1,-0.1844,0,0,0,0,0,0,2,0,0,0,0,0,0,0,2,0,0,0,0,0,0,0,0,0,0,0,0,0,0,312.3,1047,CCOS(=O)(=O)[O-].CC[n+]1ccn(C)c1,1.752672081
0.091435185,-4.424189815,0.414137951,10.66666667,0,2.499295022,2.65e-07,-0.92,1504.575603,8.099942859,4.552749874,12.39368714,16.72632066,0.0,0.0,4.183085433,17.55199628,0.0,13.8474744,0.0,20.19931035,10.39900058,7.047671983,6.606881965,4.567099648,0.0,24.14452847,28.1745144,0.0,0.0,6.606881965,0.0,6.544756406,6.9237372,0.0,17.8116152,28.19808593,0.0,0.0,0.0,0.0,0.0,6.142361111,4.51599537,-2.404189815,0.625,0,0,1,-0.1844,0,0,0,0,0,0,2,0,0,0,0,0,0,0,2,0,0,0,0,0,0,0,0,0,0,0,0,0,0,323.0,1048,CCOS(=O)(=O)[O-].CC[n+]1ccn(C)c1,1.726331664
0.091435185,-4.424189815,0.414137951,10.66666667,0,2.499295022,2.65e-07,-0.92,1504.575603,8.099942859,4.552749874,12.39368714,16.72632066,0.0,0.0,4.183085433,17.55199628,0.0,13.8474744,0.0,20.19931035,10.39900058,7.047671983,6.606881965,4.567099648,0.0,24.14452847,28.1745144,0.0,0.0,6.606881965,0.0,6.544756406,6.9237372,0.0,17.8116152,28.19808593,0.0,0.0,0.0,0.0,0.0,6.142361111,4.51599537,-2.404189815,0.625,0,0,1,-0.1844,0,0,0,0,0,0,2,0,0,0,0,0,0,0,2,0,0,0,0,0,0,0,0,0,0,0,0,0,0,333.5,1049,CCOS(=O)(=O)[O-].CC[n+]1ccn(C)c1,1.695615609
0.091435185,-4.424189815,0.414137951,10.66666667,0,2.499295022,2.65e-07,-0.92,1504.575603,8.099942859,4.552749874,12.39368714,16.72632066,0.0,0.0,4.183085433,17.55199628,0.0,13.8474744,0.0,20.19931035,10.39900058,7.047671983,6.606881965,4.567099648,0.0,24.14452847,28.1745144,0.0,0.0,6.606881965,0.0,6.544756406,6.9237372,0.0,17.8116152,28.19808593,0.0,0.0,0.0,0.0,0.0,6.142361111,4.51599537,-2.404189815,0.625,0,0,1,-0.1844,0,0,0,0,0,0,2,0,0,0,0,0,0,0,2,0,0,0,0,0,0,0,0,0,0,0,0,0,0,343.9,1050,CCOS(=O)(=O)[O-].CC[n+]1ccn(C)c1,1.665818246
0.091435185,-4.424189815,0.414137951,10.66666667,0,2.499295022,2.65e-07,-0.92,1504.575603,8.099942859,4.552749874,12.39368714,16.72632066,0.0,0.0,4.183085433,17.55199628,0.0,13.8474744,0.0,20.19931035,10.39900058,7.047671983,6.606881965,4.567099648,0.0,24.14452847,28.1745144,0.0,0.0,6.606881965,0.0,6.544756406,6.9237372,0.0,17.8116152,28.19808593,0.0,0.0,0.0,0.0,0.0,6.142361111,4.51599537,-2.404189815,0.625,0,0,1,-0.1844,0,0,0,0,0,0,2,0,0,0,0,0,0,0,2,0,0,0,0,0,0,0,0,0,0,0,0,0,0,354.4,1051,CCOS(=O)(=O)[O-].CC[n+]1ccn(C)c1,1.625311262
0.091435185,-4.424189815,0.414137951,10.66666667,0,2.499295022,2.65e-07,-0.92,1504.575603,8.099942859,4.552749874,12.39368714,16.72632066,0.0,0.0,4.183085433,17.55199628,0.0,13.8474744,0.0,20.19931035,10.39900058,7.047671983,6.606881965,4.567099648,0.0,24.14452847,28.1745144,0.0,0.0,6.606881965,0.0,6.544756406,6.9237372,0.0,17.8116152,28.19808593,0.0,0.0,0.0,0.0,0.0,6.142361111,4.51599537,-2.404189815,0.625,0,0,1,-0.1844,0,0,0,0,0,0,2,0,0,0,0,0,0,0,2,0,0,0,0,0,0,0,0,0,0,0,0,0,0,364.7,1052,CCOS(=O)(=O)[O-].CC[n+]1ccn(C)c1,1.58514522
1.150138889,-4.916666667,0.458485637,10.66666667,0,2.445635406,3.36e-07,-0.92,1357.32765,11.00407131,4.552749874,12.39368714,16.72632066,0.0,0.0,4.552749874,17.55199628,0.0,6.420821623,0.0,13.59242839,10.39900058,7.047671983,0.0,4.567099648,0.0,22.09039638,23.99142897,0.0,0.0,0.0,0.0,6.544756406,12.84164325,0.0,7.047671983,34.77894371,17.52329673,0.0,0.0,0.0,0.0,8.817018141,3.361944444,-2.872573696,0.625,0,0,1,0.1173,0,0,0,0,0,0,2,0,0,0,0,0,0,0,2,0,0,0,0,0,0,0,0,0,0,0,0,0,0,313.0,1053,CCCC[n+]1ccn(C)c1.O=S(=O)([O-])O,2.141241943
1.150138889,-4.916666667,0.458485637,10.66666667,0,2.445635406,3.36e-07,-0.92,1357.32765,11.00407131,4.552749874,12.39368714,16.72632066,0.0,0.0,4.552749874,17.55199628,0.0,6.420821623,0.0,13.59242839,10.39900058,7.047671983,0.0,4.567099648,0.0,22.09039638,23.99142897,0.0,0.0,0.0,0.0,6.544756406,12.84164325,0.0,7.047671983,34.77894371,17.52329673,0.0,0.0,0.0,0.0,8.817018141,3.361944444,-2.872573696,0.625,0,0,1,0.1173,0,0,0,0,0,0,2,0,0,0,0,0,0,0,2,0,0,0,0,0,0,0,0,0,0,0,0,0,0,333.0,1054,CCCC[n+]1ccn(C)c1.O=S(=O)([O-])O,2.221375038
1.150138889,-4.916666667,0.458485637,10.66666667,0,2.445635406,3.36e-07,-0.92,1357.32765,11.00407131,4.552749874,12.39368714,16.72632066,0.0,0.0,4.552749874,17.55199628,0.0,6.420821623,0.0,13.59242839,10.39900058,7.047671983,0.0,4.567099648,0.0,22.09039638,23.99142897,0.0,0.0,0.0,0.0,6.544756406,12.84164325,0.0,7.047671983,34.77894371,17.52329673,0.0,0.0,0.0,0.0,8.817018141,3.361944444,-2.872573696,0.625,0,0,1,0.1173,0,0,0,0,0,0,2,0,0,0,0,0,0,0,2,0,0,0,0,0,0,0,0,0,0,0,0,0,0,353.0,1055,CCCC[n+]1ccn(C)c1.O=S(=O)([O-])O,2.272125886
1.150138889,-4.916666667,0.458485637,10.66666667,0,2.445635406,3.36e-07,-0.92,1357.32765,11.00407131,4.552749874,12.39368714,16.72632066,0.0,0.0,4.552749874,17.55199628,0.0,6.420821623,0.0,13.59242839,10.39900058,7.047671983,0.0,4.567099648,0.0,22.09039638,23.99142897,0.0,0.0,0.0,0.0,6.544756406,12.84164325,0.0,7.047671983,34.77894371,17.52329673,0.0,0.0,0.0,0.0,8.817018141,3.361944444,-2.872573696,0.625,0,0,1,0.1173,0,0,0,0,0,0,2,0,0,0,0,0,0,0,2,0,0,0,0,0,0,0,0,0,0,0,0,0,0,373.0,1056,CCCC[n+]1ccn(C)c1.O=S(=O)([O-])O,2.406945108
1.150138889,-4.916666667,0.458485637,10.66666667,0,2.445635406,3.36e-07,-0.92,1357.32765,11.00407131,4.552749874,12.39368714,16.72632066,0.0,0.0,4.552749874,17.55199628,0.0,6.420821623,0.0,13.59242839,10.39900058,7.047671983,0.0,4.567099648,0.0,22.09039638,23.99142897,0.0,0.0,0.0,0.0,6.544756406,12.84164325,0.0,7.047671983,34.77894371,17.52329673,0.0,0.0,0.0,0.0,8.817018141,3.361944444,-2.872573696,0.625,0,0,1,0.1173,0,0,0,0,0,0,2,0,0,0,0,0,0,0,2,0,0,0,0,0,0,0,0,0,0,0,0,0,0,393.0,1057,CCCC[n+]1ccn(C)c1.O=S(=O)([O-])O,2.564949357
1.150138889,-4.916666667,0.458485637,10.66666667,0,2.445635406,3.36e-07,-0.92,1357.32765,11.00407131,4.552749874,12.39368714,16.72632066,0.0,0.0,4.552749874,17.55199628,0.0,6.420821623,0.0,13.59242839,10.39900058,7.047671983,0.0,4.567099648,0.0,22.09039638,23.99142897,0.0,0.0,0.0,0.0,6.544756406,12.84164325,0.0,7.047671983,34.77894371,17.52329673,0.0,0.0,0.0,0.0,8.817018141,3.361944444,-2.872573696,0.625,0,0,1,0.1173,0,0,0,0,0,0,2,0,0,0,0,0,0,0,2,0,0,0,0,0,0,0,0,0,0,0,0,0,0,413.0,1058,CCCC[n+]1ccn(C)c1.O=S(=O)([O-])O,2.63188884
0.0,-0.93507716,0.397156542,11.0,0,2.09900414,1.21e-06,-0.283116883,247.6824885,3.924086282,12.40703316,12.39368714,6.327320075,0.0,0.0,0.0,9.134199296,0.0,0.0,0.0,21.28957484,8.073872301,7.047671983,0.0,16.97413281,0.0,12.64097195,13.21570254,19.64103406,0.0,12.40703316,0.0,0.0,6.16803056,0.0,0.0,54.54391256,0.0,0.0,0.0,0.0,0.0,7.573888889,7.145833333,1.121188272,0.625,0,0,1,-1.806,0,0,0,0,0,0,2,0,0,0,0,0,0,0,1,0,0,0,0,0,0,0,0,0,0,0,0,0,0,313.0,1059,C[n+]1ccn(C[Si](C)(C)C)c1.[Cl-],1.410986974
0.0,-0.93507716,0.397156542,11.0,0,2.09900414,1.21e-06,-0.283116883,247.6824885,3.924086282,12.40703316,12.39368714,6.327320075,0.0,0.0,0.0,9.134199296,0.0,0.0,0.0,21.28957484,8.073872301,7.047671983,0.0,16.97413281,0.0,12.64097195,13.21570254,19.64103406,0.0,12.40703316,0.0,0.0,6.16803056,0.0,0.0,54.54391256,0.0,0.0,0.0,0.0,0.0,7.573888889,7.145833333,1.121188272,0.625,0,0,1,-1.806,0,0,0,0,0,0,2,0,0,0,0,0,0,0,1,0,0,0,0,0,0,0,0,0,0,0,0,0,0,333.0,1060,C[n+]1ccn(C[Si](C)(C)C)c1.[Cl-],1.335001067
0.0,-0.93507716,0.397156542,11.0,0,2.09900414,1.21e-06,-0.283116883,247.6824885,3.924086282,12.40703316,12.39368714,6.327320075,0.0,0.0,0.0,9.134199296,0.0,0.0,0.0,21.28957484,8.073872301,7.047671983,0.0,16.97413281,0.0,12.64097195,13.21570254,19.64103406,0.0,12.40703316,0.0,0.0,6.16803056,0.0,0.0,54.54391256,0.0,0.0,0.0,0.0,0.0,7.573888889,7.145833333,1.121188272,0.625,0,0,1,-1.806,0,0,0,0,0,0,2,0,0,0,0,0,0,0,1,0,0,0,0,0,0,0,0,0,0,0,0,0,0,353.0,1061,C[n+]1ccn(C[Si](C)(C)C)c1.[Cl-],1.403642999
0.0,-0.93507716,0.397156542,11.0,0,2.09900414,1.21e-06,-0.283116883,247.6824885,3.924086282,12.40703316,12.39368714,6.327320075,0.0,0.0,0.0,9.134199296,0.0,0.0,0.0,21.28957484,8.073872301,7.047671983,0.0,16.97413281,0.0,12.64097195,13.21570254,19.64103406,0.0,12.40703316,0.0,0.0,6.16803056,0.0,0.0,54.54391256,0.0,0.0,0.0,0.0,0.0,7.573888889,7.145833333,1.121188272,0.625,0,0,1,-1.806,0,0,0,0,0,0,2,0,0,0,0,0,0,0,1,0,0,0,0,0,0,0,0,0,0,0,0,0,0,373.0,1062,C[n+]1ccn(C[Si](C)(C)C)c1.[Cl-],1.541159072
0.0,-0.93507716,0.397156542,11.0,0,2.09900414,1.21e-06,-0.283116883,247.6824885,3.924086282,12.40703316,12.39368714,6.327320075,0.0,0.0,0.0,9.134199296,0.0,0.0,0.0,21.28957484,8.073872301,7.047671983,0.0,16.97413281,0.0,12.64097195,13.21570254,19.64103406,0.0,12.40703316,0.0,0.0,6.16803056,0.0,0.0,54.54391256,0.0,0.0,0.0,0.0,0.0,7.573888889,7.145833333,1.121188272,0.625,0,0,1,-1.806,0,0,0,0,0,0,2,0,0,0,0,0,0,0,1,0,0,0,0,0,0,0,0,0,0,0,0,0,0,393.0,1063,C[n+]1ccn(C[Si](C)(C)C)c1.[Cl-],1.69744879
0.0,-0.93507716,0.397156542,11.0,0,2.09900414,1.21e-06,-0.283116883,247.6824885,3.924086282,12.40703316,12.39368714,6.327320075,0.0,0.0,0.0,9.134199296,0.0,0.0,0.0,21.28957484,8.073872301,7.047671983,0.0,16.97413281,0.0,12.64097195,13.21570254,19.64103406,0.0,12.40703316,0.0,0.0,6.16803056,0.0,0.0,54.54391256,0.0,0.0,0.0,0.0,0.0,7.573888889,7.145833333,1.121188272,0.625,0,0,1,-1.806,0,0,0,0,0,0,2,0,0,0,0,0,0,0,1,0,0,0,0,0,0,0,0,0,0,0,0,0,0,413.0,1064,C[n+]1ccn(C[Si](C)(C)C)c1.[Cl-],1.826160896
1.333333333,1.333333333,0.409169858,18.92857143,0,2.173943129,5e-07,-0.33,1069.580019,6.17361393,17.11182001,0.0,0.0,0.0,0.0,0.0,5.261891555,0.0,25.68328649,0.0,26.6819412,12.62878915,0.0,26.6819412,0.0,0.0,31.16497206,12.62878915,0.0,0.0,0.0,0.0,0.0,61.62266149,0.0,0.0,26.60019833,5.261891555,3.699074074,0.0,0.0,0.0,7.157473781,6.562109552,2.425416667,0.909090909,0,0,1,2.43138,0,0,0,0,0,0,2,0,0,1,0,0,0,0,0,0,0,0,0,0,0,0,0,1,0,0,1,1,0,318.15,1065,CCCC[N+]1(C)CCCCC1.N#C[S-],1.1442228
1.333333333,1.333333333,0.409169858,18.92857143,0,2.173943129,5e-07,-0.33,1069.580019,6.17361393,17.11182001,0.0,0.0,0.0,0.0,0.0,5.261891555,0.0,25.68328649,0.0,26.6819412,12.62878915,0.0,26.6819412,0.0,0.0,31.16497206,12.62878915,0.0,0.0,0.0,0.0,0.0,61.62266149,0.0,0.0,26.60019833,5.261891555,3.699074074,0.0,0.0,0.0,7.157473781,6.562109552,2.425416667,0.909090909,0,0,1,2.43138,0,0,0,0,0,0,2,0,0,1,0,0,0,0,0,0,0,0,0,0,0,0,0,1,0,0,1,1,0,328.15,1066,CCCC[N+]1(C)CCCCC1.N#C[S-],1.150572028
1.333333333,1.333333333,0.409169858,18.92857143,0,2.173943129,5e-07,-0.33,1069.580019,6.17361393,17.11182001,0.0,0.0,0.0,0.0,0.0,5.261891555,0.0,25.68328649,0.0,26.6819412,12.62878915,0.0,26.6819412,0.0,0.0,31.16497206,12.62878915,0.0,0.0,0.0,0.0,0.0,61.62266149,0.0,0.0,26.60019833,5.261891555,3.699074074,0.0,0.0,0.0,7.157473781,6.562109552,2.425416667,0.909090909,0,0,1,2.43138,0,0,0,0,0,0,2,0,0,1,0,0,0,0,0,0,0,0,0,0,0,0,0,1,0,0,1,1,0,338.15,1067,CCCC[N+]1(C)CCCCC1.N#C[S-],1.160020917
1.333333333,1.333333333,0.409169858,18.92857143,0,2.173943129,5e-07,-0.33,1069.580019,6.17361393,17.11182001,0.0,0.0,0.0,0.0,0.0,5.261891555,0.0,25.68328649,0.0,26.6819412,12.62878915,0.0,26.6819412,0.0,0.0,31.16497206,12.62878915,0.0,0.0,0.0,0.0,0.0,61.62266149,0.0,0.0,26.60019833,5.261891555,3.699074074,0.0,0.0,0.0,7.157473781,6.562109552,2.425416667,0.909090909,0,0,1,2.43138,0,0,0,0,0,0,2,0,0,1,0,0,0,0,0,0,0,0,0,0,0,0,0,1,0,0,1,1,0,348.15,1068,CCCC[N+]1(C)CCCCC1.N#C[S-],1.166270937
1.333333333,1.333333333,0.409169858,18.92857143,0,2.173943129,5e-07,-0.33,1069.580019,6.17361393,17.11182001,0.0,0.0,0.0,0.0,0.0,5.261891555,0.0,25.68328649,0.0,26.6819412,12.62878915,0.0,26.6819412,0.0,0.0,31.16497206,12.62878915,0.0,0.0,0.0,0.0,0.0,61.62266149,0.0,0.0,26.60019833,5.261891555,3.699074074,0.0,0.0,0.0,7.157473781,6.562109552,2.425416667,0.909090909,0,0,1,2.43138,0,0,0,0,0,0,2,0,0,1,0,0,0,0,0,0,0,0,0,0,0,0,0,1,0,0,1,1,0,358.15,1069,CCCC[N+]1(C)CCCCC1.N#C[S-],1.172482137
0.777777778,-6.721527778,0.565883709,13.45454545,0,2.577983163,5.18e-07,-1.35,17594.73509,5.79990429,4.127401125,12.39368714,6.327320075,0.0,11.016661,0.0,25.96979326,0.0,0.0,0.0,14.09534397,20.04658231,14.09534397,0.0,4.567099648,0.0,32.41935462,34.14192627,0.0,4.127401125,0.0,0.0,4.127401125,0.0,0.0,41.95055048,0.0,0.0,0.0,0.0,0.0,0.0,6.0,0.0,-9.443055556,0.571428571,0,0,1,0.9089,0,0,0,0,0,0,3,0,0,0,0,0,0,0,2,0,0,0,0,0,0,0,0,0,0,0,0,0,0,293.15,1070,Cn1cc[n+](C)c1.O=S(=O)([N-]S(=O)(=O)C(F)(F)F)C(F)(F)F,0.693147181
0.777777778,-6.721527778,0.565883709,13.45454545,0,2.577983163,5.18e-07,-1.35,17594.73509,5.79990429,4.127401125,12.39368714,6.327320075,0.0,11.016661,0.0,25.96979326,0.0,0.0,0.0,14.09534397,20.04658231,14.09534397,0.0,4.567099648,0.0,32.41935462,34.14192627,0.0,4.127401125,0.0,0.0,4.127401125,0.0,0.0,41.95055048,0.0,0.0,0.0,0.0,0.0,0.0,6.0,0.0,-9.443055556,0.571428571,0,0,1,0.9089,0,0,0,0,0,0,3,0,0,0,0,0,0,0,2,0,0,0,0,0,0,0,0,0,0,0,0,0,0,303.15,1071,Cn1cc[n+](C)c1.O=S(=O)([N-]S(=O)(=O)C(F)(F)F)C(F)(F)F,0.698134722
0.777777778,-6.721527778,0.565883709,13.45454545,0,2.577983163,5.18e-07,-1.35,17594.73509,5.79990429,4.127401125,12.39368714,6.327320075,0.0,11.016661,0.0,25.96979326,0.0,0.0,0.0,14.09534397,20.04658231,14.09534397,0.0,4.567099648,0.0,32.41935462,34.14192627,0.0,4.127401125,0.0,0.0,4.127401125,0.0,0.0,41.95055048,0.0,0.0,0.0,0.0,0.0,0.0,6.0,0.0,-9.443055556,0.571428571,0,0,1,0.9089,0,0,0,0,0,0,3,0,0,0,0,0,0,0,2,0,0,0,0,0,0,0,0,0,0,0,0,0,0,313.15,1072,Cn1cc[n+](C)c1.O=S(=O)([N-]S(=O)(=O)C(F)(F)F)C(F)(F)F,0.703097511
0.777777778,-6.721527778,0.565883709,13.45454545,0,2.577983163,5.18e-07,-1.35,17594.73509,5.79990429,4.127401125,12.39368714,6.327320075,0.0,11.016661,0.0,25.96979326,0.0,0.0,0.0,14.09534397,20.04658231,14.09534397,0.0,4.567099648,0.0,32.41935462,34.14192627,0.0,4.127401125,0.0,0.0,4.127401125,0.0,0.0,41.95055048,0.0,0.0,0.0,0.0,0.0,0.0,6.0,0.0,-9.443055556,0.571428571,0,0,1,0.9089,0,0,0,0,0,0,3,0,0,0,0,0,0,0,2,0,0,0,0,0,0,0,0,0,0,0,0,0,0,323.15,1073,Cn1cc[n+](C)c1.O=S(=O)([N-]S(=O)(=O)C(F)(F)F)C(F)(F)F,0.712949808
0.777777778,-6.721527778,0.565883709,13.45454545,0,2.577983163,5.18e-07,-1.35,17594.73509,5.79990429,4.127401125,12.39368714,6.327320075,0.0,11.016661,0.0,25.96979326,0.0,0.0,0.0,14.09534397,20.04658231,14.09534397,0.0,4.567099648,0.0,32.41935462,34.14192627,0.0,4.127401125,0.0,0.0,4.127401125,0.0,0.0,41.95055048,0.0,0.0,0.0,0.0,0.0,0.0,6.0,0.0,-9.443055556,0.571428571,0,0,1,0.9089,0,0,0,0,0,0,3,0,0,0,0,0,0,0,2,0,0,0,0,0,0,0,0,0,0,0,0,0,0,333.15,1074,Cn1cc[n+](C)c1.O=S(=O)([N-]S(=O)(=O)C(F)(F)F)C(F)(F)F,0.732367894
0.777777778,-6.721527778,0.540378108,13.28,0,2.787893834,4.96e-07,-1.35,84481.54686,7.59957403,4.127401125,12.39368714,6.327320075,0.0,11.016661,0.0,25.96979326,0.0,6.420821623,0.0,13.59242839,20.04658231,7.047671983,0.0,4.567099648,0.0,32.41935462,33.6390107,0.0,4.127401125,0.0,0.0,10.67215753,12.84164325,0.0,7.047671983,34.77894371,0.0,0.0,0.0,0.0,0.0,8.817018141,3.361944444,-11.39896259,0.7,0,0,1,2.172,0,0,0,0,0,0,3,0,0,0,0,0,0,0,2,0,0,0,0,0,0,0,0,0,0,0,0,0,0,313.0,1075,CCCC[n+]1ccn(C)c1.O=S(=O)([N-]S(=O)(=O)C(F)(F)F)C(F)(F)F,0.270027137
0.777777778,-6.721527778,0.540378108,13.28,0,2.787893834,4.96e-07,-1.35,84481.54686,7.59957403,4.127401125,12.39368714,6.327320075,0.0,11.016661,0.0,25.96979326,0.0,6.420821623,0.0,13.59242839,20.04658231,7.047671983,0.0,4.567099648,0.0,32.41935462,33.6390107,0.0,4.127401125,0.0,0.0,10.67215753,12.84164325,0.0,7.047671983,34.77894371,0.0,0.0,0.0,0.0,0.0,8.817018141,3.361944444,-11.39896259,0.7,0,0,1,2.172,0,0,0,0,0,0,3,0,0,0,0,0,0,0,2,0,0,0,0,0,0,0,0,0,0,0,0,0,0,323.0,1076,CCCC[n+]1ccn(C)c1.O=S(=O)([N-]S(=O)(=O)C(F)(F)F)C(F)(F)F,0.292669614
0.777777778,-6.721527778,0.540378108,13.28,0,2.787893834,4.96e-07,-1.35,84481.54686,7.59957403,4.127401125,12.39368714,6.327320075,0.0,11.016661,0.0,25.96979326,0.0,6.420821623,0.0,13.59242839,20.04658231,7.047671983,0.0,4.567099648,0.0,32.41935462,33.6390107,0.0,4.127401125,0.0,0.0,10.67215753,12.84164325,0.0,7.047671983,34.77894371,0.0,0.0,0.0,0.0,0.0,8.817018141,3.361944444,-11.39896259,0.7,0,0,1,2.172,0,0,0,0,0,0,3,0,0,0,0,0,0,0,2,0,0,0,0,0,0,0,0,0,0,0,0,0,0,333.0,1077,CCCC[n+]1ccn(C)c1.O=S(=O)([N-]S(=O)(=O)C(F)(F)F)C(F)(F)F,0.31481074
0.777777778,-6.721527778,0.540378108,13.28,0,2.787893834,4.96e-07,-1.35,84481.54686,7.59957403,4.127401125,12.39368714,6.327320075,0.0,11.016661,0.0,25.96979326,0.0,6.420821623,0.0,13.59242839,20.04658231,7.047671983,0.0,4.567099648,0.0,32.41935462,33.6390107,0.0,4.127401125,0.0,0.0,10.67215753,12.84164325,0.0,7.047671983,34.77894371,0.0,0.0,0.0,0.0,0.0,8.817018141,3.361944444,-11.39896259,0.7,0,0,1,2.172,0,0,0,0,0,0,3,0,0,0,0,0,0,0,2,0,0,0,0,0,0,0,0,0,0,0,0,0,0,343.0,1078,CCCC[n+]1ccn(C)c1.O=S(=O)([N-]S(=O)(=O)C(F)(F)F)C(F)(F)F,0.329303747
0.777777778,-6.721527778,0.540378108,13.28,0,2.787893834,4.96e-07,-1.35,84481.54686,7.59957403,4.127401125,12.39368714,6.327320075,0.0,11.016661,0.0,25.96979326,0.0,6.420821623,0.0,13.59242839,20.04658231,7.047671983,0.0,4.567099648,0.0,32.41935462,33.6390107,0.0,4.127401125,0.0,0.0,10.67215753,12.84164325,0.0,7.047671983,34.77894371,0.0,0.0,0.0,0.0,0.0,8.817018141,3.361944444,-11.39896259,0.7,0,0,1,2.172,0,0,0,0,0,0,3,0,0,0,0,0,0,0,2,0,0,0,0,0,0,0,0,0,0,0,0,0,0,353.0,1079,CCCC[n+]1ccn(C)c1.O=S(=O)([N-]S(=O)(=O)C(F)(F)F)C(F)(F)F,0.350656872
0.777777778,-6.721527778,0.528289982,14.17391304,0,2.210830645,0.0,-0.6,13881.80562,9.985746876,8.610431983,0.0,0.0,0.0,11.016661,0.0,16.83559397,0.0,6.420821623,0.0,27.68777235,20.04658231,0.0,27.68777235,0.0,0.0,60.02305818,20.04658231,0.0,4.127401125,0.0,0.0,8.610431983,19.38639965,0.0,0.0,28.06675315,0.0,0.0,0.0,0.0,0.0,2.665694444,3.533888889,-6.747638889,1.0,0,0,0,2.552,0,0,0,0,0,0,2,0,0,0,0,0,0,0,0,0,0,0,0,0,0,0,0,0,0,0,1,0,0,322.75,1080,CCCC[N+](C)(C)C.O=S(=O)([N-]S(=O)(=O)C(F)(F)F)C(F)(F)F,0.548121409
0.777777778,-6.721527778,0.528289982,14.17391304,0,2.210830645,0.0,-0.6,13881.80562,9.985746876,8.610431983,0.0,0.0,0.0,11.016661,0.0,16.83559397,0.0,6.420821623,0.0,27.68777235,20.04658231,0.0,27.68777235,0.0,0.0,60.02305818,20.04658231,0.0,4.127401125,0.0,0.0,8.610431983,19.38639965,0.0,0.0,28.06675315,0.0,0.0,0.0,0.0,0.0,2.665694444,3.533888889,-6.747638889,1.0,0,0,0,2.552,0,0,0,0,0,0,2,0,0,0,0,0,0,0,0,0,0,0,0,0,0,0,0,0,0,0,1,0,0,333.25,1081,CCCC[N+](C)(C)C.O=S(=O)([N-]S(=O)(=O)C(F)(F)F)C(F)(F)F,0.536493371
0.777777778,-6.721527778,0.528289982,14.17391304,0,2.210830645,0.0,-0.6,13881.80562,9.985746876,8.610431983,0.0,0.0,0.0,11.016661,0.0,16.83559397,0.0,6.420821623,0.0,27.68777235,20.04658231,0.0,27.68777235,0.0,0.0,60.02305818,20.04658231,0.0,4.127401125,0.0,0.0,8.610431983,19.38639965,0.0,0.0,28.06675315,0.0,0.0,0.0,0.0,0.0,2.665694444,3.533888889,-6.747638889,1.0,0,0,0,2.552,0,0,0,0,0,0,2,0,0,0,0,0,0,0,0,0,0,0,0,0,0,0,0,0,0,0,1,0,0,343.65,1082,CCCC[N+](C)(C)C.O=S(=O)([N-]S(=O)(=O)C(F)(F)F)C(F)(F)F,0.530628251
0.777777778,-6.721527778,0.528289982,14.17391304,0,2.210830645,0.0,-0.6,13881.80562,9.985746876,8.610431983,0.0,0.0,0.0,11.016661,0.0,16.83559397,0.0,6.420821623,0.0,27.68777235,20.04658231,0.0,27.68777235,0.0,0.0,60.02305818,20.04658231,0.0,4.127401125,0.0,0.0,8.610431983,19.38639965,0.0,0.0,28.06675315,0.0,0.0,0.0,0.0,0.0,2.665694444,3.533888889,-6.747638889,1.0,0,0,0,2.552,0,0,0,0,0,0,2,0,0,0,0,0,0,0,0,0,0,0,0,0,0,0,0,0,0,0,1,0,0,364.45,1083,CCCC[N+](C)(C)C.O=S(=O)([N-]S(=O)(=O)C(F)(F)F)C(F)(F)F,0.518793793
0.777777778,-6.721527778,0.041617552,13.04166667,0,2.985773806,0.0,-0.6,3780404828.0,25.36581981,8.610431983,0.0,0.0,0.0,11.016661,0.0,16.83559397,0.0,51.36657298,0.0,26.17902562,20.04658231,0.0,26.17902562,0.0,0.0,58.51431145,20.04658231,0.0,4.127401125,0.0,0.0,4.127401125,184.7617754,0.0,0.0,27.6949488,0.0,0.0,0.0,0.0,0.0,34.76893308,15.25575828,-13.44305556,1.0,0,0,0,12.3045,0,0,0,0,0,0,2,0,0,0,0,0,0,0,0,0,0,0,0,0,0,0,0,0,0,0,1,0,16,322.85,1084,CCCCCCCC[N+](CCCCCCCC)(CCCCCCCC)CCCCCCCC.O=S(=O)([N-]S(=O)(=O)C(F)(F)F)C(F)(F)F,-0.755022584
0.777777778,-6.721527778,0.041617552,13.04166667,0,2.985773806,0.0,-0.6,3780404828.0,25.36581981,8.610431983,0.0,0.0,0.0,11.016661,0.0,16.83559397,0.0,51.36657298,0.0,26.17902562,20.04658231,0.0,26.17902562,0.0,0.0,58.51431145,20.04658231,0.0,4.127401125,0.0,0.0,4.127401125,184.7617754,0.0,0.0,27.6949488,0.0,0.0,0.0,0.0,0.0,34.76893308,15.25575828,-13.44305556,1.0,0,0,0,12.3045,0,0,0,0,0,0,2,0,0,0,0,0,0,0,0,0,0,0,0,0,0,0,0,0,0,0,1,0,16,332.65,1085,CCCCCCCC[N+](CCCCCCCC)(CCCCCCCC)CCCCCCCC.O=S(=O)([N-]S(=O)(=O)C(F)(F)F)C(F)(F)F,-0.733969175
0.777777778,-6.721527778,0.041617552,13.04166667,0,2.985773806,0.0,-0.6,3780404828.0,25.36581981,8.610431983,0.0,0.0,0.0,11.016661,0.0,16.83559397,0.0,51.36657298,0.0,26.17902562,20.04658231,0.0,26.17902562,0.0,0.0,58.51431145,20.04658231,0.0,4.127401125,0.0,0.0,4.127401125,184.7617754,0.0,0.0,27.6949488,0.0,0.0,0.0,0.0,0.0,34.76893308,15.25575828,-13.44305556,1.0,0,0,0,12.3045,0,0,0,0,0,0,2,0,0,0,0,0,0,0,0,0,0,0,0,0,0,0,0,0,0,0,1,0,16,343.15,1086,CCCCCCCC[N+](CCCCCCCC)(CCCCCCCC)CCCCCCCC.O=S(=O)([N-]S(=O)(=O)C(F)(F)F)C(F)(F)F,-0.713349888
0.777777778,-6.721527778,0.239466958,13.72413793,0,2.459638517,0.0,-0.6,275978.8205,14.93829773,8.610431983,0.0,0.0,0.0,11.016661,0.0,16.83559397,0.0,12.84164325,0.0,27.68777235,20.04658231,0.0,27.68777235,0.0,0.0,60.02305818,20.04658231,0.0,4.127401125,0.0,0.0,8.610431983,57.91132939,0.0,0.0,28.06675315,0.0,0.0,0.0,0.0,0.0,11.43473451,3.60734943,-6.606007265,1.0,0,0,0,4.8926,0,0,0,0,0,0,2,0,0,0,0,0,0,0,0,0,0,0,0,0,0,0,0,0,0,0,1,0,6,322.85,1087,CCCCCCCCCC[N+](C)(C)C.O=S(=O)([N-]S(=O)(=O)C(F)(F)F)C(F)(F)F,-0.174353387
0.777777778,-6.721527778,0.239466958,13.72413793,0,2.459638517,0.0,-0.6,275978.8205,14.93829773,8.610431983,0.0,0.0,0.0,11.016661,0.0,16.83559397,0.0,12.84164325,0.0,27.68777235,20.04658231,0.0,27.68777235,0.0,0.0,60.02305818,20.04658231,0.0,4.127401125,0.0,0.0,8.610431983,57.91132939,0.0,0.0,28.06675315,0.0,0.0,0.0,0.0,0.0,11.43473451,3.60734943,-6.606007265,1.0,0,0,0,4.8926,0,0,0,0,0,0,2,0,0,0,0,0,0,0,0,0,0,0,0,0,0,0,0,0,0,0,1,0,6,332.65,1088,CCCCCCCCCC[N+](C)(C)C.O=S(=O)([N-]S(=O)(=O)C(F)(F)F)C(F)(F)F,-0.116533816
0.777777778,-6.721527778,0.239466958,13.72413793,0,2.459638517,0.0,-0.6,275978.8205,14.93829773,8.610431983,0.0,0.0,0.0,11.016661,0.0,16.83559397,0.0,12.84164325,0.0,27.68777235,20.04658231,0.0,27.68777235,0.0,0.0,60.02305818,20.04658231,0.0,4.127401125,0.0,0.0,8.610431983,57.91132939,0.0,0.0,28.06675315,0.0,0.0,0.0,0.0,0.0,11.43473451,3.60734943,-6.606007265,1.0,0,0,0,4.8926,0,0,0,0,0,0,2,0,0,0,0,0,0,0,0,0,0,0,0,0,0,0,0,0,0,0,1,0,6,343.15,1089,CCCCCCCCCC[N+](C)(C)C.O=S(=O)([N-]S(=O)(=O)C(F)(F)F)C(F)(F)F,-0.116533816
0.777777778,-6.721527778,0.311369698,13.72413793,0,2.540591308,0.0,-0.6,329451.1779,11.98824327,8.610431983,0.0,0.0,0.0,11.016661,0.0,16.83559397,0.0,19.26246487,0.0,26.6819412,20.04658231,0.0,26.6819412,0.0,0.0,59.01722703,20.04658231,0.0,4.127401125,0.0,0.0,4.127401125,62.64222981,0.0,0.0,27.81888358,0.0,0.0,0.0,0.0,0.0,8.196483844,11.04309949,-10.99763889,1.0,0,0,0,4.8926,0,0,0,0,0,0,2,0,0,0,0,0,0,0,0,0,0,0,0,0,0,0,0,0,0,0,1,0,0,322.85,1090,CCCC[N+](C)(CCCC)CCCC.O=S(=O)([N-]S(=O)(=O)C(F)(F)F)C(F)(F)F,0.122217633
0.777777778,-6.721527778,0.311369698,13.72413793,0,2.540591308,0.0,-0.6,329451.1779,11.98824327,8.610431983,0.0,0.0,0.0,11.016661,0.0,16.83559397,0.0,19.26246487,0.0,26.6819412,20.04658231,0.0,26.6819412,0.0,0.0,59.01722703,20.04658231,0.0,4.127401125,0.0,0.0,4.127401125,62.64222981,0.0,0.0,27.81888358,0.0,0.0,0.0,0.0,0.0,8.196483844,11.04309949,-10.99763889,1.0,0,0,0,4.8926,0,0,0,0,0,0,2,0,0,0,0,0,0,0,0,0,0,0,0,0,0,0,0,0,0,0,1,0,0,332.65,1091,CCCC[N+](C)(CCCC)CCCC.O=S(=O)([N-]S(=O)(=O)C(F)(F)F)C(F)(F)F,0.173953307
0.777777778,-6.721527778,0.311369698,13.72413793,0,2.540591308,0.0,-0.6,329451.1779,11.98824327,8.610431983,0.0,0.0,0.0,11.016661,0.0,16.83559397,0.0,19.26246487,0.0,26.6819412,20.04658231,0.0,26.6819412,0.0,0.0,59.01722703,20.04658231,0.0,4.127401125,0.0,0.0,4.127401125,62.64222981,0.0,0.0,27.81888358,0.0,0.0,0.0,0.0,0.0,8.196483844,11.04309949,-10.99763889,1.0,0,0,0,4.8926,0,0,0,0,0,0,2,0,0,0,0,0,0,0,0,0,0,0,0,0,0,0,0,0,0,0,1,0,0,343.15,1092,CCCC[N+](C)(CCCC)CCCC.O=S(=O)([N-]S(=O)(=O)C(F)(F)F)C(F)(F)F,0.173953307
0.777777778,-6.721527778,0.299481291,13.85185185,0,2.382844767,0.0,-0.6,102131.1096,13.24876543,8.610431983,0.0,0.0,0.0,11.016661,0.0,16.83559397,0.0,12.84164325,0.0,27.68777235,20.04658231,0.0,27.68777235,0.0,0.0,60.02305818,20.04658231,0.0,4.127401125,0.0,0.0,8.610431983,45.06968614,0.0,0.0,28.06675315,0.0,0.0,0.0,0.0,0.0,8.476116544,3.595404699,-6.633403959,1.0,0,0,0,4.1124,0,0,0,0,0,0,2,0,0,0,0,0,0,0,0,0,0,0,0,0,0,0,0,0,0,0,1,0,4,322.85,1093,CCCCCCCC[N+](C)(C)C.O=S(=O)([N-]S(=O)(=O)C(F)(F)F)C(F)(F)F,-0.030459207
0.777777778,-6.721527778,0.299481291,13.85185185,0,2.382844767,0.0,-0.6,102131.1096,13.24876543,8.610431983,0.0,0.0,0.0,11.016661,0.0,16.83559397,0.0,12.84164325,0.0,27.68777235,20.04658231,0.0,27.68777235,0.0,0.0,60.02305818,20.04658231,0.0,4.127401125,0.0,0.0,8.610431983,45.06968614,0.0,0.0,28.06675315,0.0,0.0,0.0,0.0,0.0,8.476116544,3.595404699,-6.633403959,1.0,0,0,0,4.1124,0,0,0,0,0,0,2,0,0,0,0,0,0,0,0,0,0,0,0,0,0,0,0,0,0,0,1,0,4,332.65,1094,CCCCCCCC[N+](C)(C)C.O=S(=O)([N-]S(=O)(=O)C(F)(F)F)C(F)(F)F,-0.020202707
0.777777778,-6.721527778,0.299481291,13.85185185,0,2.382844767,0.0,-0.6,102131.1096,13.24876543,8.610431983,0.0,0.0,0.0,11.016661,0.0,16.83559397,0.0,12.84164325,0.0,27.68777235,20.04658231,0.0,27.68777235,0.0,0.0,60.02305818,20.04658231,0.0,4.127401125,0.0,0.0,8.610431983,45.06968614,0.0,0.0,28.06675315,0.0,0.0,0.0,0.0,0.0,8.476116544,3.595404699,-6.633403959,1.0,0,0,0,4.1124,0,0,0,0,0,0,2,0,0,0,0,0,0,0,0,0,0,0,0,0,0,0,0,0,0,0,1,0,4,343.15,1095,CCCCCCCC[N+](C)(C)C.O=S(=O)([N-]S(=O)(=O)C(F)(F)F)C(F)(F)F,-0.020202707
0.0,0.0,0.448599736,10.0,0,2.576521865,1.96e-06,-0.5,1955.580095,6.55785124,12.40703316,12.39368714,6.327320075,0.0,0.0,0.0,9.134199296,0.0,12.84164325,0.0,13.59242839,0.0,7.047671983,0.0,16.97413281,0.0,4.567099648,13.59242839,0.0,0.0,12.40703316,0.0,0.0,45.06968614,0.0,0.0,41.8266157,0.0,0.0,0.0,0.0,0.0,14.63746271,3.437287415,2.067210541,0.75,0,0,1,-0.3229,0,0,0,0,0,0,2,0,0,0,0,0,0,0,2,0,0,0,0,0,0,0,0,0,0,0,0,0,4,298.15,1096,CCCCCCCCn1cc[n+](C)c1.[Cl-],1.026041596
0.0,0.0,0.448599736,10.0,0,2.576521865,1.96e-06,-0.5,1955.580095,6.55785124,12.40703316,12.39368714,6.327320075,0.0,0.0,0.0,9.134199296,0.0,12.84164325,0.0,13.59242839,0.0,7.047671983,0.0,16.97413281,0.0,4.567099648,13.59242839,0.0,0.0,12.40703316,0.0,0.0,45.06968614,0.0,0.0,41.8266157,0.0,0.0,0.0,0.0,0.0,14.63746271,3.437287415,2.067210541,0.75,0,0,1,-0.3229,0,0,0,0,0,0,2,0,0,0,0,0,0,0,2,0,0,0,0,0,0,0,0,0,0,0,0,0,4,308.15,1097,CCCCCCCCn1cc[n+](C)c1.[Cl-],0.955511445
0.0,0.0,0.448599736,10.0,0,2.576521865,1.96e-06,-0.5,1955.580095,6.55785124,12.40703316,12.39368714,6.327320075,0.0,0.0,0.0,9.134199296,0.0,12.84164325,0.0,13.59242839,0.0,7.047671983,0.0,16.97413281,0.0,4.567099648,13.59242839,0.0,0.0,12.40703316,0.0,0.0,45.06968614,0.0,0.0,41.8266157,0.0,0.0,0.0,0.0,0.0,14.63746271,3.437287415,2.067210541,0.75,0,0,1,-0.3229,0,0,0,0,0,0,2,0,0,0,0,0,0,0,2,0,0,0,0,0,0,0,0,0,0,0,0,0,4,318.15,1098,CCCCCCCCn1cc[n+](C)c1.[Cl-],0.936093359
0.025752315,-4.471531177,0.266599856,11.13043478,0,2.89244055,4.33e-07,-0.92,81549.46888,15.74088729,4.552749874,12.39368714,16.72632066,0.0,0.0,4.183085433,17.55199628,0.0,12.84164325,0.0,20.19931035,10.39900058,7.047671983,6.606881965,4.567099648,0.0,24.14452847,28.1745144,0.0,0.0,6.606881965,6.420821623,19.38639965,32.10410811,0.0,7.047671983,45.88576635,0.0,0.0,0.0,0.0,0.0,15.02890764,5.519755658,-2.427438206,0.8125,0,0,1,2.9364,0,0,0,0,0,0,2,0,0,0,0,0,0,0,2,0,0,0,0,0,0,0,0,0,0,0,0,0,5,323.15,1099,CCCCCCCCOS(=O)(=O)[O-].CCCC[n+]1ccn(C)c1,0.292669614
0.025752315,-4.471531177,0.266599856,11.13043478,0,2.89244055,4.33e-07,-0.92,81549.46888,15.74088729,4.552749874,12.39368714,16.72632066,0.0,0.0,4.183085433,17.55199628,0.0,12.84164325,0.0,20.19931035,10.39900058,7.047671983,6.606881965,4.567099648,0.0,24.14452847,28.1745144,0.0,0.0,6.606881965,6.420821623,19.38639965,32.10410811,0.0,7.047671983,45.88576635,0.0,0.0,0.0,0.0,0.0,15.02890764,5.519755658,-2.427438206,0.8125,0,0,1,2.9364,0,0,0,0,0,0,2,0,0,0,0,0,0,0,2,0,0,0,0,0,0,0,0,0,0,0,0,0,5,333.15,1100,CCCCCCCCOS(=O)(=O)[O-].CCCC[n+]1ccn(C)c1,0.405465108
0.025752315,-4.471531177,0.266599856,11.13043478,0,2.89244055,4.33e-07,-0.92,81549.46888,15.74088729,4.552749874,12.39368714,16.72632066,0.0,0.0,4.183085433,17.55199628,0.0,12.84164325,0.0,20.19931035,10.39900058,7.047671983,6.606881965,4.567099648,0.0,24.14452847,28.1745144,0.0,0.0,6.606881965,6.420821623,19.38639965,32.10410811,0.0,7.047671983,45.88576635,0.0,0.0,0.0,0.0,0.0,15.02890764,5.519755658,-2.427438206,0.8125,0,0,1,2.9364,0,0,0,0,0,0,2,0,0,0,0,0,0,0,2,0,0,0,0,0,0,0,0,0,0,0,0,0,5,343.15,1101,CCCCCCCCOS(=O)(=O)[O-].CCCC[n+]1ccn(C)c1,0.488580015
1.179435764,-6.0,0.129910255,11.33333333,0,2.988307683,1.19e-06,-1.005064935,532740.5523,22.95499645,17.26263557,12.39368714,6.327320075,0.0,7.254408353,0.0,9.134199296,0.0,12.84164325,0.0,13.59242839,7.254408353,7.047671983,0.0,4.567099648,0.0,11.821508,13.59242839,0.0,0.0,0.0,0.0,0.0,96.43625913,0.0,0.0,41.8266157,0.0,0.0,0.0,0.0,0.0,26.53630061,3.471609031,-3.914973934,0.85,0,0,1,7.0939,0,0,0,0,0,0,2,0,0,0,0,0,0,0,2,0,0,0,0,0,0,0,0,0,0,0,0,0,12,323.15,1102,CCCCCCCCCCCCCCCC[n+]1ccn(C)c1.F[B-](F)(F)F,-0.051293294
1.179435764,-6.0,0.129910255,11.33333333,0,2.988307683,1.19e-06,-1.005064935,532740.5523,22.95499645,17.26263557,12.39368714,6.327320075,0.0,7.254408353,0.0,9.134199296,0.0,12.84164325,0.0,13.59242839,7.254408353,7.047671983,0.0,4.567099648,0.0,11.821508,13.59242839,0.0,0.0,0.0,0.0,0.0,96.43625913,0.0,0.0,41.8266157,0.0,0.0,0.0,0.0,0.0,26.53630061,3.471609031,-3.914973934,0.85,0,0,1,7.0939,0,0,0,0,0,0,2,0,0,0,0,0,0,0,2,0,0,0,0,0,0,0,0,0,0,0,0,0,12,333.15,1103,CCCCCCCCCCCCCCCC[n+]1ccn(C)c1.F[B-](F)(F)F,-0.040821995
1.179435764,-6.0,0.129910255,11.33333333,0,2.988307683,1.19e-06,-1.005064935,532740.5523,22.95499645,17.26263557,12.39368714,6.327320075,0.0,7.254408353,0.0,9.134199296,0.0,12.84164325,0.0,13.59242839,7.254408353,7.047671983,0.0,4.567099648,0.0,11.821508,13.59242839,0.0,0.0,0.0,0.0,0.0,96.43625913,0.0,0.0,41.8266157,0.0,0.0,0.0,0.0,0.0,26.53630061,3.471609031,-3.914973934,0.85,0,0,1,7.0939,0,0,0,0,0,0,2,0,0,0,0,0,0,0,2,0,0,0,0,0,0,0,0,0,0,0,0,0,12,343.15,1104,CCCCCCCCCCCCCCCC[n+]1ccn(C)c1.F[B-](F)(F)F,-0.020202707
1.056388889,1.056388889,0.466543435,7.384615385,0,2.537371458,2.52e-07,-2.01,872.8557817,5.280361574,10.52378311,12.39368714,6.327320075,0.0,0.0,5.316788604,9.134199296,0.0,6.9237372,12.38631219,13.59242839,0.0,7.047671983,0.0,4.567099648,0.0,4.567099648,13.59242839,0.0,5.316788604,0.0,0.0,6.544756406,12.38631219,0.0,17.8116152,29.3317891,10.52378311,0.0,0.0,0.0,0.0,8.704861111,3.181388889,2.02,0.375,0,0,1,0.65476,0,0,0,0,0,0,5,0,0,0,0,0,0,0,2,0,0,0,0,0,0,0,0,0,0,0,0,0,0,322.65,1105,CC[n+]1ccn(C)c1.N#C[N-]C#N,1.439835128
1.056388889,1.056388889,0.466543435,7.384615385,0,2.537371458,2.52e-07,-2.01,872.8557817,5.280361574,10.52378311,12.39368714,6.327320075,0.0,0.0,5.316788604,9.134199296,0.0,6.9237372,12.38631219,13.59242839,0.0,7.047671983,0.0,4.567099648,0.0,4.567099648,13.59242839,0.0,5.316788604,0.0,0.0,6.544756406,12.38631219,0.0,17.8116152,29.3317891,10.52378311,0.0,0.0,0.0,0.0,8.704861111,3.181388889,2.02,0.375,0,0,1,0.65476,0,0,0,0,0,0,5,0,0,0,0,0,0,0,2,0,0,0,0,0,0,0,0,0,0,0,0,0,0,332.85,1106,CC[n+]1ccn(C)c1.N#C[N-]C#N,1.437462648
1.056388889,1.056388889,0.466543435,7.384615385,0,2.537371458,2.52e-07,-2.01,872.8557817,5.280361574,10.52378311,12.39368714,6.327320075,0.0,0.0,5.316788604,9.134199296,0.0,6.9237372,12.38631219,13.59242839,0.0,7.047671983,0.0,4.567099648,0.0,4.567099648,13.59242839,0.0,5.316788604,0.0,0.0,6.544756406,12.38631219,0.0,17.8116152,29.3317891,10.52378311,0.0,0.0,0.0,0.0,8.704861111,3.181388889,2.02,0.375,0,0,1,0.65476,0,0,0,0,0,0,5,0,0,0,0,0,0,0,2,0,0,0,0,0,0,0,0,0,0,0,0,0,0,343.15,1107,CC[n+]1ccn(C)c1.N#C[N-]C#N,1.437462648
0.777777778,-6.721527778,0.356630755,14.0,0,2.299066623,0.0,-0.6,37658.71129,11.5956804,8.610431983,0.0,0.0,0.0,11.016661,0.0,16.83559397,0.0,12.84164325,0.0,27.68777235,20.04658231,0.0,27.68777235,0.0,0.0,60.02305818,20.04658231,0.0,4.127401125,0.0,0.0,8.610431983,32.2280429,0.0,0.0,28.06675315,0.0,0.0,0.0,0.0,0.0,5.542165533,3.575342971,-6.675359977,1.0,0,0,0,3.3322,0,0,0,0,0,0,2,0,0,0,0,0,0,0,0,0,0,0,0,0,0,0,0,0,0,0,1,0,2,322.65,1108,CCCCCC[N+](C)(C)C.O=S(=O)([N-]S(=O)(=O)C(F)(F)F)C(F)(F)F,0.269263487
0.777777778,-6.721527778,0.356630755,14.0,0,2.299066623,0.0,-0.6,37658.71129,11.5956804,8.610431983,0.0,0.0,0.0,11.016661,0.0,16.83559397,0.0,12.84164325,0.0,27.68777235,20.04658231,0.0,27.68777235,0.0,0.0,60.02305818,20.04658231,0.0,4.127401125,0.0,0.0,8.610431983,32.2280429,0.0,0.0,28.06675315,0.0,0.0,0.0,0.0,0.0,5.542165533,3.575342971,-6.675359977,1.0,0,0,0,3.3322,0,0,0,0,0,0,2,0,0,0,0,0,0,0,0,0,0,0,0,0,0,0,0,0,0,0,1,0,2,343.85,1109,CCCCCC[N+](C)(C)C.O=S(=O)([N-]S(=O)(=O)C(F)(F)F)C(F)(F)F,0.285178942
0.777777778,-6.721527778,0.356630755,14.0,0,2.299066623,0.0,-0.6,37658.71129,11.5956804,8.610431983,0.0,0.0,0.0,11.016661,0.0,16.83559397,0.0,12.84164325,0.0,27.68777235,20.04658231,0.0,27.68777235,0.0,0.0,60.02305818,20.04658231,0.0,4.127401125,0.0,0.0,8.610431983,32.2280429,0.0,0.0,28.06675315,0.0,0.0,0.0,0.0,0.0,5.542165533,3.575342971,-6.675359977,1.0,0,0,0,3.3322,0,0,0,0,0,0,2,0,0,0,0,0,0,0,0,0,0,0,0,0,0,0,0,0,0,0,1,0,2,352.65,1110,CCCCCC[N+](C)(C)C.O=S(=O)([N-]S(=O)(=O)C(F)(F)F)C(F)(F)F,0.321358599
0.615561986,-6.721527778,0.050086834,13.29230769,0,3.678975983,1.13e-06,-2.78,5707480000000.0,22.71532202,17.72852816,24.78737429,0.0,11.648809,22.03332201,0.0,51.93958653,0.0,32.10410811,13.8474744,26.30327674,40.09316461,0.0,13.21376393,9.134199296,0.0,78.05247317,76.11803683,0.0,8.25480225,0.0,13.46163349,40.97890061,88.69866847,0.0,0.0,70.75072168,9.473725908,0.0,0.0,2.541027344,0.0,25.59536403,13.79351714,-26.88611111,0.818181818,0,0,2,8.35954,0,0,0,0,0,0,6,0,0,0,0,0,0,0,2,0,0,2,0,0,0,0,0,0,0,0,0,0,12,323.15,1111,CCCCCCCCn1cc[n+](COCCCOC[n+]2ccn(CCCCCCCC)c2C)c1C.O=S(=O)([N-]S(=O)(=O)C(F)(F)F)C(F)(F)F.O=S(=O)([N-]S(=O)(=O)C(F)(F)F)C(F)(F)F,-0.616186139
0.615561986,-6.721527778,0.050086834,13.29230769,0,3.678975983,1.13e-06,-2.78,5707480000000.0,22.71532202,17.72852816,24.78737429,0.0,11.648809,22.03332201,0.0,51.93958653,0.0,32.10410811,13.8474744,26.30327674,40.09316461,0.0,13.21376393,9.134199296,0.0,78.05247317,76.11803683,0.0,8.25480225,0.0,13.46163349,40.97890061,88.69866847,0.0,0.0,70.75072168,9.473725908,0.0,0.0,2.541027344,0.0,25.59536403,13.79351714,-26.88611111,0.818181818,0,0,2,8.35954,0,0,0,0,0,0,6,0,0,0,0,0,0,0,2,0,0,2,0,0,0,0,0,0,0,0,0,0,12,333.15,1112,CCCCCCCCn1cc[n+](COCCCOC[n+]2ccn(CCCCCCCC)c2C)c1C.O=S(=O)([N-]S(=O)(=O)C(F)(F)F)C(F)(F)F.O=S(=O)([N-]S(=O)(=O)C(F)(F)F)C(F)(F)F,-0.634878272
0.615561986,-6.721527778,0.050086834,13.29230769,0,3.678975983,1.13e-06,-2.78,5707480000000.0,22.71532202,17.72852816,24.78737429,0.0,11.648809,22.03332201,0.0,51.93958653,0.0,32.10410811,13.8474744,26.30327674,40.09316461,0.0,13.21376393,9.134199296,0.0,78.05247317,76.11803683,0.0,8.25480225,0.0,13.46163349,40.97890061,88.69866847,0.0,0.0,70.75072168,9.473725908,0.0,0.0,2.541027344,0.0,25.59536403,13.79351714,-26.88611111,0.818181818,0,0,2,8.35954,0,0,0,0,0,0,6,0,0,0,0,0,0,0,2,0,0,2,0,0,0,0,0,0,0,0,0,0,12,343.15,1113,CCCCCCCCn1cc[n+](COCCCOC[n+]2ccn(CCCCCCCC)c2C)c1C.O=S(=O)([N-]S(=O)(=O)C(F)(F)F)C(F)(F)F.O=S(=O)([N-]S(=O)(=O)C(F)(F)F)C(F)(F)F,-0.616186139
0.615561986,0.615561986,0.078969296,9.777777778,0,3.576587222,1.67e-06,-4.1,4764760399.0,21.27730406,30.52129213,24.78737429,0.0,11.648809,0.0,10.63357721,18.26839859,0.0,32.10410811,38.62009878,26.30327674,0.0,0.0,13.21376393,9.134199296,0.0,22.34796322,36.02487221,0.0,10.63357721,0.0,13.46163349,32.72409836,113.4712929,0.0,0.0,81.38429888,30.52129213,0.0,0.0,2.541027344,0.0,30.72036403,13.79351714,0.0,0.696969697,0,0,2,6.88546,0,0,0,0,0,0,10,0,0,0,0,0,0,0,2,0,0,2,0,0,0,0,0,0,0,0,0,0,12,323.15,1114,CCCCCCCCn1cc[n+](COCCCOC[n+]2ccn(CCCCCCCC)c2C)c1C.N#C[N-]C#N.N#C[N-]C#N,-0.061875404
0.615561986,0.615561986,0.078969296,9.777777778,0,3.576587222,1.67e-06,-4.1,4764760399.0,21.27730406,30.52129213,24.78737429,0.0,11.648809,0.0,10.63357721,18.26839859,0.0,32.10410811,38.62009878,26.30327674,0.0,0.0,13.21376393,9.134199296,0.0,22.34796322,36.02487221,0.0,10.63357721,0.0,13.46163349,32.72409836,113.4712929,0.0,0.0,81.38429888,30.52129213,0.0,0.0,2.541027344,0.0,30.72036403,13.79351714,0.0,0.696969697,0,0,2,6.88546,0,0,0,0,0,0,10,0,0,0,0,0,0,0,2,0,0,2,0,0,0,0,0,0,0,0,0,0,12,333.15,1115,CCCCCCCCn1cc[n+](COCCCOC[n+]2ccn(CCCCCCCC)c2C)c1C.N#C[N-]C#N.N#C[N-]C#N,-0.051293294
0.615561986,0.615561986,0.078969296,9.777777778,0,3.576587222,1.67e-06,-4.1,4764760399.0,21.27730406,30.52129213,24.78737429,0.0,11.648809,0.0,10.63357721,18.26839859,0.0,32.10410811,38.62009878,26.30327674,0.0,0.0,13.21376393,9.134199296,0.0,22.34796322,36.02487221,0.0,10.63357721,0.0,13.46163349,32.72409836,113.4712929,0.0,0.0,81.38429888,30.52129213,0.0,0.0,2.541027344,0.0,30.72036403,13.79351714,0.0,0.696969697,0,0,2,6.88546,0,0,0,0,0,0,10,0,0,0,0,0,0,0,2,0,0,2,0,0,0,0,0,0,0,0,0,0,12,343.15,1116,CCCCCCCCn1cc[n+](COCCCOC[n+]2ccn(CCCCCCCC)c2C)c1C.N#C[N-]C#N.N#C[N-]C#N,-0.030459207
0.554440692,0.554440692,0.148669249,9.268292683,0,3.641133706,5.07e-07,-5.66,1589334239.0,14.17274259,30.52129213,37.8768871,12.65464015,0.0,0.0,10.63357721,18.26839859,0.0,17.54772461,24.77262438,13.21376393,0.0,0.0,13.21376393,9.134199296,0.0,22.34796322,36.02487221,0.0,10.63357721,0.0,26.67539742,19.51033443,35.89952737,0.0,24.52642128,102.4812396,30.52129213,0.0,0.0,0.0,20.88906824,18.35182871,4.198112106,0.0,0.24137931,0,0,4,3.64422,0,0,0,0,0,0,10,0,0,0,0,0,0,0,0,0,0,2,0,0,0,0,0,0,0,0,0,0,4,323.15,1117,N#C[N-]C#N.N#C[N-]C#N.c1ccc(Cn2cc[n+](COCCCOC[n+]3ccn(Cc4ccccc4)c3)c2)cc1,1.625311262
0.554440692,0.554440692,0.148669249,9.268292683,0,3.641133706,5.07e-07,-5.66,1589334239.0,14.17274259,30.52129213,37.8768871,12.65464015,0.0,0.0,10.63357721,18.26839859,0.0,17.54772461,24.77262438,13.21376393,0.0,0.0,13.21376393,9.134199296,0.0,22.34796322,36.02487221,0.0,10.63357721,0.0,26.67539742,19.51033443,35.89952737,0.0,24.52642128,102.4812396,30.52129213,0.0,0.0,0.0,20.88906824,18.35182871,4.198112106,0.0,0.24137931,0,0,4,3.64422,0,0,0,0,0,0,10,0,0,0,0,0,0,0,0,0,0,2,0,0,0,0,0,0,0,0,0,0,4,333.15,1118,N#C[N-]C#N.N#C[N-]C#N.c1ccc(Cn2cc[n+](COCCCOC[n+]3ccn(Cc4ccccc4)c3)c2)cc1,1.60341984
0.554440692,0.554440692,0.148669249,9.268292683,0,3.641133706,5.07e-07,-5.66,1589334239.0,14.17274259,30.52129213,37.8768871,12.65464015,0.0,0.0,10.63357721,18.26839859,0.0,17.54772461,24.77262438,13.21376393,0.0,0.0,13.21376393,9.134199296,0.0,22.34796322,36.02487221,0.0,10.63357721,0.0,26.67539742,19.51033443,35.89952737,0.0,24.52642128,102.4812396,30.52129213,0.0,0.0,0.0,20.88906824,18.35182871,4.198112106,0.0,0.24137931,0,0,4,3.64422,0,0,0,0,0,0,10,0,0,0,0,0,0,0,0,0,0,2,0,0,0,0,0,0,0,0,0,0,4,343.15,1119,N#C[N-]C#N.N#C[N-]C#N.c1ccc(Cn2cc[n+](COCCCOC[n+]3ccn(Cc4ccccc4)c3)c2)cc1,1.568615918
0.634553256,0.634553256,0.466608139,9.045454545,0,2.974264541,4.22e-07,-2.83,109738.4645,7.086371297,15.26064606,18.93844355,6.327320075,0.0,0.0,5.316788604,9.134199296,0.0,11.98427311,12.38631219,6.606881965,0.0,0.0,6.606881965,4.567099648,0.0,11.17398161,18.01243611,0.0,5.316788604,0.0,6.730816747,19.57245999,17.94976368,0.0,12.26321064,58.16435702,15.26064606,0.0,0.0,0.0,10.44669375,9.807390509,4.471582291,0.0,0.3125,0,0,2,2.53026,0,0,0,0,0,0,5,0,0,0,0,0,0,0,0,0,0,1,0,0,0,0,0,0,0,0,0,0,1,323.15,1120,CCCOCn1cc[n+](Cc2ccccc2)c1.N#C[N-]C#N,0.828551818
0.634553256,0.634553256,0.466608139,9.045454545,0,2.974264541,4.22e-07,-2.83,109738.4645,7.086371297,15.26064606,18.93844355,6.327320075,0.0,0.0,5.316788604,9.134199296,0.0,11.98427311,12.38631219,6.606881965,0.0,0.0,6.606881965,4.567099648,0.0,11.17398161,18.01243611,0.0,5.316788604,0.0,6.730816747,19.57245999,17.94976368,0.0,12.26321064,58.16435702,15.26064606,0.0,0.0,0.0,10.44669375,9.807390509,4.471582291,0.0,0.3125,0,0,2,2.53026,0,0,0,0,0,0,5,0,0,0,0,0,0,0,0,0,0,1,0,0,0,0,0,0,0,0,0,0,1,333.15,1121,CCCOCn1cc[n+](Cc2ccccc2)c1.N#C[N-]C#N,0.815364813
0.634553256,0.634553256,0.466608139,9.045454545,0,2.974264541,4.22e-07,-2.83,109738.4645,7.086371297,15.26064606,18.93844355,6.327320075,0.0,0.0,5.316788604,9.134199296,0.0,11.98427311,12.38631219,6.606881965,0.0,0.0,6.606881965,4.567099648,0.0,11.17398161,18.01243611,0.0,5.316788604,0.0,6.730816747,19.57245999,17.94976368,0.0,12.26321064,58.16435702,15.26064606,0.0,0.0,0.0,10.44669375,9.807390509,4.471582291,0.0,0.3125,0,0,2,2.53026,0,0,0,0,0,0,5,0,0,0,0,0,0,0,0,0,0,1,0,0,0,0,0,0,0,0,0,0,1,343.15,1122,CCCOCn1cc[n+](Cc2ccccc2)c1.N#C[N-]C#N,0.810930216
0.591542923,0.591542923,0.359785242,8.482758621,0,3.310449128,6.53e-07,-4.1,2183095.54,14.7257602,30.52129213,24.78737429,12.65464015,0.0,0.0,10.63357721,18.26839859,0.0,6.420821623,24.77262438,27.30910789,0.0,14.09534397,13.21376393,9.134199296,0.0,22.34796322,37.03070337,0.0,10.63357721,0.0,26.67539742,6.420821623,24.77262438,0.0,69.80575699,10.63357721,30.52129213,0.0,0.0,0.0,0.0,17.96236804,2.602432344,3.983309972,0.411764706,0,0,2,0.62162,0,0,0,0,0,0,10,0,0,0,0,0,0,0,2,0,0,2,0,0,0,0,0,0,0,0,0,0,4,323.15,1123,Cn1cc[n+](COCCCOC[n+]2ccn(C)c2)c1.N#C[N-]C#N.N#C[N-]C#N,1.728109442
0.591542923,0.591542923,0.359785242,8.482758621,0,3.310449128,6.53e-07,-4.1,2183095.54,14.7257602,30.52129213,24.78737429,12.65464015,0.0,0.0,10.63357721,18.26839859,0.0,6.420821623,24.77262438,27.30910789,0.0,14.09534397,13.21376393,9.134199296,0.0,22.34796322,37.03070337,0.0,10.63357721,0.0,26.67539742,6.420821623,24.77262438,0.0,69.80575699,10.63357721,30.52129213,0.0,0.0,0.0,0.0,17.96236804,2.602432344,3.983309972,0.411764706,0,0,2,0.62162,0,0,0,0,0,0,10,0,0,0,0,0,0,0,2,0,0,2,0,0,0,0,0,0,0,0,0,0,4,333.15,1124,Cn1cc[n+](COCCCOC[n+]2ccn(C)c2)c1.N#C[N-]C#N.N#C[N-]C#N,1.719188776
0.591542923,0.591542923,0.359785242,8.482758621,0,3.310449128,6.53e-07,-4.1,2183095.54,14.7257602,30.52129213,24.78737429,12.65464015,0.0,0.0,10.63357721,18.26839859,0.0,6.420821623,24.77262438,27.30910789,0.0,14.09534397,13.21376393,9.134199296,0.0,22.34796322,37.03070337,0.0,10.63357721,0.0,26.67539742,6.420821623,24.77262438,0.0,69.80575699,10.63357721,30.52129213,0.0,0.0,0.0,0.0,17.96236804,2.602432344,3.983309972,0.411764706,0,0,2,0.62162,0,0,0,0,0,0,10,0,0,0,0,0,0,0,2,0,0,2,0,0,0,0,0,0,0,0,0,0,4,343.15,1125,Cn1cc[n+](COCCCOC[n+]2ccn(C)c2)c1.N#C[N-]C#N.N#C[N-]C#N,1.702928256
0.615561986,-6.0,0.054623754,11.64444444,0,3.464599207,1.67e-06,-2.09012987,1802956640.0,26.79810377,43.99899706,24.78737429,0.0,11.648809,14.50881671,0.0,18.26839859,0.0,32.10410811,13.8474744,26.30327674,14.50881671,0.0,13.21376393,9.134199296,0.0,36.85677993,36.02487221,0.0,0.0,0.0,13.46163349,32.72409836,88.69866847,0.0,0.0,70.75072168,9.473725908,0.0,0.0,2.541027344,0.0,25.59536403,13.79351714,-12.0,0.793103448,0,0,2,8.84094,0,0,0,0,0,0,4,0,0,0,0,0,0,0,2,0,0,2,0,0,0,0,0,0,0,0,0,0,12,323.15,1126,CCCCCCCCn1cc[n+](COCCCOC[n+]2ccn(CCCCCCCC)c2C)c1C.F[B-](F)(F)F.F[B-](F)(F)F,0.076961041
0.615561986,-6.0,0.054623754,11.64444444,0,3.464599207,1.67e-06,-2.09012987,1802956640.0,26.79810377,43.99899706,24.78737429,0.0,11.648809,14.50881671,0.0,18.26839859,0.0,32.10410811,13.8474744,26.30327674,14.50881671,0.0,13.21376393,9.134199296,0.0,36.85677993,36.02487221,0.0,0.0,0.0,13.46163349,32.72409836,88.69866847,0.0,0.0,70.75072168,9.473725908,0.0,0.0,2.541027344,0.0,25.59536403,13.79351714,-12.0,0.793103448,0,0,2,8.84094,0,0,0,0,0,0,4,0,0,0,0,0,0,0,2,0,0,2,0,0,0,0,0,0,0,0,0,0,12,333.15,1127,CCCCCCCCn1cc[n+](COCCCOC[n+]2ccn(CCCCCCCC)c2C)c1C.F[B-](F)(F)F.F[B-](F)(F)F,0.086177696
0.615561986,-6.0,0.054623754,11.64444444,0,3.464599207,1.67e-06,-2.09012987,1802956640.0,26.79810377,43.99899706,24.78737429,0.0,11.648809,14.50881671,0.0,18.26839859,0.0,32.10410811,13.8474744,26.30327674,14.50881671,0.0,13.21376393,9.134199296,0.0,36.85677993,36.02487221,0.0,0.0,0.0,13.46163349,32.72409836,88.69866847,0.0,0.0,70.75072168,9.473725908,0.0,0.0,2.541027344,0.0,25.59536403,13.79351714,-12.0,0.793103448,0,0,2,8.84094,0,0,0,0,0,0,4,0,0,0,0,0,0,0,2,0,0,2,0,0,0,0,0,0,0,0,0,0,12,343.15,1128,CCCCCCCCn1cc[n+](COCCCOC[n+]2ccn(CCCCCCCC)c2C)c1C.F[B-](F)(F)F.F[B-](F)(F)F,0.122217633
0.634553256,-6.721527778,0.307776711,12.84375,0,3.077479989,3.24e-07,-2.17,3874781.195,8.756968549,8.864264079,18.93844355,6.327320075,0.0,11.016661,0.0,25.96979326,0.0,11.98427311,0.0,6.606881965,20.04658231,0.0,6.606881965,4.567099648,0.0,39.02623658,38.05901841,0.0,4.127401125,0.0,6.730816747,23.69986112,5.563451492,0.0,12.26321064,52.84756842,4.736862954,0.0,0.0,0.0,10.44669375,7.244890509,4.471582291,-13.44305556,0.4375,0,0,2,3.2673,0,0,0,0,0,0,3,0,0,0,0,0,0,0,0,0,0,1,0,0,0,0,0,0,0,0,0,0,1,323.15,1129,CCCOCn1cc[n+](Cc2ccccc2)c1.O=S(=O)([N-]S(=O)(=O)C(F)(F)F)C(F)(F)F,0.086177696
0.634553256,-6.721527778,0.307776711,12.84375,0,3.077479989,3.24e-07,-2.17,3874781.195,8.756968549,8.864264079,18.93844355,6.327320075,0.0,11.016661,0.0,25.96979326,0.0,11.98427311,0.0,6.606881965,20.04658231,0.0,6.606881965,4.567099648,0.0,39.02623658,38.05901841,0.0,4.127401125,0.0,6.730816747,23.69986112,5.563451492,0.0,12.26321064,52.84756842,4.736862954,0.0,0.0,0.0,10.44669375,7.244890509,4.471582291,-13.44305556,0.4375,0,0,2,3.2673,0,0,0,0,0,0,3,0,0,0,0,0,0,0,0,0,0,1,0,0,0,0,0,0,0,0,0,0,1,333.15,1130,CCCOCn1cc[n+](Cc2ccccc2)c1.O=S(=O)([N-]S(=O)(=O)C(F)(F)F)C(F)(F)F,-0.030459207
0.634553256,-6.721527778,0.307776711,12.84375,0,3.077479989,3.24e-07,-2.17,3874781.195,8.756968549,8.864264079,18.93844355,6.327320075,0.0,11.016661,0.0,25.96979326,0.0,11.98427311,0.0,6.606881965,20.04658231,0.0,6.606881965,4.567099648,0.0,39.02623658,38.05901841,0.0,4.127401125,0.0,6.730816747,23.69986112,5.563451492,0.0,12.26321064,52.84756842,4.736862954,0.0,0.0,0.0,10.44669375,7.244890509,4.471582291,-13.44305556,0.4375,0,0,2,3.2673,0,0,0,0,0,0,3,0,0,0,0,0,0,0,0,0,0,1,0,0,0,0,0,0,0,0,0,0,1,343.15,1131,CCCOCn1cc[n+](Cc2ccccc2)c1.O=S(=O)([N-]S(=O)(=O)C(F)(F)F)C(F)(F)F,-0.040821995
0.661388889,-6.0,0.341503776,10.875,0,2.489453293,3.85e-07,-1.045064935,2228.060697,11.03212573,21.99949853,12.39368714,6.327320075,0.0,7.254408353,0.0,9.134199296,0.0,6.420821623,0.0,13.65455395,7.254408353,7.047671983,6.606881965,4.567099648,0.0,18.42838997,18.51535168,0.0,0.0,0.0,6.730816747,13.02770359,0.0,0.0,34.9028785,6.9237372,4.736862954,0.0,0.0,0.0,0.0,7.063511196,3.603407029,-4.003650085,0.625,0,0,1,1.9967,0,0,0,0,0,0,2,0,0,0,0,0,0,0,1,0,0,1,0,0,0,0,0,0,0,0,0,0,1,323.15,1132,CCCOCn1cc[n+](C)c1.F[B-](F)(F)F,1.8017098
0.661388889,-6.0,0.341503776,10.875,0,2.489453293,3.85e-07,-1.045064935,2228.060697,11.03212573,21.99949853,12.39368714,6.327320075,0.0,7.254408353,0.0,9.134199296,0.0,6.420821623,0.0,13.65455395,7.254408353,7.047671983,6.606881965,4.567099648,0.0,18.42838997,18.51535168,0.0,0.0,0.0,6.730816747,13.02770359,0.0,0.0,34.9028785,6.9237372,4.736862954,0.0,0.0,0.0,0.0,7.063511196,3.603407029,-4.003650085,0.625,0,0,1,1.9967,0,0,0,0,0,0,2,0,0,0,0,0,0,0,1,0,0,1,0,0,0,0,0,0,0,0,0,0,1,333.15,1133,CCCOCn1cc[n+](C)c1.F[B-](F)(F)F,1.795087259
0.661388889,-6.0,0.341503776,10.875,0,2.489453293,3.85e-07,-1.045064935,2228.060697,11.03212573,21.99949853,12.39368714,6.327320075,0.0,7.254408353,0.0,9.134199296,0.0,6.420821623,0.0,13.65455395,7.254408353,7.047671983,6.606881965,4.567099648,0.0,18.42838997,18.51535168,0.0,0.0,0.0,6.730816747,13.02770359,0.0,0.0,34.9028785,6.9237372,4.736862954,0.0,0.0,0.0,0.0,7.063511196,3.603407029,-4.003650085,0.625,0,0,1,1.9967,0,0,0,0,0,0,2,0,0,0,0,0,0,0,1,0,0,1,0,0,0,0,0,0,0,0,0,0,1,343.15,1134,CCCOCn1cc[n+](C)c1.F[B-](F)(F)F,1.788420568
0.661388889,0.661388889,0.432209466,8.25,0,2.66904401,3.85e-07,-2.05,3822.071022,7.362880102,15.26064606,12.39368714,6.327320075,0.0,0.0,5.316788604,9.134199296,0.0,6.420821623,12.38631219,13.65455395,0.0,7.047671983,6.606881965,4.567099648,0.0,11.17398161,18.51535168,0.0,5.316788604,0.0,6.730816747,13.02770359,12.38631219,0.0,34.9028785,12.2405258,15.26064606,0.0,0.0,0.0,0.0,9.626011196,3.603407029,1.996349915,0.5,0,0,1,1.01896,0,0,0,0,0,0,5,0,0,0,0,0,0,0,1,0,0,1,0,0,0,0,0,0,0,0,0,0,1,323.15,1135,CCCOCn1cc[n+](C)c1.N#C[N-]C#N,1.280933845
0.661388889,0.661388889,0.432209466,8.25,0,2.66904401,3.85e-07,-2.05,3822.071022,7.362880102,15.26064606,12.39368714,6.327320075,0.0,0.0,5.316788604,9.134199296,0.0,6.420821623,12.38631219,13.65455395,0.0,7.047671983,6.606881965,4.567099648,0.0,11.17398161,18.51535168,0.0,5.316788604,0.0,6.730816747,13.02770359,12.38631219,0.0,34.9028785,12.2405258,15.26064606,0.0,0.0,0.0,0.0,9.626011196,3.603407029,1.996349915,0.5,0,0,1,1.01896,0,0,0,0,0,0,5,0,0,0,0,0,0,0,1,0,0,1,0,0,0,0,0,0,0,0,0,0,1,333.15,1136,CCCOCn1cc[n+](C)c1.N#C[N-]C#N,1.294727168
0.661388889,0.661388889,0.432209466,8.25,0,2.66904401,3.85e-07,-2.05,3822.071022,7.362880102,15.26064606,12.39368714,6.327320075,0.0,0.0,5.316788604,9.134199296,0.0,6.420821623,12.38631219,13.65455395,0.0,7.047671983,6.606881965,4.567099648,0.0,11.17398161,18.51535168,0.0,5.316788604,0.0,6.730816747,13.02770359,12.38631219,0.0,34.9028785,12.2405258,15.26064606,0.0,0.0,0.0,0.0,9.626011196,3.603407029,1.996349915,0.5,0,0,1,1.01896,0,0,0,0,0,0,5,0,0,0,0,0,0,0,1,0,0,1,0,0,0,0,0,0,0,0,0,0,1,343.15,1137,CCCOCn1cc[n+](C)c1.N#C[N-]C#N,1.327075001
0.64042517,-6.721527778,0.341477589,12.86206897,0,2.528769078,5.41e-07,-1.65,472202.1074,9.137502796,13.76417381,0.0,0.0,6.730816747,11.016661,0.0,16.83559397,0.0,6.420821623,31.91546438,6.606881965,25.73396858,0.0,25.60213566,9.467009379,0.0,48.5544809,31.51426201,0.0,4.127401125,0.0,6.730816747,17.15510471,5.687386275,0.0,31.05613076,23.95638107,4.736862954,0.0,2.080595317,0.0,4.157352608,5.131277794,3.573203079,-9.373102639,0.615384615,0,0,1,2.4835,0,0,0,0,0,0,3,0,0,0,0,0,0,1,0,0,0,1,0,0,0,0,0,0,0,1,0,0,1,323.15,1138,CCCOC[n+]1ccc(N(C)C)cc1.O=S(=O)([N-]S(=O)(=O)C(F)(F)F)C(F)(F)F,-0.010050336
0.64042517,-6.721527778,0.341477589,12.86206897,0,2.528769078,5.41e-07,-1.65,472202.1074,9.137502796,13.76417381,0.0,0.0,6.730816747,11.016661,0.0,16.83559397,0.0,6.420821623,31.91546438,6.606881965,25.73396858,0.0,25.60213566,9.467009379,0.0,48.5544809,31.51426201,0.0,4.127401125,0.0,6.730816747,17.15510471,5.687386275,0.0,31.05613076,23.95638107,4.736862954,0.0,2.080595317,0.0,4.157352608,5.131277794,3.573203079,-9.373102639,0.615384615,0,0,1,2.4835,0,0,0,0,0,0,3,0,0,0,0,0,0,1,0,0,0,1,0,0,0,0,0,0,0,1,0,0,1,333.15,1139,CCCOC[n+]1ccc(N(C)C)cc1.O=S(=O)([N-]S(=O)(=O)C(F)(F)F)C(F)(F)F,0.039220713
0.64042517,-6.721527778,0.341477589,12.86206897,0,2.528769078,5.41e-07,-1.65,472202.1074,9.137502796,13.76417381,0.0,0.0,6.730816747,11.016661,0.0,16.83559397,0.0,6.420821623,31.91546438,6.606881965,25.73396858,0.0,25.60213566,9.467009379,0.0,48.5544809,31.51426201,0.0,4.127401125,0.0,6.730816747,17.15510471,5.687386275,0.0,31.05613076,23.95638107,4.736862954,0.0,2.080595317,0.0,4.157352608,5.131277794,3.573203079,-9.373102639,0.615384615,0,0,1,2.4835,0,0,0,0,0,0,3,0,0,0,0,0,0,1,0,0,0,1,0,0,0,0,0,0,0,1,0,0,1,343.15,1140,CCCOC[n+]1ccc(N(C)C)cc1.O=S(=O)([N-]S(=O)(=O)C(F)(F)F)C(F)(F)F,0.048790164
0.563944643,-6.721527778,0.152185073,13.23636364,0,2.982724023,8.46e-07,-3.3,33985138194.0,17.58145699,27.52834762,0.0,0.0,13.46163349,22.03332201,0.0,33.67118794,0.0,6.420821623,63.83092875,13.21376393,51.46793716,0.0,51.20427132,18.93401876,0.0,97.1089618,63.02852402,0.0,8.25480225,0.0,26.67539742,14.67562387,11.37477255,0.0,62.11226151,34.06528774,9.473725908,0.0,4.155945856,0.0,8.298683862,8.992202818,2.502226395,-18.75489509,0.565217391,0,0,2,3.5507,0,0,0,0,0,0,6,0,0,0,0,0,0,2,0,0,0,2,0,0,0,0,0,0,0,2,0,0,4,323.15,1141,CN(C)c1cc[n+](COCCCOC[n+]2ccc(N(C)C)cc2)cc1.O=S(=O)([N-]S(=O)(=O)C(F)(F)F)C(F)(F)F.O=S(=O)([N-]S(=O)(=O)C(F)(F)F)C(F)(F)F,-0.083381609
0.563944643,-6.721527778,0.152185073,13.23636364,0,2.982724023,8.46e-07,-3.3,33985138194.0,17.58145699,27.52834762,0.0,0.0,13.46163349,22.03332201,0.0,33.67118794,0.0,6.420821623,63.83092875,13.21376393,51.46793716,0.0,51.20427132,18.93401876,0.0,97.1089618,63.02852402,0.0,8.25480225,0.0,26.67539742,14.67562387,11.37477255,0.0,62.11226151,34.06528774,9.473725908,0.0,4.155945856,0.0,8.298683862,8.992202818,2.502226395,-18.75489509,0.565217391,0,0,2,3.5507,0,0,0,0,0,0,6,0,0,0,0,0,0,2,0,0,0,2,0,0,0,0,0,0,0,2,0,0,4,333.15,1142,CN(C)c1cc[n+](COCCCOC[n+]2ccc(N(C)C)cc2)cc1.O=S(=O)([N-]S(=O)(=O)C(F)(F)F)C(F)(F)F.O=S(=O)([N-]S(=O)(=O)C(F)(F)F)C(F)(F)F,-0.061875404
0.563944643,-6.721527778,0.152185073,13.23636364,0,2.982724023,8.46e-07,-3.3,33985138194.0,17.58145699,27.52834762,0.0,0.0,13.46163349,22.03332201,0.0,33.67118794,0.0,6.420821623,63.83092875,13.21376393,51.46793716,0.0,51.20427132,18.93401876,0.0,97.1089618,63.02852402,0.0,8.25480225,0.0,26.67539742,14.67562387,11.37477255,0.0,62.11226151,34.06528774,9.473725908,0.0,4.155945856,0.0,8.298683862,8.992202818,2.502226395,-18.75489509,0.565217391,0,0,2,3.5507,0,0,0,0,0,0,6,0,0,0,0,0,0,2,0,0,0,2,0,0,0,0,0,0,0,2,0,0,4,343.15,1143,CN(C)c1cc[n+](COCCCOC[n+]2ccc(N(C)C)cc2)cc1.O=S(=O)([N-]S(=O)(=O)C(F)(F)F)C(F)(F)F.O=S(=O)([N-]S(=O)(=O)C(F)(F)F)C(F)(F)F,-0.040821995
0.634553256,-6.0,0.344947361,10.95454545,0,2.858950914,4.22e-07,-1.825064935,65927.40807,9.173444609,21.99949853,18.93844355,6.327320075,0.0,7.254408353,0.0,9.134199296,0.0,11.98427311,0.0,6.606881965,7.254408353,0.0,6.606881965,4.567099648,0.0,18.42838997,18.01243611,0.0,0.0,0.0,6.730816747,19.57245999,5.563451492,0.0,12.26321064,52.84756842,4.736862954,0.0,0.0,0.0,10.44669375,7.244890509,4.471582291,-6.0,0.357142857,0,0,2,3.508,0,0,0,0,0,0,2,0,0,0,0,0,0,0,0,0,0,1,0,0,0,0,0,0,0,0,0,0,1,323.15,1144,CCCOCn1cc[n+](Cc2ccccc2)c1.F[B-](F)(F)F,1.137833002
0.634553256,-6.0,0.344947361,10.95454545,0,2.858950914,4.22e-07,-1.825064935,65927.40807,9.173444609,21.99949853,18.93844355,6.327320075,0.0,7.254408353,0.0,9.134199296,0.0,11.98427311,0.0,6.606881965,7.254408353,0.0,6.606881965,4.567099648,0.0,18.42838997,18.01243611,0.0,0.0,0.0,6.730816747,19.57245999,5.563451492,0.0,12.26321064,52.84756842,4.736862954,0.0,0.0,0.0,10.44669375,7.244890509,4.471582291,-6.0,0.357142857,0,0,2,3.508,0,0,0,0,0,0,2,0,0,0,0,0,0,0,0,0,0,1,0,0,0,0,0,0,0,0,0,0,1,333.15,1145,CCCOCn1cc[n+](Cc2ccccc2)c1.F[B-](F)(F)F,1.10856262
0.634553256,-6.0,0.344947361,10.95454545,0,2.858950914,4.22e-07,-1.825064935,65927.40807,9.173444609,21.99949853,18.93844355,6.327320075,0.0,7.254408353,0.0,9.134199296,0.0,11.98427311,0.0,6.606881965,7.254408353,0.0,6.606881965,4.567099648,0.0,18.42838997,18.01243611,0.0,0.0,0.0,6.730816747,19.57245999,5.563451492,0.0,12.26321064,52.84756842,4.736862954,0.0,0.0,0.0,10.44669375,7.244890509,4.471582291,-6.0,0.357142857,0,0,2,3.508,0,0,0,0,0,0,2,0,0,0,0,0,0,0,0,0,0,1,0,0,0,0,0,0,0,0,0,0,1,343.15,1146,CCCOCn1cc[n+](Cc2ccccc2)c1.F[B-](F)(F)F,1.111857515
0.683703704,0.683703704,0.346433028,9.541666667,0,2.928986321,9.22e-07,-2.05,187923.7624,10.63865203,15.26064606,12.39368714,0.0,5.824404498,0.0,5.316788604,9.134199296,0.0,19.26246487,19.31004939,13.15163837,0.0,0.0,6.606881965,4.567099648,0.0,11.17398161,18.01243611,0.0,5.316788604,0.0,6.730816747,19.57245999,56.73564643,0.0,0.0,47.61588664,15.26064606,0.0,0.0,1.295982642,0.0,16.07778779,9.243184916,0.0,0.722222222,0,0,1,4.15088,0,0,0,0,0,0,5,0,0,0,0,0,0,0,1,0,0,1,0,0,0,0,0,0,0,0,0,0,5,323.15,1147,CCCCCCCC[n+]1ccn(COCCC)c1C.N#C[N-]C#N,0.357674444
0.683703704,0.683703704,0.346433028,9.541666667,0,2.928986321,9.22e-07,-2.05,187923.7624,10.63865203,15.26064606,12.39368714,0.0,5.824404498,0.0,5.316788604,9.134199296,0.0,19.26246487,19.31004939,13.15163837,0.0,0.0,6.606881965,4.567099648,0.0,11.17398161,18.01243611,0.0,5.316788604,0.0,6.730816747,19.57245999,56.73564643,0.0,0.0,47.61588664,15.26064606,0.0,0.0,1.295982642,0.0,16.07778779,9.243184916,0.0,0.722222222,0,0,1,4.15088,0,0,0,0,0,0,5,0,0,0,0,0,0,0,1,0,0,1,0,0,0,0,0,0,0,0,0,0,5,333.15,1148,CCCCCCCC[n+]1ccn(COCCC)c1C.N#C[N-]C#N,0.198850859
0.683703704,0.683703704,0.346433028,9.541666667,0,2.928986321,9.22e-07,-2.05,187923.7624,10.63865203,15.26064606,12.39368714,0.0,5.824404498,0.0,5.316788604,9.134199296,0.0,19.26246487,19.31004939,13.15163837,0.0,0.0,6.606881965,4.567099648,0.0,11.17398161,18.01243611,0.0,5.316788604,0.0,6.730816747,19.57245999,56.73564643,0.0,0.0,47.61588664,15.26064606,0.0,0.0,1.295982642,0.0,16.07778779,9.243184916,0.0,0.722222222,0,0,1,4.15088,0,0,0,0,0,0,5,0,0,0,0,0,0,0,1,0,0,1,0,0,0,0,0,0,0,0,0,0,5,343.15,1149,CCCCCCCC[n+]1ccn(COCCC)c1C.N#C[N-]C#N,0.139761942
0.591542923,-6.721527778,0.173453744,13.67346939,0,3.472037097,7.15e-07,-2.78,2666339834.0,15.75580634,17.72852816,24.78737429,12.65464015,0.0,22.03332201,0.0,51.93958653,0.0,6.420821623,0.0,27.30910789,40.09316461,14.09534397,13.21376393,9.134199296,0.0,78.05247317,77.12386798,0.0,8.25480225,0.0,26.67539742,14.67562387,0.0,0.0,69.80575699,0.0,9.473725908,0.0,0.0,0.0,0.0,12.83736804,2.602432344,-22.90280114,0.647058824,0,0,2,2.0957,0,0,0,0,0,0,6,0,0,0,0,0,0,0,2,0,0,2,0,0,0,0,0,0,0,0,0,0,4,323.15,1150,Cn1cc[n+](COCCCOC[n+]2ccn(C)c2)c1.O=S(=O)([N-]S(=O)(=O)C(F)(F)F)C(F)(F)F.O=S(=O)([N-]S(=O)(=O)C(F)(F)F)C(F)(F)F,0.378436436
0.591542923,-6.721527778,0.173453744,13.67346939,0,3.472037097,7.15e-07,-2.78,2666339834.0,15.75580634,17.72852816,24.78737429,12.65464015,0.0,22.03332201,0.0,51.93958653,0.0,6.420821623,0.0,27.30910789,40.09316461,14.09534397,13.21376393,9.134199296,0.0,78.05247317,77.12386798,0.0,8.25480225,0.0,26.67539742,14.67562387,0.0,0.0,69.80575699,0.0,9.473725908,0.0,0.0,0.0,0.0,12.83736804,2.602432344,-22.90280114,0.647058824,0,0,2,2.0957,0,0,0,0,0,0,6,0,0,0,0,0,0,0,2,0,0,2,0,0,0,0,0,0,0,0,0,0,4,333.15,1151,Cn1cc[n+](COCCCOC[n+]2ccn(C)c2)c1.O=S(=O)([N-]S(=O)(=O)C(F)(F)F)C(F)(F)F.O=S(=O)([N-]S(=O)(=O)C(F)(F)F)C(F)(F)F,0.392042088
0.591542923,-6.721527778,0.173453744,13.67346939,0,3.472037097,7.15e-07,-2.78,2666339834.0,15.75580634,17.72852816,24.78737429,12.65464015,0.0,22.03332201,0.0,51.93958653,0.0,6.420821623,0.0,27.30910789,40.09316461,14.09534397,13.21376393,9.134199296,0.0,78.05247317,77.12386798,0.0,8.25480225,0.0,26.67539742,14.67562387,0.0,0.0,69.80575699,0.0,9.473725908,0.0,0.0,0.0,0.0,12.83736804,2.602432344,-22.90280114,0.647058824,0,0,2,2.0957,0,0,0,0,0,0,6,0,0,0,0,0,0,0,2,0,0,2,0,0,0,0,0,0,0,0,0,0,4,343.15,1152,Cn1cc[n+](COCCCOC[n+]2ccn(C)c2)c1.O=S(=O)([N-]S(=O)(=O)C(F)(F)F)C(F)(F)F.O=S(=O)([N-]S(=O)(=O)C(F)(F)F)C(F)(F)F,0.378436436
0.683703704,-6.721527778,0.198958142,12.97058824,0,3.024940892,6.61e-07,-1.39,6622987.086,11.35766101,8.864264079,12.39368714,0.0,5.824404498,11.016661,0.0,25.96979326,0.0,19.26246487,6.9237372,13.15163837,20.04658231,0.0,6.606881965,4.567099648,0.0,39.02623658,38.05901841,0.0,4.127401125,0.0,6.730816747,23.69986112,44.34933424,0.0,0.0,42.29909804,4.736862954,0.0,0.0,1.295982642,0.0,13.51528779,9.243184916,-13.44305556,0.833333333,0,0,1,4.88792,0,0,0,0,0,0,3,0,0,0,0,0,0,0,1,0,0,1,0,0,0,0,0,0,0,0,0,0,5,323.15,1153,CCCCCCCC[n+]1ccn(COCCC)c1C.O=S(=O)([N-]S(=O)(=O)C(F)(F)F)C(F)(F)F,-0.274436846
0.683703704,-6.721527778,0.198958142,12.97058824,0,3.024940892,6.61e-07,-1.39,6622987.086,11.35766101,8.864264079,12.39368714,0.0,5.824404498,11.016661,0.0,25.96979326,0.0,19.26246487,6.9237372,13.15163837,20.04658231,0.0,6.606881965,4.567099648,0.0,39.02623658,38.05901841,0.0,4.127401125,0.0,6.730816747,23.69986112,44.34933424,0.0,0.0,42.29909804,4.736862954,0.0,0.0,1.295982642,0.0,13.51528779,9.243184916,-13.44305556,0.833333333,0,0,1,4.88792,0,0,0,0,0,0,3,0,0,0,0,0,0,0,1,0,0,1,0,0,0,0,0,0,0,0,0,0,5,333.15,1154,CCCCCCCC[n+]1ccn(COCCC)c1C.O=S(=O)([N-]S(=O)(=O)C(F)(F)F)C(F)(F)F,-0.274436846
0.683703704,-6.721527778,0.198958142,12.97058824,0,3.024940892,6.61e-07,-1.39,6622987.086,11.35766101,8.864264079,12.39368714,0.0,5.824404498,11.016661,0.0,25.96979326,0.0,19.26246487,6.9237372,13.15163837,20.04658231,0.0,6.606881965,4.567099648,0.0,39.02623658,38.05901841,0.0,4.127401125,0.0,6.730816747,23.69986112,44.34933424,0.0,0.0,42.29909804,4.736862954,0.0,0.0,1.295982642,0.0,13.51528779,9.243184916,-13.44305556,0.833333333,0,0,1,4.88792,0,0,0,0,0,0,3,0,0,0,0,0,0,0,1,0,0,1,0,0,0,0,0,0,0,0,0,0,5,343.15,1155,CCCCCCCC[n+]1ccn(COCCC)c1C.O=S(=O)([N-]S(=O)(=O)C(F)(F)F)C(F)(F)F,-0.261364764
0.661388889,-6.721527778,0.385147642,13.23076923,0,2.816003913,5.02e-07,-1.39,137609.6632,7.877903168,8.864264079,12.39368714,6.327320075,0.0,11.016661,0.0,25.96979326,0.0,6.420821623,0.0,13.65455395,20.04658231,7.047671983,6.606881965,4.567099648,0.0,39.02623658,38.56193399,0.0,4.127401125,0.0,6.730816747,17.15510471,0.0,0.0,34.9028785,6.9237372,4.736862954,0.0,0.0,0.0,0.0,7.063511196,3.603407029,-11.44670564,0.7,0,0,1,1.756,0,0,0,0,0,0,3,0,0,0,0,0,0,0,1,0,0,1,0,0,0,0,0,0,0,0,0,0,1,323.15,1156,CCCOCn1cc[n+](C)c1.O=S(=O)([N-]S(=O)(=O)C(F)(F)F)C(F)(F)F,0.530628251
0.661388889,-6.721527778,0.385147642,13.23076923,0,2.816003913,5.02e-07,-1.39,137609.6632,7.877903168,8.864264079,12.39368714,6.327320075,0.0,11.016661,0.0,25.96979326,0.0,6.420821623,0.0,13.65455395,20.04658231,7.047671983,6.606881965,4.567099648,0.0,39.02623658,38.56193399,0.0,4.127401125,0.0,6.730816747,17.15510471,0.0,0.0,34.9028785,6.9237372,4.736862954,0.0,0.0,0.0,0.0,7.063511196,3.603407029,-11.44670564,0.7,0,0,1,1.756,0,0,0,0,0,0,3,0,0,0,0,0,0,0,1,0,0,1,0,0,0,0,0,0,0,0,0,0,1,333.15,1157,CCCOCn1cc[n+](C)c1.O=S(=O)([N-]S(=O)(=O)C(F)(F)F)C(F)(F)F,0.518793793
0.661388889,-6.721527778,0.385147642,13.23076923,0,2.816003913,5.02e-07,-1.39,137609.6632,7.877903168,8.864264079,12.39368714,6.327320075,0.0,11.016661,0.0,25.96979326,0.0,6.420821623,0.0,13.65455395,20.04658231,7.047671983,6.606881965,4.567099648,0.0,39.02623658,38.56193399,0.0,4.127401125,0.0,6.730816747,17.15510471,0.0,0.0,34.9028785,6.9237372,4.736862954,0.0,0.0,0.0,0.0,7.063511196,3.603407029,-11.44670564,0.7,0,0,1,1.756,0,0,0,0,0,0,3,0,0,0,0,0,0,0,1,0,0,1,0,0,0,0,0,0,0,0,0,0,1,343.15,1158,CCCOCn1cc[n+](C)c1.O=S(=O)([N-]S(=O)(=O)C(F)(F)F)C(F)(F)F,0.524728529
1.056388889,-6.090277778,0.416415257,11.875,0,2.483671541,2.81e-07,-1.09,1815.563896,5.121140695,4.552749874,12.39368714,6.327320075,0.0,5.508330501,0.0,17.55199628,0.0,6.9237372,0.0,13.59242839,10.11812686,7.047671983,0.0,4.567099648,0.0,23.04597701,23.71055525,0.0,0.0,0.0,0.0,6.544756406,0.0,0.0,17.8116152,24.01500049,12.97054686,0.0,0.0,0.0,0.0,6.142361111,3.181388889,-4.070277778,0.571428571,0,0,1,0.3839,0,0,0,0,0,0,2,0,0,0,0,0,0,0,2,0,0,0,0,0,0,0,0,0,0,0,0,0,0,313.15,1159,CC[n+]1ccn(C)c1.O=S(=O)([O-])C(F)(F)F,1.271164054
1.056388889,-6.090277778,0.416415257,11.875,0,2.483671541,2.81e-07,-1.09,1815.563896,5.121140695,4.552749874,12.39368714,6.327320075,0.0,5.508330501,0.0,17.55199628,0.0,6.9237372,0.0,13.59242839,10.11812686,7.047671983,0.0,4.567099648,0.0,23.04597701,23.71055525,0.0,0.0,0.0,0.0,6.544756406,0.0,0.0,17.8116152,24.01500049,12.97054686,0.0,0.0,0.0,0.0,6.142361111,3.181388889,-4.070277778,0.571428571,0,0,1,0.3839,0,0,0,0,0,0,2,0,0,0,0,0,0,0,2,0,0,0,0,0,0,0,0,0,0,0,0,0,0,323.15,1160,CC[n+]1ccn(C)c1.O=S(=O)([O-])C(F)(F)F,1.278152203
1.056388889,-6.090277778,0.416415257,11.875,0,2.483671541,2.81e-07,-1.09,1815.563896,5.121140695,4.552749874,12.39368714,6.327320075,0.0,5.508330501,0.0,17.55199628,0.0,6.9237372,0.0,13.59242839,10.11812686,7.047671983,0.0,4.567099648,0.0,23.04597701,23.71055525,0.0,0.0,0.0,0.0,6.544756406,0.0,0.0,17.8116152,24.01500049,12.97054686,0.0,0.0,0.0,0.0,6.142361111,3.181388889,-4.070277778,0.571428571,0,0,1,0.3839,0,0,0,0,0,0,2,0,0,0,0,0,0,0,2,0,0,0,0,0,0,0,0,0,0,0,0,0,0,333.15,1161,CC[n+]1ccn(C)c1.O=S(=O)([O-])C(F)(F)F,1.297463147
0.777777778,-6.721527778,0.509687032,13.0,0,2.830755942,4.96e-07,-1.75,57186.93154,6.039044817,13.80257829,14.21959508,0.0,0.0,17.34398108,0.0,16.83559397,0.0,9.460815284,0.0,0.0,20.04658231,0.0,14.21959508,14.40558481,0.0,46.8022577,20.04658231,0.0,4.127401125,0.0,0.0,4.127401125,9.460815284,32.9406023,0.0,0.0,9.675177167,0.0,9.625,0.0,0.0,5.145833333,0.0,-10.27638889,0.571428571,0,0,1,-0.0483,0,0,0,0,0,0,3,0,0,0,0,0,0,0,0,0,0,0,0,0,0,0,0,0,0,0,0,0,0,312.45,1162,COn1cc[n+](OC)c1.O=S(=O)([N-]S(=O)(=O)C(F)(F)F)C(F)(F)F,1.202972304
0.777777778,-6.721527778,0.509687032,13.0,0,2.830755942,4.96e-07,-1.75,57186.93154,6.039044817,13.80257829,14.21959508,0.0,0.0,17.34398108,0.0,16.83559397,0.0,9.460815284,0.0,0.0,20.04658231,0.0,14.21959508,14.40558481,0.0,46.8022577,20.04658231,0.0,4.127401125,0.0,0.0,4.127401125,9.460815284,32.9406023,0.0,0.0,9.675177167,0.0,9.625,0.0,0.0,5.145833333,0.0,-10.27638889,0.571428571,0,0,1,-0.0483,0,0,0,0,0,0,3,0,0,0,0,0,0,0,0,0,0,0,0,0,0,0,0,0,0,0,0,0,0,323.15,1163,COn1cc[n+](OC)c1.O=S(=O)([N-]S(=O)(=O)C(F)(F)F)C(F)(F)F,1.147402453
0.777777778,-6.721527778,0.509687032,13.0,0,2.830755942,4.96e-07,-1.75,57186.93154,6.039044817,13.80257829,14.21959508,0.0,0.0,17.34398108,0.0,16.83559397,0.0,9.460815284,0.0,0.0,20.04658231,0.0,14.21959508,14.40558481,0.0,46.8022577,20.04658231,0.0,4.127401125,0.0,0.0,4.127401125,9.460815284,32.9406023,0.0,0.0,9.675177167,0.0,9.625,0.0,0.0,5.145833333,0.0,-10.27638889,0.571428571,0,0,1,-0.0483,0,0,0,0,0,0,3,0,0,0,0,0,0,0,0,0,0,0,0,0,0,0,0,0,0,0,0,0,0,332.7,1164,COn1cc[n+](OC)c1.O=S(=O)([N-]S(=O)(=O)C(F)(F)F)C(F)(F)F,1.131402111
0.7725,-6.721527778,0.522101779,13.28,0,2.787893834,4.96e-07,-1.39,84481.54686,7.573778479,8.864264079,18.93844355,6.327320075,0.0,11.016661,0.0,25.96979326,0.0,0.0,7.109797541,13.65455395,20.04658231,7.047671983,13.71667951,4.567099648,0.0,46.13603412,38.37587365,0.0,4.127401125,0.0,0.0,17.2790395,0.0,7.109797541,30.33577885,4.567099648,4.736862954,0.0,0.0,0.0,0.0,6.063194444,1.700416667,-9.727973356,0.666666667,0,0,1,1.0183,0,0,0,0,0,0,3,0,0,0,0,0,0,0,1,0,0,1,0,1,0,0,0,0,0,0,0,0,0,332.65,1165,COCC[n+]1ccn(C)c1.O=S(=O)([N-]S(=O)(=O)C(F)(F)F)C(F)(F)F,0.565313809
0.7725,-6.721527778,0.522101779,13.28,0,2.787893834,4.96e-07,-1.39,84481.54686,7.573778479,8.864264079,18.93844355,6.327320075,0.0,11.016661,0.0,25.96979326,0.0,0.0,7.109797541,13.65455395,20.04658231,7.047671983,13.71667951,4.567099648,0.0,46.13603412,38.37587365,0.0,4.127401125,0.0,0.0,17.2790395,0.0,7.109797541,30.33577885,4.567099648,4.736862954,0.0,0.0,0.0,0.0,6.063194444,1.700416667,-9.727973356,0.666666667,0,0,1,1.0183,0,0,0,0,0,0,3,0,0,0,0,0,0,0,1,0,0,1,0,1,0,0,0,0,0,0,0,0,0,342.75,1166,COCC[n+]1ccn(C)c1.O=S(=O)([N-]S(=O)(=O)C(F)(F)F)C(F)(F)F,0.576613364
0.7725,-6.721527778,0.522101779,13.28,0,2.787893834,4.96e-07,-1.39,84481.54686,7.573778479,8.864264079,18.93844355,6.327320075,0.0,11.016661,0.0,25.96979326,0.0,0.0,7.109797541,13.65455395,20.04658231,7.047671983,13.71667951,4.567099648,0.0,46.13603412,38.37587365,0.0,4.127401125,0.0,0.0,17.2790395,0.0,7.109797541,30.33577885,4.567099648,4.736862954,0.0,0.0,0.0,0.0,6.063194444,1.700416667,-9.727973356,0.666666667,0,0,1,1.0183,0,0,0,0,0,0,3,0,0,0,0,0,0,0,1,0,0,1,0,1,0,0,0,0,0,0,0,0,0,353.15,1167,COCC[n+]1ccn(C)c1.O=S(=O)([N-]S(=O)(=O)C(F)(F)F)C(F)(F)F,0.570979547
0.203055556,-6.721527778,0.572529309,13.33333333,0,2.715886202,4.96e-07,-1.39,50417.71145,6.616525346,9.23392852,18.93844355,6.327320075,0.0,11.016661,0.0,25.96979326,0.0,0.0,0.0,13.65455395,20.04658231,7.047671983,6.606881965,4.567099648,0.0,44.13276398,33.6390107,0.0,4.127401125,6.606881965,6.544756406,4.127401125,0.0,0.0,34.9028785,0.0,5.106527395,0.0,0.0,0.0,0.0,5.79375,0.884444444,-11.49079932,0.625,0,0,1,0.3642,1,1,0,0,0,0,3,0,0,0,0,0,0,0,1,0,0,0,0,0,0,0,0,0,0,0,0,0,0,322.55,1168,Cn1cc[n+](CCO)c1.O=S(=O)([N-]S(=O)(=O)C(F)(F)F)C(F)(F)F,1.211940974
0.203055556,-6.721527778,0.572529309,13.33333333,0,2.715886202,4.96e-07,-1.39,50417.71145,6.616525346,9.23392852,18.93844355,6.327320075,0.0,11.016661,0.0,25.96979326,0.0,0.0,0.0,13.65455395,20.04658231,7.047671983,6.606881965,4.567099648,0.0,44.13276398,33.6390107,0.0,4.127401125,6.606881965,6.544756406,4.127401125,0.0,0.0,34.9028785,0.0,5.106527395,0.0,0.0,0.0,0.0,5.79375,0.884444444,-11.49079932,0.625,0,0,1,0.3642,1,1,0,0,0,0,3,0,0,0,0,0,0,0,1,0,0,0,0,0,0,0,0,0,0,0,0,0,0,332.55,1169,Cn1cc[n+](CCO)c1.O=S(=O)([N-]S(=O)(=O)C(F)(F)F)C(F)(F)F,1.187843422
0.203055556,-6.721527778,0.572529309,13.33333333,0,2.715886202,4.96e-07,-1.39,50417.71145,6.616525346,9.23392852,18.93844355,6.327320075,0.0,11.016661,0.0,25.96979326,0.0,0.0,0.0,13.65455395,20.04658231,7.047671983,6.606881965,4.567099648,0.0,44.13276398,33.6390107,0.0,4.127401125,6.606881965,6.544756406,4.127401125,0.0,0.0,34.9028785,0.0,5.106527395,0.0,0.0,0.0,0.0,5.79375,0.884444444,-11.49079932,0.625,0,0,1,0.3642,1,1,0,0,0,0,3,0,0,0,0,0,0,0,1,0,0,0,0,0,0,0,0,0,0,0,0,0,0,342.85,1170,Cn1cc[n+](CCO)c1.O=S(=O)([N-]S(=O)(=O)C(F)(F)F)C(F)(F)F,1.178654996
0.777777778,-6.721527778,0.082383897,18.40740741,0,3.592126424,8.22e-07,-1.2,27246422311.0,18.82850294,17.22086397,0.0,0.0,0.0,22.03332201,0.0,33.67118794,0.0,25.68328649,25.68328649,53.3638824,40.09316461,0.0,53.3638824,0.0,0.0,118.0344541,40.09316461,0.0,8.25480225,0.0,0.0,8.25480225,138.1261029,0.0,0.0,14.09534397,0.0,0.0,0.0,0.0,0.0,20.6582969,8.653752126,-21.94371569,1.0,0,0,2,7.4868,0,0,0,0,0,0,4,0,0,2,0,0,0,0,0,0,0,0,0,0,0,0,0,0,0,0,2,0,9,313.0,1171,C[N+]1(CCCCCCCCCCCC[N+]2(C)CCCC2)CCCC1.O=S(=O)([N-]S(=O)(=O)C(F)(F)F)C(F)(F)F.O=S(=O)([N-]S(=O)(=O)C(F)(F)F)C(F)(F)F,-1.061316504
0.777777778,-6.721527778,0.082383897,18.40740741,0,3.592126424,8.22e-07,-1.2,27246422311.0,18.82850294,17.22086397,0.0,0.0,0.0,22.03332201,0.0,33.67118794,0.0,25.68328649,25.68328649,53.3638824,40.09316461,0.0,53.3638824,0.0,0.0,118.0344541,40.09316461,0.0,8.25480225,0.0,0.0,8.25480225,138.1261029,0.0,0.0,14.09534397,0.0,0.0,0.0,0.0,0.0,20.6582969,8.653752126,-21.94371569,1.0,0,0,2,7.4868,0,0,0,0,0,0,4,0,0,2,0,0,0,0,0,0,0,0,0,0,0,0,0,0,0,0,2,0,9,323.0,1172,C[N+]1(CCCCCCCCCCCC[N+]2(C)CCCC2)CCCC1.O=S(=O)([N-]S(=O)(=O)C(F)(F)F)C(F)(F)F.O=S(=O)([N-]S(=O)(=O)C(F)(F)F)C(F)(F)F,-0.874669057
1.173576389,-6.0,0.309494904,11.05263158,0,2.670198589,5.55e-07,-1.005064935,10133.40365,14.936324,17.26263557,12.39368714,6.327320075,0.0,7.254408353,0.0,9.134199296,0.0,12.84164325,0.0,13.59242839,7.254408353,7.047671983,0.0,4.567099648,0.0,11.821508,13.59242839,0.0,0.0,0.0,0.0,0.0,45.06968614,0.0,0.0,41.8266157,0.0,0.0,0.0,0.0,0.0,14.63746271,3.437287415,-3.932789459,0.75,0,0,1,3.9731,0,0,0,0,0,0,2,0,0,0,0,0,0,0,2,0,0,0,0,0,0,0,0,0,0,0,0,0,4,298.0,1173,CCCCCCCCn1cc[n+](C)c1.F[B-](F)(F)F,0.0
1.173576389,-6.0,0.309494904,11.05263158,0,2.670198589,5.55e-07,-1.005064935,10133.40365,14.936324,17.26263557,12.39368714,6.327320075,0.0,7.254408353,0.0,9.134199296,0.0,12.84164325,0.0,13.59242839,7.254408353,7.047671983,0.0,4.567099648,0.0,11.821508,13.59242839,0.0,0.0,0.0,0.0,0.0,45.06968614,0.0,0.0,41.8266157,0.0,0.0,0.0,0.0,0.0,14.63746271,3.437287415,-3.932789459,0.75,0,0,1,3.9731,0,0,0,0,0,0,2,0,0,0,0,0,0,0,2,0,0,0,0,0,0,0,0,0,0,0,0,0,4,323.0,1174,CCCCCCCCn1cc[n+](C)c1.F[B-](F)(F)F,-0.105360516
0.640212585,0.640212585,0.443841908,7.941176471,0,2.631648165,4.37e-07,-2.52,5642.253667,5.814211312,10.52378311,12.39368714,0.0,5.824404498,0.0,5.316788604,9.134199296,0.0,6.420821623,25.73087101,19.6616497,0.0,7.047671983,0.0,4.567099648,0.0,4.567099648,13.59242839,0.0,5.316788604,0.0,6.420821623,12.96557803,18.21071669,0.0,19.44135913,27.44394641,15.78567466,0.0,0.0,1.229573885,2.144072893,8.217033258,3.020444067,2.023934792,0.454545455,0,0,1,1.24706,0,0,0,0,0,0,6,0,0,0,0,0,0,0,2,0,0,0,0,0,0,0,0,0,0,0,0,0,1,303.0,1175,Cc1n(CCCC#N)cc[n+]1C.N#C[N-]C#N,1.667706821
0.640212585,0.640212585,0.443841908,7.941176471,0,2.631648165,4.37e-07,-2.52,5642.253667,5.814211312,10.52378311,12.39368714,0.0,5.824404498,0.0,5.316788604,9.134199296,0.0,6.420821623,25.73087101,19.6616497,0.0,7.047671983,0.0,4.567099648,0.0,4.567099648,13.59242839,0.0,5.316788604,0.0,6.420821623,12.96557803,18.21071669,0.0,19.44135913,27.44394641,15.78567466,0.0,0.0,1.229573885,2.144072893,8.217033258,3.020444067,2.023934792,0.454545455,0,0,1,1.24706,0,0,0,0,0,0,6,0,0,0,0,0,0,0,2,0,0,0,0,0,0,0,0,0,0,0,0,0,1,323.0,1176,Cc1n(CCCC#N)cc[n+]1C.N#C[N-]C#N,1.526056303
0.640212585,-6.721527778,0.391378277,12.85185185,0,2.766542491,5.11e-07,-1.86,202411.3148,7.344086147,4.127401125,12.39368714,0.0,5.824404498,11.016661,0.0,25.96979326,0.0,6.420821623,13.34455882,19.6616497,20.04658231,7.047671983,0.0,4.567099648,0.0,32.41935462,33.6390107,0.0,4.127401125,0.0,6.420821623,17.09297915,5.824404498,0.0,19.44135913,22.12715781,5.261891555,0.0,0.0,1.229573885,2.144072893,5.654533258,3.020444067,-11.41912076,0.636363636,0,0,1,1.9841,0,0,0,0,0,0,4,0,0,0,0,0,0,0,2,0,0,0,0,0,0,0,0,0,0,0,0,0,1,303.0,1177,Cc1n(CCCC#N)cc[n+]1C.O=S(=O)([N-]S(=O)(=O)C(F)(F)F)C(F)(F)F,1.193922468
0.640212585,-6.721527778,0.391378277,12.85185185,0,2.766542491,5.11e-07,-1.86,202411.3148,7.344086147,4.127401125,12.39368714,0.0,5.824404498,11.016661,0.0,25.96979326,0.0,6.420821623,13.34455882,19.6616497,20.04658231,7.047671983,0.0,4.567099648,0.0,32.41935462,33.6390107,0.0,4.127401125,0.0,6.420821623,17.09297915,5.824404498,0.0,19.44135913,22.12715781,5.261891555,0.0,0.0,1.229573885,2.144072893,5.654533258,3.020444067,-11.41912076,0.636363636,0,0,1,1.9841,0,0,0,0,0,0,4,0,0,0,0,0,0,0,2,0,0,0,0,0,0,0,0,0,0,0,0,0,1,323.0,1178,Cc1n(CCCC#N)cc[n+]1C.O=S(=O)([N-]S(=O)(=O)C(F)(F)F)C(F)(F)F,1.131402111
0.234381007,-0.903061016,0.199371298,10.63333333,0,3.144675724,6.96e-07,-1.32,3263352.641,21.3903342,9.901064579,12.39368714,6.327320075,0.0,0.0,0.0,9.134199296,0.0,19.26246487,5.969305288,13.59242839,5.969305288,7.047671983,0.0,9.673627043,0.0,10.53640494,18.38696557,0.0,0.0,6.420821623,0.0,19.38639965,96.31232434,0.0,7.047671983,41.70268091,0.0,0.0,10.22209613,-0.903061016,0.0,28.67532221,5.629175791,2.044092971,0.846153846,0,0,1,6.1105,0,0,0,0,1,1,2,0,0,0,0,0,0,0,2,0,0,0,0,0,0,0,0,0,0,0,0,0,13,323.0,1179,CCCCCCCCCCCCCCCCCC(=O)[O-].CCCC[n+]1ccn(C)c1,-0.223143551
0.234381007,-0.903061016,0.199371298,10.63333333,0,3.144675724,6.96e-07,-1.32,3263352.641,21.3903342,9.901064579,12.39368714,6.327320075,0.0,0.0,0.0,9.134199296,0.0,19.26246487,5.969305288,13.59242839,5.969305288,7.047671983,0.0,9.673627043,0.0,10.53640494,18.38696557,0.0,0.0,6.420821623,0.0,19.38639965,96.31232434,0.0,7.047671983,41.70268091,0.0,0.0,10.22209613,-0.903061016,0.0,28.67532221,5.629175791,2.044092971,0.846153846,0,0,1,6.1105,0,0,0,0,1,1,2,0,0,0,0,0,0,0,2,0,0,0,0,0,0,0,0,0,0,0,0,0,13,333.0,1180,CCCCCCCCCCCCCCCCCC(=O)[O-].CCCC[n+]1ccn(C)c1,-0.223143551
0.640768141,-6.721527778,0.400492499,12.84615385,0,2.816003913,5.02e-07,-1.86,137609.6632,7.575499712,4.127401125,12.39368714,6.327320075,0.0,11.016661,0.0,25.96979326,0.0,6.420821623,6.420821623,19.6616497,20.04658231,7.047671983,0.0,4.567099648,0.0,32.41935462,33.6390107,0.0,4.127401125,0.0,6.420821623,17.09297915,0.0,0.0,30.33577885,10.63632096,5.261891555,0.0,0.0,0.0,2.124609552,7.59146542,0.938888889,-11.4561578,0.6,0,0,1,1.67568,0,0,0,0,0,0,4,0,0,0,0,0,0,0,2,0,0,0,0,0,0,0,0,0,0,0,0,0,1,303.0,1181,C[n+]1ccn(CCCC#N)c1.O=S(=O)([N-]S(=O)(=O)C(F)(F)F)C(F)(F)F,1.193922468
0.640768141,-6.721527778,0.400492499,12.84615385,0,2.816003913,5.02e-07,-1.86,137609.6632,7.575499712,4.127401125,12.39368714,6.327320075,0.0,11.016661,0.0,25.96979326,0.0,6.420821623,6.420821623,19.6616497,20.04658231,7.047671983,0.0,4.567099648,0.0,32.41935462,33.6390107,0.0,4.127401125,0.0,6.420821623,17.09297915,0.0,0.0,30.33577885,10.63632096,5.261891555,0.0,0.0,0.0,2.124609552,7.59146542,0.938888889,-11.4561578,0.6,0,0,1,1.67568,0,0,0,0,0,0,4,0,0,0,0,0,0,0,2,0,0,0,0,0,0,0,0,0,0,0,0,0,1,323.0,1182,C[n+]1ccn(CCCC#N)c1.O=S(=O)([N-]S(=O)(=O)C(F)(F)F)C(F)(F)F,1.131402111
0.177685185,-4.269583333,0.614453881,10.73684211,0,2.752463134,2e-07,-1.66,14676.13343,5.232836119,4.552749874,22.511814,6.327320075,0.0,0.0,0.0,17.55199628,0.0,25.98020854,0.0,18.48791186,10.11812686,7.047671983,0.0,4.567099648,0.0,17.53764651,23.71055525,0.0,0.0,4.895483476,0.0,12.1082079,12.13273414,12.13273414,24.7353524,24.01500049,0.0,0.0,-0.177685185,0.0,5.782638889,6.142361111,5.002025699,-2.249583333,0.307692308,0,0,2,1.23162,0,0,0,0,0,0,2,0,0,0,0,0,0,0,3,0,0,0,0,0,0,0,0,0,0,0,0,0,0,323.15,1183,CC[n+]1ccn(C)c1.Cc1ccc(S(=O)(=O)[O-])cc1,1.5518088
0.233888889,-0.904562036,0.264736626,10.53571429,0,3.091016051,6.09e-07,-1.32,1225220.033,19.44181924,9.901064579,12.39368714,6.327320075,0.0,0.0,0.0,9.134199296,0.0,19.26246487,5.969305288,13.59242839,5.969305288,7.047671983,0.0,9.673627043,0.0,10.53640494,18.38696557,0.0,0.0,6.420821623,0.0,19.38639965,83.4706811,0.0,7.047671983,41.70268091,0.0,0.0,10.18954031,-0.904562036,0.0,25.75224608,5.618864593,2.044092971,0.833333333,0,0,1,5.3303,0,0,0,0,1,1,2,0,0,0,0,0,0,0,2,0,0,0,0,0,0,0,0,0,0,0,0,0,11,333.0,1184,CCCCCCCCCCCCCCCC(=O)[O-].CCCC[n+]1ccn(C)c1,-0.223143551
0.0,0.0,0.474674945,9.272727273,0,2.312820794,1e-06,-0.5,256.7231081,3.42,12.40703316,12.39368714,6.327320075,0.0,0.0,0.0,9.134199296,0.0,6.420821623,0.0,13.59242839,0.0,7.047671983,0.0,16.97413281,0.0,4.567099648,13.59242839,0.0,0.0,12.40703316,0.0,6.544756406,12.84164325,0.0,7.047671983,34.77894371,0.0,0.0,0.0,0.0,0.0,8.817018141,3.361944444,2.044092971,0.625,0,0,1,-1.8833,0,0,0,0,0,0,2,0,0,0,0,0,0,0,2,0,0,0,0,0,0,0,0,0,0,0,0,0,0,358.15,1185,CCCC[n+]1ccn(C)c1.[Cl-],2.051556338
0.0,0.0,0.474674945,9.272727273,0,2.312820794,1e-06,-0.5,256.7231081,3.42,12.40703316,12.39368714,6.327320075,0.0,0.0,0.0,9.134199296,0.0,6.420821623,0.0,13.59242839,0.0,7.047671983,0.0,16.97413281,0.0,4.567099648,13.59242839,0.0,0.0,12.40703316,0.0,6.544756406,12.84164325,0.0,7.047671983,34.77894371,0.0,0.0,0.0,0.0,0.0,8.817018141,3.361944444,2.044092971,0.625,0,0,1,-1.8833,0,0,0,0,0,0,2,0,0,0,0,0,0,0,2,0,0,0,0,0,0,0,0,0,0,0,0,0,0,368.15,1186,CCCC[n+]1ccn(C)c1.[Cl-],2.068127782
0.0,0.0,0.474674945,9.272727273,0,2.312820794,1e-06,-0.5,256.7231081,3.42,12.40703316,12.39368714,6.327320075,0.0,0.0,0.0,9.134199296,0.0,6.420821623,0.0,13.59242839,0.0,7.047671983,0.0,16.97413281,0.0,4.567099648,13.59242839,0.0,0.0,12.40703316,0.0,6.544756406,12.84164325,0.0,7.047671983,34.77894371,0.0,0.0,0.0,0.0,0.0,8.817018141,3.361944444,2.044092971,0.625,0,0,1,-1.8833,0,0,0,0,0,0,2,0,0,0,0,0,0,0,2,0,0,0,0,0,0,0,0,0,0,0,0,0,0,378.15,1187,CCCC[n+]1ccn(C)c1.[Cl-],2.090628731
0.0,0.0,0.474674945,9.272727273,0,2.312820794,1e-06,-0.5,256.7231081,3.42,12.40703316,12.39368714,6.327320075,0.0,0.0,0.0,9.134199296,0.0,6.420821623,0.0,13.59242839,0.0,7.047671983,0.0,16.97413281,0.0,4.567099648,13.59242839,0.0,0.0,12.40703316,0.0,6.544756406,12.84164325,0.0,7.047671983,34.77894371,0.0,0.0,0.0,0.0,0.0,8.817018141,3.361944444,2.044092971,0.625,0,0,1,-1.8833,0,0,0,0,0,0,2,0,0,0,0,0,0,0,2,0,0,0,0,0,0,0,0,0,0,0,0,0,0,388.15,1188,CCCC[n+]1ccn(C)c1.[Cl-],2.123458427
