MinAbsEStateIndex,qed,SPS,AvgIpc,BalabanJ,HallKierAlpha,Ipc,Kappa3,PEOE_VSA1,PEOE_VSA10,PEOE_VSA12,PEOE_VSA13,PEOE_VSA2,PEOE_VSA3,PEOE_VSA5,PEOE_VSA7,PEOE_VSA8,PEOE_VSA9,SMR_VSA10,SlogP_VSA1,SlogP_VSA12,SlogP_VSA2,SlogP_VSA3,SlogP_VSA8,EState_VSA2,EState_VSA3,EState_VSA4,EState_VSA5,EState_VSA6,EState_VSA7,EState_VSA8,EState_VSA9,VSA_EState10,VSA_EState2,VSA_EState5,VSA_EState6,VSA_EState7,VSA_EState8,VSA_EState9,FractionCSP3,RingCount,fr_Al_COO,fr_COO,fr_COO2,fr_C_O,fr_C_O_noCOO,fr_NH0,fr_NH1,fr_Ndealkylation1,fr_Ndealkylation2,fr_allylic_oxid,fr_bicyclic,fr_ester,fr_ether,fr_guanido,fr_methoxy,fr_morpholine,fr_phos_acid,fr_phos_ester,fr_piperdine,fr_pyridine,fr_quatN,fr_thiocyan,T/K,index,Normalized SMILES,lnr
1.150138889,0.476113751,11.88888889,2.588571201,3.31e-07,-1.09,4884.633856,6.59817512,4.552749874,12.39368714,6.327320075,0.0,0.0,17.55199628,0.0,6.420821623,0.0,13.59242839,10.11812686,4.567099648,0.0,23.04597701,23.71055525,0.0,0.0,0.0,6.544756406,12.84164325,0.0,7.047671983,34.77894371,12.97054686,0.0,0.0,0.0,0.0,8.817018141,3.361944444,-4.046184807,0.666666667,1,0,0,0,0,0,2,0,0,0,0,0,0,0,0,0,0,0,0,0,0,0,0,303.15,1,CCCC[n+]1ccn(C)c1.O=S(=O)([O-])C(F)(F)F,0.89853401
1.150138889,0.476113751,11.88888889,2.588571201,3.31e-07,-1.09,4884.633856,6.59817512,4.552749874,12.39368714,6.327320075,0.0,0.0,17.55199628,0.0,6.420821623,0.0,13.59242839,10.11812686,4.567099648,0.0,23.04597701,23.71055525,0.0,0.0,0.0,6.544756406,12.84164325,0.0,7.047671983,34.77894371,12.97054686,0.0,0.0,0.0,0.0,8.817018141,3.361944444,-4.046184807,0.666666667,1,0,0,0,0,0,2,0,0,0,0,0,0,0,0,0,0,0,0,0,0,0,0,313.15,1,CCCC[n+]1ccn(C)c1.O=S(=O)([O-])C(F)(F)F,0.906240396
1.150138889,0.476113751,11.88888889,2.588571201,3.31e-07,-1.09,4884.633856,6.59817512,4.552749874,12.39368714,6.327320075,0.0,0.0,17.55199628,0.0,6.420821623,0.0,13.59242839,10.11812686,4.567099648,0.0,23.04597701,23.71055525,0.0,0.0,0.0,6.544756406,12.84164325,0.0,7.047671983,34.77894371,12.97054686,0.0,0.0,0.0,0.0,8.817018141,3.361944444,-4.046184807,0.666666667,1,0,0,0,0,0,2,0,0,0,0,0,0,0,0,0,0,0,0,0,0,0,0,323.15,1,CCCC[n+]1ccn(C)c1.O=S(=O)([O-])C(F)(F)F,0.91228271
1.150138889,0.476113751,11.88888889,2.588571201,3.31e-07,-1.09,4884.633856,6.59817512,4.552749874,12.39368714,6.327320075,0.0,0.0,17.55199628,0.0,6.420821623,0.0,13.59242839,10.11812686,4.567099648,0.0,23.04597701,23.71055525,0.0,0.0,0.0,6.544756406,12.84164325,0.0,7.047671983,34.77894371,12.97054686,0.0,0.0,0.0,0.0,8.817018141,3.361944444,-4.046184807,0.666666667,1,0,0,0,0,0,2,0,0,0,0,0,0,0,0,0,0,0,0,0,0,0,0,333.15,1,CCCC[n+]1ccn(C)c1.O=S(=O)([O-])C(F)(F)F,0.92068108
1.150138889,0.476113751,11.88888889,2.588571201,3.31e-07,-1.09,4884.633856,6.59817512,4.552749874,12.39368714,6.327320075,0.0,0.0,17.55199628,0.0,6.420821623,0.0,13.59242839,10.11812686,4.567099648,0.0,23.04597701,23.71055525,0.0,0.0,0.0,6.544756406,12.84164325,0.0,7.047671983,34.77894371,12.97054686,0.0,0.0,0.0,0.0,8.817018141,3.361944444,-4.046184807,0.666666667,1,0,0,0,0,0,2,0,0,0,0,0,0,0,0,0,0,0,0,0,0,0,0,343.15,1,CCCC[n+]1ccn(C)c1.O=S(=O)([O-])C(F)(F)F,0.928614482
1.150138889,0.476113751,11.88888889,2.588571201,3.31e-07,-1.09,4884.633856,6.59817512,4.552749874,12.39368714,6.327320075,0.0,0.0,17.55199628,0.0,6.420821623,0.0,13.59242839,10.11812686,4.567099648,0.0,23.04597701,23.71055525,0.0,0.0,0.0,6.544756406,12.84164325,0.0,7.047671983,34.77894371,12.97054686,0.0,0.0,0.0,0.0,8.817018141,3.361944444,-4.046184807,0.666666667,1,0,0,0,0,0,2,0,0,0,0,0,0,0,0,0,0,0,0,0,0,0,0,353.15,1,CCCC[n+]1ccn(C)c1.O=S(=O)([O-])C(F)(F)F,0.933344486
1.150138889,0.476113751,11.88888889,2.588571201,3.31e-07,-1.09,4884.633856,6.59817512,4.552749874,12.39368714,6.327320075,0.0,0.0,17.55199628,0.0,6.420821623,0.0,13.59242839,10.11812686,4.567099648,0.0,23.04597701,23.71055525,0.0,0.0,0.0,6.544756406,12.84164325,0.0,7.047671983,34.77894371,12.97054686,0.0,0.0,0.0,0.0,8.817018141,3.361944444,-4.046184807,0.666666667,1,0,0,0,0,0,2,0,0,0,0,0,0,0,0,0,0,0,0,0,0,0,0,363.15,1,CCCC[n+]1ccn(C)c1.O=S(=O)([O-])C(F)(F)F,0.943905899
1.1675,0.600698505,10.78947368,2.700821183,3.99e-07,-1.53,10182.09586,9.097011807,9.901064579,18.36299243,6.327320075,0.0,0.0,9.134199296,0.0,12.84164325,0.0,13.59242839,5.969305288,9.673627043,0.0,16.71270345,18.38696557,0.0,0.0,0.0,0.0,32.2280429,0.0,0.0,41.8266157,9.901064579,0.0,8.784722222,-3.006944444,0.0,6.505432886,3.413194444,2.05807831,0.666666667,1,1,1,1,1,1,2,0,0,0,0,0,0,0,0,0,0,0,0,0,0,0,0,303.15,2,CCCCCC[n+]1ccn(C)c1.O=C([O-])C(F)(F)F,0.824175443
1.1675,0.600698505,10.78947368,2.700821183,3.99e-07,-1.53,10182.09586,9.097011807,9.901064579,18.36299243,6.327320075,0.0,0.0,9.134199296,0.0,12.84164325,0.0,13.59242839,5.969305288,9.673627043,0.0,16.71270345,18.38696557,0.0,0.0,0.0,0.0,32.2280429,0.0,0.0,41.8266157,9.901064579,0.0,8.784722222,-3.006944444,0.0,6.505432886,3.413194444,2.05807831,0.666666667,1,1,1,1,1,1,2,0,0,0,0,0,0,0,0,0,0,0,0,0,0,0,0,313.15,2,CCCCCC[n+]1ccn(C)c1.O=C([O-])C(F)(F)F,0.871293366
1.1675,0.600698505,10.78947368,2.700821183,3.99e-07,-1.53,10182.09586,9.097011807,9.901064579,18.36299243,6.327320075,0.0,0.0,9.134199296,0.0,12.84164325,0.0,13.59242839,5.969305288,9.673627043,0.0,16.71270345,18.38696557,0.0,0.0,0.0,0.0,32.2280429,0.0,0.0,41.8266157,9.901064579,0.0,8.784722222,-3.006944444,0.0,6.505432886,3.413194444,2.05807831,0.666666667,1,1,1,1,1,1,2,0,0,0,0,0,0,0,0,0,0,0,0,0,0,0,0,323.15,2,CCCCCC[n+]1ccn(C)c1.O=C([O-])C(F)(F)F,0.90016135
1.1675,0.600698505,10.78947368,2.700821183,3.99e-07,-1.53,10182.09586,9.097011807,9.901064579,18.36299243,6.327320075,0.0,0.0,9.134199296,0.0,12.84164325,0.0,13.59242839,5.969305288,9.673627043,0.0,16.71270345,18.38696557,0.0,0.0,0.0,0.0,32.2280429,0.0,0.0,41.8266157,9.901064579,0.0,8.784722222,-3.006944444,0.0,6.505432886,3.413194444,2.05807831,0.666666667,1,1,1,1,1,1,2,0,0,0,0,0,0,0,0,0,0,0,0,0,0,0,0,333.15,2,CCCCCC[n+]1ccn(C)c1.O=C([O-])C(F)(F)F,0.928219303
1.1675,0.600698505,10.78947368,2.700821183,3.99e-07,-1.53,10182.09586,9.097011807,9.901064579,18.36299243,6.327320075,0.0,0.0,9.134199296,0.0,12.84164325,0.0,13.59242839,5.969305288,9.673627043,0.0,16.71270345,18.38696557,0.0,0.0,0.0,0.0,32.2280429,0.0,0.0,41.8266157,9.901064579,0.0,8.784722222,-3.006944444,0.0,6.505432886,3.413194444,2.05807831,0.666666667,1,1,1,1,1,1,2,0,0,0,0,0,0,0,0,0,0,0,0,0,0,0,0,343.15,2,CCCCCC[n+]1ccn(C)c1.O=C([O-])C(F)(F)F,0.959350221
1.1675,0.600698505,10.78947368,2.700821183,3.99e-07,-1.53,10182.09586,9.097011807,9.901064579,18.36299243,6.327320075,0.0,0.0,9.134199296,0.0,12.84164325,0.0,13.59242839,5.969305288,9.673627043,0.0,16.71270345,18.38696557,0.0,0.0,0.0,0.0,32.2280429,0.0,0.0,41.8266157,9.901064579,0.0,8.784722222,-3.006944444,0.0,6.505432886,3.413194444,2.05807831,0.666666667,1,1,1,1,1,1,2,0,0,0,0,0,0,0,0,0,0,0,0,0,0,0,0,353.15,2,CCCCCC[n+]1ccn(C)c1.O=C([O-])C(F)(F)F,0.985816795
1.1675,0.600698505,10.78947368,2.700821183,3.99e-07,-1.53,10182.09586,9.097011807,9.901064579,18.36299243,6.327320075,0.0,0.0,9.134199296,0.0,12.84164325,0.0,13.59242839,5.969305288,9.673627043,0.0,16.71270345,18.38696557,0.0,0.0,0.0,0.0,32.2280429,0.0,0.0,41.8266157,9.901064579,0.0,8.784722222,-3.006944444,0.0,6.505432886,3.413194444,2.05807831,0.666666667,1,1,1,1,1,1,2,0,0,0,0,0,0,0,0,0,0,0,0,0,0,0,0,363.15,2,CCCCCC[n+]1ccn(C)c1.O=C([O-])C(F)(F)F,1.004301609
0.724767101,0.515501888,12.66666667,2.506370238,5.11e-07,-1.92,205271.7225,8.095818092,4.127401125,6.544756406,0.0,0.0,0.0,21.40269362,0.0,0.0,18.55355576,11.6326728,20.04658231,4.567099648,0.0,27.85225497,26.59133871,4.127401125,0.0,0.0,16.23560902,12.84164325,0.0,24.52642128,17.56005816,5.261891555,0.0,0.0,0.0,5.782761558,6.297614087,3.214698759,-13.44305556,0.5,1,0,0,0,0,0,3,0,0,0,0,0,0,0,0,0,0,0,0,0,1,0,0,308.15,3,CCCC[n+]1ccc(C#N)cc1.O=S(=O)([N-]S(=O)(=O)C(F)(F)F)C(F)(F)F,0.246860078
0.724767101,0.515501888,12.66666667,2.506370238,5.11e-07,-1.92,205271.7225,8.095818092,4.127401125,6.544756406,0.0,0.0,0.0,21.40269362,0.0,0.0,18.55355576,11.6326728,20.04658231,4.567099648,0.0,27.85225497,26.59133871,4.127401125,0.0,0.0,16.23560902,12.84164325,0.0,24.52642128,17.56005816,5.261891555,0.0,0.0,0.0,5.782761558,6.297614087,3.214698759,-13.44305556,0.5,1,0,0,0,0,0,3,0,0,0,0,0,0,0,0,0,0,0,0,0,1,0,0,318.15,3,CCCC[n+]1ccc(C#N)cc1.O=S(=O)([N-]S(=O)(=O)C(F)(F)F)C(F)(F)F,0.3074847
0.724767101,0.515501888,12.66666667,2.506370238,5.11e-07,-1.92,205271.7225,8.095818092,4.127401125,6.544756406,0.0,0.0,0.0,21.40269362,0.0,0.0,18.55355576,11.6326728,20.04658231,4.567099648,0.0,27.85225497,26.59133871,4.127401125,0.0,0.0,16.23560902,12.84164325,0.0,24.52642128,17.56005816,5.261891555,0.0,0.0,0.0,5.782761558,6.297614087,3.214698759,-13.44305556,0.5,1,0,0,0,0,0,3,0,0,0,0,0,0,0,0,0,0,0,0,0,1,0,0,328.15,3,CCCC[n+]1ccc(C#N)cc1.O=S(=O)([N-]S(=O)(=O)C(F)(F)F)C(F)(F)F,0.364643114
0.724767101,0.515501888,12.66666667,2.506370238,5.11e-07,-1.92,205271.7225,8.095818092,4.127401125,6.544756406,0.0,0.0,0.0,21.40269362,0.0,0.0,18.55355576,11.6326728,20.04658231,4.567099648,0.0,27.85225497,26.59133871,4.127401125,0.0,0.0,16.23560902,12.84164325,0.0,24.52642128,17.56005816,5.261891555,0.0,0.0,0.0,5.782761558,6.297614087,3.214698759,-13.44305556,0.5,1,0,0,0,0,0,3,0,0,0,0,0,0,0,0,0,0,0,0,0,1,0,0,338.15,3,CCCC[n+]1ccc(C#N)cc1.O=S(=O)([N-]S(=O)(=O)C(F)(F)F)C(F)(F)F,0.418710335
0.724767101,0.515501888,12.66666667,2.506370238,5.11e-07,-1.92,205271.7225,8.095818092,4.127401125,6.544756406,0.0,0.0,0.0,21.40269362,0.0,0.0,18.55355576,11.6326728,20.04658231,4.567099648,0.0,27.85225497,26.59133871,4.127401125,0.0,0.0,16.23560902,12.84164325,0.0,24.52642128,17.56005816,5.261891555,0.0,0.0,0.0,5.782761558,6.297614087,3.214698759,-13.44305556,0.5,1,0,0,0,0,0,3,0,0,0,0,0,0,0,0,0,0,0,0,0,1,0,0,348.15,3,CCCC[n+]1ccc(C#N)cc1.O=S(=O)([N-]S(=O)(=O)C(F)(F)F)C(F)(F)F,0.470003629
0.724767101,0.515501888,12.66666667,2.506370238,5.11e-07,-1.92,205271.7225,8.095818092,4.127401125,6.544756406,0.0,0.0,0.0,21.40269362,0.0,0.0,18.55355576,11.6326728,20.04658231,4.567099648,0.0,27.85225497,26.59133871,4.127401125,0.0,0.0,16.23560902,12.84164325,0.0,24.52642128,17.56005816,5.261891555,0.0,0.0,0.0,5.782761558,6.297614087,3.214698759,-13.44305556,0.5,1,0,0,0,0,0,3,0,0,0,0,0,0,0,0,0,0,0,0,0,1,0,0,358.15,3,CCCC[n+]1ccc(C#N)cc1.O=S(=O)([N-]S(=O)(=O)C(F)(F)F)C(F)(F)F,0.512823626
0.724767101,0.515501888,12.66666667,2.506370238,5.11e-07,-1.92,205271.7225,8.095818092,4.127401125,6.544756406,0.0,0.0,0.0,21.40269362,0.0,0.0,18.55355576,11.6326728,20.04658231,4.567099648,0.0,27.85225497,26.59133871,4.127401125,0.0,0.0,16.23560902,12.84164325,0.0,24.52642128,17.56005816,5.261891555,0.0,0.0,0.0,5.782761558,6.297614087,3.214698759,-13.44305556,0.5,1,0,0,0,0,0,3,0,0,0,0,0,0,0,0,0,0,0,0,0,1,0,0,368.15,3,CCCC[n+]1ccc(C#N)cc1.O=S(=O)([N-]S(=O)(=O)C(F)(F)F)C(F)(F)F,0.559615788
1.152777778,0.570797065,18.73684211,2.579278556,3.44e-07,-0.32,6499.781962,11.22339348,8.610431983,0.0,20.81849155,0.0,0.0,16.83559397,7.771517605,6.420821623,12.84164325,26.6819412,20.81849155,0.0,0.0,48.00056603,20.81849155,4.127401125,0.0,0.0,4.127401125,49.80058657,0.0,0.0,13.97140918,0.0,0.0,0.0,0.0,0.0,5.685286281,6.554297052,-8.834166667,1.0,1,0,0,0,0,0,2,0,0,1,0,0,0,0,0,0,0,0,0,0,0,1,0,318.15,4,CCCC[N+]1(C)CCCC1.O=S(=O)(F)[N-]S(=O)(=O)F,0.246860078
1.152777778,0.570797065,18.73684211,2.579278556,3.44e-07,-0.32,6499.781962,11.22339348,8.610431983,0.0,20.81849155,0.0,0.0,16.83559397,7.771517605,6.420821623,12.84164325,26.6819412,20.81849155,0.0,0.0,48.00056603,20.81849155,4.127401125,0.0,0.0,4.127401125,49.80058657,0.0,0.0,13.97140918,0.0,0.0,0.0,0.0,0.0,5.685286281,6.554297052,-8.834166667,1.0,1,0,0,0,0,0,2,0,0,1,0,0,0,0,0,0,0,0,0,0,0,1,0,328.15,4,CCCC[N+]1(C)CCCC1.O=S(=O)(F)[N-]S(=O)(=O)F,0.31481074
1.152777778,0.570797065,18.73684211,2.579278556,3.44e-07,-0.32,6499.781962,11.22339348,8.610431983,0.0,20.81849155,0.0,0.0,16.83559397,7.771517605,6.420821623,12.84164325,26.6819412,20.81849155,0.0,0.0,48.00056603,20.81849155,4.127401125,0.0,0.0,4.127401125,49.80058657,0.0,0.0,13.97140918,0.0,0.0,0.0,0.0,0.0,5.685286281,6.554297052,-8.834166667,1.0,1,0,0,0,0,0,2,0,0,1,0,0,0,0,0,0,0,0,0,0,0,1,0,338.15,4,CCCC[N+]1(C)CCCC1.O=S(=O)(F)[N-]S(=O)(=O)F,0.378436436
1.152777778,0.570797065,18.73684211,2.579278556,3.44e-07,-0.32,6499.781962,11.22339348,8.610431983,0.0,20.81849155,0.0,0.0,16.83559397,7.771517605,6.420821623,12.84164325,26.6819412,20.81849155,0.0,0.0,48.00056603,20.81849155,4.127401125,0.0,0.0,4.127401125,49.80058657,0.0,0.0,13.97140918,0.0,0.0,0.0,0.0,0.0,5.685286281,6.554297052,-8.834166667,1.0,1,0,0,0,0,0,2,0,0,1,0,0,0,0,0,0,0,0,0,0,0,1,0,348.15,4,CCCC[N+]1(C)CCCC1.O=S(=O)(F)[N-]S(=O)(=O)F,0.438254931
1.152777778,0.570797065,18.73684211,2.579278556,3.44e-07,-0.32,6499.781962,11.22339348,8.610431983,0.0,20.81849155,0.0,0.0,16.83559397,7.771517605,6.420821623,12.84164325,26.6819412,20.81849155,0.0,0.0,48.00056603,20.81849155,4.127401125,0.0,0.0,4.127401125,49.80058657,0.0,0.0,13.97140918,0.0,0.0,0.0,0.0,0.0,5.685286281,6.554297052,-8.834166667,1.0,1,0,0,0,0,0,2,0,0,1,0,0,0,0,0,0,0,0,0,0,0,1,0,358.15,4,CCCC[N+]1(C)CCCC1.O=S(=O)(F)[N-]S(=O)(=O)F,0.494696242
1.152777778,0.570797065,18.73684211,2.579278556,3.44e-07,-0.32,6499.781962,11.22339348,8.610431983,0.0,20.81849155,0.0,0.0,16.83559397,7.771517605,6.420821623,12.84164325,26.6819412,20.81849155,0.0,0.0,48.00056603,20.81849155,4.127401125,0.0,0.0,4.127401125,49.80058657,0.0,0.0,13.97140918,0.0,0.0,0.0,0.0,0.0,5.685286281,6.554297052,-8.834166667,1.0,1,0,0,0,0,0,2,0,0,1,0,0,0,0,0,0,0,0,0,0,0,1,0,368.15,4,CCCC[N+]1(C)CCCC1.O=S(=O)(F)[N-]S(=O)(=O)F,0.553885113
1.152777778,0.284374638,12.58333333,2.442199871,0.0,-0.32,49703.65177,16.53472402,8.610431983,0.0,20.81849155,0.0,0.0,16.83559397,7.771517605,33.61285484,0.0,26.17902562,20.81849155,0.0,0.0,47.49765045,20.81849155,4.127401125,0.0,0.0,4.127401125,69.18698622,0.0,0.0,27.6949488,0.0,0.0,0.0,0.0,0.0,8.554866544,14.61797296,-11.23958333,1.0,0,0,0,0,0,0,2,0,0,0,0,0,0,0,0,0,0,0,0,0,0,1,0,318.15,5,CCCCCCCC[N+](CC)(CC)CC.O=S(=O)(F)[N-]S(=O)(=O)F,-0.435408984
1.152777778,0.284374638,12.58333333,2.442199871,0.0,-0.32,49703.65177,16.53472402,8.610431983,0.0,20.81849155,0.0,0.0,16.83559397,7.771517605,33.61285484,0.0,26.17902562,20.81849155,0.0,0.0,47.49765045,20.81849155,4.127401125,0.0,0.0,4.127401125,69.18698622,0.0,0.0,27.6949488,0.0,0.0,0.0,0.0,0.0,8.554866544,14.61797296,-11.23958333,1.0,0,0,0,0,0,0,2,0,0,0,0,0,0,0,0,0,0,0,0,0,0,1,0,328.15,5,CCCCCCCC[N+](CC)(CC)CC.O=S(=O)(F)[N-]S(=O)(=O)F,-0.355247392
1.152777778,0.284374638,12.58333333,2.442199871,0.0,-0.32,49703.65177,16.53472402,8.610431983,0.0,20.81849155,0.0,0.0,16.83559397,7.771517605,33.61285484,0.0,26.17902562,20.81849155,0.0,0.0,47.49765045,20.81849155,4.127401125,0.0,0.0,4.127401125,69.18698622,0.0,0.0,27.6949488,0.0,0.0,0.0,0.0,0.0,8.554866544,14.61797296,-11.23958333,1.0,0,0,0,0,0,0,2,0,0,0,0,0,0,0,0,0,0,0,0,0,0,1,0,338.15,5,CCCCCCCC[N+](CC)(CC)CC.O=S(=O)(F)[N-]S(=O)(=O)F,-0.28103753
1.152777778,0.284374638,12.58333333,2.442199871,0.0,-0.32,49703.65177,16.53472402,8.610431983,0.0,20.81849155,0.0,0.0,16.83559397,7.771517605,33.61285484,0.0,26.17902562,20.81849155,0.0,0.0,47.49765045,20.81849155,4.127401125,0.0,0.0,4.127401125,69.18698622,0.0,0.0,27.6949488,0.0,0.0,0.0,0.0,0.0,8.554866544,14.61797296,-11.23958333,1.0,0,0,0,0,0,0,2,0,0,0,0,0,0,0,0,0,0,0,0,0,0,1,0,348.15,5,CCCCCCCC[N+](CC)(CC)CC.O=S(=O)(F)[N-]S(=O)(=O)F,-0.210721031
1.152777778,0.284374638,12.58333333,2.442199871,0.0,-0.32,49703.65177,16.53472402,8.610431983,0.0,20.81849155,0.0,0.0,16.83559397,7.771517605,33.61285484,0.0,26.17902562,20.81849155,0.0,0.0,47.49765045,20.81849155,4.127401125,0.0,0.0,4.127401125,69.18698622,0.0,0.0,27.6949488,0.0,0.0,0.0,0.0,0.0,8.554866544,14.61797296,-11.23958333,1.0,0,0,0,0,0,0,2,0,0,0,0,0,0,0,0,0,0,0,0,0,0,1,0,358.15,5,CCCCCCCC[N+](CC)(CC)CC.O=S(=O)(F)[N-]S(=O)(=O)F,-0.142716302
1.152777778,0.284374638,12.58333333,2.442199871,0.0,-0.32,49703.65177,16.53472402,8.610431983,0.0,20.81849155,0.0,0.0,16.83559397,7.771517605,33.61285484,0.0,26.17902562,20.81849155,0.0,0.0,47.49765045,20.81849155,4.127401125,0.0,0.0,4.127401125,69.18698622,0.0,0.0,27.6949488,0.0,0.0,0.0,0.0,0.0,8.554866544,14.61797296,-11.23958333,1.0,0,0,0,0,0,0,2,0,0,0,0,0,0,0,0,0,0,0,0,0,0,1,0,368.15,5,CCCCCCCC[N+](CC)(CC)CC.O=S(=O)(F)[N-]S(=O)(=O)F,-0.081210055
0.604166667,0.459092664,10.46153846,2.312410047,2.52e-07,-0.88,497.1681601,9.030950023,4.552749874,12.39368714,6.327320075,0.0,0.0,17.55199628,0.0,6.9237372,6.255769184,23.71055525,10.11812686,4.567099648,0.0,23.79341569,23.71055525,0.0,0.0,6.255769184,6.544756406,0.0,0.0,17.8116152,24.01500049,12.97054686,0.0,0.0,0.0,0.0,6.746527778,3.181388889,-1.896666667,0.571428571,1,0,0,0,0,0,2,0,0,0,0,0,0,0,0,0,0,0,0,0,0,0,0,308.15,6,CC[n+]1ccn(C)c1.CS(=O)(=O)[O-],1.736951233
0.604166667,0.459092664,10.46153846,2.312410047,2.52e-07,-0.88,497.1681601,9.030950023,4.552749874,12.39368714,6.327320075,0.0,0.0,17.55199628,0.0,6.9237372,6.255769184,23.71055525,10.11812686,4.567099648,0.0,23.79341569,23.71055525,0.0,0.0,6.255769184,6.544756406,0.0,0.0,17.8116152,24.01500049,12.97054686,0.0,0.0,0.0,0.0,6.746527778,3.181388889,-1.896666667,0.571428571,1,0,0,0,0,0,2,0,0,0,0,0,0,0,0,0,0,0,0,0,0,0,0,318.15,6,CC[n+]1ccn(C)c1.CS(=O)(=O)[O-],1.742219024
0.604166667,0.459092664,10.46153846,2.312410047,2.52e-07,-0.88,497.1681601,9.030950023,4.552749874,12.39368714,6.327320075,0.0,0.0,17.55199628,0.0,6.9237372,6.255769184,23.71055525,10.11812686,4.567099648,0.0,23.79341569,23.71055525,0.0,0.0,6.255769184,6.544756406,0.0,0.0,17.8116152,24.01500049,12.97054686,0.0,0.0,0.0,0.0,6.746527778,3.181388889,-1.896666667,0.571428571,1,0,0,0,0,0,2,0,0,0,0,0,0,0,0,0,0,0,0,0,0,0,0,328.15,6,CC[n+]1ccn(C)c1.CS(=O)(=O)[O-],1.749199855
0.604166667,0.459092664,10.46153846,2.312410047,2.52e-07,-0.88,497.1681601,9.030950023,4.552749874,12.39368714,6.327320075,0.0,0.0,17.55199628,0.0,6.9237372,6.255769184,23.71055525,10.11812686,4.567099648,0.0,23.79341569,23.71055525,0.0,0.0,6.255769184,6.544756406,0.0,0.0,17.8116152,24.01500049,12.97054686,0.0,0.0,0.0,0.0,6.746527778,3.181388889,-1.896666667,0.571428571,1,0,0,0,0,0,2,0,0,0,0,0,0,0,0,0,0,0,0,0,0,0,0,338.15,6,CC[n+]1ccn(C)c1.CS(=O)(=O)[O-],1.756132292
0.604166667,0.459092664,10.46153846,2.312410047,2.52e-07,-0.88,497.1681601,9.030950023,4.552749874,12.39368714,6.327320075,0.0,0.0,17.55199628,0.0,6.9237372,6.255769184,23.71055525,10.11812686,4.567099648,0.0,23.79341569,23.71055525,0.0,0.0,6.255769184,6.544756406,0.0,0.0,17.8116152,24.01500049,12.97054686,0.0,0.0,0.0,0.0,6.746527778,3.181388889,-1.896666667,0.571428571,1,0,0,0,0,0,2,0,0,0,0,0,0,0,0,0,0,0,0,0,0,0,0,348.15,6,CC[n+]1ccn(C)c1.CS(=O)(=O)[O-],1.761300262
0.604166667,0.459092664,10.46153846,2.312410047,2.52e-07,-0.88,497.1681601,9.030950023,4.552749874,12.39368714,6.327320075,0.0,0.0,17.55199628,0.0,6.9237372,6.255769184,23.71055525,10.11812686,4.567099648,0.0,23.79341569,23.71055525,0.0,0.0,6.255769184,6.544756406,0.0,0.0,17.8116152,24.01500049,12.97054686,0.0,0.0,0.0,0.0,6.746527778,3.181388889,-1.896666667,0.571428571,1,0,0,0,0,0,2,0,0,0,0,0,0,0,0,0,0,0,0,0,0,0,0,358.15,6,CC[n+]1ccn(C)c1.CS(=O)(=O)[O-],1.766441661
0.402777778,0.552632241,15.70588235,2.77287314,3.25e-07,-1.7,5823.033595,6.460171997,4.483030858,0.0,0.0,0.0,0.0,15.78567466,0.0,6.420821623,12.84164325,26.6819412,0.0,0.0,0.0,31.16497206,0.0,0.0,0.0,0.0,0.0,68.00825051,0.0,0.0,13.97140918,15.78567466,0.0,0.0,-0.402777778,4.1875,5.685286281,6.554297052,2.405416667,0.692307692,1,0,0,0,0,0,4,0,0,1,0,0,0,0,0,0,0,0,0,0,0,1,0,318.15,7,CCCC[N+]1(C)CCCC1.N#C[C-](C#N)C#N,0.113328685
0.402777778,0.552632241,15.70588235,2.77287314,3.25e-07,-1.7,5823.033595,6.460171997,4.483030858,0.0,0.0,0.0,0.0,15.78567466,0.0,6.420821623,12.84164325,26.6819412,0.0,0.0,0.0,31.16497206,0.0,0.0,0.0,0.0,0.0,68.00825051,0.0,0.0,13.97140918,15.78567466,0.0,0.0,-0.402777778,4.1875,5.685286281,6.554297052,2.405416667,0.692307692,1,0,0,0,0,0,4,0,0,1,0,0,0,0,0,0,0,0,0,0,0,1,0,328.15,7,CCCC[N+]1(C)CCCC1.N#C[C-](C#N)C#N,0.148420005
0.402777778,0.552632241,15.70588235,2.77287314,3.25e-07,-1.7,5823.033595,6.460171997,4.483030858,0.0,0.0,0.0,0.0,15.78567466,0.0,6.420821623,12.84164325,26.6819412,0.0,0.0,0.0,31.16497206,0.0,0.0,0.0,0.0,0.0,68.00825051,0.0,0.0,13.97140918,15.78567466,0.0,0.0,-0.402777778,4.1875,5.685286281,6.554297052,2.405416667,0.692307692,1,0,0,0,0,0,4,0,0,1,0,0,0,0,0,0,0,0,0,0,0,1,0,338.15,7,CCCC[N+]1(C)CCCC1.N#C[C-](C#N)C#N,0.182321557
0.402777778,0.552632241,15.70588235,2.77287314,3.25e-07,-1.7,5823.033595,6.460171997,4.483030858,0.0,0.0,0.0,0.0,15.78567466,0.0,6.420821623,12.84164325,26.6819412,0.0,0.0,0.0,31.16497206,0.0,0.0,0.0,0.0,0.0,68.00825051,0.0,0.0,13.97140918,15.78567466,0.0,0.0,-0.402777778,4.1875,5.685286281,6.554297052,2.405416667,0.692307692,1,0,0,0,0,0,4,0,0,1,0,0,0,0,0,0,0,0,0,0,0,1,0,348.15,7,CCCC[N+]1(C)CCCC1.N#C[C-](C#N)C#N,0.21511138
0.402777778,0.552632241,15.70588235,2.77287314,3.25e-07,-1.7,5823.033595,6.460171997,4.483030858,0.0,0.0,0.0,0.0,15.78567466,0.0,6.420821623,12.84164325,26.6819412,0.0,0.0,0.0,31.16497206,0.0,0.0,0.0,0.0,0.0,68.00825051,0.0,0.0,13.97140918,15.78567466,0.0,0.0,-0.402777778,4.1875,5.685286281,6.554297052,2.405416667,0.692307692,1,0,0,0,0,0,4,0,0,1,0,0,0,0,0,0,0,0,0,0,0,1,0,358.15,7,CCCC[N+]1(C)CCCC1.N#C[C-](C#N)C#N,0.2390169
0.402777778,0.552632241,15.70588235,2.77287314,3.25e-07,-1.7,5823.033595,6.460171997,4.483030858,0.0,0.0,0.0,0.0,15.78567466,0.0,6.420821623,12.84164325,26.6819412,0.0,0.0,0.0,31.16497206,0.0,0.0,0.0,0.0,0.0,68.00825051,0.0,0.0,13.97140918,15.78567466,0.0,0.0,-0.402777778,4.1875,5.685286281,6.554297052,2.405416667,0.692307692,1,0,0,0,0,0,4,0,0,1,0,0,0,0,0,0,0,0,0,0,0,1,0,368.15,7,CCCC[N+]1(C)CCCC1.N#C[C-](C#N)C#N,0.270027137
0.777777778,0.196429634,12.96969697,3.061354719,6.33e-07,-1.35,4347570.659,13.2041739,4.127401125,12.39368714,6.327320075,0.0,0.0,25.96979326,0.0,12.84164325,0.0,13.59242839,20.04658231,4.567099648,0.0,32.41935462,33.6390107,4.127401125,0.0,0.0,4.127401125,70.75297264,0.0,0.0,41.8266157,0.0,0.0,0.0,0.0,0.0,20.57124974,3.460404986,-11.36464097,0.833333333,1,0,0,0,0,0,3,0,0,0,0,0,0,0,0,0,0,0,0,0,0,0,0,318.15,8,CCCCCCCCCCCC[n+]1ccn(C)c1.O=S(=O)([N-]S(=O)(=O)C(F)(F)F)C(F)(F)F,-0.458865885
0.777777778,0.196429634,12.96969697,3.061354719,6.33e-07,-1.35,4347570.659,13.2041739,4.127401125,12.39368714,6.327320075,0.0,0.0,25.96979326,0.0,12.84164325,0.0,13.59242839,20.04658231,4.567099648,0.0,32.41935462,33.6390107,4.127401125,0.0,0.0,4.127401125,70.75297264,0.0,0.0,41.8266157,0.0,0.0,0.0,0.0,0.0,20.57124974,3.460404986,-11.36464097,0.833333333,1,0,0,0,0,0,3,0,0,0,0,0,0,0,0,0,0,0,0,0,0,0,0,328.15,8,CCCCCCCCCCCC[n+]1ccn(C)c1.O=S(=O)([N-]S(=O)(=O)C(F)(F)F)C(F)(F)F,-0.406465608
0.777777778,0.196429634,12.96969697,3.061354719,6.33e-07,-1.35,4347570.659,13.2041739,4.127401125,12.39368714,6.327320075,0.0,0.0,25.96979326,0.0,12.84164325,0.0,13.59242839,20.04658231,4.567099648,0.0,32.41935462,33.6390107,4.127401125,0.0,0.0,4.127401125,70.75297264,0.0,0.0,41.8266157,0.0,0.0,0.0,0.0,0.0,20.57124974,3.460404986,-11.36464097,0.833333333,1,0,0,0,0,0,3,0,0,0,0,0,0,0,0,0,0,0,0,0,0,0,0,338.15,8,CCCCCCCCCCCC[n+]1ccn(C)c1.O=S(=O)([N-]S(=O)(=O)C(F)(F)F)C(F)(F)F,-0.353821875
0.777777778,0.196429634,12.96969697,3.061354719,6.33e-07,-1.35,4347570.659,13.2041739,4.127401125,12.39368714,6.327320075,0.0,0.0,25.96979326,0.0,12.84164325,0.0,13.59242839,20.04658231,4.567099648,0.0,32.41935462,33.6390107,4.127401125,0.0,0.0,4.127401125,70.75297264,0.0,0.0,41.8266157,0.0,0.0,0.0,0.0,0.0,20.57124974,3.460404986,-11.36464097,0.833333333,1,0,0,0,0,0,3,0,0,0,0,0,0,0,0,0,0,0,0,0,0,0,0,348.15,8,CCCCCCCCCCCC[n+]1ccn(C)c1.O=S(=O)([N-]S(=O)(=O)C(F)(F)F)C(F)(F)F,-0.30652516
0.777777778,0.196429634,12.96969697,3.061354719,6.33e-07,-1.35,4347570.659,13.2041739,4.127401125,12.39368714,6.327320075,0.0,0.0,25.96979326,0.0,12.84164325,0.0,13.59242839,20.04658231,4.567099648,0.0,32.41935462,33.6390107,4.127401125,0.0,0.0,4.127401125,70.75297264,0.0,0.0,41.8266157,0.0,0.0,0.0,0.0,0.0,20.57124974,3.460404986,-11.36464097,0.833333333,1,0,0,0,0,0,3,0,0,0,0,0,0,0,0,0,0,0,0,0,0,0,0,358.15,8,CCCCCCCCCCCC[n+]1ccn(C)c1.O=S(=O)([N-]S(=O)(=O)C(F)(F)F)C(F)(F)F,-0.260066905
0.777777778,0.196429634,12.96969697,3.061354719,6.33e-07,-1.35,4347570.659,13.2041739,4.127401125,12.39368714,6.327320075,0.0,0.0,25.96979326,0.0,12.84164325,0.0,13.59242839,20.04658231,4.567099648,0.0,32.41935462,33.6390107,4.127401125,0.0,0.0,4.127401125,70.75297264,0.0,0.0,41.8266157,0.0,0.0,0.0,0.0,0.0,20.57124974,3.460404986,-11.36464097,0.833333333,1,0,0,0,0,0,3,0,0,0,0,0,0,0,0,0,0,0,0,0,0,0,0,368.15,8,CCCCCCCCCCCC[n+]1ccn(C)c1.O=S(=O)([N-]S(=O)(=O)C(F)(F)F)C(F)(F)F,-0.21815601
1.355,0.165239823,20.57142857,3.037497754,9.52e-07,-0.87,3449625.45,4.430108985,4.483030858,0.0,0.0,0.0,0.0,0.0,0.0,6.420821623,12.84164325,26.6819412,6.876385235,0.0,6.876385235,66.68472033,0.0,0.0,0.0,0.0,0.0,49.80058657,0.0,0.0,13.97140918,0.0,0.0,0.0,0.0,0.0,-20.4264344,-8.451489985,2.405416667,1.0,1,0,0,0,0,0,1,0,0,1,0,0,0,0,0,0,0,0,0,0,0,1,0,318.15,9,CCCC[N+]1(C)CCCC1.FC(F)(F)C(F)(F)[P-](F)(F)(F)(C(F)(F)C(F)(F)F)C(F)(F)C(F)(F)F,-0.286349627
1.355,0.165239823,20.57142857,3.037497754,9.52e-07,-0.87,3449625.45,4.430108985,4.483030858,0.0,0.0,0.0,0.0,0.0,0.0,6.420821623,12.84164325,26.6819412,6.876385235,0.0,6.876385235,66.68472033,0.0,0.0,0.0,0.0,0.0,49.80058657,0.0,0.0,13.97140918,0.0,0.0,0.0,0.0,0.0,-20.4264344,-8.451489985,2.405416667,1.0,1,0,0,0,0,0,1,0,0,1,0,0,0,0,0,0,0,0,0,0,0,1,0,328.15,9,CCCC[N+]1(C)CCCC1.FC(F)(F)C(F)(F)[P-](F)(F)(F)(C(F)(F)C(F)(F)F)C(F)(F)C(F)(F)F,-0.262664309
1.355,0.165239823,20.57142857,3.037497754,9.52e-07,-0.87,3449625.45,4.430108985,4.483030858,0.0,0.0,0.0,0.0,0.0,0.0,6.420821623,12.84164325,26.6819412,6.876385235,0.0,6.876385235,66.68472033,0.0,0.0,0.0,0.0,0.0,49.80058657,0.0,0.0,13.97140918,0.0,0.0,0.0,0.0,0.0,-20.4264344,-8.451489985,2.405416667,1.0,1,0,0,0,0,0,1,0,0,1,0,0,0,0,0,0,0,0,0,0,0,1,0,338.15,9,CCCC[N+]1(C)CCCC1.FC(F)(F)C(F)(F)[P-](F)(F)(F)(C(F)(F)C(F)(F)F)C(F)(F)C(F)(F)F,-0.225646682
1.355,0.165239823,20.57142857,3.037497754,9.52e-07,-0.87,3449625.45,4.430108985,4.483030858,0.0,0.0,0.0,0.0,0.0,0.0,6.420821623,12.84164325,26.6819412,6.876385235,0.0,6.876385235,66.68472033,0.0,0.0,0.0,0.0,0.0,49.80058657,0.0,0.0,13.97140918,0.0,0.0,0.0,0.0,0.0,-20.4264344,-8.451489985,2.405416667,1.0,1,0,0,0,0,0,1,0,0,1,0,0,0,0,0,0,0,0,0,0,0,1,0,348.15,9,CCCC[N+]1(C)CCCC1.FC(F)(F)C(F)(F)[P-](F)(F)(F)(C(F)(F)C(F)(F)F)C(F)(F)C(F)(F)F,-0.199671195
1.355,0.165239823,20.57142857,3.037497754,9.52e-07,-0.87,3449625.45,4.430108985,4.483030858,0.0,0.0,0.0,0.0,0.0,0.0,6.420821623,12.84164325,26.6819412,6.876385235,0.0,6.876385235,66.68472033,0.0,0.0,0.0,0.0,0.0,49.80058657,0.0,0.0,13.97140918,0.0,0.0,0.0,0.0,0.0,-20.4264344,-8.451489985,2.405416667,1.0,1,0,0,0,0,0,1,0,0,1,0,0,0,0,0,0,0,0,0,0,0,1,0,358.15,9,CCCC[N+]1(C)CCCC1.FC(F)(F)C(F)(F)[P-](F)(F)(F)(C(F)(F)C(F)(F)F)C(F)(F)C(F)(F)F,-0.168418652
1.355,0.165239823,20.57142857,3.037497754,9.52e-07,-0.87,3449625.45,4.430108985,4.483030858,0.0,0.0,0.0,0.0,0.0,0.0,6.420821623,12.84164325,26.6819412,6.876385235,0.0,6.876385235,66.68472033,0.0,0.0,0.0,0.0,0.0,49.80058657,0.0,0.0,13.97140918,0.0,0.0,0.0,0.0,0.0,-20.4264344,-8.451489985,2.405416667,1.0,1,0,0,0,0,0,1,0,0,1,0,0,0,0,0,0,0,0,0,0,0,1,0,368.15,9,CCCC[N+]1(C)CCCC1.FC(F)(F)C(F)(F)[P-](F)(F)(F)(C(F)(F)C(F)(F)F)C(F)(F)C(F)(F)F,-0.140412154
0.28125,0.56909936,14.27272727,2.096938912,0.0,-0.64,8014.500522,8.718033241,13.71695938,6.544756406,0.0,0.0,0.0,16.83559397,0.0,0.0,0.0,27.74989791,20.04658231,0.0,0.0,71.73646754,20.04658231,4.127401125,6.606881965,0.0,15.15518839,0.0,0.0,0.0,21.14301595,5.106527395,0.0,0.0,0.0,0.0,0.0,1.114583333,-7.287638889,1.0,0,0,0,0,0,0,2,0,1,0,0,0,0,0,0,0,0,0,0,0,0,1,0,318.15,10,C[N+](C)(C)CCO.O=S(=O)([N-]S(=O)(=O)C(F)(F)F)C(F)(F)F,1.430311247
0.28125,0.56909936,14.27272727,2.096938912,0.0,-0.64,8014.500522,8.718033241,13.71695938,6.544756406,0.0,0.0,0.0,16.83559397,0.0,0.0,0.0,27.74989791,20.04658231,0.0,0.0,71.73646754,20.04658231,4.127401125,6.606881965,0.0,15.15518839,0.0,0.0,0.0,21.14301595,5.106527395,0.0,0.0,0.0,0.0,0.0,1.114583333,-7.287638889,1.0,0,0,0,0,0,0,2,0,1,0,0,0,0,0,0,0,0,0,0,0,0,1,0,328.15,10,C[N+](C)(C)CCO.O=S(=O)([N-]S(=O)(=O)C(F)(F)F)C(F)(F)F,1.444563269
0.28125,0.56909936,14.27272727,2.096938912,0.0,-0.64,8014.500522,8.718033241,13.71695938,6.544756406,0.0,0.0,0.0,16.83559397,0.0,0.0,0.0,27.74989791,20.04658231,0.0,0.0,71.73646754,20.04658231,4.127401125,6.606881965,0.0,15.15518839,0.0,0.0,0.0,21.14301595,5.106527395,0.0,0.0,0.0,0.0,0.0,1.114583333,-7.287638889,1.0,0,0,0,0,0,0,2,0,1,0,0,0,0,0,0,0,0,0,0,0,0,1,0,338.15,10,C[N+](C)(C)CCO.O=S(=O)([N-]S(=O)(=O)C(F)(F)F)C(F)(F)F,1.451613827
0.28125,0.56909936,14.27272727,2.096938912,0.0,-0.64,8014.500522,8.718033241,13.71695938,6.544756406,0.0,0.0,0.0,16.83559397,0.0,0.0,0.0,27.74989791,20.04658231,0.0,0.0,71.73646754,20.04658231,4.127401125,6.606881965,0.0,15.15518839,0.0,0.0,0.0,21.14301595,5.106527395,0.0,0.0,0.0,0.0,0.0,1.114583333,-7.287638889,1.0,0,0,0,0,0,0,2,0,1,0,0,0,0,0,0,0,0,0,0,0,0,1,0,348.15,10,C[N+](C)(C)CCO.O=S(=O)([N-]S(=O)(=O)C(F)(F)F)C(F)(F)F,1.465567542
0.28125,0.56909936,14.27272727,2.096938912,0.0,-0.64,8014.500522,8.718033241,13.71695938,6.544756406,0.0,0.0,0.0,16.83559397,0.0,0.0,0.0,27.74989791,20.04658231,0.0,0.0,71.73646754,20.04658231,4.127401125,6.606881965,0.0,15.15518839,0.0,0.0,0.0,21.14301595,5.106527395,0.0,0.0,0.0,0.0,0.0,1.114583333,-7.287638889,1.0,0,0,0,0,0,0,2,0,1,0,0,0,0,0,0,0,0,0,0,0,0,1,0,358.15,10,C[N+](C)(C)CCO.O=S(=O)([N-]S(=O)(=O)C(F)(F)F)C(F)(F)F,1.474763009
0.28125,0.56909936,14.27272727,2.096938912,0.0,-0.64,8014.500522,8.718033241,13.71695938,6.544756406,0.0,0.0,0.0,16.83559397,0.0,0.0,0.0,27.74989791,20.04658231,0.0,0.0,71.73646754,20.04658231,4.127401125,6.606881965,0.0,15.15518839,0.0,0.0,0.0,21.14301595,5.106527395,0.0,0.0,0.0,0.0,0.0,1.114583333,-7.287638889,1.0,0,0,0,0,0,0,2,0,1,0,0,0,0,0,0,0,0,0,0,0,0,1,0,368.15,10,C[N+](C)(C)CCO.O=S(=O)([N-]S(=O)(=O)C(F)(F)F)C(F)(F)F,1.488399584
0.265768141,0.579822417,7.666666667,2.296419669,3.36e-07,-2.11,2278.048311,8.226417157,15.6303105,0.0,0.0,0.0,5.316788604,4.567099648,0.0,0.0,37.54674992,0.0,0.0,4.567099648,0.0,11.71340936,6.544756406,5.316788604,6.606881965,0.0,12.96557803,12.38631219,0.0,30.59278835,9.883888252,15.6303105,0.0,0.0,0.0,5.948605442,7.381944444,1.165907029,0.0,0.3,1,0,0,0,0,0,4,0,0,0,0,0,0,0,0,0,0,0,0,0,1,0,0,318.15,11,N#C[N-]C#N.OCCC[n+]1ccccc1,1.935859813
0.265768141,0.579822417,7.666666667,2.296419669,3.36e-07,-2.11,2278.048311,8.226417157,15.6303105,0.0,0.0,0.0,5.316788604,4.567099648,0.0,0.0,37.54674992,0.0,0.0,4.567099648,0.0,11.71340936,6.544756406,5.316788604,6.606881965,0.0,12.96557803,12.38631219,0.0,30.59278835,9.883888252,15.6303105,0.0,0.0,0.0,5.948605442,7.381944444,1.165907029,0.0,0.3,1,0,0,0,0,0,4,0,0,0,0,0,0,0,0,0,0,0,0,0,1,0,0,328.15,11,N#C[N-]C#N.OCCC[n+]1ccccc1,1.978239036
0.265768141,0.579822417,7.666666667,2.296419669,3.36e-07,-2.11,2278.048311,8.226417157,15.6303105,0.0,0.0,0.0,5.316788604,4.567099648,0.0,0.0,37.54674992,0.0,0.0,4.567099648,0.0,11.71340936,6.544756406,5.316788604,6.606881965,0.0,12.96557803,12.38631219,0.0,30.59278835,9.883888252,15.6303105,0.0,0.0,0.0,5.948605442,7.381944444,1.165907029,0.0,0.3,1,0,0,0,0,0,4,0,0,0,0,0,0,0,0,0,0,0,0,0,1,0,0,338.15,11,N#C[N-]C#N.OCCC[n+]1ccccc1,2.016235466
0.265768141,0.579822417,7.666666667,2.296419669,3.36e-07,-2.11,2278.048311,8.226417157,15.6303105,0.0,0.0,0.0,5.316788604,4.567099648,0.0,0.0,37.54674992,0.0,0.0,4.567099648,0.0,11.71340936,6.544756406,5.316788604,6.606881965,0.0,12.96557803,12.38631219,0.0,30.59278835,9.883888252,15.6303105,0.0,0.0,0.0,5.948605442,7.381944444,1.165907029,0.0,0.3,1,0,0,0,0,0,4,0,0,0,0,0,0,0,0,0,0,0,0,0,1,0,0,348.15,11,N#C[N-]C#N.OCCC[n+]1ccccc1,2.05284086
0.265768141,0.579822417,7.666666667,2.296419669,3.36e-07,-2.11,2278.048311,8.226417157,15.6303105,0.0,0.0,0.0,5.316788604,4.567099648,0.0,0.0,37.54674992,0.0,0.0,4.567099648,0.0,11.71340936,6.544756406,5.316788604,6.606881965,0.0,12.96557803,12.38631219,0.0,30.59278835,9.883888252,15.6303105,0.0,0.0,0.0,5.948605442,7.381944444,1.165907029,0.0,0.3,1,0,0,0,0,0,4,0,0,0,0,0,0,0,0,0,0,0,0,0,1,0,0,358.15,11,N#C[N-]C#N.OCCC[n+]1ccccc1,2.086913557
0.265768141,0.579822417,7.666666667,2.296419669,3.36e-07,-2.11,2278.048311,8.226417157,15.6303105,0.0,0.0,0.0,5.316788604,4.567099648,0.0,0.0,37.54674992,0.0,0.0,4.567099648,0.0,11.71340936,6.544756406,5.316788604,6.606881965,0.0,12.96557803,12.38631219,0.0,30.59278835,9.883888252,15.6303105,0.0,0.0,0.0,5.948605442,7.381944444,1.165907029,0.0,0.3,1,0,0,0,0,0,4,0,0,0,0,0,0,0,0,0,0,0,0,0,1,0,0,368.15,11,N#C[N-]C#N.OCCC[n+]1ccccc1,2.118662255
0.718490611,0.041428521,13.04166667,2.985773806,0.0,-0.13,3780404828.0,25.76453822,4.127401125,0.0,0.0,0.0,0.0,16.83559397,0.0,51.36657298,7.262479191,24.64764011,27.3090615,0.0,7.262479191,52.49989508,20.04658231,4.127401125,0.0,0.0,4.127401125,128.4164325,50.3309266,0.0,27.6949488,0.0,0.0,0.0,0.0,0.0,42.14274434,9.381301829,-14.16154617,1.0,0,0,0,0,0,0,1,0,0,0,0,0,0,0,0,0,0,0,0,0,0,0,0,318.15,12,CCCCCCCC[P+](CCCCCCCC)(CCCCCCCC)CCCCCCCC.O=S(=O)([N-]S(=O)(=O)C(F)(F)F)C(F)(F)F,-0.759286983
0.718490611,0.041428521,13.04166667,2.985773806,0.0,-0.13,3780404828.0,25.76453822,4.127401125,0.0,0.0,0.0,0.0,16.83559397,0.0,51.36657298,7.262479191,24.64764011,27.3090615,0.0,7.262479191,52.49989508,20.04658231,4.127401125,0.0,0.0,4.127401125,128.4164325,50.3309266,0.0,27.6949488,0.0,0.0,0.0,0.0,0.0,42.14274434,9.381301829,-14.16154617,1.0,0,0,0,0,0,0,1,0,0,0,0,0,0,0,0,0,0,0,0,0,0,0,0,328.15,12,CCCCCCCC[P+](CCCCCCCC)(CCCCCCCC)CCCCCCCC.O=S(=O)([N-]S(=O)(=O)C(F)(F)F)C(F)(F)F,-0.71539279
0.718490611,0.041428521,13.04166667,2.985773806,0.0,-0.13,3780404828.0,25.76453822,4.127401125,0.0,0.0,0.0,0.0,16.83559397,0.0,51.36657298,7.262479191,24.64764011,27.3090615,0.0,7.262479191,52.49989508,20.04658231,4.127401125,0.0,0.0,4.127401125,128.4164325,50.3309266,0.0,27.6949488,0.0,0.0,0.0,0.0,0.0,42.14274434,9.381301829,-14.16154617,1.0,0,0,0,0,0,0,1,0,0,0,0,0,0,0,0,0,0,0,0,0,0,0,0,338.15,12,CCCCCCCC[P+](CCCCCCCC)(CCCCCCCC)CCCCCCCC.O=S(=O)([N-]S(=O)(=O)C(F)(F)F)C(F)(F)F,-0.673344553
0.718490611,0.041428521,13.04166667,2.985773806,0.0,-0.13,3780404828.0,25.76453822,4.127401125,0.0,0.0,0.0,0.0,16.83559397,0.0,51.36657298,7.262479191,24.64764011,27.3090615,0.0,7.262479191,52.49989508,20.04658231,4.127401125,0.0,0.0,4.127401125,128.4164325,50.3309266,0.0,27.6949488,0.0,0.0,0.0,0.0,0.0,42.14274434,9.381301829,-14.16154617,1.0,0,0,0,0,0,0,1,0,0,0,0,0,0,0,0,0,0,0,0,0,0,0,0,348.15,12,CCCCCCCC[P+](CCCCCCCC)(CCCCCCCC)CCCCCCCC.O=S(=O)([N-]S(=O)(=O)C(F)(F)F)C(F)(F)F,-0.634878272
0.718490611,0.041428521,13.04166667,2.985773806,0.0,-0.13,3780404828.0,25.76453822,4.127401125,0.0,0.0,0.0,0.0,16.83559397,0.0,51.36657298,7.262479191,24.64764011,27.3090615,0.0,7.262479191,52.49989508,20.04658231,4.127401125,0.0,0.0,4.127401125,128.4164325,50.3309266,0.0,27.6949488,0.0,0.0,0.0,0.0,0.0,42.14274434,9.381301829,-14.16154617,1.0,0,0,0,0,0,0,1,0,0,0,0,0,0,0,0,0,0,0,0,0,0,0,0,358.15,12,CCCCCCCC[P+](CCCCCCCC)(CCCCCCCC)CCCCCCCC.O=S(=O)([N-]S(=O)(=O)C(F)(F)F)C(F)(F)F,-0.597837001
0.718490611,0.041428521,13.04166667,2.985773806,0.0,-0.13,3780404828.0,25.76453822,4.127401125,0.0,0.0,0.0,0.0,16.83559397,0.0,51.36657298,7.262479191,24.64764011,27.3090615,0.0,7.262479191,52.49989508,20.04658231,4.127401125,0.0,0.0,4.127401125,128.4164325,50.3309266,0.0,27.6949488,0.0,0.0,0.0,0.0,0.0,42.14274434,9.381301829,-14.16154617,1.0,0,0,0,0,0,0,1,0,0,0,0,0,0,0,0,0,0,0,0,0,0,0,0,368.15,12,CCCCCCCC[P+](CCCCCCCC)(CCCCCCCC)CCCCCCCC.O=S(=O)([N-]S(=O)(=O)C(F)(F)F)C(F)(F)F,-0.562118918
0.94875,0.459854664,18.0,2.212359905,2.92e-07,-1.3,1132.728271,5.36396718,19.74367692,13.08951281,0.0,0.0,5.316788604,0.0,0.0,6.9237372,12.38631219,26.80619232,0.0,0.0,0.0,44.37873599,4.736862954,5.316788604,0.0,0.0,13.21376393,36.50361227,0.0,0.0,19.28819779,15.26064606,0.0,0.0,0.0,0.0,2.5625,7.760277778,2.294166667,0.777777778,1,0,0,0,0,0,4,0,1,0,0,0,0,1,0,0,1,0,0,0,0,1,0,318.15,13,CC[N+]1(C)CCOCC1.N#C[N-]C#N,1.853168097
0.94875,0.459854664,18.0,2.212359905,2.92e-07,-1.3,1132.728271,5.36396718,19.74367692,13.08951281,0.0,0.0,5.316788604,0.0,0.0,6.9237372,12.38631219,26.80619232,0.0,0.0,0.0,44.37873599,4.736862954,5.316788604,0.0,0.0,13.21376393,36.50361227,0.0,0.0,19.28819779,15.26064606,0.0,0.0,0.0,0.0,2.5625,7.760277778,2.294166667,0.777777778,1,0,0,0,0,0,4,0,1,0,0,0,0,1,0,0,1,0,0,0,0,1,0,328.15,13,CC[N+]1(C)CCOCC1.N#C[N-]C#N,1.885553349
0.94875,0.459854664,18.0,2.212359905,2.92e-07,-1.3,1132.728271,5.36396718,19.74367692,13.08951281,0.0,0.0,5.316788604,0.0,0.0,6.9237372,12.38631219,26.80619232,0.0,0.0,0.0,44.37873599,4.736862954,5.316788604,0.0,0.0,13.21376393,36.50361227,0.0,0.0,19.28819779,15.26064606,0.0,0.0,0.0,0.0,2.5625,7.760277778,2.294166667,0.777777778,1,0,0,0,0,0,4,0,1,0,0,0,0,1,0,0,1,0,0,0,0,1,0,338.15,13,CC[N+]1(C)CCOCC1.N#C[N-]C#N,1.91839212
0.94875,0.459854664,18.0,2.212359905,2.92e-07,-1.3,1132.728271,5.36396718,19.74367692,13.08951281,0.0,0.0,5.316788604,0.0,0.0,6.9237372,12.38631219,26.80619232,0.0,0.0,0.0,44.37873599,4.736862954,5.316788604,0.0,0.0,13.21376393,36.50361227,0.0,0.0,19.28819779,15.26064606,0.0,0.0,0.0,0.0,2.5625,7.760277778,2.294166667,0.777777778,1,0,0,0,0,0,4,0,1,0,0,0,0,1,0,0,1,0,0,0,0,1,0,348.15,13,CC[N+]1(C)CCOCC1.N#C[N-]C#N,1.947337701
0.94875,0.459854664,18.0,2.212359905,2.92e-07,-1.3,1132.728271,5.36396718,19.74367692,13.08951281,0.0,0.0,5.316788604,0.0,0.0,6.9237372,12.38631219,26.80619232,0.0,0.0,0.0,44.37873599,4.736862954,5.316788604,0.0,0.0,13.21376393,36.50361227,0.0,0.0,19.28819779,15.26064606,0.0,0.0,0.0,0.0,2.5625,7.760277778,2.294166667,0.777777778,1,0,0,0,0,0,4,0,1,0,0,0,0,1,0,0,1,0,0,0,0,1,0,358.15,13,CC[N+]1(C)CCOCC1.N#C[N-]C#N,1.976854953
0.94875,0.459854664,18.0,2.212359905,2.92e-07,-1.3,1132.728271,5.36396718,19.74367692,13.08951281,0.0,0.0,5.316788604,0.0,0.0,6.9237372,12.38631219,26.80619232,0.0,0.0,0.0,44.37873599,4.736862954,5.316788604,0.0,0.0,13.21376393,36.50361227,0.0,0.0,19.28819779,15.26064606,0.0,0.0,0.0,0.0,2.5625,7.760277778,2.294166667,0.777777778,1,0,0,0,0,0,4,0,1,0,0,0,0,1,0,0,1,0,0,0,0,1,0,368.15,13,CC[N+]1(C)CCOCC1.N#C[N-]C#N,2.005525859
0.562253086,0.171786049,13.5625,2.646033817,0.0,-0.13,1535030.368,12.93580683,4.127401125,0.0,0.0,0.0,0.0,16.83559397,0.0,25.68328649,7.262479191,24.64764011,27.3090615,0.0,7.262479191,52.49989508,20.04658231,4.127401125,0.0,0.0,4.127401125,51.36657298,24.64764011,0.0,27.6949488,0.0,0.0,0.0,0.0,0.0,17.94660966,9.42119898,-14.00530864,1.0,0,0,0,0,0,0,1,0,0,0,0,0,0,0,0,0,0,0,0,0,0,0,0,358.15,14,CCCC[P+](CCCC)(CCCC)CCCC.O=S(=O)([N-]S(=O)(=O)C(F)(F)F)C(F)(F)F,0.009950331
0.562253086,0.171786049,13.5625,2.646033817,0.0,-0.13,1535030.368,12.93580683,4.127401125,0.0,0.0,0.0,0.0,16.83559397,0.0,25.68328649,7.262479191,24.64764011,27.3090615,0.0,7.262479191,52.49989508,20.04658231,4.127401125,0.0,0.0,4.127401125,51.36657298,24.64764011,0.0,27.6949488,0.0,0.0,0.0,0.0,0.0,17.94660966,9.42119898,-14.00530864,1.0,0,0,0,0,0,0,1,0,0,0,0,0,0,0,0,0,0,0,0,0,0,0,0,368.15,14,CCCC[P+](CCCC)(CCCC)CCCC.O=S(=O)([N-]S(=O)(=O)C(F)(F)F)C(F)(F)F,0.048790164
0.562253086,0.171786049,13.5625,2.646033817,0.0,-0.13,1535030.368,12.93580683,4.127401125,0.0,0.0,0.0,0.0,16.83559397,0.0,25.68328649,7.262479191,24.64764011,27.3090615,0.0,7.262479191,52.49989508,20.04658231,4.127401125,0.0,0.0,4.127401125,51.36657298,24.64764011,0.0,27.6949488,0.0,0.0,0.0,0.0,0.0,17.94660966,9.42119898,-14.00530864,1.0,0,0,0,0,0,0,1,0,0,0,0,0,0,0,0,0,0,0,0,0,0,0,0,378.15,14,CCCC[P+](CCCC)(CCCC)CCCC.O=S(=O)([N-]S(=O)(=O)C(F)(F)F)C(F)(F)F,0.09531018
0.562253086,0.171786049,13.5625,2.646033817,0.0,-0.13,1535030.368,12.93580683,4.127401125,0.0,0.0,0.0,0.0,16.83559397,0.0,25.68328649,7.262479191,24.64764011,27.3090615,0.0,7.262479191,52.49989508,20.04658231,4.127401125,0.0,0.0,4.127401125,51.36657298,24.64764011,0.0,27.6949488,0.0,0.0,0.0,0.0,0.0,17.94660966,9.42119898,-14.00530864,1.0,0,0,0,0,0,0,1,0,0,0,0,0,0,0,0,0,0,0,0,0,0,0,0,388.15,14,CCCC[P+](CCCC)(CCCC)CCCC.O=S(=O)([N-]S(=O)(=O)C(F)(F)F)C(F)(F)F,0.131028262
0.562253086,0.171786049,13.5625,2.646033817,0.0,-0.13,1535030.368,12.93580683,4.127401125,0.0,0.0,0.0,0.0,16.83559397,0.0,25.68328649,7.262479191,24.64764011,27.3090615,0.0,7.262479191,52.49989508,20.04658231,4.127401125,0.0,0.0,4.127401125,51.36657298,24.64764011,0.0,27.6949488,0.0,0.0,0.0,0.0,0.0,17.94660966,9.42119898,-14.00530864,1.0,0,0,0,0,0,0,1,0,0,0,0,0,0,0,0,0,0,0,0,0,0,0,0,398.15,14,CCCC[P+](CCCC)(CCCC)CCCC.O=S(=O)([N-]S(=O)(=O)C(F)(F)F)C(F)(F)F,0.165514438
0.562253086,0.171786049,13.5625,2.646033817,0.0,-0.13,1535030.368,12.93580683,4.127401125,0.0,0.0,0.0,0.0,16.83559397,0.0,25.68328649,7.262479191,24.64764011,27.3090615,0.0,7.262479191,52.49989508,20.04658231,4.127401125,0.0,0.0,4.127401125,51.36657298,24.64764011,0.0,27.6949488,0.0,0.0,0.0,0.0,0.0,17.94660966,9.42119898,-14.00530864,1.0,0,0,0,0,0,0,1,0,0,0,0,0,0,0,0,0,0,0,0,0,0,0,0,408.15,14,CCCC[P+](CCCC)(CCCC)CCCC.O=S(=O)([N-]S(=O)(=O)C(F)(F)F)C(F)(F)F,0.207014169
0.777777778,0.105866415,13.05128205,2.790155211,8.3e-07,-1.58,57320379.46,16.97289759,13.34729494,18.9011502,0.0,0.0,0.0,16.83559397,0.0,24.97437738,0.0,20.64010037,20.04658231,4.736862954,0.0,66.12702457,20.04658231,4.127401125,0.0,0.0,27.51158219,70.75297264,0.0,30.33183534,21.01908117,4.736862954,0.0,0.0,0.98281176,10.13974449,14.09562138,5.420182694,-8.800032128,0.75,1,0,0,0,0,0,2,0,1,0,0,0,0,1,0,0,0,0,0,0,0,1,0,318.15,15,CCCCCCCCCCCC[N+](C)(C)CCOc1ccccc1.O=S(=O)([N-]S(=O)(=O)C(F)(F)F)C(F)(F)F,-0.458865885
0.777777778,0.105866415,13.05128205,2.790155211,8.3e-07,-1.58,57320379.46,16.97289759,13.34729494,18.9011502,0.0,0.0,0.0,16.83559397,0.0,24.97437738,0.0,20.64010037,20.04658231,4.736862954,0.0,66.12702457,20.04658231,4.127401125,0.0,0.0,27.51158219,70.75297264,0.0,30.33183534,21.01908117,4.736862954,0.0,0.0,0.98281176,10.13974449,14.09562138,5.420182694,-8.800032128,0.75,1,0,0,0,0,0,2,0,1,0,0,0,0,1,0,0,0,0,0,0,0,1,0,328.15,15,CCCCCCCCCCCC[N+](C)(C)CCOc1ccccc1.O=S(=O)([N-]S(=O)(=O)C(F)(F)F)C(F)(F)F,-0.397496938
0.777777778,0.105866415,13.05128205,2.790155211,8.3e-07,-1.58,57320379.46,16.97289759,13.34729494,18.9011502,0.0,0.0,0.0,16.83559397,0.0,24.97437738,0.0,20.64010037,20.04658231,4.736862954,0.0,66.12702457,20.04658231,4.127401125,0.0,0.0,27.51158219,70.75297264,0.0,30.33183534,21.01908117,4.736862954,0.0,0.0,0.98281176,10.13974449,14.09562138,5.420182694,-8.800032128,0.75,1,0,0,0,0,0,2,0,1,0,0,0,0,1,0,0,0,0,0,0,0,1,0,338.15,15,CCCCCCCCCCCC[N+](C)(C)CCOc1ccccc1.O=S(=O)([N-]S(=O)(=O)C(F)(F)F)C(F)(F)F,-0.341082849
0.777777778,0.105866415,13.05128205,2.790155211,8.3e-07,-1.58,57320379.46,16.97289759,13.34729494,18.9011502,0.0,0.0,0.0,16.83559397,0.0,24.97437738,0.0,20.64010037,20.04658231,4.736862954,0.0,66.12702457,20.04658231,4.127401125,0.0,0.0,27.51158219,70.75297264,0.0,30.33183534,21.01908117,4.736862954,0.0,0.0,0.98281176,10.13974449,14.09562138,5.420182694,-8.800032128,0.75,1,0,0,0,0,0,2,0,1,0,0,0,0,1,0,0,0,0,0,0,0,1,0,348.15,15,CCCCCCCCCCCC[N+](C)(C)CCOc1ccccc1.O=S(=O)([N-]S(=O)(=O)C(F)(F)F)C(F)(F)F,-0.287682072
0.777777778,0.105866415,13.05128205,2.790155211,8.3e-07,-1.58,57320379.46,16.97289759,13.34729494,18.9011502,0.0,0.0,0.0,16.83559397,0.0,24.97437738,0.0,20.64010037,20.04658231,4.736862954,0.0,66.12702457,20.04658231,4.127401125,0.0,0.0,27.51158219,70.75297264,0.0,30.33183534,21.01908117,4.736862954,0.0,0.0,0.98281176,10.13974449,14.09562138,5.420182694,-8.800032128,0.75,1,0,0,0,0,0,2,0,1,0,0,0,0,1,0,0,0,0,0,0,0,1,0,358.15,15,CCCCCCCCCCCC[N+](C)(C)CCOc1ccccc1.O=S(=O)([N-]S(=O)(=O)C(F)(F)F)C(F)(F)F,-0.238257189
0.777777778,0.105866415,13.05128205,2.790155211,8.3e-07,-1.58,57320379.46,16.97289759,13.34729494,18.9011502,0.0,0.0,0.0,16.83559397,0.0,24.97437738,0.0,20.64010037,20.04658231,4.736862954,0.0,66.12702457,20.04658231,4.127401125,0.0,0.0,27.51158219,70.75297264,0.0,30.33183534,21.01908117,4.736862954,0.0,0.0,0.98281176,10.13974449,14.09562138,5.420182694,-8.800032128,0.75,1,0,0,0,0,0,2,0,1,0,0,0,0,1,0,0,0,0,0,0,0,1,0,368.15,15,CCCCCCCCCCCC[N+](C)(C)CCOc1ccccc1.O=S(=O)([N-]S(=O)(=O)C(F)(F)F)C(F)(F)F,-0.186329578
0.80037037,0.194580479,10.24137931,2.710124113,1.39e-06,-2.24,1631538.078,18.87121262,19.74367692,18.9011502,0.0,0.0,5.316788604,0.0,0.0,24.97437738,12.38631219,20.64010037,0.0,4.736862954,0.0,38.2747696,0.0,5.316788604,0.0,0.0,23.38418106,83.13928483,0.0,30.33183534,26.33586977,15.26064606,0.0,0.0,0.98281176,10.13974449,16.65812138,5.420182694,4.643023428,0.666666667,1,0,0,0,0,0,4,0,1,0,0,0,0,1,0,0,0,0,0,0,0,1,0,328.15,16,CCCCCCCCCCCC[N+](C)(C)CCOc1ccccc1.N#C[N-]C#N,-0.099820335
0.80037037,0.194580479,10.24137931,2.710124113,1.39e-06,-2.24,1631538.078,18.87121262,19.74367692,18.9011502,0.0,0.0,5.316788604,0.0,0.0,24.97437738,12.38631219,20.64010037,0.0,4.736862954,0.0,38.2747696,0.0,5.316788604,0.0,0.0,23.38418106,83.13928483,0.0,30.33183534,26.33586977,15.26064606,0.0,0.0,0.98281176,10.13974449,16.65812138,5.420182694,4.643023428,0.666666667,1,0,0,0,0,0,4,0,1,0,0,0,0,1,0,0,0,0,0,0,0,1,0,338.15,16,CCCCCCCCCCCC[N+](C)(C)CCOc1ccccc1.N#C[N-]C#N,-0.061875404
0.80037037,0.194580479,10.24137931,2.710124113,1.39e-06,-2.24,1631538.078,18.87121262,19.74367692,18.9011502,0.0,0.0,5.316788604,0.0,0.0,24.97437738,12.38631219,20.64010037,0.0,4.736862954,0.0,38.2747696,0.0,5.316788604,0.0,0.0,23.38418106,83.13928483,0.0,30.33183534,26.33586977,15.26064606,0.0,0.0,0.98281176,10.13974449,16.65812138,5.420182694,4.643023428,0.666666667,1,0,0,0,0,0,4,0,1,0,0,0,0,1,0,0,0,0,0,0,0,1,0,348.15,16,CCCCCCCCCCCC[N+](C)(C)CCOc1ccccc1.N#C[N-]C#N,-0.019182819
0.80037037,0.194580479,10.24137931,2.710124113,1.39e-06,-2.24,1631538.078,18.87121262,19.74367692,18.9011502,0.0,0.0,5.316788604,0.0,0.0,24.97437738,12.38631219,20.64010037,0.0,4.736862954,0.0,38.2747696,0.0,5.316788604,0.0,0.0,23.38418106,83.13928483,0.0,30.33183534,26.33586977,15.26064606,0.0,0.0,0.98281176,10.13974449,16.65812138,5.420182694,4.643023428,0.666666667,1,0,0,0,0,0,4,0,1,0,0,0,0,1,0,0,0,0,0,0,0,1,0,358.15,16,CCCCCCCCCCCC[N+](C)(C)CCOc1ccccc1.N#C[N-]C#N,0.019802627
0.80037037,0.194580479,10.24137931,2.710124113,1.39e-06,-2.24,1631538.078,18.87121262,19.74367692,18.9011502,0.0,0.0,5.316788604,0.0,0.0,24.97437738,12.38631219,20.64010037,0.0,4.736862954,0.0,38.2747696,0.0,5.316788604,0.0,0.0,23.38418106,83.13928483,0.0,30.33183534,26.33586977,15.26064606,0.0,0.0,0.98281176,10.13974449,16.65812138,5.420182694,4.643023428,0.666666667,1,0,0,0,0,0,4,0,1,0,0,0,0,1,0,0,0,0,0,0,0,1,0,368.15,16,CCCCCCCCCCCC[N+](C)(C)CCOc1ccccc1.N#C[N-]C#N,0.058268908
0.80037037,0.194580479,10.24137931,2.710124113,1.39e-06,-2.24,1631538.078,18.87121262,19.74367692,18.9011502,0.0,0.0,5.316788604,0.0,0.0,24.97437738,12.38631219,20.64010037,0.0,4.736862954,0.0,38.2747696,0.0,5.316788604,0.0,0.0,23.38418106,83.13928483,0.0,30.33183534,26.33586977,15.26064606,0.0,0.0,0.98281176,10.13974449,16.65812138,5.420182694,4.643023428,0.666666667,1,0,0,0,0,0,4,0,1,0,0,0,0,1,0,0,0,0,0,0,0,1,0,378.15,16,CCCCCCCCCCCC[N+](C)(C)CCOc1ccccc1.N#C[N-]C#N,0.09531018
0.640768141,0.433545074,7.3125,2.326727412,3.85e-07,-2.58,3722.763859,8.03819153,10.52378311,6.544756406,0.0,0.0,5.316788604,4.567099648,0.0,0.0,37.36068957,6.069221313,0.0,4.567099648,0.0,0.0,6.544756406,5.316788604,0.0,6.420821623,12.96557803,12.38631219,0.0,30.59278835,15.95310956,15.78567466,0.0,0.0,0.0,8.096376921,8.161530612,0.938888889,0.0,0.272727273,1,0,0,0,0,0,5,0,0,0,0,0,0,0,0,0,0,0,0,0,1,0,0,318.15,17,N#CCCC[n+]1ccccc1.N#C[N-]C#N,2.18492705
0.640768141,0.433545074,7.3125,2.326727412,3.85e-07,-2.58,3722.763859,8.03819153,10.52378311,6.544756406,0.0,0.0,5.316788604,4.567099648,0.0,0.0,37.36068957,6.069221313,0.0,4.567099648,0.0,0.0,6.544756406,5.316788604,0.0,6.420821623,12.96557803,12.38631219,0.0,30.59278835,15.95310956,15.78567466,0.0,0.0,0.0,8.096376921,8.161530612,0.938888889,0.0,0.272727273,1,0,0,0,0,0,5,0,0,0,0,0,0,0,0,0,0,0,0,0,1,0,0,328.15,17,N#CCCC[n+]1ccccc1.N#C[N-]C#N,2.201659174
0.640768141,0.433545074,7.3125,2.326727412,3.85e-07,-2.58,3722.763859,8.03819153,10.52378311,6.544756406,0.0,0.0,5.316788604,4.567099648,0.0,0.0,37.36068957,6.069221313,0.0,4.567099648,0.0,0.0,6.544756406,5.316788604,0.0,6.420821623,12.96557803,12.38631219,0.0,30.59278835,15.95310956,15.78567466,0.0,0.0,0.0,8.096376921,8.161530612,0.938888889,0.0,0.272727273,1,0,0,0,0,0,5,0,0,0,0,0,0,0,0,0,0,0,0,0,1,0,0,338.15,17,N#CCCC[n+]1ccccc1.N#C[N-]C#N,2.215937286
0.640768141,0.433545074,7.3125,2.326727412,3.85e-07,-2.58,3722.763859,8.03819153,10.52378311,6.544756406,0.0,0.0,5.316788604,4.567099648,0.0,0.0,37.36068957,6.069221313,0.0,4.567099648,0.0,0.0,6.544756406,5.316788604,0.0,6.420821623,12.96557803,12.38631219,0.0,30.59278835,15.95310956,15.78567466,0.0,0.0,0.0,8.096376921,8.161530612,0.938888889,0.0,0.272727273,1,0,0,0,0,0,5,0,0,0,0,0,0,0,0,0,0,0,0,0,1,0,0,348.15,17,N#CCCC[n+]1ccccc1.N#C[N-]C#N,2.231089091
0.640768141,0.433545074,7.3125,2.326727412,3.85e-07,-2.58,3722.763859,8.03819153,10.52378311,6.544756406,0.0,0.0,5.316788604,4.567099648,0.0,0.0,37.36068957,6.069221313,0.0,4.567099648,0.0,0.0,6.544756406,5.316788604,0.0,6.420821623,12.96557803,12.38631219,0.0,30.59278835,15.95310956,15.78567466,0.0,0.0,0.0,8.096376921,8.161530612,0.938888889,0.0,0.272727273,1,0,0,0,0,0,5,0,0,0,0,0,0,0,0,0,0,0,0,0,1,0,0,358.15,17,N#CCCC[n+]1ccccc1.N#C[N-]C#N,2.24495598
0.640768141,0.433545074,7.3125,2.326727412,3.85e-07,-2.58,3722.763859,8.03819153,10.52378311,6.544756406,0.0,0.0,5.316788604,4.567099648,0.0,0.0,37.36068957,6.069221313,0.0,4.567099648,0.0,0.0,6.544756406,5.316788604,0.0,6.420821623,12.96557803,12.38631219,0.0,30.59278835,15.95310956,15.78567466,0.0,0.0,0.0,8.096376921,8.161530612,0.938888889,0.0,0.272727273,1,0,0,0,0,0,5,0,0,0,0,0,0,0,0,0,0,0,0,0,1,0,0,368.15,17,N#CCCC[n+]1ccccc1.N#C[N-]C#N,2.259677592
0.73,0.412122732,15.875,2.680749653,3.85e-07,-1.77,3624.373531,6.649456709,15.00681397,0.0,0.0,0.0,5.316788604,0.0,0.0,0.0,38.06959868,32.75116251,0.0,0.0,0.0,31.16497206,0.0,5.316788604,0.0,0.0,12.84164325,49.34525551,0.0,0.0,18.4336819,15.78567466,0.0,0.0,0.0,2.198871882,7.124947562,3.851604308,2.309895125,0.727272727,1,0,0,0,0,0,5,0,0,1,0,0,0,0,0,0,0,0,0,0,0,1,0,318.15,18,C[N+]1(CCCC#N)CCCC1.N#C[N-]C#N,1.646733697
0.73,0.412122732,15.875,2.680749653,3.85e-07,-1.77,3624.373531,6.649456709,15.00681397,0.0,0.0,0.0,5.316788604,0.0,0.0,0.0,38.06959868,32.75116251,0.0,0.0,0.0,31.16497206,0.0,5.316788604,0.0,0.0,12.84164325,49.34525551,0.0,0.0,18.4336819,15.78567466,0.0,0.0,0.0,2.198871882,7.124947562,3.851604308,2.309895125,0.727272727,1,0,0,0,0,0,5,0,0,1,0,0,0,0,0,0,0,0,0,0,0,1,0,328.15,18,C[N+]1(CCCC#N)CCCC1.N#C[N-]C#N,1.688249093
0.73,0.412122732,15.875,2.680749653,3.85e-07,-1.77,3624.373531,6.649456709,15.00681397,0.0,0.0,0.0,5.316788604,0.0,0.0,0.0,38.06959868,32.75116251,0.0,0.0,0.0,31.16497206,0.0,5.316788604,0.0,0.0,12.84164325,49.34525551,0.0,0.0,18.4336819,15.78567466,0.0,0.0,0.0,2.198871882,7.124947562,3.851604308,2.309895125,0.727272727,1,0,0,0,0,0,5,0,0,1,0,0,0,0,0,0,0,0,0,0,0,1,0,338.15,18,C[N+]1(CCCC#N)CCCC1.N#C[N-]C#N,1.72455072
0.73,0.412122732,15.875,2.680749653,3.85e-07,-1.77,3624.373531,6.649456709,15.00681397,0.0,0.0,0.0,5.316788604,0.0,0.0,0.0,38.06959868,32.75116251,0.0,0.0,0.0,31.16497206,0.0,5.316788604,0.0,0.0,12.84164325,49.34525551,0.0,0.0,18.4336819,15.78567466,0.0,0.0,0.0,2.198871882,7.124947562,3.851604308,2.309895125,0.727272727,1,0,0,0,0,0,5,0,0,1,0,0,0,0,0,0,0,0,0,0,0,1,0,348.15,18,C[N+]1(CCCC#N)CCCC1.N#C[N-]C#N,1.759580571
0.73,0.412122732,15.875,2.680749653,3.85e-07,-1.77,3624.373531,6.649456709,15.00681397,0.0,0.0,0.0,5.316788604,0.0,0.0,0.0,38.06959868,32.75116251,0.0,0.0,0.0,31.16497206,0.0,5.316788604,0.0,0.0,12.84164325,49.34525551,0.0,0.0,18.4336819,15.78567466,0.0,0.0,0.0,2.198871882,7.124947562,3.851604308,2.309895125,0.727272727,1,0,0,0,0,0,5,0,0,1,0,0,0,0,0,0,0,0,0,0,0,1,0,358.15,18,C[N+]1(CCCC#N)CCCC1.N#C[N-]C#N,1.793424749
0.73,0.412122732,15.875,2.680749653,3.85e-07,-1.77,3624.373531,6.649456709,15.00681397,0.0,0.0,0.0,5.316788604,0.0,0.0,0.0,38.06959868,32.75116251,0.0,0.0,0.0,31.16497206,0.0,5.316788604,0.0,0.0,12.84164325,49.34525551,0.0,0.0,18.4336819,15.78567466,0.0,0.0,0.0,2.198871882,7.124947562,3.851604308,2.309895125,0.727272727,1,0,0,0,0,0,5,0,0,1,0,0,0,0,0,0,0,0,0,0,0,1,0,368.15,18,C[N+]1(CCCC#N)CCCC1.N#C[N-]C#N,1.827769907
0.225597994,0.349815811,11.17391304,2.915467872,4.33e-07,-0.68,88023.806,13.45470882,13.94090593,12.39368714,6.327320075,7.822697123,4.565048285,9.134199296,0.0,19.26246487,0.0,26.80619232,7.822697123,9.460511251,7.822697123,17.78086358,27.204971,0.0,13.21376393,0.0,32.2280429,12.84164325,0.0,20.89514638,43.82643804,0.0,0.0,10.96352608,0.0,0.0,12.11925579,7.751692492,-1.957836042,0.8125,1,0,0,0,0,0,2,0,0,0,0,0,0,0,0,0,0,1,1,0,0,0,0,313.15,19,CCCCOP(=O)([O-])OCCCC.CCCC[n+]1ccn(C)c1,0.173953307
0.225597994,0.349815811,11.17391304,2.915467872,4.33e-07,-0.68,88023.806,13.45470882,13.94090593,12.39368714,6.327320075,7.822697123,4.565048285,9.134199296,0.0,19.26246487,0.0,26.80619232,7.822697123,9.460511251,7.822697123,17.78086358,27.204971,0.0,13.21376393,0.0,32.2280429,12.84164325,0.0,20.89514638,43.82643804,0.0,0.0,10.96352608,0.0,0.0,12.11925579,7.751692492,-1.957836042,0.8125,1,0,0,0,0,0,2,0,0,0,0,0,0,0,0,0,0,1,1,0,0,0,0,323.15,19,CCCCOP(=O)([O-])OCCCC.CCCC[n+]1ccn(C)c1,0.139761942
0.225597994,0.349815811,11.17391304,2.915467872,4.33e-07,-0.68,88023.806,13.45470882,13.94090593,12.39368714,6.327320075,7.822697123,4.565048285,9.134199296,0.0,19.26246487,0.0,26.80619232,7.822697123,9.460511251,7.822697123,17.78086358,27.204971,0.0,13.21376393,0.0,32.2280429,12.84164325,0.0,20.89514638,43.82643804,0.0,0.0,10.96352608,0.0,0.0,12.11925579,7.751692492,-1.957836042,0.8125,1,0,0,0,0,0,2,0,0,0,0,0,0,0,0,0,0,1,1,0,0,0,0,333.15,19,CCCCOP(=O)([O-])OCCCC.CCCC[n+]1ccn(C)c1,0.086177696
0.225597994,0.349815811,11.17391304,2.915467872,4.33e-07,-0.68,88023.806,13.45470882,13.94090593,12.39368714,6.327320075,7.822697123,4.565048285,9.134199296,0.0,19.26246487,0.0,26.80619232,7.822697123,9.460511251,7.822697123,17.78086358,27.204971,0.0,13.21376393,0.0,32.2280429,12.84164325,0.0,20.89514638,43.82643804,0.0,0.0,10.96352608,0.0,0.0,12.11925579,7.751692492,-1.957836042,0.8125,1,0,0,0,0,0,2,0,0,0,0,0,0,0,0,0,0,1,1,0,0,0,0,343.15,19,CCCCOP(=O)([O-])OCCCC.CCCC[n+]1ccn(C)c1,0.067658648
0.225597994,0.349815811,11.17391304,2.915467872,4.33e-07,-0.68,88023.806,13.45470882,13.94090593,12.39368714,6.327320075,7.822697123,4.565048285,9.134199296,0.0,19.26246487,0.0,26.80619232,7.822697123,9.460511251,7.822697123,17.78086358,27.204971,0.0,13.21376393,0.0,32.2280429,12.84164325,0.0,20.89514638,43.82643804,0.0,0.0,10.96352608,0.0,0.0,12.11925579,7.751692492,-1.957836042,0.8125,1,0,0,0,0,0,2,0,0,0,0,0,0,0,0,0,0,1,1,0,0,0,0,353.15,19,CCCCOP(=O)([O-])OCCCC.CCCC[n+]1ccn(C)c1,0.029558802
0.225597994,0.349815811,11.17391304,2.915467872,4.33e-07,-0.68,88023.806,13.45470882,13.94090593,12.39368714,6.327320075,7.822697123,4.565048285,9.134199296,0.0,19.26246487,0.0,26.80619232,7.822697123,9.460511251,7.822697123,17.78086358,27.204971,0.0,13.21376393,0.0,32.2280429,12.84164325,0.0,20.89514638,43.82643804,0.0,0.0,10.96352608,0.0,0.0,12.11925579,7.751692492,-1.957836042,0.8125,1,0,0,0,0,0,2,0,0,0,0,0,0,0,0,0,0,1,1,0,0,0,0,363.15,19,CCCCOP(=O)([O-])OCCCC.CCCC[n+]1ccn(C)c1,-0.020202707
0.80787037,0.434587442,10.75,2.609993054,3.25e-07,-0.92,2607.383061,8.393419499,4.552749874,12.39368714,16.72632066,0.0,4.183085433,17.55199628,0.0,6.420821623,0.0,20.70222593,10.39900058,4.567099648,0.0,24.64744405,28.1745144,0.0,0.0,0.0,13.65455395,12.84164325,0.0,7.047671983,38.96202915,0.0,0.0,0.0,0.0,0.0,8.817018141,3.361944444,-1.560073696,0.666666667,1,0,0,0,0,0,2,0,0,0,0,0,0,0,0,0,0,0,0,0,0,0,0,313.15,20,CCCC[n+]1ccn(C)c1.COS(=O)(=O)[O-],2.272125886
0.80787037,0.434587442,10.75,2.609993054,3.25e-07,-0.92,2607.383061,8.393419499,4.552749874,12.39368714,16.72632066,0.0,4.183085433,17.55199628,0.0,6.420821623,0.0,20.70222593,10.39900058,4.567099648,0.0,24.64744405,28.1745144,0.0,0.0,0.0,13.65455395,12.84164325,0.0,7.047671983,38.96202915,0.0,0.0,0.0,0.0,0.0,8.817018141,3.361944444,-1.560073696,0.666666667,1,0,0,0,0,0,2,0,0,0,0,0,0,0,0,0,0,0,0,0,0,0,0,323.15,20,CCCC[n+]1ccn(C)c1.COS(=O)(=O)[O-],2.223541886
0.80787037,0.434587442,10.75,2.609993054,3.25e-07,-0.92,2607.383061,8.393419499,4.552749874,12.39368714,16.72632066,0.0,4.183085433,17.55199628,0.0,6.420821623,0.0,20.70222593,10.39900058,4.567099648,0.0,24.64744405,28.1745144,0.0,0.0,0.0,13.65455395,12.84164325,0.0,7.047671983,38.96202915,0.0,0.0,0.0,0.0,0.0,8.817018141,3.361944444,-1.560073696,0.666666667,1,0,0,0,0,0,2,0,0,0,0,0,0,0,0,0,0,0,0,0,0,0,0,333.15,20,CCCC[n+]1ccn(C)c1.COS(=O)(=O)[O-],2.171336806
0.80787037,0.434587442,10.75,2.609993054,3.25e-07,-0.92,2607.383061,8.393419499,4.552749874,12.39368714,16.72632066,0.0,4.183085433,17.55199628,0.0,6.420821623,0.0,20.70222593,10.39900058,4.567099648,0.0,24.64744405,28.1745144,0.0,0.0,0.0,13.65455395,12.84164325,0.0,7.047671983,38.96202915,0.0,0.0,0.0,0.0,0.0,8.817018141,3.361944444,-1.560073696,0.666666667,1,0,0,0,0,0,2,0,0,0,0,0,0,0,0,0,0,0,0,0,0,0,0,343.15,20,CCCC[n+]1ccn(C)c1.COS(=O)(=O)[O-],2.117459609
0.80787037,0.434587442,10.75,2.609993054,3.25e-07,-0.92,2607.383061,8.393419499,4.552749874,12.39368714,16.72632066,0.0,4.183085433,17.55199628,0.0,6.420821623,0.0,20.70222593,10.39900058,4.567099648,0.0,24.64744405,28.1745144,0.0,0.0,0.0,13.65455395,12.84164325,0.0,7.047671983,38.96202915,0.0,0.0,0.0,0.0,0.0,8.817018141,3.361944444,-1.560073696,0.666666667,1,0,0,0,0,0,2,0,0,0,0,0,0,0,0,0,0,0,0,0,0,0,0,353.15,20,CCCC[n+]1ccn(C)c1.COS(=O)(=O)[O-],2.056684555
0.80787037,0.434587442,10.75,2.609993054,3.25e-07,-0.92,2607.383061,8.393419499,4.552749874,12.39368714,16.72632066,0.0,4.183085433,17.55199628,0.0,6.420821623,0.0,20.70222593,10.39900058,4.567099648,0.0,24.64744405,28.1745144,0.0,0.0,0.0,13.65455395,12.84164325,0.0,7.047671983,38.96202915,0.0,0.0,0.0,0.0,0.0,8.817018141,3.361944444,-1.560073696,0.666666667,1,0,0,0,0,0,2,0,0,0,0,0,0,0,0,0,0,0,0,0,0,0,0,363.15,20,CCCC[n+]1ccn(C)c1.COS(=O)(=O)[O-],1.996059933
1.038966049,0.55028619,10.73333333,2.650534788,2.65e-07,-0.68,1823.567934,6.408505623,13.94090593,12.39368714,6.327320075,7.822697123,4.565048285,9.134199296,0.0,6.9237372,14.21959508,13.59242839,7.822697123,9.460511251,7.822697123,18.78669473,27.204971,0.0,0.0,0.0,20.76435149,0.0,0.0,17.8116152,33.06249482,0.0,0.0,9.951388889,0.0,0.0,6.142361111,3.181388889,0.193611111,0.625,1,0,0,0,0,0,2,0,0,0,0,0,0,0,0,0,0,1,1,0,0,0,0,313.15,21,CC[n+]1ccn(C)c1.COP(=O)([O-])OC,1.695615609
1.038966049,0.55028619,10.73333333,2.650534788,2.65e-07,-0.68,1823.567934,6.408505623,13.94090593,12.39368714,6.327320075,7.822697123,4.565048285,9.134199296,0.0,6.9237372,14.21959508,13.59242839,7.822697123,9.460511251,7.822697123,18.78669473,27.204971,0.0,0.0,0.0,20.76435149,0.0,0.0,17.8116152,33.06249482,0.0,0.0,9.951388889,0.0,0.0,6.142361111,3.181388889,0.193611111,0.625,1,0,0,0,0,0,2,0,0,0,0,0,0,0,0,0,0,1,1,0,0,0,0,323.15,21,CC[n+]1ccn(C)c1.COP(=O)([O-])OC,1.665818246
1.038966049,0.55028619,10.73333333,2.650534788,2.65e-07,-0.68,1823.567934,6.408505623,13.94090593,12.39368714,6.327320075,7.822697123,4.565048285,9.134199296,0.0,6.9237372,14.21959508,13.59242839,7.822697123,9.460511251,7.822697123,18.78669473,27.204971,0.0,0.0,0.0,20.76435149,0.0,0.0,17.8116152,33.06249482,0.0,0.0,9.951388889,0.0,0.0,6.142361111,3.181388889,0.193611111,0.625,1,0,0,0,0,0,2,0,0,0,0,0,0,0,0,0,0,1,1,0,0,0,0,333.15,21,CC[n+]1ccn(C)c1.COP(=O)([O-])OC,1.640936579
1.038966049,0.55028619,10.73333333,2.650534788,2.65e-07,-0.68,1823.567934,6.408505623,13.94090593,12.39368714,6.327320075,7.822697123,4.565048285,9.134199296,0.0,6.9237372,14.21959508,13.59242839,7.822697123,9.460511251,7.822697123,18.78669473,27.204971,0.0,0.0,0.0,20.76435149,0.0,0.0,17.8116152,33.06249482,0.0,0.0,9.951388889,0.0,0.0,6.142361111,3.181388889,0.193611111,0.625,1,0,0,0,0,0,2,0,0,0,0,0,0,0,0,0,0,1,1,0,0,0,0,343.15,21,CC[n+]1ccn(C)c1.COP(=O)([O-])OC,1.611435915
1.038966049,0.55028619,10.73333333,2.650534788,2.65e-07,-0.68,1823.567934,6.408505623,13.94090593,12.39368714,6.327320075,7.822697123,4.565048285,9.134199296,0.0,6.9237372,14.21959508,13.59242839,7.822697123,9.460511251,7.822697123,18.78669473,27.204971,0.0,0.0,0.0,20.76435149,0.0,0.0,17.8116152,33.06249482,0.0,0.0,9.951388889,0.0,0.0,6.142361111,3.181388889,0.193611111,0.625,1,0,0,0,0,0,2,0,0,0,0,0,0,0,0,0,0,1,1,0,0,0,0,353.15,21,CC[n+]1ccn(C)c1.COP(=O)([O-])OC,1.581038438
1.038966049,0.55028619,10.73333333,2.650534788,2.65e-07,-0.68,1823.567934,6.408505623,13.94090593,12.39368714,6.327320075,7.822697123,4.565048285,9.134199296,0.0,6.9237372,14.21959508,13.59242839,7.822697123,9.460511251,7.822697123,18.78669473,27.204971,0.0,0.0,0.0,20.76435149,0.0,0.0,17.8116152,33.06249482,0.0,0.0,9.951388889,0.0,0.0,6.142361111,3.181388889,0.193611111,0.625,1,0,0,0,0,0,2,0,0,0,0,0,0,0,0,0,0,1,1,0,0,0,0,363.15,21,CC[n+]1ccn(C)c1.COP(=O)([O-])OC,1.549687908
0.142100813,0.442761307,8.222222222,2.765196772,4.94e-07,-2.54,9423.7906,7.71296717,15.26064606,12.39368714,6.327320075,0.0,10.11132579,9.134199296,0.0,6.420821623,18.80713381,20.70222593,5.969305288,4.567099648,0.0,17.64620248,23.12382853,5.316788604,5.969305288,6.420821623,12.96557803,19.49610973,0.0,34.9028785,10.05365156,10.52378311,0.0,10.77053225,-0.142100813,0.0,9.805007795,0.857083333,3.383730316,0.454545455,1,0,0,0,1,1,5,0,0,0,0,0,1,1,0,1,0,0,0,0,0,0,0,318.15,22,COC(=O)CCC[n+]1ccn(C)c1.N#C[N-]C#N,1.266947603
0.142100813,0.442761307,8.222222222,2.765196772,4.94e-07,-2.54,9423.7906,7.71296717,15.26064606,12.39368714,6.327320075,0.0,10.11132579,9.134199296,0.0,6.420821623,18.80713381,20.70222593,5.969305288,4.567099648,0.0,17.64620248,23.12382853,5.316788604,5.969305288,6.420821623,12.96557803,19.49610973,0.0,34.9028785,10.05365156,10.52378311,0.0,10.77053225,-0.142100813,0.0,9.805007795,0.857083333,3.383730316,0.454545455,1,0,0,0,1,1,5,0,0,0,0,0,1,1,0,1,0,0,0,0,0,0,0,328.15,22,COC(=O)CCC[n+]1ccn(C)c1.N#C[N-]C#N,1.30833282
0.142100813,0.442761307,8.222222222,2.765196772,4.94e-07,-2.54,9423.7906,7.71296717,15.26064606,12.39368714,6.327320075,0.0,10.11132579,9.134199296,0.0,6.420821623,18.80713381,20.70222593,5.969305288,4.567099648,0.0,17.64620248,23.12382853,5.316788604,5.969305288,6.420821623,12.96557803,19.49610973,0.0,34.9028785,10.05365156,10.52378311,0.0,10.77053225,-0.142100813,0.0,9.805007795,0.857083333,3.383730316,0.454545455,1,0,0,0,1,1,5,0,0,0,0,0,1,1,0,1,0,0,0,0,0,0,0,338.15,22,COC(=O)CCC[n+]1ccn(C)c1.N#C[N-]C#N,1.345472367
0.142100813,0.442761307,8.222222222,2.765196772,4.94e-07,-2.54,9423.7906,7.71296717,15.26064606,12.39368714,6.327320075,0.0,10.11132579,9.134199296,0.0,6.420821623,18.80713381,20.70222593,5.969305288,4.567099648,0.0,17.64620248,23.12382853,5.316788604,5.969305288,6.420821623,12.96557803,19.49610973,0.0,34.9028785,10.05365156,10.52378311,0.0,10.77053225,-0.142100813,0.0,9.805007795,0.857083333,3.383730316,0.454545455,1,0,0,0,1,1,5,0,0,0,0,0,1,1,0,1,0,0,0,0,0,0,0,348.15,22,COC(=O)CCC[n+]1ccn(C)c1.N#C[N-]C#N,1.378766095
0.142100813,0.442761307,8.222222222,2.765196772,4.94e-07,-2.54,9423.7906,7.71296717,15.26064606,12.39368714,6.327320075,0.0,10.11132579,9.134199296,0.0,6.420821623,18.80713381,20.70222593,5.969305288,4.567099648,0.0,17.64620248,23.12382853,5.316788604,5.969305288,6.420821623,12.96557803,19.49610973,0.0,34.9028785,10.05365156,10.52378311,0.0,10.77053225,-0.142100813,0.0,9.805007795,0.857083333,3.383730316,0.454545455,1,0,0,0,1,1,5,0,0,0,0,0,1,1,0,1,0,0,0,0,0,0,0,358.15,22,COC(=O)CCC[n+]1ccn(C)c1.N#C[N-]C#N,1.415853163
0.142100813,0.442761307,8.222222222,2.765196772,4.94e-07,-2.54,9423.7906,7.71296717,15.26064606,12.39368714,6.327320075,0.0,10.11132579,9.134199296,0.0,6.420821623,18.80713381,20.70222593,5.969305288,4.567099648,0.0,17.64620248,23.12382853,5.316788604,5.969305288,6.420821623,12.96557803,19.49610973,0.0,34.9028785,10.05365156,10.52378311,0.0,10.77053225,-0.142100813,0.0,9.805007795,0.857083333,3.383730316,0.454545455,1,0,0,0,1,1,5,0,0,0,0,0,1,1,0,1,0,0,0,0,0,0,0,368.15,22,COC(=O)CCC[n+]1ccn(C)c1.N#C[N-]C#N,1.446918983
0.402777778,0.488779243,7.4,2.676978509,2.65e-07,-2.45,2302.201518,4.975797995,0.0,12.39368714,6.327320075,0.0,0.0,24.91987396,0.0,6.9237372,0.0,13.59242839,0.0,4.567099648,0.0,4.567099648,13.59242839,0.0,0.0,0.0,6.544756406,18.20766394,0.0,17.8116152,24.01500049,15.78567466,0.0,0.0,-0.402777778,4.1875,6.142361111,3.181388889,2.02,0.3,1,0,0,0,0,0,5,0,0,0,0,0,0,0,0,0,0,0,0,0,0,0,0,318.15,23,CC[n+]1ccn(C)c1.N#C[C-](C#N)C#N,0.703097511
0.402777778,0.488779243,7.4,2.676978509,2.65e-07,-2.45,2302.201518,4.975797995,0.0,12.39368714,6.327320075,0.0,0.0,24.91987396,0.0,6.9237372,0.0,13.59242839,0.0,4.567099648,0.0,4.567099648,13.59242839,0.0,0.0,0.0,6.544756406,18.20766394,0.0,17.8116152,24.01500049,15.78567466,0.0,0.0,-0.402777778,4.1875,6.142361111,3.181388889,2.02,0.3,1,0,0,0,0,0,5,0,0,0,0,0,0,0,0,0,0,0,0,0,0,0,0,328.15,23,CC[n+]1ccn(C)c1.N#C[C-](C#N)C#N,0.746687947
0.402777778,0.488779243,7.4,2.676978509,2.65e-07,-2.45,2302.201518,4.975797995,0.0,12.39368714,6.327320075,0.0,0.0,24.91987396,0.0,6.9237372,0.0,13.59242839,0.0,4.567099648,0.0,4.567099648,13.59242839,0.0,0.0,0.0,6.544756406,18.20766394,0.0,17.8116152,24.01500049,15.78567466,0.0,0.0,-0.402777778,4.1875,6.142361111,3.181388889,2.02,0.3,1,0,0,0,0,0,5,0,0,0,0,0,0,0,0,0,0,0,0,0,0,0,0,338.15,23,CC[n+]1ccn(C)c1.N#C[C-](C#N)C#N,0.792992516
0.402777778,0.488779243,7.4,2.676978509,2.65e-07,-2.45,2302.201518,4.975797995,0.0,12.39368714,6.327320075,0.0,0.0,24.91987396,0.0,6.9237372,0.0,13.59242839,0.0,4.567099648,0.0,4.567099648,13.59242839,0.0,0.0,0.0,6.544756406,18.20766394,0.0,17.8116152,24.01500049,15.78567466,0.0,0.0,-0.402777778,4.1875,6.142361111,3.181388889,2.02,0.3,1,0,0,0,0,0,5,0,0,0,0,0,0,0,0,0,0,0,0,0,0,0,0,348.15,23,CC[n+]1ccn(C)c1.N#C[C-](C#N)C#N,0.841567186
0.402777778,0.488779243,7.4,2.676978509,2.65e-07,-2.45,2302.201518,4.975797995,0.0,12.39368714,6.327320075,0.0,0.0,24.91987396,0.0,6.9237372,0.0,13.59242839,0.0,4.567099648,0.0,4.567099648,13.59242839,0.0,0.0,0.0,6.544756406,18.20766394,0.0,17.8116152,24.01500049,15.78567466,0.0,0.0,-0.402777778,4.1875,6.142361111,3.181388889,2.02,0.3,1,0,0,0,0,0,5,0,0,0,0,0,0,0,0,0,0,0,0,0,0,0,0,358.15,23,CC[n+]1ccn(C)c1.N#C[C-](C#N)C#N,0.88376754
0.402777778,0.488779243,7.4,2.676978509,2.65e-07,-2.45,2302.201518,4.975797995,0.0,12.39368714,6.327320075,0.0,0.0,24.91987396,0.0,6.9237372,0.0,13.59242839,0.0,4.567099648,0.0,4.567099648,13.59242839,0.0,0.0,0.0,6.544756406,18.20766394,0.0,17.8116152,24.01500049,15.78567466,0.0,0.0,-0.402777778,4.1875,6.142361111,3.181388889,2.02,0.3,1,0,0,0,0,0,5,0,0,0,0,0,0,0,0,0,0,0,0,0,0,0,0,368.15,23,CC[n+]1ccn(C)c1.N#C[C-](C#N)C#N,0.920282753
0.314183673,0.548141642,17.25,2.294657921,3.85e-07,-1.34,3010.591192,7.01854827,24.85020432,13.08951281,0.0,0.0,5.316788604,0.0,0.0,0.0,25.41401578,26.80619232,0.0,0.0,0.0,56.09214535,4.736862954,5.316788604,0.0,6.606881965,43.75188563,12.38631219,0.0,0.0,12.36446059,20.36717346,0.0,0.0,0.0,0.0,3.475694444,5.345649093,2.234305556,0.8,1,0,0,0,0,0,4,0,1,0,0,0,0,1,0,0,1,0,0,0,0,1,0,318.15,24,C[N+]1(CCCO)CCOCC1.N#C[N-]C#N,2.298577072
0.314183673,0.548141642,17.25,2.294657921,3.85e-07,-1.34,3010.591192,7.01854827,24.85020432,13.08951281,0.0,0.0,5.316788604,0.0,0.0,0.0,25.41401578,26.80619232,0.0,0.0,0.0,56.09214535,4.736862954,5.316788604,0.0,6.606881965,43.75188563,12.38631219,0.0,0.0,12.36446059,20.36717346,0.0,0.0,0.0,0.0,3.475694444,5.345649093,2.234305556,0.8,1,0,0,0,0,0,4,0,1,0,0,0,0,1,0,0,1,0,0,0,0,1,0,328.15,24,C[N+]1(CCCO)CCOCC1.N#C[N-]C#N,2.332143895
0.314183673,0.548141642,17.25,2.294657921,3.85e-07,-1.34,3010.591192,7.01854827,24.85020432,13.08951281,0.0,0.0,5.316788604,0.0,0.0,0.0,25.41401578,26.80619232,0.0,0.0,0.0,56.09214535,4.736862954,5.316788604,0.0,6.606881965,43.75188563,12.38631219,0.0,0.0,12.36446059,20.36717346,0.0,0.0,0.0,0.0,3.475694444,5.345649093,2.234305556,0.8,1,0,0,0,0,0,4,0,1,0,0,0,0,1,0,0,1,0,0,0,0,1,0,338.15,24,C[N+]1(CCCO)CCOCC1.N#C[N-]C#N,2.351375257
0.314183673,0.548141642,17.25,2.294657921,3.85e-07,-1.34,3010.591192,7.01854827,24.85020432,13.08951281,0.0,0.0,5.316788604,0.0,0.0,0.0,25.41401578,26.80619232,0.0,0.0,0.0,56.09214535,4.736862954,5.316788604,0.0,6.606881965,43.75188563,12.38631219,0.0,0.0,12.36446059,20.36717346,0.0,0.0,0.0,0.0,3.475694444,5.345649093,2.234305556,0.8,1,0,0,0,0,0,4,0,1,0,0,0,0,1,0,0,1,0,0,0,0,1,0,348.15,24,C[N+]1(CCCO)CCOCC1.N#C[N-]C#N,2.379546134
0.314183673,0.548141642,17.25,2.294657921,3.85e-07,-1.34,3010.591192,7.01854827,24.85020432,13.08951281,0.0,0.0,5.316788604,0.0,0.0,0.0,25.41401578,26.80619232,0.0,0.0,0.0,56.09214535,4.736862954,5.316788604,0.0,6.606881965,43.75188563,12.38631219,0.0,0.0,12.36446059,20.36717346,0.0,0.0,0.0,0.0,3.475694444,5.345649093,2.234305556,0.8,1,0,0,0,0,0,4,0,1,0,0,0,0,1,0,0,1,0,0,0,0,1,0,358.15,24,C[N+]1(CCCO)CCOCC1.N#C[N-]C#N,2.397895273
0.314183673,0.548141642,17.25,2.294657921,3.85e-07,-1.34,3010.591192,7.01854827,24.85020432,13.08951281,0.0,0.0,5.316788604,0.0,0.0,0.0,25.41401578,26.80619232,0.0,0.0,0.0,56.09214535,4.736862954,5.316788604,0.0,6.606881965,43.75188563,12.38631219,0.0,0.0,12.36446059,20.36717346,0.0,0.0,0.0,0.0,3.475694444,5.345649093,2.234305556,0.8,1,0,0,0,0,0,4,0,1,0,0,0,0,1,0,0,1,0,0,0,0,1,0,368.15,24,C[N+]1(CCCO)CCOCC1.N#C[N-]C#N,2.424802726
0.265768141,0.559038309,8.0,2.633932177,3.36e-07,-2.05,2338.931774,7.054634695,15.6303105,12.39368714,6.327320075,0.0,5.316788604,9.134199296,0.0,0.0,25.41401578,13.59242839,0.0,4.567099648,0.0,16.28050901,13.59242839,5.316788604,6.606881965,0.0,12.96557803,12.38631219,0.0,30.33577885,9.883888252,15.6303105,0.0,0.0,0.0,0.0,9.36545068,1.165907029,1.981592971,0.444444444,1,0,0,0,0,0,5,0,0,0,0,0,0,0,0,0,0,0,0,0,0,0,0,318.15,25,Cn1cc[n+](CCCO)c1.N#C[N-]C#N,1.786746927
0.265768141,0.559038309,8.0,2.633932177,3.36e-07,-2.05,2338.931774,7.054634695,15.6303105,12.39368714,6.327320075,0.0,5.316788604,9.134199296,0.0,0.0,25.41401578,13.59242839,0.0,4.567099648,0.0,16.28050901,13.59242839,5.316788604,6.606881965,0.0,12.96557803,12.38631219,0.0,30.33577885,9.883888252,15.6303105,0.0,0.0,0.0,0.0,9.36545068,1.165907029,1.981592971,0.444444444,1,0,0,0,0,0,5,0,0,0,0,0,0,0,0,0,0,0,0,0,0,0,0,328.15,25,Cn1cc[n+](CCCO)c1.N#C[N-]C#N,1.832581464
0.265768141,0.559038309,8.0,2.633932177,3.36e-07,-2.05,2338.931774,7.054634695,15.6303105,12.39368714,6.327320075,0.0,5.316788604,9.134199296,0.0,0.0,25.41401578,13.59242839,0.0,4.567099648,0.0,16.28050901,13.59242839,5.316788604,6.606881965,0.0,12.96557803,12.38631219,0.0,30.33577885,9.883888252,15.6303105,0.0,0.0,0.0,0.0,9.36545068,1.165907029,1.981592971,0.444444444,1,0,0,0,0,0,5,0,0,0,0,0,0,0,0,0,0,0,0,0,0,0,0,338.15,25,Cn1cc[n+](CCCO)c1.N#C[N-]C#N,1.882513832
0.265768141,0.559038309,8.0,2.633932177,3.36e-07,-2.05,2338.931774,7.054634695,15.6303105,12.39368714,6.327320075,0.0,5.316788604,9.134199296,0.0,0.0,25.41401578,13.59242839,0.0,4.567099648,0.0,16.28050901,13.59242839,5.316788604,6.606881965,0.0,12.96557803,12.38631219,0.0,30.33577885,9.883888252,15.6303105,0.0,0.0,0.0,0.0,9.36545068,1.165907029,1.981592971,0.444444444,1,0,0,0,0,0,5,0,0,0,0,0,0,0,0,0,0,0,0,0,0,0,0,348.15,25,Cn1cc[n+](CCCO)c1.N#C[N-]C#N,1.919859472
0.265768141,0.559038309,8.0,2.633932177,3.36e-07,-2.05,2338.931774,7.054634695,15.6303105,12.39368714,6.327320075,0.0,5.316788604,9.134199296,0.0,0.0,25.41401578,13.59242839,0.0,4.567099648,0.0,16.28050901,13.59242839,5.316788604,6.606881965,0.0,12.96557803,12.38631219,0.0,30.33577885,9.883888252,15.6303105,0.0,0.0,0.0,0.0,9.36545068,1.165907029,1.981592971,0.444444444,1,0,0,0,0,0,5,0,0,0,0,0,0,0,0,0,0,0,0,0,0,0,0,358.15,25,Cn1cc[n+](CCCO)c1.N#C[N-]C#N,1.965712776
0.265768141,0.559038309,8.0,2.633932177,3.36e-07,-2.05,2338.931774,7.054634695,15.6303105,12.39368714,6.327320075,0.0,5.316788604,9.134199296,0.0,0.0,25.41401578,13.59242839,0.0,4.567099648,0.0,16.28050901,13.59242839,5.316788604,6.606881965,0.0,12.96557803,12.38631219,0.0,30.33577885,9.883888252,15.6303105,0.0,0.0,0.0,0.0,9.36545068,1.165907029,1.981592971,0.444444444,1,0,0,0,0,0,5,0,0,0,0,0,0,0,0,0,0,0,0,0,0,0,0,368.15,25,Cn1cc[n+](CCCO)c1.N#C[N-]C#N,2.000127735
1.176388889,0.269204266,11.14285714,2.763693975,6.9e-07,-1.005064935,27457.29964,16.94245203,17.26263557,12.39368714,6.327320075,0.0,0.0,9.134199296,0.0,12.84164325,0.0,13.59242839,7.254408353,4.567099648,0.0,11.821508,13.59242839,0.0,0.0,0.0,0.0,57.91132939,0.0,0.0,41.8266157,0.0,0.0,0.0,0.0,0.0,17.59826927,3.451272754,-3.926358656,0.785714286,1,0,0,0,0,0,2,0,0,0,0,0,0,0,0,0,0,0,0,0,0,0,0,313.15,26,CCCCCCCCCC[n+]1ccn(C)c1.F[B-](F)(F)F,0.223143551
1.176388889,0.269204266,11.14285714,2.763693975,6.9e-07,-1.005064935,27457.29964,16.94245203,17.26263557,12.39368714,6.327320075,0.0,0.0,9.134199296,0.0,12.84164325,0.0,13.59242839,7.254408353,4.567099648,0.0,11.821508,13.59242839,0.0,0.0,0.0,0.0,57.91132939,0.0,0.0,41.8266157,0.0,0.0,0.0,0.0,0.0,17.59826927,3.451272754,-3.926358656,0.785714286,1,0,0,0,0,0,2,0,0,0,0,0,0,0,0,0,0,0,0,0,0,0,0,323.15,26,CCCCCCCCCC[n+]1ccn(C)c1.F[B-](F)(F)F,0.198850859
1.176388889,0.269204266,11.14285714,2.763693975,6.9e-07,-1.005064935,27457.29964,16.94245203,17.26263557,12.39368714,6.327320075,0.0,0.0,9.134199296,0.0,12.84164325,0.0,13.59242839,7.254408353,4.567099648,0.0,11.821508,13.59242839,0.0,0.0,0.0,0.0,57.91132939,0.0,0.0,41.8266157,0.0,0.0,0.0,0.0,0.0,17.59826927,3.451272754,-3.926358656,0.785714286,1,0,0,0,0,0,2,0,0,0,0,0,0,0,0,0,0,0,0,0,0,0,0,333.15,26,CCCCCCCCCC[n+]1ccn(C)c1.F[B-](F)(F)F,0.182321557
1.176388889,0.269204266,11.14285714,2.763693975,6.9e-07,-1.005064935,27457.29964,16.94245203,17.26263557,12.39368714,6.327320075,0.0,0.0,9.134199296,0.0,12.84164325,0.0,13.59242839,7.254408353,4.567099648,0.0,11.821508,13.59242839,0.0,0.0,0.0,0.0,57.91132939,0.0,0.0,41.8266157,0.0,0.0,0.0,0.0,0.0,17.59826927,3.451272754,-3.926358656,0.785714286,1,0,0,0,0,0,2,0,0,0,0,0,0,0,0,0,0,0,0,0,0,0,0,343.15,26,CCCCCCCCCC[n+]1ccn(C)c1.F[B-](F)(F)F,0.165514438
1.176388889,0.269204266,11.14285714,2.763693975,6.9e-07,-1.005064935,27457.29964,16.94245203,17.26263557,12.39368714,6.327320075,0.0,0.0,9.134199296,0.0,12.84164325,0.0,13.59242839,7.254408353,4.567099648,0.0,11.821508,13.59242839,0.0,0.0,0.0,0.0,57.91132939,0.0,0.0,41.8266157,0.0,0.0,0.0,0.0,0.0,17.59826927,3.451272754,-3.926358656,0.785714286,1,0,0,0,0,0,2,0,0,0,0,0,0,0,0,0,0,0,0,0,0,0,0,353.15,26,CCCCCCCCCC[n+]1ccn(C)c1.F[B-](F)(F)F,0.148420005
1.176388889,0.269204266,11.14285714,2.763693975,6.9e-07,-1.005064935,27457.29964,16.94245203,17.26263557,12.39368714,6.327320075,0.0,0.0,9.134199296,0.0,12.84164325,0.0,13.59242839,7.254408353,4.567099648,0.0,11.821508,13.59242839,0.0,0.0,0.0,0.0,57.91132939,0.0,0.0,41.8266157,0.0,0.0,0.0,0.0,0.0,17.59826927,3.451272754,-3.926358656,0.785714286,1,0,0,0,0,0,2,0,0,0,0,0,0,0,0,0,0,0,0,0,0,0,0,363.15,26,CCCCCCCCCC[n+]1ccn(C)c1.F[B-](F)(F)F,0.131028262
0.777777778,0.496921815,18.56,2.805862298,4.96e-07,-0.64,80430.04277,7.635924049,13.34729494,6.544756406,0.0,0.0,0.0,16.83559397,0.0,0.0,19.95144079,26.74406676,20.04658231,0.0,0.0,72.73390654,24.78344526,4.127401125,0.0,0.0,10.73428309,36.95894332,7.109797541,0.0,7.047671983,4.736862954,0.0,0.0,0.0,0.0,2.805980726,4.805277778,-9.337647392,1.0,1,0,0,0,0,0,2,0,1,1,0,0,0,1,0,1,0,0,0,0,0,1,0,318.15,27,COCC[N+]1(C)CCCC1.O=S(=O)([N-]S(=O)(=O)C(F)(F)F)C(F)(F)F,0.254642218
0.777777778,0.496921815,18.56,2.805862298,4.96e-07,-0.64,80430.04277,7.635924049,13.34729494,6.544756406,0.0,0.0,0.0,16.83559397,0.0,0.0,19.95144079,26.74406676,20.04658231,0.0,0.0,72.73390654,24.78344526,4.127401125,0.0,0.0,10.73428309,36.95894332,7.109797541,0.0,7.047671983,4.736862954,0.0,0.0,0.0,0.0,2.805980726,4.805277778,-9.337647392,1.0,1,0,0,0,0,0,2,0,1,1,0,0,0,1,0,1,0,0,0,0,0,1,0,328.15,27,COCC[N+]1(C)CCCC1.O=S(=O)([N-]S(=O)(=O)C(F)(F)F)C(F)(F)F,0.277631737
0.777777778,0.496921815,18.56,2.805862298,4.96e-07,-0.64,80430.04277,7.635924049,13.34729494,6.544756406,0.0,0.0,0.0,16.83559397,0.0,0.0,19.95144079,26.74406676,20.04658231,0.0,0.0,72.73390654,24.78344526,4.127401125,0.0,0.0,10.73428309,36.95894332,7.109797541,0.0,7.047671983,4.736862954,0.0,0.0,0.0,0.0,2.805980726,4.805277778,-9.337647392,1.0,1,0,0,0,0,0,2,0,1,1,0,0,0,1,0,1,0,0,0,0,0,1,0,338.15,27,COCC[N+]1(C)CCCC1.O=S(=O)([N-]S(=O)(=O)C(F)(F)F)C(F)(F)F,0.285178942
0.777777778,0.496921815,18.56,2.805862298,4.96e-07,-0.64,80430.04277,7.635924049,13.34729494,6.544756406,0.0,0.0,0.0,16.83559397,0.0,0.0,19.95144079,26.74406676,20.04658231,0.0,0.0,72.73390654,24.78344526,4.127401125,0.0,0.0,10.73428309,36.95894332,7.109797541,0.0,7.047671983,4.736862954,0.0,0.0,0.0,0.0,2.805980726,4.805277778,-9.337647392,1.0,1,0,0,0,0,0,2,0,1,1,0,0,0,1,0,1,0,0,0,0,0,1,0,348.15,27,COCC[N+]1(C)CCCC1.O=S(=O)([N-]S(=O)(=O)C(F)(F)F)C(F)(F)F,0.3074847
0.777777778,0.496921815,18.56,2.805862298,4.96e-07,-0.64,80430.04277,7.635924049,13.34729494,6.544756406,0.0,0.0,0.0,16.83559397,0.0,0.0,19.95144079,26.74406676,20.04658231,0.0,0.0,72.73390654,24.78344526,4.127401125,0.0,0.0,10.73428309,36.95894332,7.109797541,0.0,7.047671983,4.736862954,0.0,0.0,0.0,0.0,2.805980726,4.805277778,-9.337647392,1.0,1,0,0,0,0,0,2,0,1,1,0,0,0,1,0,1,0,0,0,0,0,1,0,358.15,27,COCC[N+]1(C)CCCC1.O=S(=O)([N-]S(=O)(=O)C(F)(F)F)C(F)(F)F,0.31481074
0.777777778,0.496921815,18.56,2.805862298,4.96e-07,-0.64,80430.04277,7.635924049,13.34729494,6.544756406,0.0,0.0,0.0,16.83559397,0.0,0.0,19.95144079,26.74406676,20.04658231,0.0,0.0,72.73390654,24.78344526,4.127401125,0.0,0.0,10.73428309,36.95894332,7.109797541,0.0,7.047671983,4.736862954,0.0,0.0,0.0,0.0,2.805980726,4.805277778,-9.337647392,1.0,1,0,0,0,0,0,2,0,1,1,0,0,0,1,0,1,0,0,0,0,0,1,0,368.15,27,COCC[N+]1(C)CCCC1.O=S(=O)([N-]S(=O)(=O)C(F)(F)F)C(F)(F)F,0.329303747
0.777777778,0.485404428,18.76923077,2.43043765,5.02e-07,-0.64,108815.5545,7.937052261,13.34729494,6.544756406,0.0,0.0,0.0,16.83559397,0.0,19.26246487,7.109797541,26.74406676,20.04658231,0.0,0.0,72.73390654,24.78344526,4.127401125,0.0,0.0,10.73428309,43.37976494,7.109797541,0.0,7.047671983,4.736862954,0.0,0.0,0.0,0.0,4.237351899,4.805277778,-9.309834892,1.0,1,0,0,0,0,0,2,0,1,1,0,0,0,1,0,1,0,0,0,1,0,1,0,318.15,28,COCC[N+]1(C)CCCCC1.O=S(=O)([N-]S(=O)(=O)C(F)(F)F)C(F)(F)F,0.076961041
0.777777778,0.485404428,18.76923077,2.43043765,5.02e-07,-0.64,108815.5545,7.937052261,13.34729494,6.544756406,0.0,0.0,0.0,16.83559397,0.0,19.26246487,7.109797541,26.74406676,20.04658231,0.0,0.0,72.73390654,24.78344526,4.127401125,0.0,0.0,10.73428309,43.37976494,7.109797541,0.0,7.047671983,4.736862954,0.0,0.0,0.0,0.0,4.237351899,4.805277778,-9.309834892,1.0,1,0,0,0,0,0,2,0,1,1,0,0,0,1,0,1,0,0,0,1,0,1,0,328.15,28,COCC[N+]1(C)CCCCC1.O=S(=O)([N-]S(=O)(=O)C(F)(F)F)C(F)(F)F,0.09531018
0.777777778,0.485404428,18.76923077,2.43043765,5.02e-07,-0.64,108815.5545,7.937052261,13.34729494,6.544756406,0.0,0.0,0.0,16.83559397,0.0,19.26246487,7.109797541,26.74406676,20.04658231,0.0,0.0,72.73390654,24.78344526,4.127401125,0.0,0.0,10.73428309,43.37976494,7.109797541,0.0,7.047671983,4.736862954,0.0,0.0,0.0,0.0,4.237351899,4.805277778,-9.309834892,1.0,1,0,0,0,0,0,2,0,1,1,0,0,0,1,0,1,0,0,0,1,0,1,0,338.15,28,COCC[N+]1(C)CCCCC1.O=S(=O)([N-]S(=O)(=O)C(F)(F)F)C(F)(F)F,0.122217633
0.777777778,0.485404428,18.76923077,2.43043765,5.02e-07,-0.64,108815.5545,7.937052261,13.34729494,6.544756406,0.0,0.0,0.0,16.83559397,0.0,19.26246487,7.109797541,26.74406676,20.04658231,0.0,0.0,72.73390654,24.78344526,4.127401125,0.0,0.0,10.73428309,43.37976494,7.109797541,0.0,7.047671983,4.736862954,0.0,0.0,0.0,0.0,4.237351899,4.805277778,-9.309834892,1.0,1,0,0,0,0,0,2,0,1,1,0,0,0,1,0,1,0,0,0,1,0,1,0,348.15,28,COCC[N+]1(C)CCCCC1.O=S(=O)([N-]S(=O)(=O)C(F)(F)F)C(F)(F)F,0.131028262
0.777777778,0.485404428,18.76923077,2.43043765,5.02e-07,-0.64,108815.5545,7.937052261,13.34729494,6.544756406,0.0,0.0,0.0,16.83559397,0.0,19.26246487,7.109797541,26.74406676,20.04658231,0.0,0.0,72.73390654,24.78344526,4.127401125,0.0,0.0,10.73428309,43.37976494,7.109797541,0.0,7.047671983,4.736862954,0.0,0.0,0.0,0.0,4.237351899,4.805277778,-9.309834892,1.0,1,0,0,0,0,0,2,0,1,1,0,0,0,1,0,1,0,0,0,1,0,1,0,358.15,28,COCC[N+]1(C)CCCCC1.O=S(=O)([N-]S(=O)(=O)C(F)(F)F)C(F)(F)F,0.148420005
0.777777778,0.485404428,18.76923077,2.43043765,5.02e-07,-0.64,108815.5545,7.937052261,13.34729494,6.544756406,0.0,0.0,0.0,16.83559397,0.0,19.26246487,7.109797541,26.74406676,20.04658231,0.0,0.0,72.73390654,24.78344526,4.127401125,0.0,0.0,10.73428309,43.37976494,7.109797541,0.0,7.047671983,4.736862954,0.0,0.0,0.0,0.0,4.237351899,4.805277778,-9.309834892,1.0,1,0,0,0,0,0,2,0,1,1,0,0,0,1,0,1,0,0,0,1,0,1,0,368.15,28,COCC[N+]1(C)CCCCC1.O=S(=O)([N-]S(=O)(=O)C(F)(F)F)C(F)(F)F,0.173953307
0.913194444,0.168316686,20.66666667,2.641148102,9.18e-07,-0.91,4684931.891,4.597595782,9.219893811,6.544756406,0.0,0.0,0.0,0.0,0.0,19.26246487,7.109797541,26.74406676,6.876385235,0.0,6.876385235,80.40139983,4.736862954,0.0,0.0,0.0,6.606881965,43.37976494,7.109797541,0.0,7.047671983,4.736862954,0.0,0.0,0.0,0.0,-21.87436878,-10.20050926,4.133220663,1.0,1,0,0,0,0,0,1,0,1,1,0,0,0,1,0,1,0,0,0,1,0,1,0,318.15,29,COCC[N+]1(C)CCCCC1.FC(F)(F)C(F)(F)[P-](F)(F)(F)(C(F)(F)C(F)(F)F)C(F)(F)C(F)(F)F,-0.415515444
0.913194444,0.168316686,20.66666667,2.641148102,9.18e-07,-0.91,4684931.891,4.597595782,9.219893811,6.544756406,0.0,0.0,0.0,0.0,0.0,19.26246487,7.109797541,26.74406676,6.876385235,0.0,6.876385235,80.40139983,4.736862954,0.0,0.0,0.0,6.606881965,43.37976494,7.109797541,0.0,7.047671983,4.736862954,0.0,0.0,0.0,0.0,-21.87436878,-10.20050926,4.133220663,1.0,1,0,0,0,0,0,1,0,1,1,0,0,0,1,0,1,0,0,0,1,0,1,0,328.15,29,COCC[N+]1(C)CCCCC1.FC(F)(F)C(F)(F)[P-](F)(F)(F)(C(F)(F)C(F)(F)F)C(F)(F)C(F)(F)F,-0.348140041
0.913194444,0.168316686,20.66666667,2.641148102,9.18e-07,-0.91,4684931.891,4.597595782,9.219893811,6.544756406,0.0,0.0,0.0,0.0,0.0,19.26246487,7.109797541,26.74406676,6.876385235,0.0,6.876385235,80.40139983,4.736862954,0.0,0.0,0.0,6.606881965,43.37976494,7.109797541,0.0,7.047671983,4.736862954,0.0,0.0,0.0,0.0,-21.87436878,-10.20050926,4.133220663,1.0,1,0,0,0,0,0,1,0,1,1,0,0,0,1,0,1,0,0,0,1,0,1,0,338.15,29,COCC[N+]1(C)CCCCC1.FC(F)(F)C(F)(F)[P-](F)(F)(F)(C(F)(F)C(F)(F)F)C(F)(F)C(F)(F)F,-0.285018955
0.913194444,0.168316686,20.66666667,2.641148102,9.18e-07,-0.91,4684931.891,4.597595782,9.219893811,6.544756406,0.0,0.0,0.0,0.0,0.0,19.26246487,7.109797541,26.74406676,6.876385235,0.0,6.876385235,80.40139983,4.736862954,0.0,0.0,0.0,6.606881965,43.37976494,7.109797541,0.0,7.047671983,4.736862954,0.0,0.0,0.0,0.0,-21.87436878,-10.20050926,4.133220663,1.0,1,0,0,0,0,0,1,0,1,1,0,0,0,1,0,1,0,0,0,1,0,1,0,348.15,29,COCC[N+]1(C)CCCCC1.FC(F)(F)C(F)(F)[P-](F)(F)(F)(C(F)(F)C(F)(F)F)C(F)(F)C(F)(F)F,-0.216913002
0.913194444,0.168316686,20.66666667,2.641148102,9.18e-07,-0.91,4684931.891,4.597595782,9.219893811,6.544756406,0.0,0.0,0.0,0.0,0.0,19.26246487,7.109797541,26.74406676,6.876385235,0.0,6.876385235,80.40139983,4.736862954,0.0,0.0,0.0,6.606881965,43.37976494,7.109797541,0.0,7.047671983,4.736862954,0.0,0.0,0.0,0.0,-21.87436878,-10.20050926,4.133220663,1.0,1,0,0,0,0,0,1,0,1,1,0,0,0,1,0,1,0,0,0,1,0,1,0,358.15,29,COCC[N+]1(C)CCCCC1.FC(F)(F)C(F)(F)[P-](F)(F)(F)(C(F)(F)C(F)(F)F)C(F)(F)C(F)(F)F,-0.163696093
0.913194444,0.168316686,20.66666667,2.641148102,9.18e-07,-0.91,4684931.891,4.597595782,9.219893811,6.544756406,0.0,0.0,0.0,0.0,0.0,19.26246487,7.109797541,26.74406676,6.876385235,0.0,6.876385235,80.40139983,4.736862954,0.0,0.0,0.0,6.606881965,43.37976494,7.109797541,0.0,7.047671983,4.736862954,0.0,0.0,0.0,0.0,-21.87436878,-10.20050926,4.133220663,1.0,1,0,0,0,0,0,1,0,1,1,0,0,0,1,0,1,0,0,0,1,0,1,0,368.15,29,COCC[N+]1(C)CCCCC1.FC(F)(F)C(F)(F)[P-](F)(F)(F)(C(F)(F)C(F)(F)F)C(F)(F)C(F)(F)F,-0.104250021
0.203055556,0.243943018,16.94117647,2.968917955,9.99e-07,-1.66,2183603.529,3.852246508,5.106527395,18.93844355,6.327320075,0.0,0.0,9.134199296,0.0,0.0,0.0,13.65455395,6.876385235,4.567099648,6.876385235,51.80025728,13.59242839,0.0,6.606881965,6.544756406,0.0,0.0,0.0,34.9028785,0.0,5.106527395,0.0,0.0,0.0,0.0,-20.31797068,-14.12134259,1.952256236,0.75,1,0,0,0,0,0,2,0,0,0,0,0,0,0,0,0,0,0,0,0,0,0,0,318.15,30,C[n+]1ccn(CCO)c1.FC(F)(F)C(F)(F)[P-](F)(F)(F)(C(F)(F)C(F)(F)F)C(F)(F)C(F)(F)F,0.482426149
0.203055556,0.243943018,16.94117647,2.968917955,9.99e-07,-1.66,2183603.529,3.852246508,5.106527395,18.93844355,6.327320075,0.0,0.0,9.134199296,0.0,0.0,0.0,13.65455395,6.876385235,4.567099648,6.876385235,51.80025728,13.59242839,0.0,6.606881965,6.544756406,0.0,0.0,0.0,34.9028785,0.0,5.106527395,0.0,0.0,0.0,0.0,-20.31797068,-14.12134259,1.952256236,0.75,1,0,0,0,0,0,2,0,0,0,0,0,0,0,0,0,0,0,0,0,0,0,0,328.15,30,C[n+]1ccn(CCO)c1.FC(F)(F)C(F)(F)[P-](F)(F)(F)(C(F)(F)C(F)(F)F)C(F)(F)C(F)(F)F,0.524728529
0.203055556,0.243943018,16.94117647,2.968917955,9.99e-07,-1.66,2183603.529,3.852246508,5.106527395,18.93844355,6.327320075,0.0,0.0,9.134199296,0.0,0.0,0.0,13.65455395,6.876385235,4.567099648,6.876385235,51.80025728,13.59242839,0.0,6.606881965,6.544756406,0.0,0.0,0.0,34.9028785,0.0,5.106527395,0.0,0.0,0.0,0.0,-20.31797068,-14.12134259,1.952256236,0.75,1,0,0,0,0,0,2,0,0,0,0,0,0,0,0,0,0,0,0,0,0,0,0,338.15,30,C[n+]1ccn(CCO)c1.FC(F)(F)C(F)(F)[P-](F)(F)(F)(C(F)(F)C(F)(F)F)C(F)(F)C(F)(F)F,0.565313809
0.203055556,0.243943018,16.94117647,2.968917955,9.99e-07,-1.66,2183603.529,3.852246508,5.106527395,18.93844355,6.327320075,0.0,0.0,9.134199296,0.0,0.0,0.0,13.65455395,6.876385235,4.567099648,6.876385235,51.80025728,13.59242839,0.0,6.606881965,6.544756406,0.0,0.0,0.0,34.9028785,0.0,5.106527395,0.0,0.0,0.0,0.0,-20.31797068,-14.12134259,1.952256236,0.75,1,0,0,0,0,0,2,0,0,0,0,0,0,0,0,0,0,0,0,0,0,0,0,348.15,30,C[n+]1ccn(CCO)c1.FC(F)(F)C(F)(F)[P-](F)(F)(F)(C(F)(F)C(F)(F)F)C(F)(F)C(F)(F)F,0.604315967
0.203055556,0.243943018,16.94117647,2.968917955,9.99e-07,-1.66,2183603.529,3.852246508,5.106527395,18.93844355,6.327320075,0.0,0.0,9.134199296,0.0,0.0,0.0,13.65455395,6.876385235,4.567099648,6.876385235,51.80025728,13.59242839,0.0,6.606881965,6.544756406,0.0,0.0,0.0,34.9028785,0.0,5.106527395,0.0,0.0,0.0,0.0,-20.31797068,-14.12134259,1.952256236,0.75,1,0,0,0,0,0,2,0,0,0,0,0,0,0,0,0,0,0,0,0,0,0,0,358.15,30,C[n+]1ccn(CCO)c1.FC(F)(F)C(F)(F)[P-](F)(F)(F)(C(F)(F)C(F)(F)F)C(F)(F)C(F)(F)F,0.641853886
0.203055556,0.243943018,16.94117647,2.968917955,9.99e-07,-1.66,2183603.529,3.852246508,5.106527395,18.93844355,6.327320075,0.0,0.0,9.134199296,0.0,0.0,0.0,13.65455395,6.876385235,4.567099648,6.876385235,51.80025728,13.59242839,0.0,6.606881965,6.544756406,0.0,0.0,0.0,34.9028785,0.0,5.106527395,0.0,0.0,0.0,0.0,-20.31797068,-14.12134259,1.952256236,0.75,1,0,0,0,0,0,2,0,0,0,0,0,0,0,0,0,0,0,0,0,0,0,0,368.15,30,C[n+]1ccn(CCO)c1.FC(F)(F)C(F)(F)[P-](F)(F)(F)(C(F)(F)C(F)(F)F)C(F)(F)C(F)(F)F,0.678033543
0.913194444,0.173146817,20.57142857,3.037497754,9.52e-07,-0.91,3449625.45,4.417546848,9.219893811,6.544756406,0.0,0.0,0.0,0.0,0.0,0.0,19.95144079,26.74406676,6.876385235,0.0,6.876385235,80.40139983,4.736862954,0.0,0.0,0.0,6.606881965,36.95894332,7.109797541,0.0,7.047671983,4.736862954,0.0,0.0,0.0,0.0,-23.30573995,-10.20050926,4.105408163,1.0,1,0,0,0,0,0,1,0,1,1,0,0,0,1,0,1,0,0,0,0,0,1,0,318.15,31,COCC[N+]1(C)CCCC1.FC(F)(F)C(F)(F)[P-](F)(F)(F)(C(F)(F)C(F)(F)F)C(F)(F)C(F)(F)F,-0.215671536
0.913194444,0.173146817,20.57142857,3.037497754,9.52e-07,-0.91,3449625.45,4.417546848,9.219893811,6.544756406,0.0,0.0,0.0,0.0,0.0,0.0,19.95144079,26.74406676,6.876385235,0.0,6.876385235,80.40139983,4.736862954,0.0,0.0,0.0,6.606881965,36.95894332,7.109797541,0.0,7.047671983,4.736862954,0.0,0.0,0.0,0.0,-23.30573995,-10.20050926,4.105408163,1.0,1,0,0,0,0,0,1,0,1,1,0,0,0,1,0,1,0,0,0,0,0,1,0,328.15,31,COCC[N+]1(C)CCCC1.FC(F)(F)C(F)(F)[P-](F)(F)(F)(C(F)(F)C(F)(F)F)C(F)(F)C(F)(F)F,-0.155484903
0.913194444,0.173146817,20.57142857,3.037497754,9.52e-07,-0.91,3449625.45,4.417546848,9.219893811,6.544756406,0.0,0.0,0.0,0.0,0.0,0.0,19.95144079,26.74406676,6.876385235,0.0,6.876385235,80.40139983,4.736862954,0.0,0.0,0.0,6.606881965,36.95894332,7.109797541,0.0,7.047671983,4.736862954,0.0,0.0,0.0,0.0,-23.30573995,-10.20050926,4.105408163,1.0,1,0,0,0,0,0,1,0,1,1,0,0,0,1,0,1,0,0,0,0,0,1,0,338.15,31,COCC[N+]1(C)CCCC1.FC(F)(F)C(F)(F)[P-](F)(F)(F)(C(F)(F)C(F)(F)F)C(F)(F)C(F)(F)F,-0.099820335
0.913194444,0.173146817,20.57142857,3.037497754,9.52e-07,-0.91,3449625.45,4.417546848,9.219893811,6.544756406,0.0,0.0,0.0,0.0,0.0,0.0,19.95144079,26.74406676,6.876385235,0.0,6.876385235,80.40139983,4.736862954,0.0,0.0,0.0,6.606881965,36.95894332,7.109797541,0.0,7.047671983,4.736862954,0.0,0.0,0.0,0.0,-23.30573995,-10.20050926,4.105408163,1.0,1,0,0,0,0,0,1,0,1,1,0,0,0,1,0,1,0,0,0,0,0,1,0,348.15,31,COCC[N+]1(C)CCCC1.FC(F)(F)C(F)(F)[P-](F)(F)(F)(C(F)(F)C(F)(F)F)C(F)(F)C(F)(F)F,-0.038740828
0.913194444,0.173146817,20.57142857,3.037497754,9.52e-07,-0.91,3449625.45,4.417546848,9.219893811,6.544756406,0.0,0.0,0.0,0.0,0.0,0.0,19.95144079,26.74406676,6.876385235,0.0,6.876385235,80.40139983,4.736862954,0.0,0.0,0.0,6.606881965,36.95894332,7.109797541,0.0,7.047671983,4.736862954,0.0,0.0,0.0,0.0,-23.30573995,-10.20050926,4.105408163,1.0,1,0,0,0,0,0,1,0,1,1,0,0,0,1,0,1,0,0,0,0,0,1,0,358.15,31,COCC[N+]1(C)CCCC1.FC(F)(F)C(F)(F)[P-](F)(F)(F)(C(F)(F)C(F)(F)F)C(F)(F)C(F)(F)F,0.019802627
0.913194444,0.173146817,20.57142857,3.037497754,9.52e-07,-0.91,3449625.45,4.417546848,9.219893811,6.544756406,0.0,0.0,0.0,0.0,0.0,0.0,19.95144079,26.74406676,6.876385235,0.0,6.876385235,80.40139983,4.736862954,0.0,0.0,0.0,6.606881965,36.95894332,7.109797541,0.0,7.047671983,4.736862954,0.0,0.0,0.0,0.0,-23.30573995,-10.20050926,4.105408163,1.0,1,0,0,0,0,0,1,0,1,1,0,0,0,1,0,1,0,0,0,0,0,1,0,368.15,31,COCC[N+]1(C)CCCC1.FC(F)(F)C(F)(F)[P-](F)(F)(F)(C(F)(F)C(F)(F)F)C(F)(F)C(F)(F)F,0.067658648
0.861944444,0.169841969,17.47058824,2.567574819,0.0,-0.91,1138606.459,4.500097739,9.219893811,6.544756406,0.0,0.0,0.0,0.0,0.0,6.9237372,7.109797541,27.24698234,6.876385235,0.0,6.876385235,80.90431541,4.736862954,0.0,0.0,0.0,17.63466923,6.544756406,7.109797541,0.0,21.01908117,4.736862954,0.0,0.0,0.0,0.0,-26.11172068,-9.679537037,6.160416667,1.0,0,0,0,0,0,0,1,0,1,0,0,0,0,1,0,1,0,0,0,0,0,1,0,318.15,32,CC[N+](C)(C)CCOC.FC(F)(F)C(F)(F)[P-](F)(F)(F)(C(F)(F)C(F)(F)F)C(F)(F)C(F)(F)F,0.048790164
0.861944444,0.169841969,17.47058824,2.567574819,0.0,-0.91,1138606.459,4.500097739,9.219893811,6.544756406,0.0,0.0,0.0,0.0,0.0,6.9237372,7.109797541,27.24698234,6.876385235,0.0,6.876385235,80.90431541,4.736862954,0.0,0.0,0.0,17.63466923,6.544756406,7.109797541,0.0,21.01908117,4.736862954,0.0,0.0,0.0,0.0,-26.11172068,-9.679537037,6.160416667,1.0,0,0,0,0,0,0,1,0,1,0,0,0,0,1,0,1,0,0,0,0,0,1,0,328.15,32,CC[N+](C)(C)CCOC.FC(F)(F)C(F)(F)[P-](F)(F)(F)(C(F)(F)C(F)(F)F)C(F)(F)C(F)(F)F,0.104360015
0.861944444,0.169841969,17.47058824,2.567574819,0.0,-0.91,1138606.459,4.500097739,9.219893811,6.544756406,0.0,0.0,0.0,0.0,0.0,6.9237372,7.109797541,27.24698234,6.876385235,0.0,6.876385235,80.90431541,4.736862954,0.0,0.0,0.0,17.63466923,6.544756406,7.109797541,0.0,21.01908117,4.736862954,0.0,0.0,0.0,0.0,-26.11172068,-9.679537037,6.160416667,1.0,0,0,0,0,0,0,1,0,1,0,0,0,0,1,0,1,0,0,0,0,0,1,0,338.15,32,CC[N+](C)(C)CCOC.FC(F)(F)C(F)(F)[P-](F)(F)(F)(C(F)(F)C(F)(F)F)C(F)(F)C(F)(F)F,0.157003749
0.861944444,0.169841969,17.47058824,2.567574819,0.0,-0.91,1138606.459,4.500097739,9.219893811,6.544756406,0.0,0.0,0.0,0.0,0.0,6.9237372,7.109797541,27.24698234,6.876385235,0.0,6.876385235,80.90431541,4.736862954,0.0,0.0,0.0,17.63466923,6.544756406,7.109797541,0.0,21.01908117,4.736862954,0.0,0.0,0.0,0.0,-26.11172068,-9.679537037,6.160416667,1.0,0,0,0,0,0,0,1,0,1,0,0,0,0,1,0,1,0,0,0,0,0,1,0,348.15,32,CC[N+](C)(C)CCOC.FC(F)(F)C(F)(F)[P-](F)(F)(F)(C(F)(F)C(F)(F)F)C(F)(F)C(F)(F)F,0.198850859
0.861944444,0.169841969,17.47058824,2.567574819,0.0,-0.91,1138606.459,4.500097739,9.219893811,6.544756406,0.0,0.0,0.0,0.0,0.0,6.9237372,7.109797541,27.24698234,6.876385235,0.0,6.876385235,80.90431541,4.736862954,0.0,0.0,0.0,17.63466923,6.544756406,7.109797541,0.0,21.01908117,4.736862954,0.0,0.0,0.0,0.0,-26.11172068,-9.679537037,6.160416667,1.0,0,0,0,0,0,0,1,0,1,0,0,0,0,1,0,1,0,0,0,0,0,1,0,358.15,32,CC[N+](C)(C)CCOC.FC(F)(F)C(F)(F)[P-](F)(F)(F)(C(F)(F)C(F)(F)F)C(F)(F)C(F)(F)F,0.246860078
0.861944444,0.169841969,17.47058824,2.567574819,0.0,-0.91,1138606.459,4.500097739,9.219893811,6.544756406,0.0,0.0,0.0,0.0,0.0,6.9237372,7.109797541,27.24698234,6.876385235,0.0,6.876385235,80.90431541,4.736862954,0.0,0.0,0.0,17.63466923,6.544756406,7.109797541,0.0,21.01908117,4.736862954,0.0,0.0,0.0,0.0,-26.11172068,-9.679537037,6.160416667,1.0,0,0,0,0,0,0,1,0,1,0,0,0,0,1,0,1,0,0,0,0,0,1,0,368.15,32,CC[N+](C)(C)CCOC.FC(F)(F)C(F)(F)[P-](F)(F)(F)(C(F)(F)C(F)(F)F)C(F)(F)C(F)(F)F,0.292669614
0.34375,0.563320498,19.0625,2.664933954,2.93e-07,0.03,2728.892369,6.57762221,23.53046418,6.544756406,0.0,7.822697123,4.565048285,0.0,0.0,0.0,27.06123833,26.74406676,7.822697123,4.893411603,7.822697123,57.0979765,13.61254261,0.0,0.0,6.606881965,25.24738235,25.93115606,0.0,0.0,16.09516631,5.106527395,0.0,9.951388889,0.0,0.0,2.6875,3.817083333,0.399027778,1.0,1,0,0,0,0,0,1,0,1,1,0,0,0,0,0,0,0,1,1,0,0,1,0,318.15,33,COP(=O)([O-])OC.C[N+]1(CCO)CCCC1,1.695615609
0.34375,0.563320498,19.0625,2.664933954,2.93e-07,0.03,2728.892369,6.57762221,23.53046418,6.544756406,0.0,7.822697123,4.565048285,0.0,0.0,0.0,27.06123833,26.74406676,7.822697123,4.893411603,7.822697123,57.0979765,13.61254261,0.0,0.0,6.606881965,25.24738235,25.93115606,0.0,0.0,16.09516631,5.106527395,0.0,9.951388889,0.0,0.0,2.6875,3.817083333,0.399027778,1.0,1,0,0,0,0,0,1,0,1,1,0,0,0,0,0,0,0,1,1,0,0,1,0,328.15,33,COP(=O)([O-])OC.C[N+]1(CCO)CCCC1,1.709283247
0.34375,0.563320498,19.0625,2.664933954,2.93e-07,0.03,2728.892369,6.57762221,23.53046418,6.544756406,0.0,7.822697123,4.565048285,0.0,0.0,0.0,27.06123833,26.74406676,7.822697123,4.893411603,7.822697123,57.0979765,13.61254261,0.0,0.0,6.606881965,25.24738235,25.93115606,0.0,0.0,16.09516631,5.106527395,0.0,9.951388889,0.0,0.0,2.6875,3.817083333,0.399027778,1.0,1,0,0,0,0,0,1,0,1,1,0,0,0,0,0,0,0,1,1,0,0,1,0,338.15,33,COP(=O)([O-])OC.C[N+]1(CCO)CCCC1,1.722766598
0.34375,0.563320498,19.0625,2.664933954,2.93e-07,0.03,2728.892369,6.57762221,23.53046418,6.544756406,0.0,7.822697123,4.565048285,0.0,0.0,0.0,27.06123833,26.74406676,7.822697123,4.893411603,7.822697123,57.0979765,13.61254261,0.0,0.0,6.606881965,25.24738235,25.93115606,0.0,0.0,16.09516631,5.106527395,0.0,9.951388889,0.0,0.0,2.6875,3.817083333,0.399027778,1.0,1,0,0,0,0,0,1,0,1,1,0,0,0,0,0,0,0,1,1,0,0,1,0,348.15,33,COP(=O)([O-])OC.C[N+]1(CCO)CCCC1,1.733423892
0.34375,0.563320498,19.0625,2.664933954,2.93e-07,0.03,2728.892369,6.57762221,23.53046418,6.544756406,0.0,7.822697123,4.565048285,0.0,0.0,0.0,27.06123833,26.74406676,7.822697123,4.893411603,7.822697123,57.0979765,13.61254261,0.0,0.0,6.606881965,25.24738235,25.93115606,0.0,0.0,16.09516631,5.106527395,0.0,9.951388889,0.0,0.0,2.6875,3.817083333,0.399027778,1.0,1,0,0,0,0,0,1,0,1,1,0,0,0,0,0,0,0,1,1,0,0,1,0,358.15,33,COP(=O)([O-])OC.C[N+]1(CCO)CCCC1,1.745715531
0.34375,0.563320498,19.0625,2.664933954,2.93e-07,0.03,2728.892369,6.57762221,23.53046418,6.544756406,0.0,7.822697123,4.565048285,0.0,0.0,0.0,27.06123833,26.74406676,7.822697123,4.893411603,7.822697123,57.0979765,13.61254261,0.0,0.0,6.606881965,25.24738235,25.93115606,0.0,0.0,16.09516631,5.106527395,0.0,9.951388889,0.0,0.0,2.6875,3.817083333,0.399027778,1.0,1,0,0,0,0,0,1,0,1,1,0,0,0,0,0,0,0,1,1,0,0,1,0,368.15,33,COP(=O)([O-])OC.C[N+]1(CCO)CCCC1,1.754403683
0.857638889,0.179874488,20.66666667,2.641148102,9.18e-07,-0.95,4684931.891,4.584856868,13.95675677,19.63426922,0.0,0.0,0.0,0.0,0.0,0.0,7.109797541,26.86831788,6.876385235,0.0,6.876385235,93.61516376,9.473725908,0.0,0.0,0.0,43.93794597,0.0,7.109797541,0.0,7.047671983,9.473725908,0.0,0.0,0.0,0.0,-26.11172068,-8.974528534,4.021970663,1.0,1,0,0,0,0,0,1,0,1,0,0,0,0,2,0,1,1,0,0,0,0,1,0,318.15,34,COCC[N+]1(C)CCOCC1.FC(F)(F)C(F)(F)[P-](F)(F)(F)(C(F)(F)C(F)(F)F)C(F)(F)C(F)(F)F,0.039220713
0.857638889,0.179874488,20.66666667,2.641148102,9.18e-07,-0.95,4684931.891,4.584856868,13.95675677,19.63426922,0.0,0.0,0.0,0.0,0.0,0.0,7.109797541,26.86831788,6.876385235,0.0,6.876385235,93.61516376,9.473725908,0.0,0.0,0.0,43.93794597,0.0,7.109797541,0.0,7.047671983,9.473725908,0.0,0.0,0.0,0.0,-26.11172068,-8.974528534,4.021970663,1.0,1,0,0,0,0,0,1,0,1,0,0,0,0,2,0,1,1,0,0,0,0,1,0,328.15,34,COCC[N+]1(C)CCOCC1.FC(F)(F)C(F)(F)[P-](F)(F)(F)(C(F)(F)C(F)(F)F)C(F)(F)C(F)(F)F,0.086177696
0.857638889,0.179874488,20.66666667,2.641148102,9.18e-07,-0.95,4684931.891,4.584856868,13.95675677,19.63426922,0.0,0.0,0.0,0.0,0.0,0.0,7.109797541,26.86831788,6.876385235,0.0,6.876385235,93.61516376,9.473725908,0.0,0.0,0.0,43.93794597,0.0,7.109797541,0.0,7.047671983,9.473725908,0.0,0.0,0.0,0.0,-26.11172068,-8.974528534,4.021970663,1.0,1,0,0,0,0,0,1,0,1,0,0,0,0,2,0,1,1,0,0,0,0,1,0,338.15,34,COCC[N+]1(C)CCOCC1.FC(F)(F)C(F)(F)[P-](F)(F)(F)(C(F)(F)C(F)(F)F)C(F)(F)C(F)(F)F,0.139761942
0.857638889,0.179874488,20.66666667,2.641148102,9.18e-07,-0.95,4684931.891,4.584856868,13.95675677,19.63426922,0.0,0.0,0.0,0.0,0.0,0.0,7.109797541,26.86831788,6.876385235,0.0,6.876385235,93.61516376,9.473725908,0.0,0.0,0.0,43.93794597,0.0,7.109797541,0.0,7.047671983,9.473725908,0.0,0.0,0.0,0.0,-26.11172068,-8.974528534,4.021970663,1.0,1,0,0,0,0,0,1,0,1,0,0,0,0,2,0,1,1,0,0,0,0,1,0,348.15,34,COCC[N+]1(C)CCOCC1.FC(F)(F)C(F)(F)[P-](F)(F)(F)(C(F)(F)C(F)(F)F)C(F)(F)C(F)(F)F,0.182321557
0.857638889,0.179874488,20.66666667,2.641148102,9.18e-07,-0.95,4684931.891,4.584856868,13.95675677,19.63426922,0.0,0.0,0.0,0.0,0.0,0.0,7.109797541,26.86831788,6.876385235,0.0,6.876385235,93.61516376,9.473725908,0.0,0.0,0.0,43.93794597,0.0,7.109797541,0.0,7.047671983,9.473725908,0.0,0.0,0.0,0.0,-26.11172068,-8.974528534,4.021970663,1.0,1,0,0,0,0,0,1,0,1,0,0,0,0,2,0,1,1,0,0,0,0,1,0,358.15,34,COCC[N+]1(C)CCOCC1.FC(F)(F)C(F)(F)[P-](F)(F)(F)(C(F)(F)C(F)(F)F)C(F)(F)C(F)(F)F,0.223143551
0.857638889,0.179874488,20.66666667,2.641148102,9.18e-07,-0.95,4684931.891,4.584856868,13.95675677,19.63426922,0.0,0.0,0.0,0.0,0.0,0.0,7.109797541,26.86831788,6.876385235,0.0,6.876385235,93.61516376,9.473725908,0.0,0.0,0.0,43.93794597,0.0,7.109797541,0.0,7.047671983,9.473725908,0.0,0.0,0.0,0.0,-26.11172068,-8.974528534,4.021970663,1.0,1,0,0,0,0,0,1,0,1,0,0,0,0,2,0,1,1,0,0,0,0,1,0,368.15,34,COCC[N+]1(C)CCOCC1.FC(F)(F)C(F)(F)[P-](F)(F)(F)(C(F)(F)C(F)(F)F)C(F)(F)C(F)(F)F,0.270027137
1.056388889,0.206217523,17.09090909,2.970314656,1.06e-06,-1.62,1381457.703,3.694682987,0.0,12.39368714,6.327320075,0.0,0.0,9.134199296,0.0,6.9237372,0.0,13.59242839,6.876385235,4.567099648,6.876385235,40.08684792,13.59242839,0.0,0.0,0.0,6.544756406,0.0,0.0,17.8116152,24.01500049,0.0,0.0,0.0,0.0,0.0,-19.96935957,-11.82439815,2.02,0.75,1,0,0,0,0,0,2,0,0,0,0,0,0,0,0,0,0,0,0,0,0,0,0,318.15,35,CCn1cc[n+](C)c1.FC(F)(F)C(F)(F)[P-](F)(F)(F)(C(F)(F)C(F)(F)F)C(F)(F)C(F)(F)F,0.086177696
1.056388889,0.206217523,17.09090909,2.970314656,1.06e-06,-1.62,1381457.703,3.694682987,0.0,12.39368714,6.327320075,0.0,0.0,9.134199296,0.0,6.9237372,0.0,13.59242839,6.876385235,4.567099648,6.876385235,40.08684792,13.59242839,0.0,0.0,0.0,6.544756406,0.0,0.0,17.8116152,24.01500049,0.0,0.0,0.0,0.0,0.0,-19.96935957,-11.82439815,2.02,0.75,1,0,0,0,0,0,2,0,0,0,0,0,0,0,0,0,0,0,0,0,0,0,0,328.15,35,CCn1cc[n+](C)c1.FC(F)(F)C(F)(F)[P-](F)(F)(F)(C(F)(F)C(F)(F)F)C(F)(F)C(F)(F)F,0.148420005
1.056388889,0.206217523,17.09090909,2.970314656,1.06e-06,-1.62,1381457.703,3.694682987,0.0,12.39368714,6.327320075,0.0,0.0,9.134199296,0.0,6.9237372,0.0,13.59242839,6.876385235,4.567099648,6.876385235,40.08684792,13.59242839,0.0,0.0,0.0,6.544756406,0.0,0.0,17.8116152,24.01500049,0.0,0.0,0.0,0.0,0.0,-19.96935957,-11.82439815,2.02,0.75,1,0,0,0,0,0,2,0,0,0,0,0,0,0,0,0,0,0,0,0,0,0,0,338.15,35,CCn1cc[n+](C)c1.FC(F)(F)C(F)(F)[P-](F)(F)(F)(C(F)(F)C(F)(F)F)C(F)(F)C(F)(F)F,0.207014169
1.056388889,0.206217523,17.09090909,2.970314656,1.06e-06,-1.62,1381457.703,3.694682987,0.0,12.39368714,6.327320075,0.0,0.0,9.134199296,0.0,6.9237372,0.0,13.59242839,6.876385235,4.567099648,6.876385235,40.08684792,13.59242839,0.0,0.0,0.0,6.544756406,0.0,0.0,17.8116152,24.01500049,0.0,0.0,0.0,0.0,0.0,-19.96935957,-11.82439815,2.02,0.75,1,0,0,0,0,0,2,0,0,0,0,0,0,0,0,0,0,0,0,0,0,0,0,348.15,35,CCn1cc[n+](C)c1.FC(F)(F)C(F)(F)[P-](F)(F)(F)(C(F)(F)C(F)(F)F)C(F)(F)C(F)(F)F,0.262364264
1.056388889,0.206217523,17.09090909,2.970314656,1.06e-06,-1.62,1381457.703,3.694682987,0.0,12.39368714,6.327320075,0.0,0.0,9.134199296,0.0,6.9237372,0.0,13.59242839,6.876385235,4.567099648,6.876385235,40.08684792,13.59242839,0.0,0.0,0.0,6.544756406,0.0,0.0,17.8116152,24.01500049,0.0,0.0,0.0,0.0,0.0,-19.96935957,-11.82439815,2.02,0.75,1,0,0,0,0,0,2,0,0,0,0,0,0,0,0,0,0,0,0,0,0,0,0,358.15,35,CCn1cc[n+](C)c1.FC(F)(F)C(F)(F)[P-](F)(F)(F)(C(F)(F)C(F)(F)F)C(F)(F)C(F)(F)F,0.31481074
1.056388889,0.206217523,17.09090909,2.970314656,1.06e-06,-1.62,1381457.703,3.694682987,0.0,12.39368714,6.327320075,0.0,0.0,9.134199296,0.0,6.9237372,0.0,13.59242839,6.876385235,4.567099648,6.876385235,40.08684792,13.59242839,0.0,0.0,0.0,6.544756406,0.0,0.0,17.8116152,24.01500049,0.0,0.0,0.0,0.0,0.0,-19.96935957,-11.82439815,2.02,0.75,1,0,0,0,0,0,2,0,0,0,0,0,0,0,0,0,0,0,0,0,0,0,0,368.15,35,CCn1cc[n+](C)c1.FC(F)(F)C(F)(F)[P-](F)(F)(F)(C(F)(F)C(F)(F)F)C(F)(F)C(F)(F)F,0.364643114
0.314183673,0.502460344,18.76923077,2.43043765,5.02e-07,-0.68,108815.5545,7.911629221,18.45382233,13.08951281,0.0,0.0,0.0,16.83559397,0.0,0.0,13.02770359,26.80619232,20.04658231,0.0,0.0,83.94440032,24.78344526,4.127401125,0.0,6.606881965,47.87928675,0.0,0.0,0.0,7.047671983,9.843390349,0.0,0.0,0.0,0.0,0.913194444,5.345649093,-11.20875,1.0,1,0,0,0,0,0,2,0,1,0,0,0,0,1,0,0,1,0,0,0,0,1,0,318.15,36,C[N+]1(CCCO)CCOCC1.O=S(=O)([N-]S(=O)(=O)C(F)(F)F)C(F)(F)F,1.238374231
0.314183673,0.502460344,18.76923077,2.43043765,5.02e-07,-0.68,108815.5545,7.911629221,18.45382233,13.08951281,0.0,0.0,0.0,16.83559397,0.0,0.0,13.02770359,26.80619232,20.04658231,0.0,0.0,83.94440032,24.78344526,4.127401125,0.0,6.606881965,47.87928675,0.0,0.0,0.0,7.047671983,9.843390349,0.0,0.0,0.0,0.0,0.913194444,5.345649093,-11.20875,1.0,1,0,0,0,0,0,2,0,1,0,0,0,0,1,0,0,1,0,0,0,0,1,0,328.15,36,C[N+]1(CCCO)CCOCC1.O=S(=O)([N-]S(=O)(=O)C(F)(F)F)C(F)(F)F,1.255616037
0.314183673,0.502460344,18.76923077,2.43043765,5.02e-07,-0.68,108815.5545,7.911629221,18.45382233,13.08951281,0.0,0.0,0.0,16.83559397,0.0,0.0,13.02770359,26.80619232,20.04658231,0.0,0.0,83.94440032,24.78344526,4.127401125,0.0,6.606881965,47.87928675,0.0,0.0,0.0,7.047671983,9.843390349,0.0,0.0,0.0,0.0,0.913194444,5.345649093,-11.20875,1.0,1,0,0,0,0,0,2,0,1,0,0,0,0,1,0,0,1,0,0,0,0,1,0,338.15,36,C[N+]1(CCCO)CCOCC1.O=S(=O)([N-]S(=O)(=O)C(F)(F)F)C(F)(F)F,1.2753628
0.314183673,0.502460344,18.76923077,2.43043765,5.02e-07,-0.68,108815.5545,7.911629221,18.45382233,13.08951281,0.0,0.0,0.0,16.83559397,0.0,0.0,13.02770359,26.80619232,20.04658231,0.0,0.0,83.94440032,24.78344526,4.127401125,0.0,6.606881965,47.87928675,0.0,0.0,0.0,7.047671983,9.843390349,0.0,0.0,0.0,0.0,0.913194444,5.345649093,-11.20875,1.0,1,0,0,0,0,0,2,0,1,0,0,0,0,1,0,0,1,0,0,0,0,1,0,348.15,36,C[N+]1(CCCO)CCOCC1.O=S(=O)([N-]S(=O)(=O)C(F)(F)F)C(F)(F)F,1.297463147
0.314183673,0.502460344,18.76923077,2.43043765,5.02e-07,-0.68,108815.5545,7.911629221,18.45382233,13.08951281,0.0,0.0,0.0,16.83559397,0.0,0.0,13.02770359,26.80619232,20.04658231,0.0,0.0,83.94440032,24.78344526,4.127401125,0.0,6.606881965,47.87928675,0.0,0.0,0.0,7.047671983,9.843390349,0.0,0.0,0.0,0.0,0.913194444,5.345649093,-11.20875,1.0,1,0,0,0,0,0,2,0,1,0,0,0,0,1,0,0,1,0,0,0,0,1,0,358.15,36,C[N+]1(CCCO)CCOCC1.O=S(=O)([N-]S(=O)(=O)C(F)(F)F)C(F)(F)F,1.313723668
0.314183673,0.502460344,18.76923077,2.43043765,5.02e-07,-0.68,108815.5545,7.911629221,18.45382233,13.08951281,0.0,0.0,0.0,16.83559397,0.0,0.0,13.02770359,26.80619232,20.04658231,0.0,0.0,83.94440032,24.78344526,4.127401125,0.0,6.606881965,47.87928675,0.0,0.0,0.0,7.047671983,9.843390349,0.0,0.0,0.0,0.0,0.913194444,5.345649093,-11.20875,1.0,1,0,0,0,0,0,2,0,1,0,0,0,0,1,0,0,1,0,0,0,0,1,0,368.15,36,C[N+]1(CCCO)CCOCC1.O=S(=O)([N-]S(=O)(=O)C(F)(F)F)C(F)(F)F,1.32972401
0.889722222,0.39231395,7.357142857,2.545467115,2.92e-07,-2.27,1384.73411,5.389460626,10.52378311,18.93844355,6.327320075,0.0,5.316788604,9.134199296,0.0,0.0,12.38631219,7.047671983,0.0,4.567099648,0.0,4.567099648,13.59242839,5.316788604,0.0,0.0,6.544756406,12.38631219,0.0,36.41179896,16.46282394,10.52378311,0.0,0.0,0.0,0.0,10.47208333,4.524852608,1.999591837,0.222222222,1,0,0,0,0,0,5,0,0,0,1,0,0,0,0,0,0,0,0,0,0,0,0,308.15,37,C=CC[n+]1ccn(C)c1.N#C[N-]C#N,1.353254507
0.889722222,0.39231395,7.357142857,2.545467115,2.92e-07,-2.27,1384.73411,5.389460626,10.52378311,18.93844355,6.327320075,0.0,5.316788604,9.134199296,0.0,0.0,12.38631219,7.047671983,0.0,4.567099648,0.0,4.567099648,13.59242839,5.316788604,0.0,0.0,6.544756406,12.38631219,0.0,36.41179896,16.46282394,10.52378311,0.0,0.0,0.0,0.0,10.47208333,4.524852608,1.999591837,0.222222222,1,0,0,0,0,0,5,0,0,0,1,0,0,0,0,0,0,0,0,0,0,0,0,318.15,37,C=CC[n+]1ccn(C)c1.N#C[N-]C#N,1.383791231
0.889722222,0.39231395,7.357142857,2.545467115,2.92e-07,-2.27,1384.73411,5.389460626,10.52378311,18.93844355,6.327320075,0.0,5.316788604,9.134199296,0.0,0.0,12.38631219,7.047671983,0.0,4.567099648,0.0,4.567099648,13.59242839,5.316788604,0.0,0.0,6.544756406,12.38631219,0.0,36.41179896,16.46282394,10.52378311,0.0,0.0,0.0,0.0,10.47208333,4.524852608,1.999591837,0.222222222,1,0,0,0,0,0,5,0,0,0,1,0,0,0,0,0,0,0,0,0,0,0,0,328.15,37,C=CC[n+]1ccn(C)c1.N#C[N-]C#N,1.418277407
0.889722222,0.39231395,7.357142857,2.545467115,2.92e-07,-2.27,1384.73411,5.389460626,10.52378311,18.93844355,6.327320075,0.0,5.316788604,9.134199296,0.0,0.0,12.38631219,7.047671983,0.0,4.567099648,0.0,4.567099648,13.59242839,5.316788604,0.0,0.0,6.544756406,12.38631219,0.0,36.41179896,16.46282394,10.52378311,0.0,0.0,0.0,0.0,10.47208333,4.524852608,1.999591837,0.222222222,1,0,0,0,0,0,5,0,0,0,1,0,0,0,0,0,0,0,0,0,0,0,0,338.15,37,C=CC[n+]1ccn(C)c1.N#C[N-]C#N,1.446918983
0.889722222,0.39231395,7.357142857,2.545467115,2.92e-07,-2.27,1384.73411,5.389460626,10.52378311,18.93844355,6.327320075,0.0,5.316788604,9.134199296,0.0,0.0,12.38631219,7.047671983,0.0,4.567099648,0.0,4.567099648,13.59242839,5.316788604,0.0,0.0,6.544756406,12.38631219,0.0,36.41179896,16.46282394,10.52378311,0.0,0.0,0.0,0.0,10.47208333,4.524852608,1.999591837,0.222222222,1,0,0,0,0,0,5,0,0,0,1,0,0,0,0,0,0,0,0,0,0,0,0,348.15,37,C=CC[n+]1ccn(C)c1.N#C[N-]C#N,1.477048724
0.889722222,0.39231395,7.357142857,2.545467115,2.92e-07,-2.27,1384.73411,5.389460626,10.52378311,18.93844355,6.327320075,0.0,5.316788604,9.134199296,0.0,0.0,12.38631219,7.047671983,0.0,4.567099648,0.0,4.567099648,13.59242839,5.316788604,0.0,0.0,6.544756406,12.38631219,0.0,36.41179896,16.46282394,10.52378311,0.0,0.0,0.0,0.0,10.47208333,4.524852608,1.999591837,0.222222222,1,0,0,0,0,0,5,0,0,0,1,0,0,0,0,0,0,0,0,0,0,0,0,358.15,37,C=CC[n+]1ccn(C)c1.N#C[N-]C#N,1.504077397
0.777777778,0.433461285,13.125,2.715886202,4.96e-07,-1.61,50417.71145,6.481992024,4.127401125,18.93844355,6.327320075,0.0,0.0,25.96979326,0.0,0.0,0.0,7.047671983,20.04658231,4.567099648,0.0,32.41935462,33.6390107,4.127401125,0.0,0.0,10.67215753,0.0,0.0,36.41179896,11.14603533,0.0,0.0,0.0,0.0,0.0,7.909583333,4.524852608,-11.44346372,0.444444444,1,0,0,0,0,0,3,0,0,0,1,0,0,0,0,0,0,0,0,0,0,0,0,318.15,38,C=CC[n+]1ccn(C)c1.O=S(=O)([N-]S(=O)(=O)C(F)(F)F)C(F)(F)F,0.412109651
0.777777778,0.433461285,13.125,2.715886202,4.96e-07,-1.61,50417.71145,6.481992024,4.127401125,18.93844355,6.327320075,0.0,0.0,25.96979326,0.0,0.0,0.0,7.047671983,20.04658231,4.567099648,0.0,32.41935462,33.6390107,4.127401125,0.0,0.0,10.67215753,0.0,0.0,36.41179896,11.14603533,0.0,0.0,0.0,0.0,0.0,7.909583333,4.524852608,-11.44346372,0.444444444,1,0,0,0,0,0,3,0,0,0,1,0,0,0,0,0,0,0,0,0,0,0,0,328.15,38,C=CC[n+]1ccn(C)c1.O=S(=O)([N-]S(=O)(=O)C(F)(F)F)C(F)(F)F,0.463734016
0.777777778,0.433461285,13.125,2.715886202,4.96e-07,-1.61,50417.71145,6.481992024,4.127401125,18.93844355,6.327320075,0.0,0.0,25.96979326,0.0,0.0,0.0,7.047671983,20.04658231,4.567099648,0.0,32.41935462,33.6390107,4.127401125,0.0,0.0,10.67215753,0.0,0.0,36.41179896,11.14603533,0.0,0.0,0.0,0.0,0.0,7.909583333,4.524852608,-11.44346372,0.444444444,1,0,0,0,0,0,3,0,0,0,1,0,0,0,0,0,0,0,0,0,0,0,0,338.15,38,C=CC[n+]1ccn(C)c1.O=S(=O)([N-]S(=O)(=O)C(F)(F)F)C(F)(F)F,0.512823626
0.777777778,0.433461285,13.125,2.715886202,4.96e-07,-1.61,50417.71145,6.481992024,4.127401125,18.93844355,6.327320075,0.0,0.0,25.96979326,0.0,0.0,0.0,7.047671983,20.04658231,4.567099648,0.0,32.41935462,33.6390107,4.127401125,0.0,0.0,10.67215753,0.0,0.0,36.41179896,11.14603533,0.0,0.0,0.0,0.0,0.0,7.909583333,4.524852608,-11.44346372,0.444444444,1,0,0,0,0,0,3,0,0,0,1,0,0,0,0,0,0,0,0,0,0,0,0,348.15,38,C=CC[n+]1ccn(C)c1.O=S(=O)([N-]S(=O)(=O)C(F)(F)F)C(F)(F)F,0.559615788
0.777777778,0.433461285,13.125,2.715886202,4.96e-07,-1.61,50417.71145,6.481992024,4.127401125,18.93844355,6.327320075,0.0,0.0,25.96979326,0.0,0.0,0.0,7.047671983,20.04658231,4.567099648,0.0,32.41935462,33.6390107,4.127401125,0.0,0.0,10.67215753,0.0,0.0,36.41179896,11.14603533,0.0,0.0,0.0,0.0,0.0,7.909583333,4.524852608,-11.44346372,0.444444444,1,0,0,0,0,0,3,0,0,0,1,0,0,0,0,0,0,0,0,0,0,0,0,358.15,38,C=CC[n+]1ccn(C)c1.O=S(=O)([N-]S(=O)(=O)C(F)(F)F)C(F)(F)F,0.604315967
0.777777778,0.433461285,13.125,2.715886202,4.96e-07,-1.61,50417.71145,6.481992024,4.127401125,18.93844355,6.327320075,0.0,0.0,25.96979326,0.0,0.0,0.0,7.047671983,20.04658231,4.567099648,0.0,32.41935462,33.6390107,4.127401125,0.0,0.0,10.67215753,0.0,0.0,36.41179896,11.14603533,0.0,0.0,0.0,0.0,0.0,7.909583333,4.524852608,-11.44346372,0.444444444,1,0,0,0,0,0,3,0,0,0,1,0,0,0,0,0,0,0,0,0,0,0,0,368.15,38,C=CC[n+]1ccn(C)c1.O=S(=O)([N-]S(=O)(=O)C(F)(F)F)C(F)(F)F,0.652325186
1.199624906,0.136239656,10.09677419,3.121853455,1.61e-06,-2.01,5819084.89,17.37204023,10.52378311,12.39368714,0.0,5.824404498,5.316788604,9.134199296,0.0,25.68328649,19.31004939,13.08951281,0.0,4.567099648,0.0,4.567099648,13.08951281,5.316788604,0.0,0.0,0.0,134.0333755,0.0,0.0,47.61588664,10.52378311,0.0,0.0,1.440640361,0.0,29.59777721,9.270449168,0.0,0.807692308,1,0,0,0,0,0,5,0,0,0,0,0,0,0,0,0,0,0,0,0,0,0,0,358.15,39,CCCCCCCCCCn1cc[n+](CCCCCCCCCC)c1C.N#C[N-]C#N,-0.247180129
1.199624906,0.136239656,10.09677419,3.121853455,1.61e-06,-2.01,5819084.89,17.37204023,10.52378311,12.39368714,0.0,5.824404498,5.316788604,9.134199296,0.0,25.68328649,19.31004939,13.08951281,0.0,4.567099648,0.0,4.567099648,13.08951281,5.316788604,0.0,0.0,0.0,134.0333755,0.0,0.0,47.61588664,10.52378311,0.0,0.0,1.440640361,0.0,29.59777721,9.270449168,0.0,0.807692308,1,0,0,0,0,0,5,0,0,0,0,0,0,0,0,0,0,0,0,0,0,0,0,368.15,39,CCCCCCCCCCn1cc[n+](CCCCCCCCCC)c1C.N#C[N-]C#N,-0.199671195
1.199624906,0.136239656,10.09677419,3.121853455,1.61e-06,-2.01,5819084.89,17.37204023,10.52378311,12.39368714,0.0,5.824404498,5.316788604,9.134199296,0.0,25.68328649,19.31004939,13.08951281,0.0,4.567099648,0.0,4.567099648,13.08951281,5.316788604,0.0,0.0,0.0,134.0333755,0.0,0.0,47.61588664,10.52378311,0.0,0.0,1.440640361,0.0,29.59777721,9.270449168,0.0,0.807692308,1,0,0,0,0,0,5,0,0,0,0,0,0,0,0,0,0,0,0,0,0,0,0,378.15,39,CCCCCCCCCCn1cc[n+](CCCCCCCCCC)c1C.N#C[N-]C#N,-0.15431736
1.199624906,0.136239656,10.09677419,3.121853455,1.61e-06,-2.01,5819084.89,17.37204023,10.52378311,12.39368714,0.0,5.824404498,5.316788604,9.134199296,0.0,25.68328649,19.31004939,13.08951281,0.0,4.567099648,0.0,4.567099648,13.08951281,5.316788604,0.0,0.0,0.0,134.0333755,0.0,0.0,47.61588664,10.52378311,0.0,0.0,1.440640361,0.0,29.59777721,9.270449168,0.0,0.807692308,1,0,0,0,0,0,5,0,0,0,0,0,0,0,0,0,0,0,0,0,0,0,0,388.15,39,CCCCCCCCCCn1cc[n+](CCCCCCCCCC)c1C.N#C[N-]C#N,-0.113168698
1.199624906,0.136239656,10.09677419,3.121853455,1.61e-06,-2.01,5819084.89,17.37204023,10.52378311,12.39368714,0.0,5.824404498,5.316788604,9.134199296,0.0,25.68328649,19.31004939,13.08951281,0.0,4.567099648,0.0,4.567099648,13.08951281,5.316788604,0.0,0.0,0.0,134.0333755,0.0,0.0,47.61588664,10.52378311,0.0,0.0,1.440640361,0.0,29.59777721,9.270449168,0.0,0.807692308,1,0,0,0,0,0,5,0,0,0,0,0,0,0,0,0,0,0,0,0,0,0,0,398.15,39,CCCCCCCCCCn1cc[n+](CCCCCCCCCC)c1C.N#C[N-]C#N,-0.072570693
1.199624906,0.136239656,10.09677419,3.121853455,1.61e-06,-2.01,5819084.89,17.37204023,10.52378311,12.39368714,0.0,5.824404498,5.316788604,9.134199296,0.0,25.68328649,19.31004939,13.08951281,0.0,4.567099648,0.0,4.567099648,13.08951281,5.316788604,0.0,0.0,0.0,134.0333755,0.0,0.0,47.61588664,10.52378311,0.0,0.0,1.440640361,0.0,29.59777721,9.270449168,0.0,0.807692308,1,0,0,0,0,0,5,0,0,0,0,0,0,0,0,0,0,0,0,0,0,0,0,408.15,39,CCCCCCCCCCn1cc[n+](CCCCCCCCCC)c1C.N#C[N-]C#N,-0.034591445
0.0,0.423557047,9.692307692,2.454306357,1.44e-06,-0.5,711.7488434,4.936385256,12.40703316,12.39368714,6.327320075,0.0,0.0,9.134199296,0.0,12.84164325,0.0,13.59242839,0.0,16.97413281,0.0,4.567099648,13.59242839,0.0,12.40703316,0.0,0.0,32.2280429,0.0,0.0,41.8266157,0.0,0.0,0.0,0.0,0.0,11.69987733,3.413194444,2.05807831,0.7,1,0,0,0,0,0,2,0,0,0,0,0,0,0,0,0,0,0,0,0,0,0,0,313.15,40,CCCCCC[n+]1ccn(C)c1.[Cl-],1.230809458
0.0,0.423557047,9.692307692,2.454306357,1.44e-06,-0.5,711.7488434,4.936385256,12.40703316,12.39368714,6.327320075,0.0,0.0,9.134199296,0.0,12.84164325,0.0,13.59242839,0.0,16.97413281,0.0,4.567099648,13.59242839,0.0,12.40703316,0.0,0.0,32.2280429,0.0,0.0,41.8266157,0.0,0.0,0.0,0.0,0.0,11.69987733,3.413194444,2.05807831,0.7,1,0,0,0,0,0,2,0,0,0,0,0,0,0,0,0,0,0,0,0,0,0,0,323.15,40,CCCCCC[n+]1ccn(C)c1.[Cl-],1.204172784
0.0,0.423557047,9.692307692,2.454306357,1.44e-06,-0.5,711.7488434,4.936385256,12.40703316,12.39368714,6.327320075,0.0,0.0,9.134199296,0.0,12.84164325,0.0,13.59242839,0.0,16.97413281,0.0,4.567099648,13.59242839,0.0,12.40703316,0.0,0.0,32.2280429,0.0,0.0,41.8266157,0.0,0.0,0.0,0.0,0.0,11.69987733,3.413194444,2.05807831,0.7,1,0,0,0,0,0,2,0,0,0,0,0,0,0,0,0,0,0,0,0,0,0,0,333.15,40,CCCCCC[n+]1ccn(C)c1.[Cl-],1.1814204
0.0,0.423557047,9.692307692,2.454306357,1.44e-06,-0.5,711.7488434,4.936385256,12.40703316,12.39368714,6.327320075,0.0,0.0,9.134199296,0.0,12.84164325,0.0,13.59242839,0.0,16.97413281,0.0,4.567099648,13.59242839,0.0,12.40703316,0.0,0.0,32.2280429,0.0,0.0,41.8266157,0.0,0.0,0.0,0.0,0.0,11.69987733,3.413194444,2.05807831,0.7,1,0,0,0,0,0,2,0,0,0,0,0,0,0,0,0,0,0,0,0,0,0,0,343.15,40,CCCCCC[n+]1ccn(C)c1.[Cl-],1.161587088
0.0,0.423557047,9.692307692,2.454306357,1.44e-06,-0.5,711.7488434,4.936385256,12.40703316,12.39368714,6.327320075,0.0,0.0,9.134199296,0.0,12.84164325,0.0,13.59242839,0.0,16.97413281,0.0,4.567099648,13.59242839,0.0,12.40703316,0.0,0.0,32.2280429,0.0,0.0,41.8266157,0.0,0.0,0.0,0.0,0.0,11.69987733,3.413194444,2.05807831,0.7,1,0,0,0,0,0,2,0,0,0,0,0,0,0,0,0,0,0,0,0,0,0,0,353.15,40,CCCCCC[n+]1ccn(C)c1.[Cl-],1.147719863
0.0,0.423557047,9.692307692,2.454306357,1.44e-06,-0.5,711.7488434,4.936385256,12.40703316,12.39368714,6.327320075,0.0,0.0,9.134199296,0.0,12.84164325,0.0,13.59242839,0.0,16.97413281,0.0,4.567099648,13.59242839,0.0,12.40703316,0.0,0.0,32.2280429,0.0,0.0,41.8266157,0.0,0.0,0.0,0.0,0.0,11.69987733,3.413194444,2.05807831,0.7,1,0,0,0,0,0,2,0,0,0,0,0,0,0,0,0,0,0,0,0,0,0,0,363.15,40,CCCCCC[n+]1ccn(C)c1.[Cl-],1.137191771
1.28125,0.527635676,16.8,2.6518431,3.36e-07,-1.26,2227.548204,6.763679555,15.00681397,0.0,0.0,0.0,5.316788604,0.0,0.0,6.420821623,25.22795544,26.6819412,0.0,0.0,0.0,31.16497206,0.0,5.316788604,0.0,0.0,0.0,62.18689876,0.0,0.0,19.28819779,10.52378311,0.0,0.0,0.0,0.0,8.247786281,6.554297052,2.405416667,0.818181818,1,0,0,0,0,0,4,0,0,1,0,0,0,0,0,0,0,0,0,0,0,1,0,313.15,41,CCCC[N+]1(C)CCCC1.N#C[N-]C#N,0.39877612
1.28125,0.527635676,16.8,2.6518431,3.36e-07,-1.26,2227.548204,6.763679555,15.00681397,0.0,0.0,0.0,5.316788604,0.0,0.0,6.420821623,25.22795544,26.6819412,0.0,0.0,0.0,31.16497206,0.0,5.316788604,0.0,0.0,0.0,62.18689876,0.0,0.0,19.28819779,10.52378311,0.0,0.0,0.0,0.0,8.247786281,6.554297052,2.405416667,0.818181818,1,0,0,0,0,0,4,0,0,1,0,0,0,0,0,0,0,0,0,0,0,1,0,323.15,41,CCCC[N+]1(C)CCCC1.N#C[N-]C#N,0.431782416
1.28125,0.527635676,16.8,2.6518431,3.36e-07,-1.26,2227.548204,6.763679555,15.00681397,0.0,0.0,0.0,5.316788604,0.0,0.0,6.420821623,25.22795544,26.6819412,0.0,0.0,0.0,31.16497206,0.0,5.316788604,0.0,0.0,0.0,62.18689876,0.0,0.0,19.28819779,10.52378311,0.0,0.0,0.0,0.0,8.247786281,6.554297052,2.405416667,0.818181818,1,0,0,0,0,0,4,0,0,1,0,0,0,0,0,0,0,0,0,0,0,1,0,343.15,41,CCCC[N+]1(C)CCCC1.N#C[N-]C#N,0.530628251
1.28125,0.527635676,16.8,2.6518431,3.36e-07,-1.26,2227.548204,6.763679555,15.00681397,0.0,0.0,0.0,5.316788604,0.0,0.0,6.420821623,25.22795544,26.6819412,0.0,0.0,0.0,31.16497206,0.0,5.316788604,0.0,0.0,0.0,62.18689876,0.0,0.0,19.28819779,10.52378311,0.0,0.0,0.0,0.0,8.247786281,6.554297052,2.405416667,0.818181818,1,0,0,0,0,0,4,0,0,1,0,0,0,0,0,0,0,0,0,0,0,1,0,363.15,41,CCCC[N+]1(C)CCCC1.N#C[N-]C#N,0.587786665
1.28125,0.527635676,16.8,2.6518431,3.36e-07,-1.26,2227.548204,6.763679555,15.00681397,0.0,0.0,0.0,5.316788604,0.0,0.0,6.420821623,25.22795544,26.6819412,0.0,0.0,0.0,31.16497206,0.0,5.316788604,0.0,0.0,0.0,62.18689876,0.0,0.0,19.28819779,10.52378311,0.0,0.0,0.0,0.0,8.247786281,6.554297052,2.405416667,0.818181818,1,0,0,0,0,0,4,0,0,1,0,0,0,0,0,0,0,0,0,0,0,1,0,373.15,41,CCCC[N+]1(C)CCCC1.N#C[N-]C#N,0.641853886
0.125771605,0.584073325,10.88235294,2.646091416,3.02e-07,-0.68,4437.495304,8.098717988,13.94090593,12.39368714,6.327320075,7.822697123,4.565048285,9.134199296,0.0,20.7712116,0.0,26.80619232,7.822697123,9.460511251,7.822697123,17.78086358,27.204971,0.0,13.21376393,0.0,6.544756406,0.0,13.8474744,17.8116152,33.06249482,0.0,0.0,10.41388889,0.0,0.0,6.142361111,6.606682099,-1.922515432,0.7,1,0,0,0,0,0,2,0,0,0,0,0,0,0,0,0,0,1,1,0,0,0,0,303.15,42,CCOP(=O)([O-])OCC.CC[n+]1ccn(C)c1,1.609837832
0.125771605,0.584073325,10.88235294,2.646091416,3.02e-07,-0.68,4437.495304,8.098717988,13.94090593,12.39368714,6.327320075,7.822697123,4.565048285,9.134199296,0.0,20.7712116,0.0,26.80619232,7.822697123,9.460511251,7.822697123,17.78086358,27.204971,0.0,13.21376393,0.0,6.544756406,0.0,13.8474744,17.8116152,33.06249482,0.0,0.0,10.41388889,0.0,0.0,6.142361111,6.606682099,-1.922515432,0.7,1,0,0,0,0,0,2,0,0,0,0,0,0,0,0,0,0,1,1,0,0,0,0,313.15,42,CCOP(=O)([O-])OCC.CC[n+]1ccn(C)c1,1.606633985
0.125771605,0.584073325,10.88235294,2.646091416,3.02e-07,-0.68,4437.495304,8.098717988,13.94090593,12.39368714,6.327320075,7.822697123,4.565048285,9.134199296,0.0,20.7712116,0.0,26.80619232,7.822697123,9.460511251,7.822697123,17.78086358,27.204971,0.0,13.21376393,0.0,6.544756406,0.0,13.8474744,17.8116152,33.06249482,0.0,0.0,10.41388889,0.0,0.0,6.142361111,6.606682099,-1.922515432,0.7,1,0,0,0,0,0,2,0,0,0,0,0,0,0,0,0,0,1,1,0,0,0,0,323.15,42,CCOP(=O)([O-])OCC.CC[n+]1ccn(C)c1,1.601808885
0.125771605,0.584073325,10.88235294,2.646091416,3.02e-07,-0.68,4437.495304,8.098717988,13.94090593,12.39368714,6.327320075,7.822697123,4.565048285,9.134199296,0.0,20.7712116,0.0,26.80619232,7.822697123,9.460511251,7.822697123,17.78086358,27.204971,0.0,13.21376393,0.0,6.544756406,0.0,13.8474744,17.8116152,33.06249482,0.0,0.0,10.41388889,0.0,0.0,6.142361111,6.606682099,-1.922515432,0.7,1,0,0,0,0,0,2,0,0,0,0,0,0,0,0,0,0,1,1,0,0,0,0,333.15,42,CCOP(=O)([O-])OCC.CC[n+]1ccn(C)c1,1.596960391
0.125771605,0.584073325,10.88235294,2.646091416,3.02e-07,-0.68,4437.495304,8.098717988,13.94090593,12.39368714,6.327320075,7.822697123,4.565048285,9.134199296,0.0,20.7712116,0.0,26.80619232,7.822697123,9.460511251,7.822697123,17.78086358,27.204971,0.0,13.21376393,0.0,6.544756406,0.0,13.8474744,17.8116152,33.06249482,0.0,0.0,10.41388889,0.0,0.0,6.142361111,6.606682099,-1.922515432,0.7,1,0,0,0,0,0,2,0,0,0,0,0,0,0,0,0,0,1,1,0,0,0,0,343.15,42,CCOP(=O)([O-])OCC.CC[n+]1ccn(C)c1,1.591477587
1.038966049,0.50396101,10.64285714,2.510082582,2.41e-07,-0.68,1004.033033,5.879220998,13.94090593,12.39368714,6.327320075,7.822697123,4.565048285,9.134199296,0.0,0.0,14.21959508,14.09534397,7.822697123,9.460511251,7.822697123,18.78669473,27.70788657,0.0,0.0,0.0,14.21959508,0.0,0.0,41.95055048,9.047494323,0.0,0.0,9.951388889,0.0,0.0,6.0,0.0,2.173611111,0.571428571,1,0,0,0,0,0,2,0,0,0,0,0,0,0,0,0,0,1,1,0,0,0,0,323.15,43,COP(=O)([O-])OC.Cn1cc[n+](C)c1,1.890397439
1.038966049,0.50396101,10.64285714,2.510082582,2.41e-07,-0.68,1004.033033,5.879220998,13.94090593,12.39368714,6.327320075,7.822697123,4.565048285,9.134199296,0.0,0.0,14.21959508,14.09534397,7.822697123,9.460511251,7.822697123,18.78669473,27.70788657,0.0,0.0,0.0,14.21959508,0.0,0.0,41.95055048,9.047494323,0.0,0.0,9.951388889,0.0,0.0,6.0,0.0,2.173611111,0.571428571,1,0,0,0,0,0,2,0,0,0,0,0,0,0,0,0,0,1,1,0,0,0,0,333.15,43,COP(=O)([O-])OC.Cn1cc[n+](C)c1,1.888281036
1.038966049,0.50396101,10.64285714,2.510082582,2.41e-07,-0.68,1004.033033,5.879220998,13.94090593,12.39368714,6.327320075,7.822697123,4.565048285,9.134199296,0.0,0.0,14.21959508,14.09534397,7.822697123,9.460511251,7.822697123,18.78669473,27.70788657,0.0,0.0,0.0,14.21959508,0.0,0.0,41.95055048,9.047494323,0.0,0.0,9.951388889,0.0,0.0,6.0,0.0,2.173611111,0.571428571,1,0,0,0,0,0,2,0,0,0,0,0,0,0,0,0,0,1,1,0,0,0,0,343.15,43,COP(=O)([O-])OC.Cn1cc[n+](C)c1,1.886615
1.038966049,0.50396101,10.64285714,2.510082582,2.41e-07,-0.68,1004.033033,5.879220998,13.94090593,12.39368714,6.327320075,7.822697123,4.565048285,9.134199296,0.0,0.0,14.21959508,14.09534397,7.822697123,9.460511251,7.822697123,18.78669473,27.70788657,0.0,0.0,0.0,14.21959508,0.0,0.0,41.95055048,9.047494323,0.0,0.0,9.951388889,0.0,0.0,6.0,0.0,2.173611111,0.571428571,1,0,0,0,0,0,2,0,0,0,0,0,0,0,0,0,0,1,1,0,0,0,0,353.15,43,COP(=O)([O-])OC.Cn1cc[n+](C)c1,1.884186709
1.038966049,0.50396101,10.64285714,2.510082582,2.41e-07,-0.68,1004.033033,5.879220998,13.94090593,12.39368714,6.327320075,7.822697123,4.565048285,9.134199296,0.0,0.0,14.21959508,14.09534397,7.822697123,9.460511251,7.822697123,18.78669473,27.70788657,0.0,0.0,0.0,14.21959508,0.0,0.0,41.95055048,9.047494323,0.0,0.0,9.951388889,0.0,0.0,6.0,0.0,2.173611111,0.571428571,1,0,0,0,0,0,2,0,0,0,0,0,0,0,0,0,0,1,1,0,0,0,0,363.15,43,COP(=O)([O-])OC.Cn1cc[n+](C)c1,1.882666028
0.125771605,0.347153872,11.95833333,2.549867055,0.0,0.54,82041.97248,14.84716287,13.94090593,0.0,0.0,7.822697123,4.565048285,0.0,0.0,40.03367647,7.262479191,37.86140404,15.08517631,4.893411603,15.08517631,37.86140404,13.61254261,0.0,13.21376393,0.0,0.0,44.68683977,32.33320448,0.0,36.74244312,0.0,0.0,10.41388889,0.0,0.0,14.86720144,12.89027542,-4.469143519,1.0,0,0,0,0,0,0,0,0,0,0,0,0,0,0,0,0,0,1,1,0,0,0,0,328.15,44,CCCC[P+](CC)(CCCC)CCCC.CCOP(=O)([O-])OCC,-0.029428811
0.125771605,0.347153872,11.95833333,2.549867055,0.0,0.54,82041.97248,14.84716287,13.94090593,0.0,0.0,7.822697123,4.565048285,0.0,0.0,40.03367647,7.262479191,37.86140404,15.08517631,4.893411603,15.08517631,37.86140404,13.61254261,0.0,13.21376393,0.0,0.0,44.68683977,32.33320448,0.0,36.74244312,0.0,0.0,10.41388889,0.0,0.0,14.86720144,12.89027542,-4.469143519,1.0,0,0,0,0,0,0,0,0,0,0,0,0,0,0,0,0,0,1,1,0,0,0,0,338.15,44,CCCC[P+](CC)(CCCC)CCCC.CCOP(=O)([O-])OCC,-0.025317808
0.125771605,0.347153872,11.95833333,2.549867055,0.0,0.54,82041.97248,14.84716287,13.94090593,0.0,0.0,7.822697123,4.565048285,0.0,0.0,40.03367647,7.262479191,37.86140404,15.08517631,4.893411603,15.08517631,37.86140404,13.61254261,0.0,13.21376393,0.0,0.0,44.68683977,32.33320448,0.0,36.74244312,0.0,0.0,10.41388889,0.0,0.0,14.86720144,12.89027542,-4.469143519,1.0,0,0,0,0,0,0,0,0,0,0,0,0,0,0,0,0,0,1,1,0,0,0,0,348.15,44,CCCC[P+](CC)(CCCC)CCCC.CCOP(=O)([O-])OCC,-0.020202707
0.125771605,0.347153872,11.95833333,2.549867055,0.0,0.54,82041.97248,14.84716287,13.94090593,0.0,0.0,7.822697123,4.565048285,0.0,0.0,40.03367647,7.262479191,37.86140404,15.08517631,4.893411603,15.08517631,37.86140404,13.61254261,0.0,13.21376393,0.0,0.0,44.68683977,32.33320448,0.0,36.74244312,0.0,0.0,10.41388889,0.0,0.0,14.86720144,12.89027542,-4.469143519,1.0,0,0,0,0,0,0,0,0,0,0,0,0,0,0,0,0,0,1,1,0,0,0,0,358.15,44,CCCC[P+](CC)(CCCC)CCCC.CCOP(=O)([O-])OCC,-0.017146159
0.125771605,0.347153872,11.95833333,2.549867055,0.0,0.54,82041.97248,14.84716287,13.94090593,0.0,0.0,7.822697123,4.565048285,0.0,0.0,40.03367647,7.262479191,37.86140404,15.08517631,4.893411603,15.08517631,37.86140404,13.61254261,0.0,13.21376393,0.0,0.0,44.68683977,32.33320448,0.0,36.74244312,0.0,0.0,10.41388889,0.0,0.0,14.86720144,12.89027542,-4.469143519,1.0,0,0,0,0,0,0,0,0,0,0,0,0,0,0,0,0,0,1,1,0,0,0,0,368.15,44,CCCC[P+](CC)(CCCC)CCCC.CCOP(=O)([O-])OCC,-0.01308524
1.150972222,0.574856782,8.0,2.283694313,3.85e-07,-2.07,3160.632929,7.344775652,10.52378311,6.544756406,0.0,0.0,5.316788604,4.567099648,0.0,12.99010427,30.43695237,0.0,0.0,4.567099648,0.0,0.0,6.544756406,5.316788604,0.0,0.0,6.544756406,30.79140693,0.0,0.0,48.25778393,10.52378311,0.0,0.0,0.0,4.22960223,9.41704554,5.497006803,0.0,0.416666667,1,0,0,0,0,0,4,0,0,0,0,0,0,0,0,0,0,0,0,0,1,0,0,328.15,45,CCCC[n+]1cccc(C)c1.N#C[N-]C#N,0.329303747
1.150972222,0.574856782,8.0,2.283694313,3.85e-07,-2.07,3160.632929,7.344775652,10.52378311,6.544756406,0.0,0.0,5.316788604,4.567099648,0.0,12.99010427,30.43695237,0.0,0.0,4.567099648,0.0,0.0,6.544756406,5.316788604,0.0,0.0,6.544756406,30.79140693,0.0,0.0,48.25778393,10.52378311,0.0,0.0,0.0,4.22960223,9.41704554,5.497006803,0.0,0.416666667,1,0,0,0,0,0,4,0,0,0,0,0,0,0,0,0,0,0,0,0,1,0,0,338.15,45,CCCC[n+]1cccc(C)c1.N#C[N-]C#N,0.364643114
1.150972222,0.574856782,8.0,2.283694313,3.85e-07,-2.07,3160.632929,7.344775652,10.52378311,6.544756406,0.0,0.0,5.316788604,4.567099648,0.0,12.99010427,30.43695237,0.0,0.0,4.567099648,0.0,0.0,6.544756406,5.316788604,0.0,0.0,6.544756406,30.79140693,0.0,0.0,48.25778393,10.52378311,0.0,0.0,0.0,4.22960223,9.41704554,5.497006803,0.0,0.416666667,1,0,0,0,0,0,4,0,0,0,0,0,0,0,0,0,0,0,0,0,1,0,0,348.15,45,CCCC[n+]1cccc(C)c1.N#C[N-]C#N,0.39877612
1.150972222,0.574856782,8.0,2.283694313,3.85e-07,-2.07,3160.632929,7.344775652,10.52378311,6.544756406,0.0,0.0,5.316788604,4.567099648,0.0,12.99010427,30.43695237,0.0,0.0,4.567099648,0.0,0.0,6.544756406,5.316788604,0.0,0.0,6.544756406,30.79140693,0.0,0.0,48.25778393,10.52378311,0.0,0.0,0.0,4.22960223,9.41704554,5.497006803,0.0,0.416666667,1,0,0,0,0,0,4,0,0,0,0,0,0,0,0,0,0,0,0,0,1,0,0,358.15,45,CCCC[n+]1cccc(C)c1.N#C[N-]C#N,0.431782416
1.150972222,0.574856782,8.0,2.283694313,3.85e-07,-2.07,3160.632929,7.344775652,10.52378311,6.544756406,0.0,0.0,5.316788604,4.567099648,0.0,12.99010427,30.43695237,0.0,0.0,4.567099648,0.0,0.0,6.544756406,5.316788604,0.0,0.0,6.544756406,30.79140693,0.0,0.0,48.25778393,10.52378311,0.0,0.0,0.0,4.22960223,9.41704554,5.497006803,0.0,0.416666667,1,0,0,0,0,0,4,0,0,0,0,0,0,0,0,0,0,0,0,0,1,0,0,368.15,45,CCCC[n+]1cccc(C)c1.N#C[N-]C#N,0.463734016
0.777777778,0.459739881,14.0,2.417015975,0.0,-0.64,47508.866,9.027531756,13.34729494,6.544756406,0.0,0.0,0.0,16.83559397,0.0,13.8474744,7.109797541,26.74406676,20.04658231,0.0,0.0,72.73390654,24.78344526,4.127401125,0.0,0.0,21.76207035,13.08951281,7.109797541,0.0,20.89514638,4.736862954,0.0,0.0,0.0,0.0,0.0,8.833055556,-9.420555556,1.0,0,0,0,0,0,0,2,0,1,0,0,0,0,1,0,1,0,0,0,0,0,1,0,318.15,46,CC[N+](C)(CC)CCOC.O=S(=O)([N-]S(=O)(=O)C(F)(F)F)C(F)(F)F,0.262364264
0.777777778,0.459739881,14.0,2.417015975,0.0,-0.64,47508.866,9.027531756,13.34729494,6.544756406,0.0,0.0,0.0,16.83559397,0.0,13.8474744,7.109797541,26.74406676,20.04658231,0.0,0.0,72.73390654,24.78344526,4.127401125,0.0,0.0,21.76207035,13.08951281,7.109797541,0.0,20.89514638,4.736862954,0.0,0.0,0.0,0.0,0.0,8.833055556,-9.420555556,1.0,0,0,0,0,0,0,2,0,1,0,0,0,0,1,0,1,0,0,0,0,0,1,0,328.15,46,CC[N+](C)(CC)CCOC.O=S(=O)([N-]S(=O)(=O)C(F)(F)F)C(F)(F)F,0.262364264
0.777777778,0.459739881,14.0,2.417015975,0.0,-0.64,47508.866,9.027531756,13.34729494,6.544756406,0.0,0.0,0.0,16.83559397,0.0,13.8474744,7.109797541,26.74406676,20.04658231,0.0,0.0,72.73390654,24.78344526,4.127401125,0.0,0.0,21.76207035,13.08951281,7.109797541,0.0,20.89514638,4.736862954,0.0,0.0,0.0,0.0,0.0,8.833055556,-9.420555556,1.0,0,0,0,0,0,0,2,0,1,0,0,0,0,1,0,1,0,0,0,0,0,1,0,338.15,46,CC[N+](C)(CC)CCOC.O=S(=O)([N-]S(=O)(=O)C(F)(F)F)C(F)(F)F,0.270027137
0.777777778,0.459739881,14.0,2.417015975,0.0,-0.64,47508.866,9.027531756,13.34729494,6.544756406,0.0,0.0,0.0,16.83559397,0.0,13.8474744,7.109797541,26.74406676,20.04658231,0.0,0.0,72.73390654,24.78344526,4.127401125,0.0,0.0,21.76207035,13.08951281,7.109797541,0.0,20.89514638,4.736862954,0.0,0.0,0.0,0.0,0.0,8.833055556,-9.420555556,1.0,0,0,0,0,0,0,2,0,1,0,0,0,0,1,0,1,0,0,0,0,0,1,0,348.15,46,CC[N+](C)(CC)CCOC.O=S(=O)([N-]S(=O)(=O)C(F)(F)F)C(F)(F)F,0.292669614
0.777777778,0.459739881,14.0,2.417015975,0.0,-0.64,47508.866,9.027531756,13.34729494,6.544756406,0.0,0.0,0.0,16.83559397,0.0,13.8474744,7.109797541,26.74406676,20.04658231,0.0,0.0,72.73390654,24.78344526,4.127401125,0.0,0.0,21.76207035,13.08951281,7.109797541,0.0,20.89514638,4.736862954,0.0,0.0,0.0,0.0,0.0,8.833055556,-9.420555556,1.0,0,0,0,0,0,0,2,0,1,0,0,0,0,1,0,1,0,0,0,0,0,1,0,358.15,46,CC[N+](C)(CC)CCOC.O=S(=O)([N-]S(=O)(=O)C(F)(F)F)C(F)(F)F,0.3074847
0.265768141,0.413293995,8.384615385,2.492801241,4.24e-07,-1.12,830.1028134,6.078857259,17.73531654,12.39368714,6.327320075,0.0,0.0,14.39609085,0.0,0.0,13.02770359,13.59242839,12.62878915,4.567099648,0.0,16.28050901,26.22121754,0.0,6.606881965,0.0,12.96557803,5.401253297,0.0,30.33577885,17.1958888,10.36841895,3.699074074,0.0,0.0,0.0,6.80295068,1.165907029,1.981592971,0.5,1,0,0,0,0,0,3,0,0,0,0,0,0,0,0,0,0,0,0,0,0,0,1,318.15,47,Cn1cc[n+](CCCO)c1.N#C[S-],1.989243274
0.265768141,0.413293995,8.384615385,2.492801241,4.24e-07,-1.12,830.1028134,6.078857259,17.73531654,12.39368714,6.327320075,0.0,0.0,14.39609085,0.0,0.0,13.02770359,13.59242839,12.62878915,4.567099648,0.0,16.28050901,26.22121754,0.0,6.606881965,0.0,12.96557803,5.401253297,0.0,30.33577885,17.1958888,10.36841895,3.699074074,0.0,0.0,0.0,6.80295068,1.165907029,1.981592971,0.5,1,0,0,0,0,0,3,0,0,0,0,0,0,0,0,0,0,0,0,0,0,0,1,328.15,47,Cn1cc[n+](CCCO)c1.N#C[S-],1.996059933
0.265768141,0.413293995,8.384615385,2.492801241,4.24e-07,-1.12,830.1028134,6.078857259,17.73531654,12.39368714,6.327320075,0.0,0.0,14.39609085,0.0,0.0,13.02770359,13.59242839,12.62878915,4.567099648,0.0,16.28050901,26.22121754,0.0,6.606881965,0.0,12.96557803,5.401253297,0.0,30.33577885,17.1958888,10.36841895,3.699074074,0.0,0.0,0.0,6.80295068,1.165907029,1.981592971,0.5,1,0,0,0,0,0,3,0,0,0,0,0,0,0,0,0,0,0,0,0,0,0,1,338.15,47,Cn1cc[n+](CCCO)c1.N#C[S-],2.002830439
0.265768141,0.413293995,8.384615385,2.492801241,4.24e-07,-1.12,830.1028134,6.078857259,17.73531654,12.39368714,6.327320075,0.0,0.0,14.39609085,0.0,0.0,13.02770359,13.59242839,12.62878915,4.567099648,0.0,16.28050901,26.22121754,0.0,6.606881965,0.0,12.96557803,5.401253297,0.0,30.33577885,17.1958888,10.36841895,3.699074074,0.0,0.0,0.0,6.80295068,1.165907029,1.981592971,0.5,1,0,0,0,0,0,3,0,0,0,0,0,0,0,0,0,0,0,0,0,0,0,1,348.15,47,Cn1cc[n+](CCCO)c1.N#C[S-],2.008214032
0.265768141,0.413293995,8.384615385,2.492801241,4.24e-07,-1.12,830.1028134,6.078857259,17.73531654,12.39368714,6.327320075,0.0,0.0,14.39609085,0.0,0.0,13.02770359,13.59242839,12.62878915,4.567099648,0.0,16.28050901,26.22121754,0.0,6.606881965,0.0,12.96557803,5.401253297,0.0,30.33577885,17.1958888,10.36841895,3.699074074,0.0,0.0,0.0,6.80295068,1.165907029,1.981592971,0.5,1,0,0,0,0,0,3,0,0,0,0,0,0,0,0,0,0,0,0,0,0,0,1,358.15,47,Cn1cc[n+](CCCO)c1.N#C[S-],2.014903021
0.203055556,0.512670478,7.714285714,2.545467115,2.92e-07,-2.05,1384.73411,5.581273962,15.6303105,18.93844355,6.327320075,0.0,5.316788604,9.134199296,0.0,0.0,12.38631219,13.65455395,0.0,4.567099648,0.0,16.28050901,13.59242839,5.316788604,6.606881965,6.544756406,0.0,12.38631219,0.0,34.9028785,5.316788604,15.6303105,0.0,0.0,0.0,0.0,8.35625,0.884444444,1.952256236,0.375,1,0,0,0,0,0,5,0,0,0,0,0,0,0,0,0,0,0,0,0,0,0,0,318.15,48,Cn1cc[n+](CCO)c1.N#C[N-]C#N,1.975468951
0.203055556,0.512670478,7.714285714,2.545467115,2.92e-07,-2.05,1384.73411,5.581273962,15.6303105,18.93844355,6.327320075,0.0,5.316788604,9.134199296,0.0,0.0,12.38631219,13.65455395,0.0,4.567099648,0.0,16.28050901,13.59242839,5.316788604,6.606881965,6.544756406,0.0,12.38631219,0.0,34.9028785,5.316788604,15.6303105,0.0,0.0,0.0,0.0,8.35625,0.884444444,1.952256236,0.375,1,0,0,0,0,0,5,0,0,0,0,0,0,0,0,0,0,0,0,0,0,0,0,328.15,48,Cn1cc[n+](CCO)c1.N#C[N-]C#N,1.978239036
0.203055556,0.512670478,7.714285714,2.545467115,2.92e-07,-2.05,1384.73411,5.581273962,15.6303105,18.93844355,6.327320075,0.0,5.316788604,9.134199296,0.0,0.0,12.38631219,13.65455395,0.0,4.567099648,0.0,16.28050901,13.59242839,5.316788604,6.606881965,6.544756406,0.0,12.38631219,0.0,34.9028785,5.316788604,15.6303105,0.0,0.0,0.0,0.0,8.35625,0.884444444,1.952256236,0.375,1,0,0,0,0,0,5,0,0,0,0,0,0,0,0,0,0,0,0,0,0,0,0,338.15,48,Cn1cc[n+](CCO)c1.N#C[N-]C#N,1.979621206
0.203055556,0.512670478,7.714285714,2.545467115,2.92e-07,-2.05,1384.73411,5.581273962,15.6303105,18.93844355,6.327320075,0.0,5.316788604,9.134199296,0.0,0.0,12.38631219,13.65455395,0.0,4.567099648,0.0,16.28050901,13.59242839,5.316788604,6.606881965,6.544756406,0.0,12.38631219,0.0,34.9028785,5.316788604,15.6303105,0.0,0.0,0.0,0.0,8.35625,0.884444444,1.952256236,0.375,1,0,0,0,0,0,5,0,0,0,0,0,0,0,0,0,0,0,0,0,0,0,0,348.15,48,Cn1cc[n+](CCO)c1.N#C[N-]C#N,1.983756292
0.203055556,0.512670478,7.714285714,2.545467115,2.92e-07,-2.05,1384.73411,5.581273962,15.6303105,18.93844355,6.327320075,0.0,5.316788604,9.134199296,0.0,0.0,12.38631219,13.65455395,0.0,4.567099648,0.0,16.28050901,13.59242839,5.316788604,6.606881965,6.544756406,0.0,12.38631219,0.0,34.9028785,5.316788604,15.6303105,0.0,0.0,0.0,0.0,8.35625,0.884444444,1.952256236,0.375,1,0,0,0,0,0,5,0,0,0,0,0,0,0,0,0,0,0,0,0,0,0,0,358.15,48,Cn1cc[n+](CCO)c1.N#C[N-]C#N,1.985130862
0.675277778,0.413873917,7.714285714,2.545467115,2.92e-07,-1.72,1384.73411,5.870733058,10.52378311,18.93844355,6.327320075,0.0,5.316788604,9.134199296,11.60093989,0.0,12.38631219,12.92767543,11.60093989,4.567099648,11.60093989,10.44710309,13.59242839,5.316788604,0.0,5.880003445,6.544756406,12.38631219,0.0,34.9028785,5.316788604,22.124723,5.51521353,0.0,0.675277778,0.0,8.559830247,0.891265432,1.990804989,0.375,1,0,0,0,0,0,5,0,0,0,0,0,0,0,0,0,0,0,0,0,0,0,0,318.15,49,Cn1cc[n+](CCCl)c1.N#C[N-]C#N,2.124653885
0.675277778,0.413873917,7.714285714,2.545467115,2.92e-07,-1.72,1384.73411,5.870733058,10.52378311,18.93844355,6.327320075,0.0,5.316788604,9.134199296,11.60093989,0.0,12.38631219,12.92767543,11.60093989,4.567099648,11.60093989,10.44710309,13.59242839,5.316788604,0.0,5.880003445,6.544756406,12.38631219,0.0,34.9028785,5.316788604,22.124723,5.51521353,0.0,0.675277778,0.0,8.559830247,0.891265432,1.990804989,0.375,1,0,0,0,0,0,5,0,0,0,0,0,0,0,0,0,0,0,0,0,0,0,0,328.15,49,Cn1cc[n+](CCCl)c1.N#C[N-]C#N,2.111424588
0.675277778,0.413873917,7.714285714,2.545467115,2.92e-07,-1.72,1384.73411,5.870733058,10.52378311,18.93844355,6.327320075,0.0,5.316788604,9.134199296,11.60093989,0.0,12.38631219,12.92767543,11.60093989,4.567099648,11.60093989,10.44710309,13.59242839,5.316788604,0.0,5.880003445,6.544756406,12.38631219,0.0,34.9028785,5.316788604,22.124723,5.51521353,0.0,0.675277778,0.0,8.559830247,0.891265432,1.990804989,0.375,1,0,0,0,0,0,5,0,0,0,0,0,0,0,0,0,0,0,0,0,0,0,0,338.15,49,Cn1cc[n+](CCCl)c1.N#C[N-]C#N,2.090628731
0.675277778,0.413873917,7.714285714,2.545467115,2.92e-07,-1.72,1384.73411,5.870733058,10.52378311,18.93844355,6.327320075,0.0,5.316788604,9.134199296,11.60093989,0.0,12.38631219,12.92767543,11.60093989,4.567099648,11.60093989,10.44710309,13.59242839,5.316788604,0.0,5.880003445,6.544756406,12.38631219,0.0,34.9028785,5.316788604,22.124723,5.51521353,0.0,0.675277778,0.0,8.559830247,0.891265432,1.990804989,0.375,1,0,0,0,0,0,5,0,0,0,0,0,0,0,0,0,0,0,0,0,0,0,0,348.15,49,Cn1cc[n+](CCCl)c1.N#C[N-]C#N,2.075684493
0.675277778,0.413873917,7.714285714,2.545467115,2.92e-07,-1.72,1384.73411,5.870733058,10.52378311,18.93844355,6.327320075,0.0,5.316788604,9.134199296,11.60093989,0.0,12.38631219,12.92767543,11.60093989,4.567099648,11.60093989,10.44710309,13.59242839,5.316788604,0.0,5.880003445,6.544756406,12.38631219,0.0,34.9028785,5.316788604,22.124723,5.51521353,0.0,0.675277778,0.0,8.559830247,0.891265432,1.990804989,0.375,1,0,0,0,0,0,5,0,0,0,0,0,0,0,0,0,0,0,0,0,0,0,0,358.15,49,Cn1cc[n+](CCCl)c1.N#C[N-]C#N,2.060513532
0.0,0.481208342,9.0,2.165879683,8.1e-07,-0.31,147.2798185,2.518544061,16.98145085,12.39368714,6.327320075,0.0,0.0,9.134199296,0.0,6.420821623,0.0,13.59242839,0.0,21.5485505,0.0,4.567099648,13.59242839,0.0,16.98145085,0.0,6.544756406,6.420821623,0.0,7.047671983,34.77894371,0.0,0.0,0.0,0.0,0.0,7.427916667,3.306388889,2.033888889,0.571428571,1,0,0,0,0,0,2,0,0,0,0,0,0,0,0,0,0,0,0,0,0,0,0,323.15,50,CCCn1cc[n+](C)c1.[Br-],0.604315967
0.0,0.481208342,9.0,2.165879683,8.1e-07,-0.31,147.2798185,2.518544061,16.98145085,12.39368714,6.327320075,0.0,0.0,9.134199296,0.0,6.420821623,0.0,13.59242839,0.0,21.5485505,0.0,4.567099648,13.59242839,0.0,16.98145085,0.0,6.544756406,6.420821623,0.0,7.047671983,34.77894371,0.0,0.0,0.0,0.0,0.0,7.427916667,3.306388889,2.033888889,0.571428571,1,0,0,0,0,0,2,0,0,0,0,0,0,0,0,0,0,0,0,0,0,0,0,333.15,50,CCCn1cc[n+](C)c1.[Br-],0.652325186
0.0,0.481208342,9.0,2.165879683,8.1e-07,-0.31,147.2798185,2.518544061,16.98145085,12.39368714,6.327320075,0.0,0.0,9.134199296,0.0,6.420821623,0.0,13.59242839,0.0,21.5485505,0.0,4.567099648,13.59242839,0.0,16.98145085,0.0,6.544756406,6.420821623,0.0,7.047671983,34.77894371,0.0,0.0,0.0,0.0,0.0,7.427916667,3.306388889,2.033888889,0.571428571,1,0,0,0,0,0,2,0,0,0,0,0,0,0,0,0,0,0,0,0,0,0,0,343.15,50,CCCn1cc[n+](C)c1.[Br-],0.693147181
0.0,0.481208342,9.0,2.165879683,8.1e-07,-0.31,147.2798185,2.518544061,16.98145085,12.39368714,6.327320075,0.0,0.0,9.134199296,0.0,6.420821623,0.0,13.59242839,0.0,21.5485505,0.0,4.567099648,13.59242839,0.0,16.98145085,0.0,6.544756406,6.420821623,0.0,7.047671983,34.77894371,0.0,0.0,0.0,0.0,0.0,7.427916667,3.306388889,2.033888889,0.571428571,1,0,0,0,0,0,2,0,0,0,0,0,0,0,0,0,0,0,0,0,0,0,0,353.15,50,CCCn1cc[n+](C)c1.[Br-],0.732367894
0.0,0.481208342,9.0,2.165879683,8.1e-07,-0.31,147.2798185,2.518544061,16.98145085,12.39368714,6.327320075,0.0,0.0,9.134199296,0.0,6.420821623,0.0,13.59242839,0.0,21.5485505,0.0,4.567099648,13.59242839,0.0,16.98145085,0.0,6.544756406,6.420821623,0.0,7.047671983,34.77894371,0.0,0.0,0.0,0.0,0.0,7.427916667,3.306388889,2.033888889,0.571428571,1,0,0,0,0,0,2,0,0,0,0,0,0,0,0,0,0,0,0,0,0,0,0,363.15,50,CCCn1cc[n+](C)c1.[Br-],0.774727168
1.150138889,0.424788927,10.8,2.445635406,3.36e-07,-1.005064935,1357.32765,10.91851685,17.26263557,12.39368714,6.327320075,0.0,0.0,9.134199296,0.0,6.420821623,0.0,13.59242839,7.254408353,4.567099648,0.0,11.821508,13.59242839,0.0,0.0,0.0,6.544756406,12.84164325,0.0,7.047671983,34.77894371,0.0,0.0,0.0,0.0,0.0,8.817018141,3.361944444,-3.955907029,0.625,1,0,0,0,0,0,2,0,0,0,0,0,0,0,0,0,0,0,0,0,0,0,0,303.15,51,CCCC[n+]1ccn(C)c1.F[B-](F)(F)F,0.827240915
1.150138889,0.424788927,10.8,2.445635406,3.36e-07,-1.005064935,1357.32765,10.91851685,17.26263557,12.39368714,6.327320075,0.0,0.0,9.134199296,0.0,6.420821623,0.0,13.59242839,7.254408353,4.567099648,0.0,11.821508,13.59242839,0.0,0.0,0.0,6.544756406,12.84164325,0.0,7.047671983,34.77894371,0.0,0.0,0.0,0.0,0.0,8.817018141,3.361944444,-3.955907029,0.625,1,0,0,0,0,0,2,0,0,0,0,0,0,0,0,0,0,0,0,0,0,0,0,313.15,51,CCCC[n+]1ccn(C)c1.F[B-](F)(F)F,0.829861004
1.150138889,0.424788927,10.8,2.445635406,3.36e-07,-1.005064935,1357.32765,10.91851685,17.26263557,12.39368714,6.327320075,0.0,0.0,9.134199296,0.0,6.420821623,0.0,13.59242839,7.254408353,4.567099648,0.0,11.821508,13.59242839,0.0,0.0,0.0,6.544756406,12.84164325,0.0,7.047671983,34.77894371,0.0,0.0,0.0,0.0,0.0,8.817018141,3.361944444,-3.955907029,0.625,1,0,0,0,0,0,2,0,0,0,0,0,0,0,0,0,0,0,0,0,0,0,0,323.15,51,CCCC[n+]1ccn(C)c1.F[B-](F)(F)F,0.849723488
1.150138889,0.424788927,10.8,2.445635406,3.36e-07,-1.005064935,1357.32765,10.91851685,17.26263557,12.39368714,6.327320075,0.0,0.0,9.134199296,0.0,6.420821623,0.0,13.59242839,7.254408353,4.567099648,0.0,11.821508,13.59242839,0.0,0.0,0.0,6.544756406,12.84164325,0.0,7.047671983,34.77894371,0.0,0.0,0.0,0.0,0.0,8.817018141,3.361944444,-3.955907029,0.625,1,0,0,0,0,0,2,0,0,0,0,0,0,0,0,0,0,0,0,0,0,0,0,333.15,51,CCCC[n+]1ccn(C)c1.F[B-](F)(F)F,0.880041599
1.150138889,0.424788927,10.8,2.445635406,3.36e-07,-1.005064935,1357.32765,10.91851685,17.26263557,12.39368714,6.327320075,0.0,0.0,9.134199296,0.0,6.420821623,0.0,13.59242839,7.254408353,4.567099648,0.0,11.821508,13.59242839,0.0,0.0,0.0,6.544756406,12.84164325,0.0,7.047671983,34.77894371,0.0,0.0,0.0,0.0,0.0,8.817018141,3.361944444,-3.955907029,0.625,1,0,0,0,0,0,2,0,0,0,0,0,0,0,0,0,0,0,0,0,0,0,0,343.15,51,CCCC[n+]1ccn(C)c1.F[B-](F)(F)F,0.906240396
0.421527778,0.535794125,19.03125,2.594645876,3.82e-07,-1.57,1893785.321,5.668490776,4.127401125,0.0,0.0,0.0,14.79222419,16.83559397,0.0,0.0,12.84164325,33.22669761,26.00613688,4.992404733,0.0,88.68338494,20.04658231,4.127401125,0.0,4.127401125,6.544756406,38.43546703,0.0,0.0,21.83989618,0.0,0.0,8.212777778,1.349537037,0.0,-11.40698106,4.84162037,-13.07337963,0.916666667,2,0,0,0,0,0,3,1,0,0,0,1,0,0,1,0,0,0,0,0,0,0,0,318.15,52,CN1CCCN2CCC[NH+]=C12.O=S(=O)([N-]S(=O)(=O)C(F)(F)C(F)(F)F)C(F)(F)C(F)(F)F,-0.007024615
0.421527778,0.535794125,19.03125,2.594645876,3.82e-07,-1.57,1893785.321,5.668490776,4.127401125,0.0,0.0,0.0,14.79222419,16.83559397,0.0,0.0,12.84164325,33.22669761,26.00613688,4.992404733,0.0,88.68338494,20.04658231,4.127401125,0.0,4.127401125,6.544756406,38.43546703,0.0,0.0,21.83989618,0.0,0.0,8.212777778,1.349537037,0.0,-11.40698106,4.84162037,-13.07337963,0.916666667,2,0,0,0,0,0,3,1,0,0,0,1,0,0,1,0,0,0,0,0,0,0,0,328.15,52,CN1CCCN2CCC[NH+]=C12.O=S(=O)([N-]S(=O)(=O)C(F)(F)C(F)(F)F)C(F)(F)C(F)(F)F,0.019802627
0.421527778,0.535794125,19.03125,2.594645876,3.82e-07,-1.57,1893785.321,5.668490776,4.127401125,0.0,0.0,0.0,14.79222419,16.83559397,0.0,0.0,12.84164325,33.22669761,26.00613688,4.992404733,0.0,88.68338494,20.04658231,4.127401125,0.0,4.127401125,6.544756406,38.43546703,0.0,0.0,21.83989618,0.0,0.0,8.212777778,1.349537037,0.0,-11.40698106,4.84162037,-13.07337963,0.916666667,2,0,0,0,0,0,3,1,0,0,0,1,0,0,1,0,0,0,0,0,0,0,0,338.15,52,CN1CCCN2CCC[NH+]=C12.O=S(=O)([N-]S(=O)(=O)C(F)(F)C(F)(F)F)C(F)(F)C(F)(F)F,0.048790164
0.421527778,0.535794125,19.03125,2.594645876,3.82e-07,-1.57,1893785.321,5.668490776,4.127401125,0.0,0.0,0.0,14.79222419,16.83559397,0.0,0.0,12.84164325,33.22669761,26.00613688,4.992404733,0.0,88.68338494,20.04658231,4.127401125,0.0,4.127401125,6.544756406,38.43546703,0.0,0.0,21.83989618,0.0,0.0,8.212777778,1.349537037,0.0,-11.40698106,4.84162037,-13.07337963,0.916666667,2,0,0,0,0,0,3,1,0,0,0,1,0,0,1,0,0,0,0,0,0,0,0,348.15,52,CN1CCCN2CCC[NH+]=C12.O=S(=O)([N-]S(=O)(=O)C(F)(F)C(F)(F)F)C(F)(F)C(F)(F)F,0.076961041
1.149583333,0.430669346,10.625,2.144211443,3.85e-07,-1.065064935,1886.90607,11.01224508,17.26263557,6.544756406,0.0,0.0,0.0,4.567099648,0.0,12.48718869,18.55355576,0.0,7.254408353,4.567099648,0.0,7.254408353,6.544756406,0.0,0.0,0.0,6.544756406,18.40509474,0.0,0.0,42.94099533,0.0,0.0,0.0,0.0,4.296944444,6.823998724,5.481836026,-6.0,0.5,1,0,0,0,0,0,1,0,0,0,0,0,0,0,0,0,0,0,0,0,1,0,0,313.0,53,CCCC[n+]1ccc(C)cc1.F[B-](F)(F)F,0.683096845
1.149583333,0.430669346,10.625,2.144211443,3.85e-07,-1.065064935,1886.90607,11.01224508,17.26263557,6.544756406,0.0,0.0,0.0,4.567099648,0.0,12.48718869,18.55355576,0.0,7.254408353,4.567099648,0.0,7.254408353,6.544756406,0.0,0.0,0.0,6.544756406,18.40509474,0.0,0.0,42.94099533,0.0,0.0,0.0,0.0,4.296944444,6.823998724,5.481836026,-6.0,0.5,1,0,0,0,0,0,1,0,0,0,0,0,0,0,0,0,0,0,0,0,1,0,0,323.0,53,CCCC[n+]1ccc(C)cc1.F[B-](F)(F)F,0.702602339
1.149583333,0.430669346,10.625,2.144211443,3.85e-07,-1.065064935,1886.90607,11.01224508,17.26263557,6.544756406,0.0,0.0,0.0,4.567099648,0.0,12.48718869,18.55355576,0.0,7.254408353,4.567099648,0.0,7.254408353,6.544756406,0.0,0.0,0.0,6.544756406,18.40509474,0.0,0.0,42.94099533,0.0,0.0,0.0,0.0,4.296944444,6.823998724,5.481836026,-6.0,0.5,1,0,0,0,0,0,1,0,0,0,0,0,0,0,0,0,0,0,0,0,1,0,0,333.0,53,CCCC[n+]1ccc(C)cc1.F[B-](F)(F)F,0.719302138
1.149583333,0.430669346,10.625,2.144211443,3.85e-07,-1.065064935,1886.90607,11.01224508,17.26263557,6.544756406,0.0,0.0,0.0,4.567099648,0.0,12.48718869,18.55355576,0.0,7.254408353,4.567099648,0.0,7.254408353,6.544756406,0.0,0.0,0.0,6.544756406,18.40509474,0.0,0.0,42.94099533,0.0,0.0,0.0,0.0,4.296944444,6.823998724,5.481836026,-6.0,0.5,1,0,0,0,0,0,1,0,0,0,0,0,0,0,0,0,0,0,0,0,1,0,0,343.0,53,CCCC[n+]1ccc(C)cc1.F[B-](F)(F)F,0.734289124
0.777777778,0.565457906,13.375,2.659341659,4.96e-07,-1.35,46464.01747,5.62490516,4.127401125,12.39368714,0.0,5.824404498,0.0,25.96979326,0.0,6.9237372,6.9237372,13.59242839,20.04658231,4.567099648,0.0,32.41935462,33.6390107,4.127401125,0.0,0.0,10.67215753,5.824404498,0.0,0.0,42.42303282,0.0,0.0,0.0,1.303240741,0.0,4.16087963,5.322592593,-11.38601852,0.666666667,1,0,0,0,0,0,3,0,0,0,0,0,0,0,0,0,0,0,0,0,0,0,0,313.0,54,CC[n+]1ccn(C)c1C.O=S(=O)([N-]S(=O)(=O)C(F)(F)F)C(F)(F)F,0.39877612
0.777777778,0.565457906,13.375,2.659341659,4.96e-07,-1.35,46464.01747,5.62490516,4.127401125,12.39368714,0.0,5.824404498,0.0,25.96979326,0.0,6.9237372,6.9237372,13.59242839,20.04658231,4.567099648,0.0,32.41935462,33.6390107,4.127401125,0.0,0.0,10.67215753,5.824404498,0.0,0.0,42.42303282,0.0,0.0,0.0,1.303240741,0.0,4.16087963,5.322592593,-11.38601852,0.666666667,1,0,0,0,0,0,3,0,0,0,0,0,0,0,0,0,0,0,0,0,0,0,0,323.0,54,CC[n+]1ccn(C)c1C.O=S(=O)([N-]S(=O)(=O)C(F)(F)F)C(F)(F)F,0.406797553
0.777777778,0.565457906,13.375,2.659341659,4.96e-07,-1.35,46464.01747,5.62490516,4.127401125,12.39368714,0.0,5.824404498,0.0,25.96979326,0.0,6.9237372,6.9237372,13.59242839,20.04658231,4.567099648,0.0,32.41935462,33.6390107,4.127401125,0.0,0.0,10.67215753,5.824404498,0.0,0.0,42.42303282,0.0,0.0,0.0,1.303240741,0.0,4.16087963,5.322592593,-11.38601852,0.666666667,1,0,0,0,0,0,3,0,0,0,0,0,0,0,0,0,0,0,0,0,0,0,0,333.0,54,CC[n+]1ccn(C)c1C.O=S(=O)([N-]S(=O)(=O)C(F)(F)F)C(F)(F)F,0.414755155
0.777777778,0.565457906,13.375,2.659341659,4.96e-07,-1.35,46464.01747,5.62490516,4.127401125,12.39368714,0.0,5.824404498,0.0,25.96979326,0.0,6.9237372,6.9237372,13.59242839,20.04658231,4.567099648,0.0,32.41935462,33.6390107,4.127401125,0.0,0.0,10.67215753,5.824404498,0.0,0.0,42.42303282,0.0,0.0,0.0,1.303240741,0.0,4.16087963,5.322592593,-11.38601852,0.666666667,1,0,0,0,0,0,3,0,0,0,0,0,0,0,0,0,0,0,0,0,0,0,0,343.0,54,CC[n+]1ccn(C)c1C.O=S(=O)([N-]S(=O)(=O)C(F)(F)F)C(F)(F)F,0.425921117
0.777777778,0.575236092,13.39130435,2.712977135,5.02e-07,-1.35,31847.63859,6.343188116,4.127401125,12.39368714,6.327320075,0.0,0.0,25.96979326,0.0,6.9237372,0.0,13.59242839,20.04658231,4.567099648,0.0,32.41935462,33.6390107,4.127401125,0.0,0.0,10.67215753,0.0,0.0,17.8116152,24.01500049,0.0,0.0,0.0,0.0,0.0,6.142361111,3.181388889,-11.42305556,0.625,1,0,0,0,0,0,3,0,0,0,0,0,0,0,0,0,0,0,0,0,0,0,0,313.0,55,CC[n+]1ccn(C)c1.O=S(=O)([N-]S(=O)(=O)C(F)(F)F)C(F)(F)F,0.509224342
0.777777778,0.575236092,13.39130435,2.712977135,5.02e-07,-1.35,31847.63859,6.343188116,4.127401125,12.39368714,6.327320075,0.0,0.0,25.96979326,0.0,6.9237372,0.0,13.59242839,20.04658231,4.567099648,0.0,32.41935462,33.6390107,4.127401125,0.0,0.0,10.67215753,0.0,0.0,17.8116152,24.01500049,0.0,0.0,0.0,0.0,0.0,6.142361111,3.181388889,-11.42305556,0.625,1,0,0,0,0,0,3,0,0,0,0,0,0,0,0,0,0,0,0,0,0,0,0,323.0,55,CC[n+]1ccn(C)c1.O=S(=O)([N-]S(=O)(=O)C(F)(F)F)C(F)(F)F,0.511625304
0.777777778,0.575236092,13.39130435,2.712977135,5.02e-07,-1.35,31847.63859,6.343188116,4.127401125,12.39368714,6.327320075,0.0,0.0,25.96979326,0.0,6.9237372,0.0,13.59242839,20.04658231,4.567099648,0.0,32.41935462,33.6390107,4.127401125,0.0,0.0,10.67215753,0.0,0.0,17.8116152,24.01500049,0.0,0.0,0.0,0.0,0.0,6.142361111,3.181388889,-11.42305556,0.625,1,0,0,0,0,0,3,0,0,0,0,0,0,0,0,0,0,0,0,0,0,0,0,333.0,55,CC[n+]1ccn(C)c1.O=S(=O)([N-]S(=O)(=O)C(F)(F)F)C(F)(F)F,0.514618422
0.777777778,0.575236092,13.39130435,2.712977135,5.02e-07,-1.35,31847.63859,6.343188116,4.127401125,12.39368714,6.327320075,0.0,0.0,25.96979326,0.0,6.9237372,0.0,13.59242839,20.04658231,4.567099648,0.0,32.41935462,33.6390107,4.127401125,0.0,0.0,10.67215753,0.0,0.0,17.8116152,24.01500049,0.0,0.0,0.0,0.0,0.0,6.142361111,3.181388889,-11.42305556,0.625,1,0,0,0,0,0,3,0,0,0,0,0,0,0,0,0,0,0,0,0,0,0,0,343.0,55,CC[n+]1ccn(C)c1.O=S(=O)([N-]S(=O)(=O)C(F)(F)F)C(F)(F)F,0.518793793
0.314183673,0.559922122,16.16666667,2.401295012,3.6e-07,-1.78,7876.247638,6.727531502,14.32642121,13.08951281,0.0,0.0,0.0,15.78567466,0.0,0.0,13.02770359,26.80619232,0.0,0.0,0.0,56.09214535,4.736862954,0.0,0.0,6.606881965,43.75188563,18.20766394,0.0,0.0,7.047671983,25.62906501,0.0,0.0,-0.402777778,4.1875,0.913194444,5.345649093,2.234305556,0.666666667,1,0,0,0,0,0,4,0,1,0,0,0,0,1,0,0,1,0,0,0,0,1,0,328.15,56,C[N+]1(CCCO)CCOCC1.N#C[C-](C#N)C#N,1.736951233
0.314183673,0.559922122,16.16666667,2.401295012,3.6e-07,-1.78,7876.247638,6.727531502,14.32642121,13.08951281,0.0,0.0,0.0,15.78567466,0.0,0.0,13.02770359,26.80619232,0.0,0.0,0.0,56.09214535,4.736862954,0.0,0.0,6.606881965,43.75188563,18.20766394,0.0,0.0,7.047671983,25.62906501,0.0,0.0,-0.402777778,4.1875,0.913194444,5.345649093,2.234305556,0.666666667,1,0,0,0,0,0,4,0,1,0,0,0,0,1,0,0,1,0,0,0,0,1,0,338.15,56,C[N+]1(CCCO)CCOCC1.N#C[C-](C#N)C#N,1.733423892
0.314183673,0.559922122,16.16666667,2.401295012,3.6e-07,-1.78,7876.247638,6.727531502,14.32642121,13.08951281,0.0,0.0,0.0,15.78567466,0.0,0.0,13.02770359,26.80619232,0.0,0.0,0.0,56.09214535,4.736862954,0.0,0.0,6.606881965,43.75188563,18.20766394,0.0,0.0,7.047671983,25.62906501,0.0,0.0,-0.402777778,4.1875,0.913194444,5.345649093,2.234305556,0.666666667,1,0,0,0,0,0,4,0,1,0,0,0,0,1,0,0,1,0,0,0,0,1,0,348.15,56,C[N+]1(CCCO)CCOCC1.N#C[C-](C#N)C#N,1.729884066
0.314183673,0.559922122,16.16666667,2.401295012,3.6e-07,-1.78,7876.247638,6.727531502,14.32642121,13.08951281,0.0,0.0,0.0,15.78567466,0.0,0.0,13.02770359,26.80619232,0.0,0.0,0.0,56.09214535,4.736862954,0.0,0.0,6.606881965,43.75188563,18.20766394,0.0,0.0,7.047671983,25.62906501,0.0,0.0,-0.402777778,4.1875,0.913194444,5.345649093,2.234305556,0.666666667,1,0,0,0,0,0,4,0,1,0,0,0,0,1,0,0,1,0,0,0,0,1,0,358.15,56,C[N+]1(CCCO)CCOCC1.N#C[C-](C#N)C#N,1.728109442
0.402777778,0.425116104,15.42105263,2.423662778,3.99e-07,-2.25,12796.93947,7.63399295,9.219893811,13.08951281,0.0,0.0,0.0,15.78567466,0.0,0.0,12.84164325,32.87541363,0.0,0.0,0.0,44.37873599,4.736862954,0.0,0.0,6.420821623,43.75188563,18.20766394,0.0,0.0,13.1168933,25.78442917,0.0,0.0,-0.402777778,6.370746882,1.710017007,5.083218537,2.249895125,0.615384615,1,0,0,0,0,0,5,0,1,0,0,0,0,1,0,0,1,0,0,0,0,1,0,328.15,57,C[N+]1(CCCC#N)CCOCC1.N#C[C-](C#N)C#N,1.761300262
0.402777778,0.425116104,15.42105263,2.423662778,3.99e-07,-2.25,12796.93947,7.63399295,9.219893811,13.08951281,0.0,0.0,0.0,15.78567466,0.0,0.0,12.84164325,32.87541363,0.0,0.0,0.0,44.37873599,4.736862954,0.0,0.0,6.420821623,43.75188563,18.20766394,0.0,0.0,13.1168933,25.78442917,0.0,0.0,-0.402777778,6.370746882,1.710017007,5.083218537,2.249895125,0.615384615,1,0,0,0,0,0,5,0,1,0,0,0,0,1,0,0,1,0,0,0,0,1,0,338.15,57,C[N+]1(CCCC#N)CCOCC1.N#C[C-](C#N)C#N,1.756132292
0.402777778,0.425116104,15.42105263,2.423662778,3.99e-07,-2.25,12796.93947,7.63399295,9.219893811,13.08951281,0.0,0.0,0.0,15.78567466,0.0,0.0,12.84164325,32.87541363,0.0,0.0,0.0,44.37873599,4.736862954,0.0,0.0,6.420821623,43.75188563,18.20766394,0.0,0.0,13.1168933,25.78442917,0.0,0.0,-0.402777778,6.370746882,1.710017007,5.083218537,2.249895125,0.615384615,1,0,0,0,0,0,5,0,1,0,0,0,0,1,0,0,1,0,0,0,0,1,0,348.15,57,C[N+]1(CCCC#N)CCOCC1.N#C[C-](C#N)C#N,1.750937475
0.402777778,0.425116104,15.42105263,2.423662778,3.99e-07,-2.25,12796.93947,7.63399295,9.219893811,13.08951281,0.0,0.0,0.0,15.78567466,0.0,0.0,12.84164325,32.87541363,0.0,0.0,0.0,44.37873599,4.736862954,0.0,0.0,6.420821623,43.75188563,18.20766394,0.0,0.0,13.1168933,25.78442917,0.0,0.0,-0.402777778,6.370746882,1.710017007,5.083218537,2.249895125,0.615384615,1,0,0,0,0,0,5,0,1,0,0,0,0,1,0,0,1,0,0,0,0,1,0,358.15,57,C[N+]1(CCCC#N)CCOCC1.N#C[C-](C#N)C#N,1.745715531
0.604166667,0.556876136,10.66666667,2.445635406,3.36e-07,-0.88,1357.32765,11.04429936,4.552749874,12.39368714,6.327320075,0.0,0.0,17.55199628,0.0,6.420821623,6.255769184,23.71055525,10.11812686,4.567099648,0.0,23.79341569,23.71055525,0.0,0.0,6.255769184,6.544756406,12.84164325,0.0,7.047671983,34.77894371,12.97054686,0.0,0.0,0.0,0.0,9.421184807,3.361944444,-1.872573696,0.666666667,1,0,0,0,0,0,2,0,0,0,0,0,0,0,0,0,0,0,0,0,0,0,0,358.15,58,CCCC[n+]1ccn(C)c1.CS(=O)(=O)[O-],1.332366019
0.604166667,0.556876136,10.66666667,2.445635406,3.36e-07,-0.88,1357.32765,11.04429936,4.552749874,12.39368714,6.327320075,0.0,0.0,17.55199628,0.0,6.420821623,6.255769184,23.71055525,10.11812686,4.567099648,0.0,23.79341569,23.71055525,0.0,0.0,6.255769184,6.544756406,12.84164325,0.0,7.047671983,34.77894371,12.97054686,0.0,0.0,0.0,0.0,9.421184807,3.361944444,-1.872573696,0.666666667,1,0,0,0,0,0,2,0,0,0,0,0,0,0,0,0,0,0,0,0,0,0,0,368.15,58,CCCC[n+]1ccn(C)c1.CS(=O)(=O)[O-],1.376244025
0.604166667,0.556876136,10.66666667,2.445635406,3.36e-07,-0.88,1357.32765,11.04429936,4.552749874,12.39368714,6.327320075,0.0,0.0,17.55199628,0.0,6.420821623,6.255769184,23.71055525,10.11812686,4.567099648,0.0,23.79341569,23.71055525,0.0,0.0,6.255769184,6.544756406,12.84164325,0.0,7.047671983,34.77894371,12.97054686,0.0,0.0,0.0,0.0,9.421184807,3.361944444,-1.872573696,0.666666667,1,0,0,0,0,0,2,0,0,0,0,0,0,0,0,0,0,0,0,0,0,0,0,378.15,58,CCCC[n+]1ccn(C)c1.CS(=O)(=O)[O-],1.435084525
0.604166667,0.556876136,10.66666667,2.445635406,3.36e-07,-0.88,1357.32765,11.04429936,4.552749874,12.39368714,6.327320075,0.0,0.0,17.55199628,0.0,6.420821623,6.255769184,23.71055525,10.11812686,4.567099648,0.0,23.79341569,23.71055525,0.0,0.0,6.255769184,6.544756406,12.84164325,0.0,7.047671983,34.77894371,12.97054686,0.0,0.0,0.0,0.0,9.421184807,3.361944444,-1.872573696,0.666666667,1,0,0,0,0,0,2,0,0,0,0,0,0,0,0,0,0,0,0,0,0,0,0,388.15,58,CCCC[n+]1ccn(C)c1.CS(=O)(=O)[O-],1.481604541
1.038966049,0.584073325,10.88235294,2.731366428,3.25e-07,-0.68,4850.906777,8.098717988,13.94090593,12.39368714,6.327320075,7.822697123,4.565048285,9.134199296,0.0,6.420821623,14.21959508,13.59242839,7.822697123,9.460511251,7.822697123,18.78669473,27.204971,0.0,0.0,0.0,20.76435149,12.84164325,0.0,7.047671983,43.82643804,0.0,0.0,9.951388889,0.0,0.0,8.817018141,3.361944444,0.217704082,0.7,1,0,0,0,0,0,2,0,0,0,0,0,0,0,0,0,0,1,1,0,0,0,0,358.15,59,CCCC[n+]1ccn(C)c1.COP(=O)([O-])OC,1.026041596
1.038966049,0.584073325,10.88235294,2.731366428,3.25e-07,-0.68,4850.906777,8.098717988,13.94090593,12.39368714,6.327320075,7.822697123,4.565048285,9.134199296,0.0,6.420821623,14.21959508,13.59242839,7.822697123,9.460511251,7.822697123,18.78669473,27.204971,0.0,0.0,0.0,20.76435149,12.84164325,0.0,7.047671983,43.82643804,0.0,0.0,9.951388889,0.0,0.0,8.817018141,3.361944444,0.217704082,0.7,1,0,0,0,0,0,2,0,0,0,0,0,0,0,0,0,0,1,1,0,0,0,0,368.15,59,CCCC[n+]1ccn(C)c1.COP(=O)([O-])OC,1.075002423
1.038966049,0.584073325,10.88235294,2.731366428,3.25e-07,-0.68,4850.906777,8.098717988,13.94090593,12.39368714,6.327320075,7.822697123,4.565048285,9.134199296,0.0,6.420821623,14.21959508,13.59242839,7.822697123,9.460511251,7.822697123,18.78669473,27.204971,0.0,0.0,0.0,20.76435149,12.84164325,0.0,7.047671983,43.82643804,0.0,0.0,9.951388889,0.0,0.0,8.817018141,3.361944444,0.217704082,0.7,1,0,0,0,0,0,2,0,0,0,0,0,0,0,0,0,0,1,1,0,0,0,0,378.15,59,CCCC[n+]1ccn(C)c1.COP(=O)([O-])OC,1.118414916
1.038966049,0.584073325,10.88235294,2.731366428,3.25e-07,-0.68,4850.906777,8.098717988,13.94090593,12.39368714,6.327320075,7.822697123,4.565048285,9.134199296,0.0,6.420821623,14.21959508,13.59242839,7.822697123,9.460511251,7.822697123,18.78669473,27.204971,0.0,0.0,0.0,20.76435149,12.84164325,0.0,7.047671983,43.82643804,0.0,0.0,9.951388889,0.0,0.0,8.817018141,3.361944444,0.217704082,0.7,1,0,0,0,0,0,2,0,0,0,0,0,0,0,0,0,0,1,1,0,0,0,0,388.15,59,CCCC[n+]1ccn(C)c1.COP(=O)([O-])OC,1.181727195
0.0,0.474674945,9.272727273,2.312820794,1e-06,-0.5,256.7231081,3.42,12.40703316,12.39368714,6.327320075,0.0,0.0,9.134199296,0.0,6.420821623,0.0,13.59242839,0.0,16.97413281,0.0,4.567099648,13.59242839,0.0,12.40703316,0.0,6.544756406,12.84164325,0.0,7.047671983,34.77894371,0.0,0.0,0.0,0.0,0.0,8.817018141,3.361944444,2.044092971,0.625,1,0,0,0,0,0,2,0,0,0,0,0,0,0,0,0,0,0,0,0,0,0,0,358.15,60,CCCC[n+]1ccn(C)c1.[Cl-],1.601405741
0.0,0.474674945,9.272727273,2.312820794,1e-06,-0.5,256.7231081,3.42,12.40703316,12.39368714,6.327320075,0.0,0.0,9.134199296,0.0,6.420821623,0.0,13.59242839,0.0,16.97413281,0.0,4.567099648,13.59242839,0.0,12.40703316,0.0,6.544756406,12.84164325,0.0,7.047671983,34.77894371,0.0,0.0,0.0,0.0,0.0,8.817018141,3.361944444,2.044092971,0.625,1,0,0,0,0,0,2,0,0,0,0,0,0,0,0,0,0,0,0,0,0,0,0,368.15,60,CCCC[n+]1ccn(C)c1.[Cl-],1.644805056
0.0,0.474674945,9.272727273,2.312820794,1e-06,-0.5,256.7231081,3.42,12.40703316,12.39368714,6.327320075,0.0,0.0,9.134199296,0.0,6.420821623,0.0,13.59242839,0.0,16.97413281,0.0,4.567099648,13.59242839,0.0,12.40703316,0.0,6.544756406,12.84164325,0.0,7.047671983,34.77894371,0.0,0.0,0.0,0.0,0.0,8.817018141,3.361944444,2.044092971,0.625,1,0,0,0,0,0,2,0,0,0,0,0,0,0,0,0,0,0,0,0,0,0,0,378.15,60,CCCC[n+]1ccn(C)c1.[Cl-],1.690095815
0.0,0.474674945,9.272727273,2.312820794,1e-06,-0.5,256.7231081,3.42,12.40703316,12.39368714,6.327320075,0.0,0.0,9.134199296,0.0,6.420821623,0.0,13.59242839,0.0,16.97413281,0.0,4.567099648,13.59242839,0.0,12.40703316,0.0,6.544756406,12.84164325,0.0,7.047671983,34.77894371,0.0,0.0,0.0,0.0,0.0,8.817018141,3.361944444,2.044092971,0.625,1,0,0,0,0,0,2,0,0,0,0,0,0,0,0,0,0,0,0,0,0,0,0,388.15,60,CCCC[n+]1ccn(C)c1.[Cl-],1.745715531
0.640768141,0.427062057,7.625,2.66904401,3.85e-07,-2.52,3822.071022,6.938804779,10.52378311,12.39368714,6.327320075,0.0,5.316788604,9.134199296,0.0,6.420821623,18.80713381,19.6616497,0.0,4.567099648,0.0,4.567099648,13.59242839,5.316788604,0.0,6.420821623,12.96557803,12.38631219,0.0,30.33577885,15.95310956,15.78567466,0.0,0.0,0.0,2.124609552,10.15396542,0.938888889,1.986897754,0.4,1,0,0,0,0,0,6,0,0,0,0,0,0,0,0,0,0,0,0,0,0,0,0,328.15,61,Cn1cc[n+](CCCC#N)c1.N#C[N-]C#N,1.880990603
0.640768141,0.427062057,7.625,2.66904401,3.85e-07,-2.52,3822.071022,6.938804779,10.52378311,12.39368714,6.327320075,0.0,5.316788604,9.134199296,0.0,6.420821623,18.80713381,19.6616497,0.0,4.567099648,0.0,4.567099648,13.59242839,5.316788604,0.0,6.420821623,12.96557803,12.38631219,0.0,30.33577885,15.95310956,15.78567466,0.0,0.0,0.0,2.124609552,10.15396542,0.938888889,1.986897754,0.4,1,0,0,0,0,0,6,0,0,0,0,0,0,0,0,0,0,0,0,0,0,0,0,338.15,61,Cn1cc[n+](CCCC#N)c1.N#C[N-]C#N,1.871802177
0.640768141,0.427062057,7.625,2.66904401,3.85e-07,-2.52,3822.071022,6.938804779,10.52378311,12.39368714,6.327320075,0.0,5.316788604,9.134199296,0.0,6.420821623,18.80713381,19.6616497,0.0,4.567099648,0.0,4.567099648,13.59242839,5.316788604,0.0,6.420821623,12.96557803,12.38631219,0.0,30.33577885,15.95310956,15.78567466,0.0,0.0,0.0,2.124609552,10.15396542,0.938888889,1.986897754,0.4,1,0,0,0,0,0,6,0,0,0,0,0,0,0,0,0,0,0,0,0,0,0,0,348.15,61,Cn1cc[n+](CCCC#N)c1.N#C[N-]C#N,1.864080131
0.640768141,0.427062057,7.625,2.66904401,3.85e-07,-2.52,3822.071022,6.938804779,10.52378311,12.39368714,6.327320075,0.0,5.316788604,9.134199296,0.0,6.420821623,18.80713381,19.6616497,0.0,4.567099648,0.0,4.567099648,13.59242839,5.316788604,0.0,6.420821623,12.96557803,12.38631219,0.0,30.33577885,15.95310956,15.78567466,0.0,0.0,0.0,2.124609552,10.15396542,0.938888889,1.986897754,0.4,1,0,0,0,0,0,6,0,0,0,0,0,0,0,0,0,0,0,0,0,0,0,0,358.15,61,Cn1cc[n+](CCCC#N)c1.N#C[N-]C#N,1.86252854
0.777777778,0.575236092,13.39130435,2.712977135,5.02e-07,-1.35,31847.63859,6.343188116,4.127401125,12.39368714,6.327320075,0.0,0.0,25.96979326,0.0,6.9237372,0.0,13.59242839,20.04658231,4.567099648,0.0,32.41935462,33.6390107,4.127401125,0.0,0.0,10.67215753,0.0,0.0,17.8116152,24.01500049,0.0,0.0,0.0,0.0,0.0,6.142361111,3.181388889,-11.42305556,0.625,1,0,0,0,0,0,3,0,0,0,0,0,0,0,0,0,0,0,0,0,0,0,0,313.8,55,CC[n+]1ccn(C)c1.O=S(=O)([N-]S(=O)(=O)C(F)(F)F)C(F)(F)F,0.509224342
0.777777778,0.575236092,13.39130435,2.712977135,5.02e-07,-1.35,31847.63859,6.343188116,4.127401125,12.39368714,6.327320075,0.0,0.0,25.96979326,0.0,6.9237372,0.0,13.59242839,20.04658231,4.567099648,0.0,32.41935462,33.6390107,4.127401125,0.0,0.0,10.67215753,0.0,0.0,17.8116152,24.01500049,0.0,0.0,0.0,0.0,0.0,6.142361111,3.181388889,-11.42305556,0.625,1,0,0,0,0,0,3,0,0,0,0,0,0,0,0,0,0,0,0,0,0,0,0,323.1,55,CC[n+]1ccn(C)c1.O=S(=O)([N-]S(=O)(=O)C(F)(F)F)C(F)(F)F,0.511625304
0.777777778,0.575236092,13.39130435,2.712977135,5.02e-07,-1.35,31847.63859,6.343188116,4.127401125,12.39368714,6.327320075,0.0,0.0,25.96979326,0.0,6.9237372,0.0,13.59242839,20.04658231,4.567099648,0.0,32.41935462,33.6390107,4.127401125,0.0,0.0,10.67215753,0.0,0.0,17.8116152,24.01500049,0.0,0.0,0.0,0.0,0.0,6.142361111,3.181388889,-11.42305556,0.625,1,0,0,0,0,0,3,0,0,0,0,0,0,0,0,0,0,0,0,0,0,0,0,333.4,55,CC[n+]1ccn(C)c1.O=S(=O)([N-]S(=O)(=O)C(F)(F)F)C(F)(F)F,0.514618422
0.777777778,0.575236092,13.39130435,2.712977135,5.02e-07,-1.35,31847.63859,6.343188116,4.127401125,12.39368714,6.327320075,0.0,0.0,25.96979326,0.0,6.9237372,0.0,13.59242839,20.04658231,4.567099648,0.0,32.41935462,33.6390107,4.127401125,0.0,0.0,10.67215753,0.0,0.0,17.8116152,24.01500049,0.0,0.0,0.0,0.0,0.0,6.142361111,3.181388889,-11.42305556,0.625,1,0,0,0,0,0,3,0,0,0,0,0,0,0,0,0,0,0,0,0,0,0,0,343.8,55,CC[n+]1ccn(C)c1.O=S(=O)([N-]S(=O)(=O)C(F)(F)F)C(F)(F)F,0.518793793
0.777777778,0.565457906,13.375,2.659341659,4.96e-07,-1.35,46464.01747,5.62490516,4.127401125,12.39368714,0.0,5.824404498,0.0,25.96979326,0.0,6.9237372,6.9237372,13.59242839,20.04658231,4.567099648,0.0,32.41935462,33.6390107,4.127401125,0.0,0.0,10.67215753,5.824404498,0.0,0.0,42.42303282,0.0,0.0,0.0,1.303240741,0.0,4.16087963,5.322592593,-11.38601852,0.666666667,1,0,0,0,0,0,3,0,0,0,0,0,0,0,0,0,0,0,0,0,0,0,0,313.8,54,CC[n+]1ccn(C)c1C.O=S(=O)([N-]S(=O)(=O)C(F)(F)F)C(F)(F)F,0.39877612
0.777777778,0.565457906,13.375,2.659341659,4.96e-07,-1.35,46464.01747,5.62490516,4.127401125,12.39368714,0.0,5.824404498,0.0,25.96979326,0.0,6.9237372,6.9237372,13.59242839,20.04658231,4.567099648,0.0,32.41935462,33.6390107,4.127401125,0.0,0.0,10.67215753,5.824404498,0.0,0.0,42.42303282,0.0,0.0,0.0,1.303240741,0.0,4.16087963,5.322592593,-11.38601852,0.666666667,1,0,0,0,0,0,3,0,0,0,0,0,0,0,0,0,0,0,0,0,0,0,0,323.1,54,CC[n+]1ccn(C)c1C.O=S(=O)([N-]S(=O)(=O)C(F)(F)F)C(F)(F)F,0.406797553
0.777777778,0.565457906,13.375,2.659341659,4.96e-07,-1.35,46464.01747,5.62490516,4.127401125,12.39368714,0.0,5.824404498,0.0,25.96979326,0.0,6.9237372,6.9237372,13.59242839,20.04658231,4.567099648,0.0,32.41935462,33.6390107,4.127401125,0.0,0.0,10.67215753,5.824404498,0.0,0.0,42.42303282,0.0,0.0,0.0,1.303240741,0.0,4.16087963,5.322592593,-11.38601852,0.666666667,1,0,0,0,0,0,3,0,0,0,0,0,0,0,0,0,0,0,0,0,0,0,0,333.4,54,CC[n+]1ccn(C)c1C.O=S(=O)([N-]S(=O)(=O)C(F)(F)F)C(F)(F)F,0.414755155
0.777777778,0.565457906,13.375,2.659341659,4.96e-07,-1.35,46464.01747,5.62490516,4.127401125,12.39368714,0.0,5.824404498,0.0,25.96979326,0.0,6.9237372,6.9237372,13.59242839,20.04658231,4.567099648,0.0,32.41935462,33.6390107,4.127401125,0.0,0.0,10.67215753,5.824404498,0.0,0.0,42.42303282,0.0,0.0,0.0,1.303240741,0.0,4.16087963,5.322592593,-11.38601852,0.666666667,1,0,0,0,0,0,3,0,0,0,0,0,0,0,0,0,0,0,0,0,0,0,0,343.7,54,CC[n+]1ccn(C)c1C.O=S(=O)([N-]S(=O)(=O)C(F)(F)F)C(F)(F)F,0.425921117
1.150138889,0.507066913,10.8,2.445635406,3.36e-07,-0.66,1357.32765,11.26552976,0.0,12.39368714,6.327320075,0.0,0.0,27.77017697,10.2431403,6.420821623,0.0,13.59242839,0.0,23.20307732,0.0,4.567099648,13.59242839,0.0,0.0,0.0,6.544756406,12.84164325,0.0,7.047671983,34.77894371,18.63597767,0.0,0.0,0.0,0.0,8.817018141,3.361944444,-2.900351474,0.625,1,0,0,0,0,0,2,0,0,0,0,0,0,0,0,0,0,0,0,0,0,0,0,333.15,62,CCCC[n+]1ccn(C)c1.[O-][Cl+3]([O-])([O-])[O-],0.828551818
1.150138889,0.507066913,10.8,2.445635406,3.36e-07,-0.66,1357.32765,11.26552976,0.0,12.39368714,6.327320075,0.0,0.0,27.77017697,10.2431403,6.420821623,0.0,13.59242839,0.0,23.20307732,0.0,4.567099648,13.59242839,0.0,0.0,0.0,6.544756406,12.84164325,0.0,7.047671983,34.77894371,18.63597767,0.0,0.0,0.0,0.0,8.817018141,3.361944444,-2.900351474,0.625,1,0,0,0,0,0,2,0,0,0,0,0,0,0,0,0,0,0,0,0,0,0,0,343.15,62,CCCC[n+]1ccn(C)c1.[O-][Cl+3]([O-])([O-])[O-],0.88376754
1.150138889,0.507066913,10.8,2.445635406,3.36e-07,-0.66,1357.32765,11.26552976,0.0,12.39368714,6.327320075,0.0,0.0,27.77017697,10.2431403,6.420821623,0.0,13.59242839,0.0,23.20307732,0.0,4.567099648,13.59242839,0.0,0.0,0.0,6.544756406,12.84164325,0.0,7.047671983,34.77894371,18.63597767,0.0,0.0,0.0,0.0,8.817018141,3.361944444,-2.900351474,0.625,1,0,0,0,0,0,2,0,0,0,0,0,0,0,0,0,0,0,0,0,0,0,0,353.15,62,CCCC[n+]1ccn(C)c1.[O-][Cl+3]([O-])([O-])[O-],0.916290732
1.056388889,0.368046964,10.61538462,2.312410047,2.52e-07,-1.005064935,497.1681601,8.904894527,17.26263557,12.39368714,6.327320075,0.0,0.0,9.134199296,0.0,6.9237372,0.0,13.59242839,7.254408353,4.567099648,0.0,11.821508,13.59242839,0.0,0.0,0.0,6.544756406,0.0,0.0,17.8116152,24.01500049,0.0,0.0,0.0,0.0,0.0,6.142361111,3.181388889,-3.98,0.5,1,0,0,0,0,0,2,0,0,0,0,0,0,0,0,0,0,0,0,0,0,0,0,303.15,63,CC[n+]1ccn(C)c1.F[B-](F)(F)F,1.216395324
1.056388889,0.368046964,10.61538462,2.312410047,2.52e-07,-1.005064935,497.1681601,8.904894527,17.26263557,12.39368714,6.327320075,0.0,0.0,9.134199296,0.0,6.9237372,0.0,13.59242839,7.254408353,4.567099648,0.0,11.821508,13.59242839,0.0,0.0,0.0,6.544756406,0.0,0.0,17.8116152,24.01500049,0.0,0.0,0.0,0.0,0.0,6.142361111,3.181388889,-3.98,0.5,1,0,0,0,0,0,2,0,0,0,0,0,0,0,0,0,0,0,0,0,0,0,0,313.15,63,CC[n+]1ccn(C)c1.F[B-](F)(F)F,1.236343184
1.056388889,0.368046964,10.61538462,2.312410047,2.52e-07,-1.005064935,497.1681601,8.904894527,17.26263557,12.39368714,6.327320075,0.0,0.0,9.134199296,0.0,6.9237372,0.0,13.59242839,7.254408353,4.567099648,0.0,11.821508,13.59242839,0.0,0.0,0.0,6.544756406,0.0,0.0,17.8116152,24.01500049,0.0,0.0,0.0,0.0,0.0,6.142361111,3.181388889,-3.98,0.5,1,0,0,0,0,0,2,0,0,0,0,0,0,0,0,0,0,0,0,0,0,0,0,323.15,63,CC[n+]1ccn(C)c1.F[B-](F)(F)F,1.249615162
1.056388889,0.368046964,10.61538462,2.312410047,2.52e-07,-1.005064935,497.1681601,8.904894527,17.26263557,12.39368714,6.327320075,0.0,0.0,9.134199296,0.0,6.9237372,0.0,13.59242839,7.254408353,4.567099648,0.0,11.821508,13.59242839,0.0,0.0,0.0,6.544756406,0.0,0.0,17.8116152,24.01500049,0.0,0.0,0.0,0.0,0.0,6.142361111,3.181388889,-3.98,0.5,1,0,0,0,0,0,2,0,0,0,0,0,0,0,0,0,0,0,0,0,0,0,0,333.15,63,CC[n+]1ccn(C)c1.F[B-](F)(F)F,1.269198589
1.056388889,0.368046964,10.61538462,2.312410047,2.52e-07,-1.005064935,497.1681601,8.904894527,17.26263557,12.39368714,6.327320075,0.0,0.0,9.134199296,0.0,6.9237372,0.0,13.59242839,7.254408353,4.567099648,0.0,11.821508,13.59242839,0.0,0.0,0.0,6.544756406,0.0,0.0,17.8116152,24.01500049,0.0,0.0,0.0,0.0,0.0,6.142361111,3.181388889,-3.98,0.5,1,0,0,0,0,0,2,0,0,0,0,0,0,0,0,0,0,0,0,0,0,0,0,343.15,63,CC[n+]1ccn(C)c1.F[B-](F)(F)F,1.286474026
1.056388889,0.368046964,10.61538462,2.312410047,2.52e-07,-1.005064935,497.1681601,8.904894527,17.26263557,12.39368714,6.327320075,0.0,0.0,9.134199296,0.0,6.9237372,0.0,13.59242839,7.254408353,4.567099648,0.0,11.821508,13.59242839,0.0,0.0,0.0,6.544756406,0.0,0.0,17.8116152,24.01500049,0.0,0.0,0.0,0.0,0.0,6.142361111,3.181388889,-3.98,0.5,1,0,0,0,0,0,2,0,0,0,0,0,0,0,0,0,0,0,0,0,0,0,0,353.15,63,CC[n+]1ccn(C)c1.F[B-](F)(F)F,1.295822458
1.056388889,0.368046964,10.61538462,2.312410047,2.52e-07,-1.005064935,497.1681601,8.904894527,17.26263557,12.39368714,6.327320075,0.0,0.0,9.134199296,0.0,6.9237372,0.0,13.59242839,7.254408353,4.567099648,0.0,11.821508,13.59242839,0.0,0.0,0.0,6.544756406,0.0,0.0,17.8116152,24.01500049,0.0,0.0,0.0,0.0,0.0,6.142361111,3.181388889,-3.98,0.5,1,0,0,0,0,0,2,0,0,0,0,0,0,0,0,0,0,0,0,0,0,0,0,363.15,63,CC[n+]1ccn(C)c1.F[B-](F)(F)F,1.317480045
1.13162037,0.415391162,10.86666667,2.33642218,3.36e-07,-1.005064935,1191.575312,6.986670671,17.26263557,12.39368714,0.0,5.824404498,0.0,9.134199296,0.0,6.420821623,6.9237372,13.59242839,7.254408353,4.567099648,0.0,11.821508,13.59242839,0.0,0.0,0.0,6.544756406,12.24522612,0.0,0.0,42.42303282,0.0,0.0,0.0,1.321157407,0.0,5.416018519,5.460092593,-3.929074074,0.625,1,0,0,0,0,0,2,0,0,0,0,0,0,0,0,0,0,0,0,0,0,0,0,303.15,64,CCCn1cc[n+](C)c1C.F[B-](F)(F)F,1.887978327
1.13162037,0.415391162,10.86666667,2.33642218,3.36e-07,-1.005064935,1191.575312,6.986670671,17.26263557,12.39368714,0.0,5.824404498,0.0,9.134199296,0.0,6.420821623,6.9237372,13.59242839,7.254408353,4.567099648,0.0,11.821508,13.59242839,0.0,0.0,0.0,6.544756406,12.24522612,0.0,0.0,42.42303282,0.0,0.0,0.0,1.321157407,0.0,5.416018519,5.460092593,-3.929074074,0.625,1,0,0,0,0,0,2,0,0,0,0,0,0,0,0,0,0,0,0,0,0,0,0,313.15,64,CCCn1cc[n+](C)c1C.F[B-](F)(F)F,1.670344847
1.13162037,0.415391162,10.86666667,2.33642218,3.36e-07,-1.005064935,1191.575312,6.986670671,17.26263557,12.39368714,0.0,5.824404498,0.0,9.134199296,0.0,6.420821623,6.9237372,13.59242839,7.254408353,4.567099648,0.0,11.821508,13.59242839,0.0,0.0,0.0,6.544756406,12.24522612,0.0,0.0,42.42303282,0.0,0.0,0.0,1.321157407,0.0,5.416018519,5.460092593,-3.929074074,0.625,1,0,0,0,0,0,2,0,0,0,0,0,0,0,0,0,0,0,0,0,0,0,0,323.15,64,CCCn1cc[n+](C)c1C.F[B-](F)(F)F,1.523226216
1.13162037,0.415391162,10.86666667,2.33642218,3.36e-07,-1.005064935,1191.575312,6.986670671,17.26263557,12.39368714,0.0,5.824404498,0.0,9.134199296,0.0,6.420821623,6.9237372,13.59242839,7.254408353,4.567099648,0.0,11.821508,13.59242839,0.0,0.0,0.0,6.544756406,12.24522612,0.0,0.0,42.42303282,0.0,0.0,0.0,1.321157407,0.0,5.416018519,5.460092593,-3.929074074,0.625,1,0,0,0,0,0,2,0,0,0,0,0,0,0,0,0,0,0,0,0,0,0,0,333.15,64,CCCn1cc[n+](C)c1C.F[B-](F)(F)F,1.339464774
1.13162037,0.415391162,10.86666667,2.33642218,3.36e-07,-1.005064935,1191.575312,6.986670671,17.26263557,12.39368714,0.0,5.824404498,0.0,9.134199296,0.0,6.420821623,6.9237372,13.59242839,7.254408353,4.567099648,0.0,11.821508,13.59242839,0.0,0.0,0.0,6.544756406,12.24522612,0.0,0.0,42.42303282,0.0,0.0,0.0,1.321157407,0.0,5.416018519,5.460092593,-3.929074074,0.625,1,0,0,0,0,0,2,0,0,0,0,0,0,0,0,0,0,0,0,0,0,0,0,343.15,64,CCCn1cc[n+](C)c1C.F[B-](F)(F)F,1.217283818
1.13162037,0.415391162,10.86666667,2.33642218,3.36e-07,-1.005064935,1191.575312,6.986670671,17.26263557,12.39368714,0.0,5.824404498,0.0,9.134199296,0.0,6.420821623,6.9237372,13.59242839,7.254408353,4.567099648,0.0,11.821508,13.59242839,0.0,0.0,0.0,6.544756406,12.24522612,0.0,0.0,42.42303282,0.0,0.0,0.0,1.321157407,0.0,5.416018519,5.460092593,-3.929074074,0.625,1,0,0,0,0,0,2,0,0,0,0,0,0,0,0,0,0,0,0,0,0,0,0,353.15,64,CCCn1cc[n+](C)c1C.F[B-](F)(F)F,1.087551341
1.13162037,0.415391162,10.86666667,2.33642218,3.36e-07,-1.005064935,1191.575312,6.986670671,17.26263557,12.39368714,0.0,5.824404498,0.0,9.134199296,0.0,6.420821623,6.9237372,13.59242839,7.254408353,4.567099648,0.0,11.821508,13.59242839,0.0,0.0,0.0,6.544756406,12.24522612,0.0,0.0,42.42303282,0.0,0.0,0.0,1.321157407,0.0,5.416018519,5.460092593,-3.929074074,0.625,1,0,0,0,0,0,2,0,0,0,0,0,0,0,0,0,0,0,0,0,0,0,0,363.15,64,CCCn1cc[n+](C)c1C.F[B-](F)(F)F,0.975691075
1.1675,0.360795278,11.9,2.686908272,3.96e-07,-1.09,13246.45778,8.155184457,4.552749874,12.39368714,6.327320075,0.0,0.0,17.55199628,0.0,12.84164325,0.0,13.59242839,10.11812686,4.567099648,0.0,23.04597701,23.71055525,0.0,0.0,0.0,0.0,32.2280429,0.0,0.0,41.8266157,12.97054686,0.0,0.0,0.0,0.0,11.69987733,3.413194444,-4.032199468,0.727272727,1,0,0,0,0,0,2,0,0,0,0,0,0,0,0,0,0,0,0,0,0,0,0,303.15,65,CCCCCC[n+]1ccn(C)c1.O=S(=O)([O-])C(F)(F)F,0.530628251
1.1675,0.360795278,11.9,2.686908272,3.96e-07,-1.09,13246.45778,8.155184457,4.552749874,12.39368714,6.327320075,0.0,0.0,17.55199628,0.0,12.84164325,0.0,13.59242839,10.11812686,4.567099648,0.0,23.04597701,23.71055525,0.0,0.0,0.0,0.0,32.2280429,0.0,0.0,41.8266157,12.97054686,0.0,0.0,0.0,0.0,11.69987733,3.413194444,-4.032199468,0.727272727,1,0,0,0,0,0,2,0,0,0,0,0,0,0,0,0,0,0,0,0,0,0,0,313.15,65,CCCCCC[n+]1ccn(C)c1.O=S(=O)([O-])C(F)(F)F,0.54696467
1.1675,0.360795278,11.9,2.686908272,3.96e-07,-1.09,13246.45778,8.155184457,4.552749874,12.39368714,6.327320075,0.0,0.0,17.55199628,0.0,12.84164325,0.0,13.59242839,10.11812686,4.567099648,0.0,23.04597701,23.71055525,0.0,0.0,0.0,0.0,32.2280429,0.0,0.0,41.8266157,12.97054686,0.0,0.0,0.0,0.0,11.69987733,3.413194444,-4.032199468,0.727272727,1,0,0,0,0,0,2,0,0,0,0,0,0,0,0,0,0,0,0,0,0,0,0,323.15,65,CCCCCC[n+]1ccn(C)c1.O=S(=O)([O-])C(F)(F)F,0.567016903
1.1675,0.360795278,11.9,2.686908272,3.96e-07,-1.09,13246.45778,8.155184457,4.552749874,12.39368714,6.327320075,0.0,0.0,17.55199628,0.0,12.84164325,0.0,13.59242839,10.11812686,4.567099648,0.0,23.04597701,23.71055525,0.0,0.0,0.0,0.0,32.2280429,0.0,0.0,41.8266157,12.97054686,0.0,0.0,0.0,0.0,11.69987733,3.413194444,-4.032199468,0.727272727,1,0,0,0,0,0,2,0,0,0,0,0,0,0,0,0,0,0,0,0,0,0,0,333.15,65,CCCCCC[n+]1ccn(C)c1.O=S(=O)([O-])C(F)(F)F,0.591668012
1.1675,0.360795278,11.9,2.686908272,3.96e-07,-1.09,13246.45778,8.155184457,4.552749874,12.39368714,6.327320075,0.0,0.0,17.55199628,0.0,12.84164325,0.0,13.59242839,10.11812686,4.567099648,0.0,23.04597701,23.71055525,0.0,0.0,0.0,0.0,32.2280429,0.0,0.0,41.8266157,12.97054686,0.0,0.0,0.0,0.0,11.69987733,3.413194444,-4.032199468,0.727272727,1,0,0,0,0,0,2,0,0,0,0,0,0,0,0,0,0,0,0,0,0,0,0,343.15,65,CCCCCC[n+]1ccn(C)c1.O=S(=O)([O-])C(F)(F)F,0.609221946
1.1675,0.360795278,11.9,2.686908272,3.96e-07,-1.09,13246.45778,8.155184457,4.552749874,12.39368714,6.327320075,0.0,0.0,17.55199628,0.0,12.84164325,0.0,13.59242839,10.11812686,4.567099648,0.0,23.04597701,23.71055525,0.0,0.0,0.0,0.0,32.2280429,0.0,0.0,41.8266157,12.97054686,0.0,0.0,0.0,0.0,11.69987733,3.413194444,-4.032199468,0.727272727,1,0,0,0,0,0,2,0,0,0,0,0,0,0,0,0,0,0,0,0,0,0,0,353.15,65,CCCCCC[n+]1ccn(C)c1.O=S(=O)([O-])C(F)(F)F,0.614644952
1.1675,0.360795278,11.9,2.686908272,3.96e-07,-1.09,13246.45778,8.155184457,4.552749874,12.39368714,6.327320075,0.0,0.0,17.55199628,0.0,12.84164325,0.0,13.59242839,10.11812686,4.567099648,0.0,23.04597701,23.71055525,0.0,0.0,0.0,0.0,32.2280429,0.0,0.0,41.8266157,12.97054686,0.0,0.0,0.0,0.0,11.69987733,3.413194444,-4.032199468,0.727272727,1,0,0,0,0,0,2,0,0,0,0,0,0,0,0,0,0,0,0,0,0,0,0,363.15,65,CCCCCC[n+]1ccn(C)c1.O=S(=O)([O-])C(F)(F)F,0.63286625
0.203055556,0.435654551,10.71428571,2.324138206,2.92e-07,-1.045064935,790.2069901,9.046218125,22.36916297,18.93844355,6.327320075,0.0,0.0,9.134199296,0.0,0.0,0.0,13.65455395,7.254408353,4.567099648,0.0,23.53491736,13.59242839,0.0,6.606881965,6.544756406,0.0,0.0,0.0,34.9028785,0.0,5.106527395,0.0,0.0,0.0,0.0,5.79375,0.884444444,-4.047743764,0.5,1,0,0,0,0,0,2,0,0,0,0,0,0,0,0,0,0,0,0,0,0,0,0,303.15,66,Cn1cc[n+](CCO)c1.F[B-](F)(F)F,2.727852828
0.203055556,0.435654551,10.71428571,2.324138206,2.92e-07,-1.045064935,790.2069901,9.046218125,22.36916297,18.93844355,6.327320075,0.0,0.0,9.134199296,0.0,0.0,0.0,13.65455395,7.254408353,4.567099648,0.0,23.53491736,13.59242839,0.0,6.606881965,6.544756406,0.0,0.0,0.0,34.9028785,0.0,5.106527395,0.0,0.0,0.0,0.0,5.79375,0.884444444,-4.047743764,0.5,1,0,0,0,0,0,2,0,0,0,0,0,0,0,0,0,0,0,0,0,0,0,0,313.15,66,Cn1cc[n+](CCO)c1.F[B-](F)(F)F,2.714694744
0.203055556,0.435654551,10.71428571,2.324138206,2.92e-07,-1.045064935,790.2069901,9.046218125,22.36916297,18.93844355,6.327320075,0.0,0.0,9.134199296,0.0,0.0,0.0,13.65455395,7.254408353,4.567099648,0.0,23.53491736,13.59242839,0.0,6.606881965,6.544756406,0.0,0.0,0.0,34.9028785,0.0,5.106527395,0.0,0.0,0.0,0.0,5.79375,0.884444444,-4.047743764,0.5,1,0,0,0,0,0,2,0,0,0,0,0,0,0,0,0,0,0,0,0,0,0,0,323.15,66,Cn1cc[n+](CCO)c1.F[B-](F)(F)F,2.694627181
0.203055556,0.435654551,10.71428571,2.324138206,2.92e-07,-1.045064935,790.2069901,9.046218125,22.36916297,18.93844355,6.327320075,0.0,0.0,9.134199296,0.0,0.0,0.0,13.65455395,7.254408353,4.567099648,0.0,23.53491736,13.59242839,0.0,6.606881965,6.544756406,0.0,0.0,0.0,34.9028785,0.0,5.106527395,0.0,0.0,0.0,0.0,5.79375,0.884444444,-4.047743764,0.5,1,0,0,0,0,0,2,0,0,0,0,0,0,0,0,0,0,0,0,0,0,0,0,333.15,66,Cn1cc[n+](CCO)c1.F[B-](F)(F)F,2.681021529
0.203055556,0.435654551,10.71428571,2.324138206,2.92e-07,-1.045064935,790.2069901,9.046218125,22.36916297,18.93844355,6.327320075,0.0,0.0,9.134199296,0.0,0.0,0.0,13.65455395,7.254408353,4.567099648,0.0,23.53491736,13.59242839,0.0,6.606881965,6.544756406,0.0,0.0,0.0,34.9028785,0.0,5.106527395,0.0,0.0,0.0,0.0,5.79375,0.884444444,-4.047743764,0.5,1,0,0,0,0,0,2,0,0,0,0,0,0,0,0,0,0,0,0,0,0,0,0,343.15,66,Cn1cc[n+](CCO)c1.F[B-](F)(F)F,2.667228207
0.203055556,0.435654551,10.71428571,2.324138206,2.92e-07,-1.045064935,790.2069901,9.046218125,22.36916297,18.93844355,6.327320075,0.0,0.0,9.134199296,0.0,0.0,0.0,13.65455395,7.254408353,4.567099648,0.0,23.53491736,13.59242839,0.0,6.606881965,6.544756406,0.0,0.0,0.0,34.9028785,0.0,5.106527395,0.0,0.0,0.0,0.0,5.79375,0.884444444,-4.047743764,0.5,1,0,0,0,0,0,2,0,0,0,0,0,0,0,0,0,0,0,0,0,0,0,0,353.15,66,Cn1cc[n+](CCO)c1.F[B-](F)(F)F,2.653241965
0.203055556,0.435654551,10.71428571,2.324138206,2.92e-07,-1.045064935,790.2069901,9.046218125,22.36916297,18.93844355,6.327320075,0.0,0.0,9.134199296,0.0,0.0,0.0,13.65455395,7.254408353,4.567099648,0.0,23.53491736,13.59242839,0.0,6.606881965,6.544756406,0.0,0.0,0.0,34.9028785,0.0,5.106527395,0.0,0.0,0.0,0.0,5.79375,0.884444444,-4.047743764,0.5,1,0,0,0,0,0,2,0,0,0,0,0,0,0,0,0,0,0,0,0,0,0,0,363.15,66,Cn1cc[n+](CCO)c1.F[B-](F)(F)F,2.63905733
1.150138889,0.552927804,8.0,2.633932177,3.36e-07,-2.01,2338.931774,7.091397949,10.52378311,12.39368714,6.327320075,0.0,5.316788604,9.134199296,0.0,6.420821623,12.38631219,13.59242839,0.0,4.567099648,0.0,4.567099648,13.59242839,5.316788604,0.0,0.0,6.544756406,25.22795544,0.0,7.047671983,40.09573232,10.52378311,0.0,0.0,0.0,0.0,11.37951814,3.361944444,2.044092971,0.5,1,0,0,0,0,0,5,0,0,0,0,0,0,0,0,0,0,0,0,0,0,0,0,318.15,67,CCCC[n+]1ccn(C)c1.N#C[N-]C#N,0.765467842
1.150138889,0.552927804,8.0,2.633932177,3.36e-07,-2.01,2338.931774,7.091397949,10.52378311,12.39368714,6.327320075,0.0,5.316788604,9.134199296,0.0,6.420821623,12.38631219,13.59242839,0.0,4.567099648,0.0,4.567099648,13.59242839,5.316788604,0.0,0.0,6.544756406,25.22795544,0.0,7.047671983,40.09573232,10.52378311,0.0,0.0,0.0,0.0,11.37951814,3.361944444,2.044092971,0.5,1,0,0,0,0,0,5,0,0,0,0,0,0,0,0,0,0,0,0,0,0,0,0,328.15,67,CCCC[n+]1ccn(C)c1.N#C[N-]C#N,0.824175443
1.150138889,0.552927804,8.0,2.633932177,3.36e-07,-2.01,2338.931774,7.091397949,10.52378311,12.39368714,6.327320075,0.0,5.316788604,9.134199296,0.0,6.420821623,12.38631219,13.59242839,0.0,4.567099648,0.0,4.567099648,13.59242839,5.316788604,0.0,0.0,6.544756406,25.22795544,0.0,7.047671983,40.09573232,10.52378311,0.0,0.0,0.0,0.0,11.37951814,3.361944444,2.044092971,0.5,1,0,0,0,0,0,5,0,0,0,0,0,0,0,0,0,0,0,0,0,0,0,0,338.15,67,CCCC[n+]1ccn(C)c1.N#C[N-]C#N,0.879626748
1.150138889,0.552927804,8.0,2.633932177,3.36e-07,-2.01,2338.931774,7.091397949,10.52378311,12.39368714,6.327320075,0.0,5.316788604,9.134199296,0.0,6.420821623,12.38631219,13.59242839,0.0,4.567099648,0.0,4.567099648,13.59242839,5.316788604,0.0,0.0,6.544756406,25.22795544,0.0,7.047671983,40.09573232,10.52378311,0.0,0.0,0.0,0.0,11.37951814,3.361944444,2.044092971,0.5,1,0,0,0,0,0,5,0,0,0,0,0,0,0,0,0,0,0,0,0,0,0,0,348.15,67,CCCC[n+]1ccn(C)c1.N#C[N-]C#N,0.928219303
1.150138889,0.552927804,8.0,2.633932177,3.36e-07,-2.01,2338.931774,7.091397949,10.52378311,12.39368714,6.327320075,0.0,5.316788604,9.134199296,0.0,6.420821623,12.38631219,13.59242839,0.0,4.567099648,0.0,4.567099648,13.59242839,5.316788604,0.0,0.0,6.544756406,25.22795544,0.0,7.047671983,40.09573232,10.52378311,0.0,0.0,0.0,0.0,11.37951814,3.361944444,2.044092971,0.5,1,0,0,0,0,0,5,0,0,0,0,0,0,0,0,0,0,0,0,0,0,0,0,358.15,67,CCCC[n+]1ccn(C)c1.N#C[N-]C#N,0.97455964
1.150138889,0.552927804,8.0,2.633932177,3.36e-07,-2.01,2338.931774,7.091397949,10.52378311,12.39368714,6.327320075,0.0,5.316788604,9.134199296,0.0,6.420821623,12.38631219,13.59242839,0.0,4.567099648,0.0,4.567099648,13.59242839,5.316788604,0.0,0.0,6.544756406,25.22795544,0.0,7.047671983,40.09573232,10.52378311,0.0,0.0,0.0,0.0,11.37951814,3.361944444,2.044092971,0.5,1,0,0,0,0,0,5,0,0,0,0,0,0,0,0,0,0,0,0,0,0,0,0,368.15,67,CCCC[n+]1ccn(C)c1.N#C[N-]C#N,1.022450928
0.777777778,0.470046643,18.76923077,2.43043765,5.02e-07,-0.68,108815.5545,7.911629221,18.08415789,19.63426922,0.0,0.0,0.0,16.83559397,0.0,0.0,7.109797541,26.86831788,20.04658231,0.0,0.0,85.94767046,29.52030821,4.127401125,0.0,0.0,48.06534709,0.0,7.109797541,0.0,7.047671983,9.473725908,0.0,0.0,0.0,0.0,0.0,6.031258503,-9.421084892,1.0,1,0,0,0,0,0,2,0,1,0,0,0,0,2,0,1,1,0,0,0,0,1,0,318.15,68,COCC[N+]1(C)CCOCC1.O=S(=O)([N-]S(=O)(=O)C(F)(F)F)C(F)(F)F,0.570979547
0.777777778,0.470046643,18.76923077,2.43043765,5.02e-07,-0.68,108815.5545,7.911629221,18.08415789,19.63426922,0.0,0.0,0.0,16.83559397,0.0,0.0,7.109797541,26.86831788,20.04658231,0.0,0.0,85.94767046,29.52030821,4.127401125,0.0,0.0,48.06534709,0.0,7.109797541,0.0,7.047671983,9.473725908,0.0,0.0,0.0,0.0,0.0,6.031258503,-9.421084892,1.0,1,0,0,0,0,0,2,0,1,0,0,0,0,2,0,1,1,0,0,0,0,1,0,328.15,68,COCC[N+]1(C)CCOCC1.O=S(=O)([N-]S(=O)(=O)C(F)(F)F)C(F)(F)F,0.570979547
0.777777778,0.470046643,18.76923077,2.43043765,5.02e-07,-0.68,108815.5545,7.911629221,18.08415789,19.63426922,0.0,0.0,0.0,16.83559397,0.0,0.0,7.109797541,26.86831788,20.04658231,0.0,0.0,85.94767046,29.52030821,4.127401125,0.0,0.0,48.06534709,0.0,7.109797541,0.0,7.047671983,9.473725908,0.0,0.0,0.0,0.0,0.0,6.031258503,-9.421084892,1.0,1,0,0,0,0,0,2,0,1,0,0,0,0,2,0,1,1,0,0,0,0,1,0,338.15,68,COCC[N+]1(C)CCOCC1.O=S(=O)([N-]S(=O)(=O)C(F)(F)F)C(F)(F)F,0.565313809
0.777777778,0.470046643,18.76923077,2.43043765,5.02e-07,-0.68,108815.5545,7.911629221,18.08415789,19.63426922,0.0,0.0,0.0,16.83559397,0.0,0.0,7.109797541,26.86831788,20.04658231,0.0,0.0,85.94767046,29.52030821,4.127401125,0.0,0.0,48.06534709,0.0,7.109797541,0.0,7.047671983,9.473725908,0.0,0.0,0.0,0.0,0.0,6.031258503,-9.421084892,1.0,1,0,0,0,0,0,2,0,1,0,0,0,0,2,0,1,1,0,0,0,0,1,0,348.15,68,COCC[N+]1(C)CCOCC1.O=S(=O)([N-]S(=O)(=O)C(F)(F)F)C(F)(F)F,0.565313809
0.777777778,0.470046643,18.76923077,2.43043765,5.02e-07,-0.68,108815.5545,7.911629221,18.08415789,19.63426922,0.0,0.0,0.0,16.83559397,0.0,0.0,7.109797541,26.86831788,20.04658231,0.0,0.0,85.94767046,29.52030821,4.127401125,0.0,0.0,48.06534709,0.0,7.109797541,0.0,7.047671983,9.473725908,0.0,0.0,0.0,0.0,0.0,6.031258503,-9.421084892,1.0,1,0,0,0,0,0,2,0,1,0,0,0,0,2,0,1,1,0,0,0,0,1,0,358.15,68,COCC[N+]1(C)CCOCC1.O=S(=O)([N-]S(=O)(=O)C(F)(F)F)C(F)(F)F,0.565313809
0.777777778,0.470046643,18.76923077,2.43043765,5.02e-07,-0.68,108815.5545,7.911629221,18.08415789,19.63426922,0.0,0.0,0.0,16.83559397,0.0,0.0,7.109797541,26.86831788,20.04658231,0.0,0.0,85.94767046,29.52030821,4.127401125,0.0,0.0,48.06534709,0.0,7.109797541,0.0,7.047671983,9.473725908,0.0,0.0,0.0,0.0,0.0,6.031258503,-9.421084892,1.0,1,0,0,0,0,0,2,0,1,0,0,0,0,2,0,1,1,0,0,0,0,1,0,368.15,68,COCC[N+]1(C)CCOCC1.O=S(=O)([N-]S(=O)(=O)C(F)(F)F)C(F)(F)F,0.565313809
1.1675,0.464102434,9.238095238,2.929539481,4e-07,-2.765064935,40779.18957,6.81094143,0.0,12.39368714,6.327320075,0.0,0.0,30.18176551,23.87429233,12.84164325,0.0,13.59242839,6.145991148,4.567099648,0.0,10.7130908,13.59242839,0.0,0.0,0.0,0.0,56.10233522,0.0,0.0,41.8266157,21.04756622,0.0,0.0,5.375,0.0,8.977655108,3.413194444,2.05807831,0.5,1,0,0,0,0,0,6,0,0,0,0,0,0,0,0,0,0,0,0,0,0,0,0,328.15,69,CCCCCC[n+]1ccn(C)c1.N#C[B-](C#N)(C#N)C#N,-0.186329578
1.1675,0.464102434,9.238095238,2.929539481,4e-07,-2.765064935,40779.18957,6.81094143,0.0,12.39368714,6.327320075,0.0,0.0,30.18176551,23.87429233,12.84164325,0.0,13.59242839,6.145991148,4.567099648,0.0,10.7130908,13.59242839,0.0,0.0,0.0,0.0,56.10233522,0.0,0.0,41.8266157,21.04756622,0.0,0.0,5.375,0.0,8.977655108,3.413194444,2.05807831,0.5,1,0,0,0,0,0,6,0,0,0,0,0,0,0,0,0,0,0,0,0,0,0,0,338.15,69,CCCCCC[n+]1ccn(C)c1.N#C[B-](C#N)(C#N)C#N,-0.155484903
1.1675,0.464102434,9.238095238,2.929539481,4e-07,-2.765064935,40779.18957,6.81094143,0.0,12.39368714,6.327320075,0.0,0.0,30.18176551,23.87429233,12.84164325,0.0,13.59242839,6.145991148,4.567099648,0.0,10.7130908,13.59242839,0.0,0.0,0.0,0.0,56.10233522,0.0,0.0,41.8266157,21.04756622,0.0,0.0,5.375,0.0,8.977655108,3.413194444,2.05807831,0.5,1,0,0,0,0,0,6,0,0,0,0,0,0,0,0,0,0,0,0,0,0,0,0,348.15,69,CCCCCC[n+]1ccn(C)c1.N#C[B-](C#N)(C#N)C#N,-0.130108685
1.1675,0.464102434,9.238095238,2.929539481,4e-07,-2.765064935,40779.18957,6.81094143,0.0,12.39368714,6.327320075,0.0,0.0,30.18176551,23.87429233,12.84164325,0.0,13.59242839,6.145991148,4.567099648,0.0,10.7130908,13.59242839,0.0,0.0,0.0,0.0,56.10233522,0.0,0.0,41.8266157,21.04756622,0.0,0.0,5.375,0.0,8.977655108,3.413194444,2.05807831,0.5,1,0,0,0,0,0,6,0,0,0,0,0,0,0,0,0,0,0,0,0,0,0,0,358.15,69,CCCCCC[n+]1ccn(C)c1.N#C[B-](C#N)(C#N)C#N,-0.103140759
1.1675,0.464102434,9.238095238,2.929539481,4e-07,-2.765064935,40779.18957,6.81094143,0.0,12.39368714,6.327320075,0.0,0.0,30.18176551,23.87429233,12.84164325,0.0,13.59242839,6.145991148,4.567099648,0.0,10.7130908,13.59242839,0.0,0.0,0.0,0.0,56.10233522,0.0,0.0,41.8266157,21.04756622,0.0,0.0,5.375,0.0,8.977655108,3.413194444,2.05807831,0.5,1,0,0,0,0,0,6,0,0,0,0,0,0,0,0,0,0,0,0,0,0,0,0,368.15,69,CCCCCC[n+]1ccn(C)c1.N#C[B-](C#N)(C#N)C#N,-0.076881044
