SMILES,IL_SMILES,T/K,r,Normalized SMILES,index,index1,lnr
Cc1ccccc1,CC(=O)[O-].CC[n+]1ccn(C)c1,363.0,6.03,CC(=O)[O-].CC[n+]1ccn(C)c1,1,1,1.7967470107390942
Cc1ccccc1,CC(=O)[O-].CC[n+]1ccn(C)c1,373.0,5.96,CC(=O)[O-].CC[n+]1ccn(C)c1,1,2,1.7850704810772584
Cc1ccccc1,CC(=O)[O-].CC[n+]1ccn(C)c1,383.0,6.06,CC(=O)[O-].CC[n+]1ccn(C)c1,1,3,1.801709800081223
Cc1ccccc1,CC(=O)[O-].CC[n+]1ccn(C)c1,393.0,6.08,CC(=O)[O-].CC[n+]1ccn(C)c1,1,4,1.8050046959780757
Cc1ccccc1,CC(=O)[O-].CC[n+]1ccn(C)c1,403.0,6.26,CC(=O)[O-].CC[n+]1ccn(C)c1,1,5,1.8341801851120072
Cc1ccccc1,CC(=O)[O-].CC[n+]1ccn(C)c1,413.0,6.68,CC(=O)[O-].CC[n+]1ccn(C)c1,1,6,1.8991179875485542
Cc1ccccc1,CC(=O)[O-].CC[n+]1ccn(C)c1,313.0,5.01,CC(=O)[O-].CC[n+]1ccn(C)c1,1,7,1.6114359150967734
Cc1ccccc1,CC(=O)[O-].CC[n+]1ccn(C)c1,333.0,5.41,CC(=O)[O-].CC[n+]1ccn(C)c1,1,8,1.6882490928583902
Cc1ccccc1,CC(=O)[O-].CC[n+]1ccn(C)c1,353.0,5.76,CC(=O)[O-].CC[n+]1ccn(C)c1,1,9,1.7509374747078
Cc1ccccc1,CCCC[n+]1ccc(C)cc1.N#C[S-],298.2,2.55,CCCC[n+]1ccc(C)cc1.N#C[S-],2,10,0.9360933591703348
Cc1ccccc1,CCCC[n+]1ccc(C)cc1.N#C[S-],308.2,2.59,CCCC[n+]1ccc(C)cc1.N#C[S-],2,11,0.9516578757114463
Cc1ccccc1,CCCC[n+]1ccc(C)cc1.N#C[S-],318.2,2.61,CCCC[n+]1ccc(C)cc1.N#C[S-],2,12,0.959350221334602
Cc1ccccc1,CCCC[n+]1ccc(C)cc1.N#C[S-],328.2,2.65,CCCC[n+]1ccc(C)cc1.N#C[S-],2,13,0.9745596399981308
Cc1ccccc1,CCCC[n+]1ccc(C)cc1.N#C[S-],338.2,2.67,CCCC[n+]1ccc(C)cc1.N#C[S-],2,14,0.9820784724121582
Cc1ccccc1,CCCC[n+]1ccc(C)cc1.N#C[S-],348.2,2.69,CCCC[n+]1ccc(C)cc1.N#C[S-],2,15,0.9895411936137477
Cc1ccccc1,CCCC[n+]1ccc(C)cc1.N#C[S-],358.2,2.74,CCCC[n+]1ccc(C)cc1.N#C[S-],2,16,1.007957920399979
Cc1ccccc1,CCCC[n+]1ccc(C)cc1.N#C[S-],368.2,2.75,CCCC[n+]1ccc(C)cc1.N#C[S-],2,17,1.0116009116784799
Cc1ccccc1,CCCC[N+]1(C)CCCC1.N#C[S-],298.15,2.89,CCCC[N+]1(C)CCCC1.N#C[S-],3,18,1.0612565021243408
Cc1ccccc1,CCCC[N+]1(C)CCCC1.N#C[S-],308.15,2.98,CCCC[N+]1(C)CCCC1.N#C[S-],3,19,1.091923300517313
Cc1ccccc1,CCCC[N+]1(C)CCCC1.N#C[S-],318.15,3.07,CCCC[N+]1(C)CCCC1.N#C[S-],3,20,1.1216775615991057
Cc1ccccc1,CCCC[N+]1(C)CCCC1.N#C[S-],328.15,3.16,CCCC[N+]1(C)CCCC1.N#C[S-],3,21,1.1505720275988207
Cc1ccccc1,CCCC[N+]1(C)CCCC1.N#C[S-],338.15,3.25,CCCC[N+]1(C)CCCC1.N#C[S-],3,22,1.1786549963416462
Cc1ccccc1,CCCC[N+]1(C)CCCC1.N#C[S-],348.15,3.31,CCCC[N+]1(C)CCCC1.N#C[S-],3,23,1.1969481893889715
Cc1ccccc1,CCCC[N+]1(C)CCCC1.N#C[S-],358.15,3.41,CCCC[N+]1(C)CCCC1.N#C[S-],3,24,1.2267122912954254
Cc1ccccc1,CCCC[N+]1(C)CCCC1.N#C[S-],368.15,3.48,CCCC[N+]1(C)CCCC1.N#C[S-],3,25,1.247032293786383
Cc1ccccc1,CC[n+]1ccn(C)c1.O=C([O-])C(F)(F)F,298.15,4.337,CC[n+]1ccn(C)c1.O=C([O-])C(F)(F)F,4,26,1.467182864853229
Cc1ccccc1,CC[n+]1ccn(C)c1.O=C([O-])C(F)(F)F,308.15,4.373,CC[n+]1ccn(C)c1.O=C([O-])C(F)(F)F,4,27,1.4754492724307835
Cc1ccccc1,CC[n+]1ccn(C)c1.O=C([O-])C(F)(F)F,318.15,4.403,CC[n+]1ccn(C)c1.O=C([O-])C(F)(F)F,4,28,1.4822861267736167
Cc1ccccc1,CC[n+]1ccn(C)c1.O=C([O-])C(F)(F)F,328.15,4.433,CC[n+]1ccn(C)c1.O=C([O-])C(F)(F)F,4,29,1.4890765557629164
Cc1ccccc1,CC[n+]1ccn(C)c1.O=C([O-])C(F)(F)F,338.15,4.462,CC[n+]1ccn(C)c1.O=C([O-])C(F)(F)F,4,30,1.4955970960103406
Cc1ccccc1,CC[n+]1ccn(C)c1.O=C([O-])C(F)(F)F,348.15,4.485,CC[n+]1ccn(C)c1.O=C([O-])C(F)(F)F,4,31,1.5007384955107594
Cc1ccccc1,CC[n+]1ccn(C)c1.O=C([O-])C(F)(F)F,358.15,4.502,CC[n+]1ccn(C)c1.O=C([O-])C(F)(F)F,4,32,1.5045217424845405
Cc1ccccc1,CC[n+]1ccn(C)c1.O=C([O-])C(F)(F)F,368.15,4.52,CC[n+]1ccn(C)c1.O=C([O-])C(F)(F)F,4,33,1.5085119938441398
Cc1ccccc1,CC[n+]1ccn(C)c1.N#C[S-],298.15,6.01,CC[n+]1ccn(C)c1.N#C[S-],5,34,1.7934247485471162
Cc1ccccc1,CC[n+]1ccn(C)c1.N#C[S-],308.15,6.04,CC[n+]1ccn(C)c1.N#C[S-],5,35,1.7984040119467235
Cc1ccccc1,CC[n+]1ccn(C)c1.N#C[S-],318.15,6.07,CC[n+]1ccn(C)c1.N#C[S-],5,36,1.803358605071407
Cc1ccccc1,CC[n+]1ccn(C)c1.N#C[S-],328.15,6.1,CC[n+]1ccn(C)c1.N#C[S-],5,37,1.8082887711792655
Cc1ccccc1,CC[n+]1ccn(C)c1.N#C[S-],338.15,6.12,CC[n+]1ccn(C)c1.N#C[S-],5,38,1.8115620965242347
Cc1ccccc1,CC[n+]1ccn(C)c1.N#C[S-],348.15,6.15,CC[n+]1ccn(C)c1.N#C[S-],5,39,1.8164520818184267
Cc1ccccc1,CC[n+]1ccn(C)c1.N#C[S-],358.15,6.17,CC[n+]1ccn(C)c1.N#C[S-],5,40,1.8196988379172965
Cc1ccccc1,CC[n+]1ccn(C)c1.N#C[S-],368.15,6.2,CC[n+]1ccn(C)c1.N#C[S-],5,41,1.824549292051046
Cc1ccccc1,CC[S+](CC)CC.O=S(=O)([N-]S(=O)(=O)C(F)(F)F)C(F)(F)F,298.15,1.54,CC[S+](CC)CC.O=S(=O)([N-]S(=O)(=O)C(F)(F)F)C(F)(F)F,6,42,0.43178241642553783
Cc1ccccc1,CC[S+](CC)CC.O=S(=O)([N-]S(=O)(=O)C(F)(F)F)C(F)(F)F,308.15,1.56,CC[S+](CC)CC.O=S(=O)([N-]S(=O)(=O)C(F)(F)F)C(F)(F)F,6,43,0.44468582126144574
Cc1ccccc1,CC[S+](CC)CC.O=S(=O)([N-]S(=O)(=O)C(F)(F)F)C(F)(F)F,318.15,1.58,CC[S+](CC)CC.O=S(=O)([N-]S(=O)(=O)C(F)(F)F)C(F)(F)F,6,44,0.4574248470388755
Cc1ccccc1,CC[S+](CC)CC.O=S(=O)([N-]S(=O)(=O)C(F)(F)F)C(F)(F)F,328.15,1.6,CC[S+](CC)CC.O=S(=O)([N-]S(=O)(=O)C(F)(F)F)C(F)(F)F,6,45,0.47000362924573563
Cc1ccccc1,CC[S+](CC)CC.O=S(=O)([N-]S(=O)(=O)C(F)(F)F)C(F)(F)F,338.15,1.62,CC[S+](CC)CC.O=S(=O)([N-]S(=O)(=O)C(F)(F)F)C(F)(F)F,6,46,0.4824261492442928
Cc1ccccc1,CC[S+](CC)CC.O=S(=O)([N-]S(=O)(=O)C(F)(F)F)C(F)(F)F,348.15,1.63,CC[S+](CC)CC.O=S(=O)([N-]S(=O)(=O)C(F)(F)F)C(F)(F)F,6,47,0.4885800148186709
Cc1ccccc1,CC[S+](CC)CC.O=S(=O)([N-]S(=O)(=O)C(F)(F)F)C(F)(F)F,358.15,1.65,CC[S+](CC)CC.O=S(=O)([N-]S(=O)(=O)C(F)(F)F)C(F)(F)F,6,48,0.5007752879124892
Cc1ccccc1,CC[S+](CC)CC.O=S(=O)([N-]S(=O)(=O)C(F)(F)F)C(F)(F)F,368.15,1.66,CC[S+](CC)CC.O=S(=O)([N-]S(=O)(=O)C(F)(F)F)C(F)(F)F,6,49,0.5068176023684519
Cc1ccccc1,CCCCCCOC[n+]1ccn(C)c1.O=S(=O)([N-]S(=O)(=O)C(F)(F)F)C(F)(F)F,298.15,1.051,CCCCCCOC[n+]1ccn(C)c1.O=S(=O)([N-]S(=O)(=O)C(F)(F)F)C(F)(F)F,7,50,0.04974209189481401
Cc1ccccc1,CCCCCCOC[n+]1ccn(C)c1.O=S(=O)([N-]S(=O)(=O)C(F)(F)F)C(F)(F)F,308.15,1.06,CCCCCCOC[n+]1ccn(C)c1.O=S(=O)([N-]S(=O)(=O)C(F)(F)F)C(F)(F)F,7,51,0.058268908123975824
Cc1ccccc1,CCCCCCOC[n+]1ccn(C)c1.O=S(=O)([N-]S(=O)(=O)C(F)(F)F)C(F)(F)F,318.15,1.07,CCCCCCOC[n+]1ccn(C)c1.O=S(=O)([N-]S(=O)(=O)C(F)(F)F)C(F)(F)F,7,52,0.06765864847381486
Cc1ccccc1,CCCCCCOC[n+]1ccn(C)c1.O=S(=O)([N-]S(=O)(=O)C(F)(F)F)C(F)(F)F,328.15,1.08,CCCCCCOC[n+]1ccn(C)c1.O=S(=O)([N-]S(=O)(=O)C(F)(F)F)C(F)(F)F,7,53,0.0769610411361284
Cc1ccccc1,CCCCCCOC[n+]1ccn(C)c1.O=S(=O)([N-]S(=O)(=O)C(F)(F)F)C(F)(F)F,338.15,1.087,CCCCCCOC[n+]1ccn(C)c1.O=S(=O)([N-]S(=O)(=O)C(F)(F)F)C(F)(F)F,7,54,0.08342160813907236
Cc1ccccc1,CCCCCCOC[n+]1ccn(C)c1.O=S(=O)([N-]S(=O)(=O)C(F)(F)F)C(F)(F)F,348.15,1.096,CCCCCCOC[n+]1ccn(C)c1.O=S(=O)([N-]S(=O)(=O)C(F)(F)F)C(F)(F)F,7,55,0.09166718852582387
Cc1ccccc1,CCCCCCOC[n+]1ccn(C)c1.O=S(=O)([N-]S(=O)(=O)C(F)(F)F)C(F)(F)F,358.15,1.103,CCCCCCOC[n+]1ccn(C)c1.O=S(=O)([N-]S(=O)(=O)C(F)(F)F)C(F)(F)F,7,56,0.0980337402713654
Cc1ccccc1,CCCCCCOC[n+]1ccn(C)c1.O=S(=O)([N-]S(=O)(=O)C(F)(F)F)C(F)(F)F,368.15,1.111,CCCCCCOC[n+]1ccn(C)c1.O=S(=O)([N-]S(=O)(=O)C(F)(F)F)C(F)(F)F,7,57,0.10526051065749294
Cc1ccccc1,CCCCCC[n+]1ccn(C)c1.N#C[S-],298.15,2.79,CCCCCC[n+]1ccn(C)c1.N#C[S-],8,58,1.0260415958332743
Cc1ccccc1,CCCCCC[n+]1ccn(C)c1.N#C[S-],308.15,2.85,CCCCCC[n+]1ccn(C)c1.N#C[S-],8,59,1.0473189942805592
Cc1ccccc1,CCCCCC[n+]1ccn(C)c1.N#C[S-],318.15,2.91,CCCCCC[n+]1ccn(C)c1.N#C[S-],8,60,1.0681530811834012
Cc1ccccc1,CCCCCC[n+]1ccn(C)c1.N#C[S-],328.15,2.97,CCCCCC[n+]1ccn(C)c1.N#C[S-],8,61,1.0885619528146082
Cc1ccccc1,CCCCCC[n+]1ccn(C)c1.N#C[S-],338.15,3.03,CCCCCC[n+]1ccn(C)c1.N#C[S-],8,62,1.1085626195212777
Cc1ccccc1,CCCCCC[n+]1ccn(C)c1.N#C[S-],348.15,3.08,CCCCCC[n+]1ccn(C)c1.N#C[S-],8,63,1.1249295969854831
Cc1ccccc1,CCCCCC[n+]1ccn(C)c1.N#C[S-],358.15,3.14,CCCCCC[n+]1ccn(C)c1.N#C[S-],8,64,1.144222799920162
Cc1ccccc1,CCCCCC[n+]1ccn(C)c1.N#C[S-],368.15,3.18,CCCCCC[n+]1ccn(C)c1.N#C[S-],8,65,1.1568811967920856
Cc1ccccc1,CCCCCCCCCCCCCC[P+](CCCCCC)(CCCCCC)CCCCCC.F[B-](F)(F)F,313.15,0.526,CCCCCCCCCCCCCC[P+](CCCCCC)(CCCCCC)CCCCCC.F[B-](F)(F)F,9,66,-0.6424540662444271
Cc1ccccc1,CCCCCCCCCCCCCC[P+](CCCCCC)(CCCCCC)CCCCCC.F[B-](F)(F)F,333.15,0.531,CCCCCCCCCCCCCC[P+](CCCCCC)(CCCCCC)CCCCCC.F[B-](F)(F)F,9,67,-0.6329932577401982
Cc1ccccc1,CCCCCCCCCCCCCC[P+](CCCCCC)(CCCCCC)CCCCCC.F[B-](F)(F)F,353.15,0.56,CCCCCCCCCCCCCC[P+](CCCCCC)(CCCCCC)CCCCCC.F[B-](F)(F)F,9,68,-0.579818495252942
Cc1ccccc1,CCCCCCCCCCCCCC[P+](CCCCCC)(CCCCCC)CCCCCC.F[B-](F)(F)F,373.15,0.574,CCCCCCCCCCCCCC[P+](CCCCCC)(CCCCCC)CCCCCC.F[B-](F)(F)F,9,69,-0.5551258826625707
Cc1ccccc1,CCCCCCOCn1cc[n+](COCCCCCC)c1.O=S(=O)([N-]S(=O)(=O)C(F)(F)F)C(F)(F)F,308.15,0.743,CCCCCCOCn1cc[n+](COCCCCCC)c1.O=S(=O)([N-]S(=O)(=O)C(F)(F)F)C(F)(F)F,10,70,-0.2970592342643779
Cc1ccccc1,CCCCCCOCn1cc[n+](COCCCCCC)c1.O=S(=O)([N-]S(=O)(=O)C(F)(F)F)C(F)(F)F,318.15,0.746,CCCCCCOCn1cc[n+](COCCCCCC)c1.O=S(=O)([N-]S(=O)(=O)C(F)(F)F)C(F)(F)F,10,71,-0.2930296787783762
Cc1ccccc1,CCCCCCOCn1cc[n+](COCCCCCC)c1.O=S(=O)([N-]S(=O)(=O)C(F)(F)F)C(F)(F)F,328.15,0.749,CCCCCCOCn1cc[n+](COCCCCCC)c1.O=S(=O)([N-]S(=O)(=O)C(F)(F)F)C(F)(F)F,10,72,-0.2890162954649176
Cc1ccccc1,CCCCCCOCn1cc[n+](COCCCCCC)c1.O=S(=O)([N-]S(=O)(=O)C(F)(F)F)C(F)(F)F,338.15,0.753,CCCCCCOCn1cc[n+](COCCCCCC)c1.O=S(=O)([N-]S(=O)(=O)C(F)(F)F)C(F)(F)F,10,73,-0.2836900511822435
Cc1ccccc1,CCCCCCOCn1cc[n+](COCCCCCC)c1.O=S(=O)([N-]S(=O)(=O)C(F)(F)F)C(F)(F)F,348.15,0.756,CCCCCCOCn1cc[n+](COCCCCCC)c1.O=S(=O)([N-]S(=O)(=O)C(F)(F)F)C(F)(F)F,10,74,-0.27971390280260405
Cc1ccccc1,CCCCCCOCn1cc[n+](COCCCCCC)c1.O=S(=O)([N-]S(=O)(=O)C(F)(F)F)C(F)(F)F,358.15,0.758,CCCCCCOCn1cc[n+](COCCCCCC)c1.O=S(=O)([N-]S(=O)(=O)C(F)(F)F)C(F)(F)F,10,75,-0.2770718933397654
Cc1ccccc1,CCCCCCOCn1cc[n+](COCCCCCC)c1.O=S(=O)([N-]S(=O)(=O)C(F)(F)F)C(F)(F)F,368.15,0.761,CCCCCCOCn1cc[n+](COCCCCCC)c1.O=S(=O)([N-]S(=O)(=O)C(F)(F)F)C(F)(F)F,10,76,-0.2731219211204512
Cc1ccccc1,CCCC[n+]1ccn(C)c1.O=[N+]([O-])[O-],303.15,3.089,CCCC[n+]1ccn(C)c1.O=[N+]([O-])[O-],11,77,1.1278474139364447
Cc1ccccc1,CCCC[n+]1ccn(C)c1.O=[N+]([O-])[O-],313.15,3.148,CCCC[n+]1ccn(C)c1.O=[N+]([O-])[O-],11,78,1.146767330555157
Cc1ccccc1,CCCC[n+]1ccn(C)c1.O=[N+]([O-])[O-],323.15,3.193,CCCC[n+]1ccn(C)c1.O=[N+]([O-])[O-],11,79,1.160960913732645
Cc1ccccc1,CCCC[n+]1ccn(C)c1.O=[N+]([O-])[O-],333.15,3.242,CCCC[n+]1ccn(C)c1.O=[N+]([O-])[O-],11,80,1.1761904233134843
Cc1ccccc1,CCCC[n+]1ccn(C)c1.O=[N+]([O-])[O-],343.15,3.291,CCCC[n+]1ccn(C)c1.O=[N+]([O-])[O-],11,81,1.191191469961203
Cc1ccccc1,CCCC[n+]1ccn(C)c1.O=[N+]([O-])[O-],353.15,3.334,CCCC[n+]1ccn(C)c1.O=[N+]([O-])[O-],11,82,1.2041727843286023
Cc1ccccc1,CCCC[n+]1ccn(C)c1.O=[N+]([O-])[O-],363.15,3.366,CCCC[n+]1ccn(C)c1.O=[N+]([O-])[O-],11,83,1.2137250957686143
Cc1ccccc1,CCCC[n+]1ccn(C)c1.O=S(=O)([O-])C(F)(F)F,303.15,2.723,CCCC[n+]1ccn(C)c1.O=S(=O)([O-])C(F)(F)F,12,84,1.0017342136916225
Cc1ccccc1,CCCC[n+]1ccn(C)c1.O=S(=O)([O-])C(F)(F)F,313.15,2.749,CCCC[n+]1ccn(C)c1.O=S(=O)([O-])C(F)(F)F,12,85,1.0112372091831088
Cc1ccccc1,CCCC[n+]1ccn(C)c1.O=S(=O)([O-])C(F)(F)F,323.15,2.777,CCCC[n+]1ccn(C)c1.O=S(=O)([O-])C(F)(F)F,12,86,1.0213712083246624
Cc1ccccc1,CCCC[n+]1ccn(C)c1.O=S(=O)([O-])C(F)(F)F,333.15,2.804,CCCC[n+]1ccn(C)c1.O=S(=O)([O-])C(F)(F)F,12,87,1.0310469691723436
Cc1ccccc1,CCCC[n+]1ccn(C)c1.O=S(=O)([O-])C(F)(F)F,343.15,2.833,CCCC[n+]1ccn(C)c1.O=S(=O)([O-])C(F)(F)F,12,88,1.0413362208483796
Cc1ccccc1,CCCC[n+]1ccn(C)c1.O=S(=O)([O-])C(F)(F)F,353.15,2.853,CCCC[n+]1ccn(C)c1.O=S(=O)([O-])C(F)(F)F,12,89,1.048371072231363
Cc1ccccc1,CCCC[n+]1ccn(C)c1.O=S(=O)([O-])C(F)(F)F,363.15,2.875,CCCC[n+]1ccn(C)c1.O=S(=O)([O-])C(F)(F)F,12,90,1.0560526742493137
Cc1ccccc1,CCCCCC[n+]1ccn(C)c1.O=C([O-])C(F)(F)F,303.15,2.97,CCCCCC[n+]1ccn(C)c1.O=C([O-])C(F)(F)F,13,91,1.0885619528146082
Cc1ccccc1,CCCCCC[n+]1ccn(C)c1.O=C([O-])C(F)(F)F,313.15,3.02,CCCCCC[n+]1ccn(C)c1.O=C([O-])C(F)(F)F,13,92,1.1052568313867783
Cc1ccccc1,CCCCCC[n+]1ccn(C)c1.O=C([O-])C(F)(F)F,323.15,3.06,CCCCCC[n+]1ccn(C)c1.O=C([O-])C(F)(F)F,13,93,1.1184149159642893
Cc1ccccc1,CCCCCC[n+]1ccn(C)c1.O=C([O-])C(F)(F)F,333.15,3.1,CCCCCC[n+]1ccn(C)c1.O=C([O-])C(F)(F)F,13,94,1.1314021114911006
Cc1ccccc1,CCCCCC[n+]1ccn(C)c1.O=C([O-])C(F)(F)F,343.15,3.14,CCCCCC[n+]1ccn(C)c1.O=C([O-])C(F)(F)F,13,95,1.144222799920162
Cc1ccccc1,CCCCCC[n+]1ccn(C)c1.O=C([O-])C(F)(F)F,353.15,3.17,CCCCCC[n+]1ccn(C)c1.O=C([O-])C(F)(F)F,13,96,1.1537315878891892
Cc1ccccc1,CCCCCC[n+]1ccn(C)c1.O=C([O-])C(F)(F)F,363.15,3.2,CCCCCC[n+]1ccn(C)c1.O=C([O-])C(F)(F)F,13,97,1.1631508098056809
Cc1ccccc1,CCCCCCCCCC[n+]1ccn(C)c1.F[B-](F)(F)F,303.15,1.52,CCCCCCCCCC[n+]1ccn(C)c1.F[B-](F)(F)F,14,98,0.41871033485818504
Cc1ccccc1,CCCCCCCCCC[n+]1ccn(C)c1.F[B-](F)(F)F,313.15,1.49,CCCCCCCCCC[n+]1ccn(C)c1.F[B-](F)(F)F,14,99,0.3987761199573678
Cc1ccccc1,CCCCCCCCCC[n+]1ccn(C)c1.F[B-](F)(F)F,323.15,1.47,CCCCCCCCCC[n+]1ccn(C)c1.F[B-](F)(F)F,14,100,0.3852624007906449
Cc1ccccc1,CCCCCCCCCC[n+]1ccn(C)c1.F[B-](F)(F)F,333.15,1.43,CCCCCCCCCC[n+]1ccn(C)c1.F[B-](F)(F)F,14,101,0.3576744442718159
Cc1ccccc1,CCCCCCCCCC[n+]1ccn(C)c1.F[B-](F)(F)F,343.15,1.41,CCCCCCCCCC[n+]1ccn(C)c1.F[B-](F)(F)F,14,102,0.34358970439007686
Cc1ccccc1,CCCCCCCCCC[n+]1ccn(C)c1.F[B-](F)(F)F,353.15,1.4,CCCCCCCCCC[n+]1ccn(C)c1.F[B-](F)(F)F,14,103,0.3364722366212129
Cc1ccccc1,CCCCCCCCCC[n+]1ccn(C)c1.F[B-](F)(F)F,363.15,1.35,CCCCCCCCCC[n+]1ccn(C)c1.F[B-](F)(F)F,14,104,0.30010459245033816
Cc1ccccc1,O=S(=O)([N-]S(=O)(=O)C(F)(F)F)C(F)(F)F.OCCC[n+]1ccccc1,318.15,2.36,O=S(=O)([N-]S(=O)(=O)C(F)(F)F)C(F)(F)F.OCCC[n+]1ccccc1,15,105,0.8586616190375187
Cc1ccccc1,O=S(=O)([N-]S(=O)(=O)C(F)(F)F)C(F)(F)F.OCCC[n+]1ccccc1,328.15,2.37,O=S(=O)([N-]S(=O)(=O)C(F)(F)F)C(F)(F)F.OCCC[n+]1ccccc1,15,106,0.8628899551470398
Cc1ccccc1,O=S(=O)([N-]S(=O)(=O)C(F)(F)F)C(F)(F)F.OCCC[n+]1ccccc1,338.15,2.38,O=S(=O)([N-]S(=O)(=O)C(F)(F)F)C(F)(F)F.OCCC[n+]1ccccc1,15,107,0.8671004876833833
Cc1ccccc1,O=S(=O)([N-]S(=O)(=O)C(F)(F)F)C(F)(F)F.OCCC[n+]1ccccc1,348.15,2.39,O=S(=O)([N-]S(=O)(=O)C(F)(F)F)C(F)(F)F.OCCC[n+]1ccccc1,15,108,0.8712933659434193
Cc1ccccc1,O=S(=O)([N-]S(=O)(=O)C(F)(F)F)C(F)(F)F.OCCC[n+]1ccccc1,358.15,2.4,O=S(=O)([N-]S(=O)(=O)C(F)(F)F)C(F)(F)F.OCCC[n+]1ccccc1,15,109,0.8754687373538999
Cc1ccccc1,O=S(=O)([N-]S(=O)(=O)C(F)(F)F)C(F)(F)F.OCCC[n+]1ccccc1,368.15,2.41,O=S(=O)([N-]S(=O)(=O)C(F)(F)F)C(F)(F)F.OCCC[n+]1ccccc1,15,110,0.8796267475025636
Cc1ccccc1,O=S(=O)([N-]S(=O)(=O)C(F)(F)F)C(F)(F)F.OCCC[n+]1ccccc1,378.15,2.42,O=S(=O)([N-]S(=O)(=O)C(F)(F)F)C(F)(F)F.OCCC[n+]1ccccc1,15,111,0.883767540168595
Cc1ccccc1,CCCC[n+]1ccc(C#N)cc1.O=S(=O)([N-]S(=O)(=O)C(F)(F)F)C(F)(F)F,308.15,1.46,CCCC[n+]1ccc(C#N)cc1.O=S(=O)([N-]S(=O)(=O)C(F)(F)F)C(F)(F)F,16,112,0.37843643572024505
Cc1ccccc1,CCCC[n+]1ccc(C#N)cc1.O=S(=O)([N-]S(=O)(=O)C(F)(F)F)C(F)(F)F,318.15,1.54,CCCC[n+]1ccc(C#N)cc1.O=S(=O)([N-]S(=O)(=O)C(F)(F)F)C(F)(F)F,16,113,0.43178241642553783
Cc1ccccc1,CCCC[n+]1ccc(C#N)cc1.O=S(=O)([N-]S(=O)(=O)C(F)(F)F)C(F)(F)F,328.15,1.62,CCCC[n+]1ccc(C#N)cc1.O=S(=O)([N-]S(=O)(=O)C(F)(F)F)C(F)(F)F,16,114,0.4824261492442928
Cc1ccccc1,CCCC[n+]1ccc(C#N)cc1.O=S(=O)([N-]S(=O)(=O)C(F)(F)F)C(F)(F)F,338.15,1.7,CCCC[n+]1ccc(C#N)cc1.O=S(=O)([N-]S(=O)(=O)C(F)(F)F)C(F)(F)F,16,115,0.5306282510621704
Cc1ccccc1,CCCC[n+]1ccc(C#N)cc1.O=S(=O)([N-]S(=O)(=O)C(F)(F)F)C(F)(F)F,348.15,1.78,CCCC[n+]1ccc(C#N)cc1.O=S(=O)([N-]S(=O)(=O)C(F)(F)F)C(F)(F)F,16,116,0.5766133643039938
Cc1ccccc1,CCCC[n+]1ccc(C#N)cc1.O=S(=O)([N-]S(=O)(=O)C(F)(F)F)C(F)(F)F,358.15,1.86,CCCC[n+]1ccc(C#N)cc1.O=S(=O)([N-]S(=O)(=O)C(F)(F)F)C(F)(F)F,16,117,0.62057648772511
Cc1ccccc1,CCCC[n+]1ccc(C#N)cc1.O=S(=O)([N-]S(=O)(=O)C(F)(F)F)C(F)(F)F,368.15,1.94,CCCC[n+]1ccc(C#N)cc1.O=S(=O)([N-]S(=O)(=O)C(F)(F)F)C(F)(F)F,16,118,0.6626879730752367
Cc1ccccc1,CCN(CC)c1c(N(CC)CC)[c+]1N(CC)CC.O=S(=O)([N-]S(=O)(=O)C(F)(F)F)C(F)(F)F,323.15,0.7,CCN(CC)c1c(N(CC)CC)[c+]1N(CC)CC.O=S(=O)([N-]S(=O)(=O)C(F)(F)F)C(F)(F)F,17,119,-0.35667494393873245
Cc1ccccc1,CCN(CC)c1c(N(CC)CC)[c+]1N(CC)CC.O=S(=O)([N-]S(=O)(=O)C(F)(F)F)C(F)(F)F,333.15,0.717,CCN(CC)c1c(N(CC)CC)[c+]1N(CC)CC.O=S(=O)([N-]S(=O)(=O)C(F)(F)F)C(F)(F)F,17,120,-0.33267943838251673
Cc1ccccc1,CCN(CC)c1c(N(CC)CC)[c+]1N(CC)CC.O=S(=O)([N-]S(=O)(=O)C(F)(F)F)C(F)(F)F,343.15,0.741,CCN(CC)c1c(N(CC)CC)[c+]1N(CC)CC.O=S(=O)([N-]S(=O)(=O)C(F)(F)F)C(F)(F)F,17,121,-0.2997546536860502
Cc1ccccc1,CCN(CC)c1c(N(CC)CC)[c+]1N(CC)CC.O=S(=O)([N-]S(=O)(=O)C(F)(F)F)C(F)(F)F,353.15,0.779,CCN(CC)c1c(N(CC)CC)[c+]1N(CC)CC.O=S(=O)([N-]S(=O)(=O)C(F)(F)F)C(F)(F)F,17,122,-0.24974423311138874
Cc1ccccc1,CCN(CC)c1c(N(CC)CC)[c+]1N(CC)CC.O=S(=O)([N-]S(=O)(=O)C(F)(F)F)C(F)(F)F,363.15,0.809,CCN(CC)c1c(N(CC)CC)[c+]1N(CC)CC.O=S(=O)([N-]S(=O)(=O)C(F)(F)F)C(F)(F)F,17,123,-0.2119563619236453
Cc1ccccc1,CCN(CC)c1c(N(CC)CC)[c+]1N(CC)CC.O=S(=O)([N-]S(=O)(=O)C(F)(F)F)C(F)(F)F,373.15,0.834,CCN(CC)c1c(N(CC)CC)[c+]1N(CC)CC.O=S(=O)([N-]S(=O)(=O)C(F)(F)F)C(F)(F)F,17,124,-0.18152187662339034
Cc1ccccc1,CCCCCCCC[N+](CC)(CC)CC.O=S(=O)(F)[N-]S(=O)(=O)F,318.15,0.832,CCCCCCCC[N+](CC)(CC)CC.O=S(=O)(F)[N-]S(=O)(=O)F,18,125,-0.1839228381609285
Cc1ccccc1,CCCCCCCC[N+](CC)(CC)CC.O=S(=O)(F)[N-]S(=O)(=O)F,328.15,0.89,CCCCCCCC[N+](CC)(CC)CC.O=S(=O)(F)[N-]S(=O)(=O)F,18,126,-0.11653381625595151
Cc1ccccc1,CCCCCCCC[N+](CC)(CC)CC.O=S(=O)(F)[N-]S(=O)(=O)F,338.15,0.951,CCCCCCCC[N+](CC)(CC)CC.O=S(=O)(F)[N-]S(=O)(=O)F,18,127,-0.05024121643674679
Cc1ccccc1,CCCCCCCC[N+](CC)(CC)CC.O=S(=O)(F)[N-]S(=O)(=O)F,348.15,1.01,CCCCCCCC[N+](CC)(CC)CC.O=S(=O)(F)[N-]S(=O)(=O)F,18,128,0.009950330853168092
Cc1ccccc1,CCCCCCCC[N+](CC)(CC)CC.O=S(=O)(F)[N-]S(=O)(=O)F,358.15,1.07,CCCCCCCC[N+](CC)(CC)CC.O=S(=O)(F)[N-]S(=O)(=O)F,18,129,0.06765864847381486
Cc1ccccc1,CCCCCCCC[N+](CC)(CC)CC.O=S(=O)(F)[N-]S(=O)(=O)F,368.15,1.13,CCCCCCCC[N+](CC)(CC)CC.O=S(=O)(F)[N-]S(=O)(=O)F,18,130,0.12221763272424911
Cc1ccccc1,CCCC[N+]1(C)CCCC1.O=S(=O)(F)[N-]S(=O)(=O)F,318.15,1.49,CCCC[N+]1(C)CCCC1.O=S(=O)(F)[N-]S(=O)(=O)F,19,131,0.3987761199573678
Cc1ccccc1,CCCC[N+]1(C)CCCC1.O=S(=O)(F)[N-]S(=O)(=O)F,328.15,1.59,CCCC[N+]1(C)CCCC1.O=S(=O)(F)[N-]S(=O)(=O)F,19,132,0.4637340162321402
Cc1ccccc1,CCCC[N+]1(C)CCCC1.O=S(=O)(F)[N-]S(=O)(=O)F,338.15,1.68,CCCC[N+]1(C)CCCC1.O=S(=O)(F)[N-]S(=O)(=O)F,19,133,0.5187937934151675
Cc1ccccc1,CCCC[N+]1(C)CCCC1.O=S(=O)(F)[N-]S(=O)(=O)F,348.15,1.78,CCCC[N+]1(C)CCCC1.O=S(=O)(F)[N-]S(=O)(=O)F,19,134,0.5766133643039938
Cc1ccccc1,CCCC[N+]1(C)CCCC1.O=S(=O)(F)[N-]S(=O)(=O)F,358.15,1.88,CCCC[N+]1(C)CCCC1.O=S(=O)(F)[N-]S(=O)(=O)F,19,135,0.6312717768418578
Cc1ccccc1,CCCC[N+]1(C)CCCC1.O=S(=O)(F)[N-]S(=O)(=O)F,368.15,1.97,CCCC[N+]1(C)CCCC1.O=S(=O)(F)[N-]S(=O)(=O)F,19,136,0.6780335427498971
Cc1ccccc1,CC[n+]1ccn(C)c1.CS(=O)(=O)[O-],308.15,9.13,CC[n+]1ccn(C)c1.CS(=O)(=O)[O-],20,137,2.211565694606877
Cc1ccccc1,CC[n+]1ccn(C)c1.CS(=O)(=O)[O-],318.15,9.03,CC[n+]1ccn(C)c1.CS(=O)(=O)[O-],20,138,2.200552367428894
Cc1ccccc1,CC[n+]1ccn(C)c1.CS(=O)(=O)[O-],328.15,8.88,CC[n+]1ccn(C)c1.CS(=O)(=O)[O-],20,139,2.1838015570040787
Cc1ccccc1,CC[n+]1ccn(C)c1.CS(=O)(=O)[O-],338.15,8.77,CC[n+]1ccn(C)c1.CS(=O)(=O)[O-],20,140,2.1713368063840917
Cc1ccccc1,CC[n+]1ccn(C)c1.CS(=O)(=O)[O-],348.15,8.65,CC[n+]1ccn(C)c1.CS(=O)(=O)[O-],20,141,2.157559320943788
Cc1ccccc1,CC[n+]1ccn(C)c1.CS(=O)(=O)[O-],358.15,8.53,CC[n+]1ccn(C)c1.CS(=O)(=O)[O-],20,142,2.1435893615035875
Cc1ccccc1,CCCC[N+]1(C)CCCC1.N#C[C-](C#N)C#N,318.15,1.43,CCCC[N+]1(C)CCCC1.N#C[C-](C#N)C#N,21,143,0.3576744442718159
Cc1ccccc1,CCCC[N+]1(C)CCCC1.N#C[C-](C#N)C#N,328.15,1.47,CCCC[N+]1(C)CCCC1.N#C[C-](C#N)C#N,21,144,0.3852624007906449
Cc1ccccc1,CCCC[N+]1(C)CCCC1.N#C[C-](C#N)C#N,338.15,1.51,CCCC[N+]1(C)CCCC1.N#C[C-](C#N)C#N,21,145,0.412109650826833
Cc1ccccc1,CCCC[N+]1(C)CCCC1.N#C[C-](C#N)C#N,348.15,1.55,CCCC[N+]1(C)CCCC1.N#C[C-](C#N)C#N,21,146,0.4382549309311553
Cc1ccccc1,CCCC[N+]1(C)CCCC1.N#C[C-](C#N)C#N,358.15,1.57,CCCC[N+]1(C)CCCC1.N#C[C-](C#N)C#N,21,147,0.45107561936021673
Cc1ccccc1,CCCC[N+]1(C)CCCC1.N#C[C-](C#N)C#N,368.15,1.6,CCCC[N+]1(C)CCCC1.N#C[C-](C#N)C#N,21,148,0.47000362924573563
Cc1ccccc1,CCCC[n+]1ccc(C)cc1.O=S(=O)([N-]S(=O)(=O)C(F)(F)F)C(F)(F)F,318.15,0.973,CCCC[n+]1ccc(C)cc1.O=S(=O)([N-]S(=O)(=O)C(F)(F)F)C(F)(F)F,22,149,-0.027371196796132015
Cc1ccccc1,CCCC[n+]1ccc(C)cc1.O=S(=O)([N-]S(=O)(=O)C(F)(F)F)C(F)(F)F,328.15,1.0,CCCC[n+]1ccc(C)cc1.O=S(=O)([N-]S(=O)(=O)C(F)(F)F)C(F)(F)F,22,150,0.0
Cc1ccccc1,CCCC[n+]1ccc(C)cc1.O=S(=O)([N-]S(=O)(=O)C(F)(F)F)C(F)(F)F,338.15,1.024,CCCC[n+]1ccc(C)cc1.O=S(=O)([N-]S(=O)(=O)C(F)(F)F)C(F)(F)F,22,151,0.023716526617316065
Cc1ccccc1,CCCC[n+]1ccc(C)cc1.O=S(=O)([N-]S(=O)(=O)C(F)(F)F)C(F)(F)F,348.15,1.046,CCCC[n+]1ccc(C)cc1.O=S(=O)([N-]S(=O)(=O)C(F)(F)F)C(F)(F)F,22,152,0.044973365642731196
Cc1ccccc1,CCCC[n+]1ccc(C)cc1.O=S(=O)([N-]S(=O)(=O)C(F)(F)F)C(F)(F)F,358.15,1.069,CCCC[n+]1ccc(C)cc1.O=S(=O)([N-]S(=O)(=O)C(F)(F)F)C(F)(F)F,22,153,0.06672363204290813
Cc1ccccc1,CCCC[n+]1ccc(C)cc1.O=S(=O)([N-]S(=O)(=O)C(F)(F)F)C(F)(F)F,368.15,1.092,CCCC[n+]1ccc(C)cc1.O=S(=O)([N-]S(=O)(=O)C(F)(F)F)C(F)(F)F,22,154,0.08801087732271337
Cc1ccccc1,CCC[N+]1(C)CCCCC1.O=S(=O)([N-]S(=O)(=O)C(F)(F)F)C(F)(F)F,308.15,1.26,CCC[N+]1(C)CCCCC1.O=S(=O)([N-]S(=O)(=O)C(F)(F)F)C(F)(F)F,23,155,0.23111172096338664
Cc1ccccc1,CCC[N+]1(C)CCCCC1.O=S(=O)([N-]S(=O)(=O)C(F)(F)F)C(F)(F)F,318.15,1.27,CCC[N+]1(C)CCCCC1.O=S(=O)([N-]S(=O)(=O)C(F)(F)F)C(F)(F)F,23,156,0.23901690047049992
Cc1ccccc1,CCC[N+]1(C)CCCCC1.O=S(=O)([N-]S(=O)(=O)C(F)(F)F)C(F)(F)F,328.15,1.29,CCC[N+]1(C)CCCCC1.O=S(=O)([N-]S(=O)(=O)C(F)(F)F)C(F)(F)F,23,157,0.25464221837358075
Cc1ccccc1,CCC[N+]1(C)CCCCC1.O=S(=O)([N-]S(=O)(=O)C(F)(F)F)C(F)(F)F,338.15,1.3,CCC[N+]1(C)CCCCC1.O=S(=O)([N-]S(=O)(=O)C(F)(F)F)C(F)(F)F,23,158,0.26236426446749106
Cc1ccccc1,CCC[N+]1(C)CCCCC1.O=S(=O)([N-]S(=O)(=O)C(F)(F)F)C(F)(F)F,348.15,1.33,CCC[N+]1(C)CCCCC1.O=S(=O)([N-]S(=O)(=O)C(F)(F)F)C(F)(F)F,23,159,0.28517894223366247
Cc1ccccc1,CCC[N+]1(C)CCCCC1.O=S(=O)([N-]S(=O)(=O)C(F)(F)F)C(F)(F)F,358.15,1.35,CCC[N+]1(C)CCCCC1.O=S(=O)([N-]S(=O)(=O)C(F)(F)F)C(F)(F)F,23,160,0.30010459245033816
Cc1ccccc1,CCCCCCCCCCCC[n+]1ccn(C)c1.O=S(=O)([N-]S(=O)(=O)C(F)(F)F)C(F)(F)F,318.15,0.699,CCCCCCCCCCCC[n+]1ccn(C)c1.O=S(=O)([N-]S(=O)(=O)C(F)(F)F)C(F)(F)F,24,161,-0.3581045367483269
Cc1ccccc1,CCCCCCCCCCCC[n+]1ccn(C)c1.O=S(=O)([N-]S(=O)(=O)C(F)(F)F)C(F)(F)F,328.15,0.732,CCCCCCCCCCCC[n+]1ccn(C)c1.O=S(=O)([N-]S(=O)(=O)C(F)(F)F)C(F)(F)F,24,162,-0.3119747650208255
Cc1ccccc1,CCCCCCCCCCCC[n+]1ccn(C)c1.O=S(=O)([N-]S(=O)(=O)C(F)(F)F)C(F)(F)F,338.15,0.765,CCCCCCCCCCCC[n+]1ccn(C)c1.O=S(=O)([N-]S(=O)(=O)C(F)(F)F)C(F)(F)F,24,163,-0.2678794451556012
Cc1ccccc1,CCCCCCCCCCCC[n+]1ccn(C)c1.O=S(=O)([N-]S(=O)(=O)C(F)(F)F)C(F)(F)F,348.15,0.8,CCCCCCCCCCCC[n+]1ccn(C)c1.O=S(=O)([N-]S(=O)(=O)C(F)(F)F)C(F)(F)F,24,164,-0.2231435513142097
Cc1ccccc1,CCCCCCCCCCCC[n+]1ccn(C)c1.O=S(=O)([N-]S(=O)(=O)C(F)(F)F)C(F)(F)F,358.15,0.832,CCCCCCCCCCCC[n+]1ccn(C)c1.O=S(=O)([N-]S(=O)(=O)C(F)(F)F)C(F)(F)F,24,165,-0.1839228381609285
Cc1ccccc1,CCCCCCCCCCCC[n+]1ccn(C)c1.O=S(=O)([N-]S(=O)(=O)C(F)(F)F)C(F)(F)F,368.15,0.864,CCCCCCCCCCCC[n+]1ccn(C)c1.O=S(=O)([N-]S(=O)(=O)C(F)(F)F)C(F)(F)F,24,166,-0.14618251017808145
Cc1ccccc1,CCCC[N+]1(C)CCCC1.FC(F)(F)C(F)(F)[P-](F)(F)(F)(C(F)(F)C(F)(F)F)C(F)(F)C(F)(F)F,318.15,0.785,CCCC[N+]1(C)CCCC1.FC(F)(F)C(F)(F)[P-](F)(F)(F)(C(F)(F)C(F)(F)F)C(F)(F)C(F)(F)F,25,167,-0.24207156119972859
Cc1ccccc1,CCCC[N+]1(C)CCCC1.FC(F)(F)C(F)(F)[P-](F)(F)(F)(C(F)(F)C(F)(F)F)C(F)(F)C(F)(F)F,328.15,0.809,CCCC[N+]1(C)CCCC1.FC(F)(F)C(F)(F)[P-](F)(F)(F)(C(F)(F)C(F)(F)F)C(F)(F)C(F)(F)F,25,168,-0.2119563619236453
Cc1ccccc1,CCCC[N+]1(C)CCCC1.FC(F)(F)C(F)(F)[P-](F)(F)(F)(C(F)(F)C(F)(F)F)C(F)(F)C(F)(F)F,338.15,0.836,CCCC[N+]1(C)CCCC1.FC(F)(F)C(F)(F)[P-](F)(F)(F)(C(F)(F)C(F)(F)F)C(F)(F)C(F)(F)F,25,169,-0.17912666589743548
Cc1ccccc1,CCCC[N+]1(C)CCCC1.FC(F)(F)C(F)(F)[P-](F)(F)(F)(C(F)(F)C(F)(F)F)C(F)(F)C(F)(F)F,348.15,0.862,CCCC[N+]1(C)CCCC1.FC(F)(F)C(F)(F)[P-](F)(F)(F)(C(F)(F)C(F)(F)F)C(F)(F)C(F)(F)F,25,170,-0.14850000831844395
Cc1ccccc1,CCCC[N+]1(C)CCCC1.FC(F)(F)C(F)(F)[P-](F)(F)(F)(C(F)(F)C(F)(F)F)C(F)(F)C(F)(F)F,358.15,0.885,CCCC[N+]1(C)CCCC1.FC(F)(F)C(F)(F)[P-](F)(F)(F)(C(F)(F)C(F)(F)F)C(F)(F)C(F)(F)F,25,171,-0.12216763397420753
Cc1ccccc1,CCCC[N+]1(C)CCCC1.FC(F)(F)C(F)(F)[P-](F)(F)(F)(C(F)(F)C(F)(F)F)C(F)(F)C(F)(F)F,368.15,0.907,CCCC[N+]1(C)CCCC1.FC(F)(F)C(F)(F)[P-](F)(F)(F)(C(F)(F)C(F)(F)F)C(F)(F)C(F)(F)F,25,172,-0.09761282886700041
Cc1ccccc1,C[N+](C)(C)CCO.O=S(=O)([N-]S(=O)(=O)C(F)(F)F)C(F)(F)F,318.15,3.9,C[N+](C)(C)CCO.O=S(=O)([N-]S(=O)(=O)C(F)(F)F)C(F)(F)F,26,173,1.3609765531356006
Cc1ccccc1,C[N+](C)(C)CCO.O=S(=O)([N-]S(=O)(=O)C(F)(F)F)C(F)(F)F,328.15,3.98,C[N+](C)(C)CCO.O=S(=O)([N-]S(=O)(=O)C(F)(F)F)C(F)(F)F,26,174,1.3812818192963463
Cc1ccccc1,C[N+](C)(C)CCO.O=S(=O)([N-]S(=O)(=O)C(F)(F)F)C(F)(F)F,338.15,4.05,C[N+](C)(C)CCO.O=S(=O)([N-]S(=O)(=O)C(F)(F)F)C(F)(F)F,26,175,1.3987168811184478
Cc1ccccc1,C[N+](C)(C)CCO.O=S(=O)([N-]S(=O)(=O)C(F)(F)F)C(F)(F)F,348.15,4.11,C[N+](C)(C)CCO.O=S(=O)([N-]S(=O)(=O)C(F)(F)F)C(F)(F)F,26,176,1.4134230285081433
Cc1ccccc1,C[N+](C)(C)CCO.O=S(=O)([N-]S(=O)(=O)C(F)(F)F)C(F)(F)F,358.15,4.21,C[N+](C)(C)CCO.O=S(=O)([N-]S(=O)(=O)C(F)(F)F)C(F)(F)F,26,177,1.43746264769429
Cc1ccccc1,C[N+](C)(C)CCO.O=S(=O)([N-]S(=O)(=O)C(F)(F)F)C(F)(F)F,368.15,4.26,C[N+](C)(C)CCO.O=S(=O)([N-]S(=O)(=O)C(F)(F)F)C(F)(F)F,26,178,1.449269160281279
Cc1ccccc1,CC(O)C(=O)[O-].CC[N+]1(C)CCCC1,318.15,5.36,CC(O)C(=O)[O-].CC[N+]1(C)CCCC1,27,179,1.6789639750827108
Cc1ccccc1,CC(O)C(=O)[O-].CC[N+]1(C)CCCC1,328.15,5.5,CC(O)C(=O)[O-].CC[N+]1(C)CCCC1,27,180,1.7047480922384253
Cc1ccccc1,CC(O)C(=O)[O-].CC[N+]1(C)CCCC1,338.15,5.62,CC(O)C(=O)[O-].CC[N+]1(C)CCCC1,27,181,1.7263316639055997
Cc1ccccc1,CC(O)C(=O)[O-].CC[N+]1(C)CCCC1,348.15,5.76,CC(O)C(=O)[O-].CC[N+]1(C)CCCC1,27,182,1.7509374747078
Cc1ccccc1,CC(O)C(=O)[O-].CC[N+]1(C)CCCC1,358.15,5.89,CC(O)C(=O)[O-].CC[N+]1(C)CCCC1,27,183,1.7732559976634952
Cc1ccccc1,CC(O)C(=O)[O-].CC[N+]1(C)CCCC1,368.15,6.06,CC(O)C(=O)[O-].CC[N+]1(C)CCCC1,27,184,1.801709800081223
Cc1ccccc1,N#C[N-]C#N.OCCC[n+]1ccccc1,318.15,8.44,N#C[N-]C#N.OCCC[n+]1ccccc1,28,185,2.1329823086078656
Cc1ccccc1,N#C[N-]C#N.OCCC[n+]1ccccc1,328.15,8.72,N#C[N-]C#N.OCCC[n+]1ccccc1,28,186,2.1656192379208883
Cc1ccccc1,N#C[N-]C#N.OCCC[n+]1ccccc1,338.15,9.03,N#C[N-]C#N.OCCC[n+]1ccccc1,28,187,2.200552367428894
Cc1ccccc1,N#C[N-]C#N.OCCC[n+]1ccccc1,348.15,9.31,N#C[N-]C#N.OCCC[n+]1ccccc1,28,188,2.231089091288976
Cc1ccccc1,N#C[N-]C#N.OCCC[n+]1ccccc1,358.15,9.58,N#C[N-]C#N.OCCC[n+]1ccccc1,28,189,2.259677591982769
Cc1ccccc1,N#C[N-]C#N.OCCC[n+]1ccccc1,368.15,9.85,N#C[N-]C#N.OCCC[n+]1ccccc1,28,190,2.2874714551839976
Cc1ccccc1,CCCCCCCC[P+](CCCCCCCC)(CCCCCCCC)CCCCCCCC.O=S(=O)([N-]S(=O)(=O)C(F)(F)F)C(F)(F)F,318.15,0.492,CCCCCCCC[P+](CCCCCCCC)(CCCCCCCC)CCCCCCCC.O=S(=O)([N-]S(=O)(=O)C(F)(F)F)C(F)(F)F,29,191,-0.709276562489829
Cc1ccccc1,CCCCCCCC[P+](CCCCCCCC)(CCCCCCCC)CCCCCCCC.O=S(=O)([N-]S(=O)(=O)C(F)(F)F)C(F)(F)F,328.15,0.512,CCCCCCCC[P+](CCCCCCCC)(CCCCCCCC)CCCCCCCC.O=S(=O)([N-]S(=O)(=O)C(F)(F)F)C(F)(F)F,29,192,-0.6694306539426292
Cc1ccccc1,CCCCCCCC[P+](CCCCCCCC)(CCCCCCCC)CCCCCCCC.O=S(=O)([N-]S(=O)(=O)C(F)(F)F)C(F)(F)F,338.15,0.533,CCCCCCCC[P+](CCCCCCCC)(CCCCCCCC)CCCCCCCC.O=S(=O)([N-]S(=O)(=O)C(F)(F)F)C(F)(F)F,29,193,-0.6292338548162925
Cc1ccccc1,CCCCCCCC[P+](CCCCCCCC)(CCCCCCCC)CCCCCCCC.O=S(=O)([N-]S(=O)(=O)C(F)(F)F)C(F)(F)F,348.15,0.554,CCCCCCCC[P+](CCCCCCCC)(CCCCCCCC)CCCCCCCC.O=S(=O)([N-]S(=O)(=O)C(F)(F)F)C(F)(F)F,29,194,-0.5905905922348531
Cc1ccccc1,CCCCCCCC[P+](CCCCCCCC)(CCCCCCCC)CCCCCCCC.O=S(=O)([N-]S(=O)(=O)C(F)(F)F)C(F)(F)F,358.15,0.573,CCCCCCCC[P+](CCCCCCCC)(CCCCCCCC)CCCCCCCC.O=S(=O)([N-]S(=O)(=O)C(F)(F)F)C(F)(F)F,29,195,-0.5568695622673976
Cc1ccccc1,CCCCCCCC[P+](CCCCCCCC)(CCCCCCCC)CCCCCCCC.O=S(=O)([N-]S(=O)(=O)C(F)(F)F)C(F)(F)F,368.15,0.592,CCCCCCCC[P+](CCCCCCCC)(CCCCCCCC)CCCCCCCC.O=S(=O)([N-]S(=O)(=O)C(F)(F)F)C(F)(F)F,29,196,-0.5242486440981314
Cc1ccccc1,CC[N+]1(C)CCOCC1.N#C[N-]C#N,318.15,7.87,CC[N+]1(C)CCOCC1.N#C[N-]C#N,30,197,2.063058062429312
Cc1ccccc1,CC[N+]1(C)CCOCC1.N#C[N-]C#N,328.15,8.1,CC[N+]1(C)CCOCC1.N#C[N-]C#N,30,198,2.0918640616783932
Cc1ccccc1,CC[N+]1(C)CCOCC1.N#C[N-]C#N,338.15,8.33,CC[N+]1(C)CCOCC1.N#C[N-]C#N,30,199,2.1198634561787513
Cc1ccccc1,CC[N+]1(C)CCOCC1.N#C[N-]C#N,348.15,8.56,CC[N+]1(C)CCOCC1.N#C[N-]C#N,30,200,2.1471001901536506
Cc1ccccc1,CC[N+]1(C)CCOCC1.N#C[N-]C#N,358.15,8.77,CC[N+]1(C)CCOCC1.N#C[N-]C#N,30,201,2.1713368063840917
Cc1ccccc1,CC[N+]1(C)CCOCC1.N#C[N-]C#N,368.15,8.99,CC[N+]1(C)CCOCC1.N#C[N-]C#N,30,202,2.196112848483529
Cc1ccccc1,CCCC[P+](CCCC)(CCCC)CCCC.O=S(=O)([N-]S(=O)(=O)C(F)(F)F)C(F)(F)F,358.15,1.11,CCCC[P+](CCCC)(CCCC)CCCC.O=S(=O)([N-]S(=O)(=O)C(F)(F)F)C(F)(F)F,31,203,0.10436001532424286
Cc1ccccc1,CCCC[P+](CCCC)(CCCC)CCCC.O=S(=O)([N-]S(=O)(=O)C(F)(F)F)C(F)(F)F,368.15,1.16,CCCC[P+](CCCC)(CCCC)CCCC.O=S(=O)([N-]S(=O)(=O)C(F)(F)F)C(F)(F)F,31,204,0.14842000511827322
Cc1ccccc1,CCCC[P+](CCCC)(CCCC)CCCC.O=S(=O)([N-]S(=O)(=O)C(F)(F)F)C(F)(F)F,378.15,1.2,CCCC[P+](CCCC)(CCCC)CCCC.O=S(=O)([N-]S(=O)(=O)C(F)(F)F)C(F)(F)F,31,205,0.1823215567939546
Cc1ccccc1,CCCC[P+](CCCC)(CCCC)CCCC.O=S(=O)([N-]S(=O)(=O)C(F)(F)F)C(F)(F)F,388.15,1.24,CCCC[P+](CCCC)(CCCC)CCCC.O=S(=O)([N-]S(=O)(=O)C(F)(F)F)C(F)(F)F,31,206,0.2151113796169455
Cc1ccccc1,CCCC[P+](CCCC)(CCCC)CCCC.O=S(=O)([N-]S(=O)(=O)C(F)(F)F)C(F)(F)F,398.15,1.28,CCCC[P+](CCCC)(CCCC)CCCC.O=S(=O)([N-]S(=O)(=O)C(F)(F)F)C(F)(F)F,31,207,0.2468600779315258
Cc1ccccc1,CCCC[P+](CCCC)(CCCC)CCCC.O=S(=O)([N-]S(=O)(=O)C(F)(F)F)C(F)(F)F,408.15,1.32,CCCC[P+](CCCC)(CCCC)CCCC.O=S(=O)([N-]S(=O)(=O)C(F)(F)F)C(F)(F)F,31,208,0.27763173659827955
Cc1ccccc1,CCCCCCCCCCCC[N+](C)(C)CCOc1ccccc1.O=S(=O)([N-]S(=O)(=O)C(F)(F)F)C(F)(F)F,318.15,0.681,CCCCCCCCCCCC[N+](C)(C)CCOc1ccccc1.O=S(=O)([N-]S(=O)(=O)C(F)(F)F)C(F)(F)F,32,209,-0.3841929728326246
Cc1ccccc1,CCCCCCCCCCCC[N+](C)(C)CCOc1ccccc1.O=S(=O)([N-]S(=O)(=O)C(F)(F)F)C(F)(F)F,328.15,0.725,CCCCCCCCCCCC[N+](C)(C)CCOc1ccccc1.O=S(=O)([N-]S(=O)(=O)C(F)(F)F)C(F)(F)F,32,210,-0.32158362412746233
Cc1ccccc1,CCCCCCCCCCCC[N+](C)(C)CCOc1ccccc1.O=S(=O)([N-]S(=O)(=O)C(F)(F)F)C(F)(F)F,338.15,0.766,CCCCCCCCCCCC[N+](C)(C)CCOc1ccccc1.O=S(=O)([N-]S(=O)(=O)C(F)(F)F)C(F)(F)F,32,211,-0.26657310924154576
Cc1ccccc1,CCCCCCCCCCCC[N+](C)(C)CCOc1ccccc1.O=S(=O)([N-]S(=O)(=O)C(F)(F)F)C(F)(F)F,348.15,0.81,CCCCCCCCCCCC[N+](C)(C)CCOc1ccccc1.O=S(=O)([N-]S(=O)(=O)C(F)(F)F)C(F)(F)F,32,212,-0.21072103131565253
Cc1ccccc1,CCCCCCCCCCCC[N+](C)(C)CCOc1ccccc1.O=S(=O)([N-]S(=O)(=O)C(F)(F)F)C(F)(F)F,358.15,0.851,CCCCCCCCCCCC[N+](C)(C)CCOc1ccccc1.O=S(=O)([N-]S(=O)(=O)C(F)(F)F)C(F)(F)F,32,213,-0.16134315040876293
Cc1ccccc1,CCCCCCCCCCCC[N+](C)(C)CCOc1ccccc1.O=S(=O)([N-]S(=O)(=O)C(F)(F)F)C(F)(F)F,368.15,0.893,CCCCCCCCCCCC[N+](C)(C)CCOc1ccccc1.O=S(=O)([N-]S(=O)(=O)C(F)(F)F)C(F)(F)F,32,214,-0.11316869810563798
Cc1ccccc1,CCCCCCCCCCCC[N+](C)(C)CCOc1ccccc1.N#C[N-]C#N,328.15,1.05,CCCCCCCCCCCC[N+](C)(C)CCOc1ccccc1.N#C[N-]C#N,33,215,0.04879016416943204
Cc1ccccc1,CCCCCCCCCCCC[N+](C)(C)CCOc1ccccc1.N#C[N-]C#N,338.15,1.1,CCCCCCCCCCCC[N+](C)(C)CCOc1ccccc1.N#C[N-]C#N,33,216,0.09531017980432493
Cc1ccccc1,CCCCCCCCCCCC[N+](C)(C)CCOc1ccccc1.N#C[N-]C#N,348.15,1.15,CCCCCCCCCCCC[N+](C)(C)CCOc1ccccc1.N#C[N-]C#N,33,217,0.13976194237515863
Cc1ccccc1,CCCCCCCCCCCC[N+](C)(C)CCOc1ccccc1.N#C[N-]C#N,358.15,1.19,CCCCCCCCCCCC[N+](C)(C)CCOc1ccccc1.N#C[N-]C#N,33,218,0.17395330712343798
Cc1ccccc1,CCCCCCCCCCCC[N+](C)(C)CCOc1ccccc1.N#C[N-]C#N,368.15,1.24,CCCCCCCCCCCC[N+](C)(C)CCOc1ccccc1.N#C[N-]C#N,33,219,0.2151113796169455
Cc1ccccc1,CCCCCCCCCCCC[N+](C)(C)CCOc1ccccc1.N#C[N-]C#N,378.15,1.28,CCCCCCCCCCCC[N+](C)(C)CCOc1ccccc1.N#C[N-]C#N,33,220,0.2468600779315258
Cc1ccccc1,C[N+]1(CCCC#N)CCCC1.N#C[N-]C#N,318.15,6.41,C[N+]1(CCCC#N)CCCC1.N#C[N-]C#N,34,221,1.8578592709325787
Cc1ccccc1,C[N+]1(CCCC#N)CCCC1.N#C[N-]C#N,328.15,6.62,C[N+]1(CCCC#N)CCCC1.N#C[N-]C#N,34,222,1.890095369948917
Cc1ccccc1,C[N+]1(CCCC#N)CCCC1.N#C[N-]C#N,338.15,6.83,C[N+]1(CCCC#N)CCCC1.N#C[N-]C#N,34,223,1.9213246735826988
Cc1ccccc1,C[N+]1(CCCC#N)CCCC1.N#C[N-]C#N,348.15,7.02,C[N+]1(CCCC#N)CCCC1.N#C[N-]C#N,34,224,1.9487632180377197
Cc1ccccc1,C[N+]1(CCCC#N)CCCC1.N#C[N-]C#N,358.15,7.23,C[N+]1(CCCC#N)CCCC1.N#C[N-]C#N,34,225,1.9782390361706734
Cc1ccccc1,C[N+]1(CCCC#N)CCCC1.N#C[N-]C#N,368.15,7.42,C[N+]1(CCCC#N)CCCC1.N#C[N-]C#N,34,226,2.004179057179289
Cc1ccccc1,N#CCCC[n+]1ccccc1.N#C[N-]C#N,318.15,10.1,N#CCCC[n+]1ccccc1.N#C[N-]C#N,35,227,2.312535423847214
Cc1ccccc1,N#CCCC[n+]1ccccc1.N#C[N-]C#N,328.15,10.3,N#CCCC[n+]1ccccc1.N#C[N-]C#N,35,228,2.33214389523559
Cc1ccccc1,N#CCCC[n+]1ccccc1.N#C[N-]C#N,338.15,10.6,N#CCCC[n+]1ccccc1.N#C[N-]C#N,35,229,2.3608540011180215
Cc1ccccc1,N#CCCC[n+]1ccccc1.N#C[N-]C#N,348.15,10.8,N#CCCC[n+]1ccccc1.N#C[N-]C#N,35,230,2.379546134130174
Cc1ccccc1,N#CCCC[n+]1ccccc1.N#C[N-]C#N,358.15,11.0,N#CCCC[n+]1ccccc1.N#C[N-]C#N,35,231,2.3978952727983707
Cc1ccccc1,N#CCCC[n+]1ccccc1.N#C[N-]C#N,368.15,11.3,N#CCCC[n+]1ccccc1.N#C[N-]C#N,35,232,2.424802725718295
Cc1ccccc1,CCCCOP(=O)([O-])OCCCC.CCCC[n+]1ccn(C)c1,313.15,1.39,CCCCOP(=O)([O-])OCCCC.CCCC[n+]1ccn(C)c1,36,233,0.3293037471426003
Cc1ccccc1,CCCCOP(=O)([O-])OCCCC.CCCC[n+]1ccn(C)c1,323.15,1.35,CCCCOP(=O)([O-])OCCCC.CCCC[n+]1ccn(C)c1,36,234,0.30010459245033816
Cc1ccccc1,CCCCOP(=O)([O-])OCCCC.CCCC[n+]1ccn(C)c1,333.15,1.32,CCCCOP(=O)([O-])OCCCC.CCCC[n+]1ccn(C)c1,36,235,0.27763173659827955
Cc1ccccc1,CCCCOP(=O)([O-])OCCCC.CCCC[n+]1ccn(C)c1,343.15,1.3,CCCCOP(=O)([O-])OCCCC.CCCC[n+]1ccn(C)c1,36,236,0.26236426446749106
Cc1ccccc1,CCCCOP(=O)([O-])OCCCC.CCCC[n+]1ccn(C)c1,353.15,1.29,CCCCOP(=O)([O-])OCCCC.CCCC[n+]1ccn(C)c1,36,237,0.25464221837358075
Cc1ccccc1,CCCCOP(=O)([O-])OCCCC.CCCC[n+]1ccn(C)c1,363.15,1.27,CCCCOP(=O)([O-])OCCCC.CCCC[n+]1ccn(C)c1,36,238,0.23901690047049992
Cc1ccccc1,CCCC[n+]1ccn(C)c1.COS(=O)(=O)[O-],313.15,15.3,CCCC[n+]1ccn(C)c1.COS(=O)(=O)[O-],37,239,2.72785282839839
Cc1ccccc1,CCCC[n+]1ccn(C)c1.COS(=O)(=O)[O-],323.15,13.8,CCCC[n+]1ccn(C)c1.COS(=O)(=O)[O-],37,240,2.624668592163159
Cc1ccccc1,CCCC[n+]1ccn(C)c1.COS(=O)(=O)[O-],333.15,12.5,CCCC[n+]1ccn(C)c1.COS(=O)(=O)[O-],37,241,2.5257286443082556
Cc1ccccc1,CCCC[n+]1ccn(C)c1.COS(=O)(=O)[O-],343.15,11.3,CCCC[n+]1ccn(C)c1.COS(=O)(=O)[O-],37,242,2.424802725718295
Cc1ccccc1,CCCC[n+]1ccn(C)c1.COS(=O)(=O)[O-],353.15,10.2,CCCC[n+]1ccn(C)c1.COS(=O)(=O)[O-],37,243,2.322387720290225
Cc1ccccc1,CCCC[n+]1ccn(C)c1.COS(=O)(=O)[O-],363.15,9.32,CCCC[n+]1ccn(C)c1.COS(=O)(=O)[O-],37,244,2.2321626286975
Cc1ccccc1,CC[n+]1ccn(C)c1.COP(=O)([O-])OC,313.15,6.45,CC[n+]1ccn(C)c1.COP(=O)([O-])OC,38,245,1.864080130807681
Cc1ccccc1,CC[n+]1ccn(C)c1.COP(=O)([O-])OC,323.15,6.14,CC[n+]1ccn(C)c1.COP(=O)([O-])OC,38,246,1.814824742159051
Cc1ccccc1,CC[n+]1ccn(C)c1.COP(=O)([O-])OC,333.15,5.94,CC[n+]1ccn(C)c1.COP(=O)([O-])OC,38,247,1.7817091333745536
Cc1ccccc1,CC[n+]1ccn(C)c1.COP(=O)([O-])OC,343.15,5.73,CC[n+]1ccn(C)c1.COP(=O)([O-])OC,38,248,1.7457155307266483
Cc1ccccc1,CC[n+]1ccn(C)c1.COP(=O)([O-])OC,353.15,5.56,CC[n+]1ccn(C)c1.COP(=O)([O-])OC,38,249,1.715598108262491
Cc1ccccc1,CC[n+]1ccn(C)c1.COP(=O)([O-])OC,363.15,5.4,CC[n+]1ccn(C)c1.COP(=O)([O-])OC,38,250,1.6863989535702288
Cc1ccccc1,COP(=O)([O-])OC.Cn1cc[n+](C)c1,313.15,7.567,COP(=O)([O-])OC.Cn1cc[n+](C)c1,39,251,2.0237966877123847
Cc1ccccc1,COP(=O)([O-])OC.Cn1cc[n+](C)c1,323.15,7.538,COP(=O)([O-])OC.Cn1cc[n+](C)c1,39,252,2.0199568948449436
Cc1ccccc1,COP(=O)([O-])OC.Cn1cc[n+](C)c1,333.15,7.511,COP(=O)([O-])OC.Cn1cc[n+](C)c1,39,253,2.0163686127038747
Cc1ccccc1,COP(=O)([O-])OC.Cn1cc[n+](C)c1,343.15,7.483,COP(=O)([O-])OC.Cn1cc[n+](C)c1,39,254,2.0126337810982213
Cc1ccccc1,COP(=O)([O-])OC.Cn1cc[n+](C)c1,353.15,7.468,COP(=O)([O-])OC.Cn1cc[n+](C)c1,39,255,2.0106272256794764
Cc1ccccc1,COP(=O)([O-])OC.Cn1cc[n+](C)c1,363.15,7.445,COP(=O)([O-])OC.Cn1cc[n+](C)c1,39,256,2.0075426661359725
Cc1ccccc1,CCCn1cc[n+](C)c1C.O=S(=O)([N-]S(=O)(=O)C(F)(F)F)C(F)(F)F,303.15,1.55,CCCn1cc[n+](C)c1C.O=S(=O)([N-]S(=O)(=O)C(F)(F)F)C(F)(F)F,40,257,0.4382549309311553
Cc1ccccc1,CCCn1cc[n+](C)c1C.O=S(=O)([N-]S(=O)(=O)C(F)(F)F)C(F)(F)F,313.15,1.6,CCCn1cc[n+](C)c1C.O=S(=O)([N-]S(=O)(=O)C(F)(F)F)C(F)(F)F,40,258,0.47000362924573563
Cc1ccccc1,CCCn1cc[n+](C)c1C.O=S(=O)([N-]S(=O)(=O)C(F)(F)F)C(F)(F)F,323.15,1.66,CCCn1cc[n+](C)c1C.O=S(=O)([N-]S(=O)(=O)C(F)(F)F)C(F)(F)F,40,259,0.5068176023684519
Cc1ccccc1,CCCn1cc[n+](C)c1C.O=S(=O)([N-]S(=O)(=O)C(F)(F)F)C(F)(F)F,333.15,1.72,CCCn1cc[n+](C)c1C.O=S(=O)([N-]S(=O)(=O)C(F)(F)F)C(F)(F)F,40,260,0.5423242908253617
Cc1ccccc1,CCCn1cc[n+](C)c1C.O=S(=O)([N-]S(=O)(=O)C(F)(F)F)C(F)(F)F,343.15,1.78,CCCn1cc[n+](C)c1C.O=S(=O)([N-]S(=O)(=O)C(F)(F)F)C(F)(F)F,40,261,0.5766133643039938
Cc1ccccc1,CCCn1cc[n+](C)c1C.O=S(=O)([N-]S(=O)(=O)C(F)(F)F)C(F)(F)F,353.15,1.85,CCCn1cc[n+](C)c1C.O=S(=O)([N-]S(=O)(=O)C(F)(F)F)C(F)(F)F,40,262,0.6151856390902335
Cc1ccccc1,COC(=O)CCC[n+]1ccn(C)c1.N#C[N-]C#N,318.15,4.72,COC(=O)CCC[n+]1ccn(C)c1.N#C[N-]C#N,41,263,1.5518087995974639
Cc1ccccc1,COC(=O)CCC[n+]1ccn(C)c1.N#C[N-]C#N,328.15,4.87,COC(=O)CCC[n+]1ccn(C)c1.N#C[N-]C#N,41,264,1.5830939370944985
Cc1ccccc1,COC(=O)CCC[n+]1ccn(C)c1.N#C[N-]C#N,338.15,5.0,COC(=O)CCC[n+]1ccn(C)c1.N#C[N-]C#N,41,265,1.6094379124341003
Cc1ccccc1,COC(=O)CCC[n+]1ccn(C)c1.N#C[N-]C#N,348.15,5.15,COC(=O)CCC[n+]1ccn(C)c1.N#C[N-]C#N,41,266,1.6389967146756448
Cc1ccccc1,COC(=O)CCC[n+]1ccn(C)c1.N#C[N-]C#N,358.15,5.27,COC(=O)CCC[n+]1ccn(C)c1.N#C[N-]C#N,41,267,1.6620303625532709
Cc1ccccc1,COC(=O)CCC[n+]1ccn(C)c1.N#C[N-]C#N,368.15,5.41,COC(=O)CCC[n+]1ccn(C)c1.N#C[N-]C#N,41,268,1.6882490928583902
Cc1ccccc1,CC[n+]1ccn(C)c1.N#C[C-](C#N)C#N,318.15,2.59,CC[n+]1ccn(C)c1.N#C[C-](C#N)C#N,42,269,0.9516578757114463
Cc1ccccc1,CC[n+]1ccn(C)c1.N#C[C-](C#N)C#N,328.15,2.69,CC[n+]1ccn(C)c1.N#C[C-](C#N)C#N,42,270,0.9895411936137477
Cc1ccccc1,CC[n+]1ccn(C)c1.N#C[C-](C#N)C#N,338.15,2.79,CC[n+]1ccn(C)c1.N#C[C-](C#N)C#N,42,271,1.0260415958332743
Cc1ccccc1,CC[n+]1ccn(C)c1.N#C[C-](C#N)C#N,348.15,2.89,CC[n+]1ccn(C)c1.N#C[C-](C#N)C#N,42,272,1.0612565021243408
Cc1ccccc1,CC[n+]1ccn(C)c1.N#C[C-](C#N)C#N,358.15,2.99,CC[n+]1ccn(C)c1.N#C[C-](C#N)C#N,42,273,1.095273387402595
Cc1ccccc1,CC[n+]1ccn(C)c1.N#C[C-](C#N)C#N,368.15,3.09,CC[n+]1ccn(C)c1.N#C[C-](C#N)C#N,42,274,1.128171090909654
Cc1ccccc1,Cn1cc[n+](CCCO)c1.N#C[N-]C#N,318.15,7.75,Cn1cc[n+](CCCO)c1.N#C[N-]C#N,43,275,2.0476928433652555
Cc1ccccc1,Cn1cc[n+](CCCO)c1.N#C[N-]C#N,328.15,8.0,Cn1cc[n+](CCCO)c1.N#C[N-]C#N,43,276,2.0794415416798357
Cc1ccccc1,Cn1cc[n+](CCCO)c1.N#C[N-]C#N,338.15,8.27,Cn1cc[n+](CCCO)c1.N#C[N-]C#N,43,277,2.1126345090356
Cc1ccccc1,Cn1cc[n+](CCCO)c1.N#C[N-]C#N,348.15,8.51,Cn1cc[n+](CCCO)c1.N#C[N-]C#N,43,278,2.1412419425852827
Cc1ccccc1,Cn1cc[n+](CCCO)c1.N#C[N-]C#N,358.15,8.84,Cn1cc[n+](CCCO)c1.N#C[N-]C#N,43,279,2.179286876649552
Cc1ccccc1,Cn1cc[n+](CCCO)c1.N#C[N-]C#N,368.15,9.09,Cn1cc[n+](CCCO)c1.N#C[N-]C#N,43,280,2.2071749081893874
Cc1ccccc1,C[N+]1(CCCO)CCOCC1.N#C[N-]C#N,318.15,13.0,C[N+]1(CCCO)CCOCC1.N#C[N-]C#N,44,281,2.5649493574615367
Cc1ccccc1,C[N+]1(CCCO)CCOCC1.N#C[N-]C#N,328.15,13.1,C[N+]1(CCCO)CCOCC1.N#C[N-]C#N,44,282,2.5726122302071057
Cc1ccccc1,C[N+]1(CCCO)CCOCC1.N#C[N-]C#N,338.15,13.3,C[N+]1(CCCO)CCOCC1.N#C[N-]C#N,44,283,2.5877640352277083
Cc1ccccc1,C[N+]1(CCCO)CCOCC1.N#C[N-]C#N,348.15,13.4,C[N+]1(CCCO)CCOCC1.N#C[N-]C#N,44,284,2.5952547069568657
Cc1ccccc1,C[N+]1(CCCO)CCOCC1.N#C[N-]C#N,358.15,13.6,C[N+]1(CCCO)CCOCC1.N#C[N-]C#N,44,285,2.6100697927420065
Cc1ccccc1,C[N+]1(CCCO)CCOCC1.N#C[N-]C#N,368.15,13.7,C[N+]1(CCCO)CCOCC1.N#C[N-]C#N,44,286,2.617395832834079
Cc1ccccc1,CCCCn1cc[n+](C)c1.Cl[Fe-](Cl)(Cl)Cl,323.15,1.12,CCCCn1cc[n+](C)c1.Cl[Fe-](Cl)(Cl)Cl,45,287,0.11332868530700327
Cc1ccccc1,CCCCn1cc[n+](C)c1.Cl[Fe-](Cl)(Cl)Cl,333.15,1.14,CCCCn1cc[n+](C)c1.Cl[Fe-](Cl)(Cl)Cl,45,288,0.131028262406404
Cc1ccccc1,CCCCn1cc[n+](C)c1.Cl[Fe-](Cl)(Cl)Cl,343.15,1.16,CCCCn1cc[n+](C)c1.Cl[Fe-](Cl)(Cl)Cl,45,289,0.14842000511827322
Cc1ccccc1,CCCCn1cc[n+](C)c1.Cl[Fe-](Cl)(Cl)Cl,353.15,1.22,CCCCn1cc[n+](C)c1.Cl[Fe-](Cl)(Cl)Cl,45,290,0.19885085874516517
Cc1ccccc1,CCCCn1cc[n+](C)c1.Cl[Fe-](Cl)(Cl)Cl,363.15,1.24,CCCCn1cc[n+](C)c1.Cl[Fe-](Cl)(Cl)Cl,45,291,0.2151113796169455
Cc1ccccc1,CCCCn1cc[n+](C)c1.Cl[Fe-](Cl)(Cl)Cl,373.15,1.27,CCCCn1cc[n+](C)c1.Cl[Fe-](Cl)(Cl)Cl,45,292,0.23901690047049992
Cc1ccccc1,CCCC[n+]1ccn(C)c1.N#C[C-](C#N)C#N,318.15,1.81,CCCC[n+]1ccn(C)c1.N#C[C-](C#N)C#N,46,293,0.5933268452777344
Cc1ccccc1,CCCC[n+]1ccn(C)c1.N#C[C-](C#N)C#N,328.15,1.85,CCCC[n+]1ccn(C)c1.N#C[C-](C#N)C#N,46,294,0.6151856390902335
Cc1ccccc1,CCCC[n+]1ccn(C)c1.N#C[C-](C#N)C#N,338.15,1.89,CCCC[n+]1ccn(C)c1.N#C[C-](C#N)C#N,46,295,0.636576829071551
Cc1ccccc1,CCCC[n+]1ccn(C)c1.N#C[C-](C#N)C#N,348.15,1.95,CCCC[n+]1ccn(C)c1.N#C[C-](C#N)C#N,46,296,0.6678293725756554
Cc1ccccc1,CCCC[n+]1ccn(C)c1.N#C[C-](C#N)C#N,358.15,1.97,CCCC[n+]1ccn(C)c1.N#C[C-](C#N)C#N,46,297,0.6780335427498971
Cc1ccccc1,CCCC[n+]1ccn(C)c1.N#C[C-](C#N)C#N,368.15,2.01,CCCC[n+]1ccn(C)c1.N#C[C-](C#N)C#N,46,298,0.6981347220709843
Cc1ccccc1,CCCC[n+]1ccc(C)cc1.N#C[C-](C#N)C#N,318.15,1.19,CCCC[n+]1ccc(C)cc1.N#C[C-](C#N)C#N,47,299,0.17395330712343798
Cc1ccccc1,CCCC[n+]1ccc(C)cc1.N#C[C-](C#N)C#N,328.15,1.23,CCCC[n+]1ccc(C)cc1.N#C[C-](C#N)C#N,47,300,0.20701416938432612
Cc1ccccc1,CCCC[n+]1ccc(C)cc1.N#C[C-](C#N)C#N,338.15,1.27,CCCC[n+]1ccc(C)cc1.N#C[C-](C#N)C#N,47,301,0.23901690047049992
Cc1ccccc1,CCCC[n+]1ccc(C)cc1.N#C[C-](C#N)C#N,348.15,1.32,CCCC[n+]1ccc(C)cc1.N#C[C-](C#N)C#N,47,302,0.27763173659827955
Cc1ccccc1,CCCC[n+]1ccc(C)cc1.N#C[C-](C#N)C#N,358.15,1.36,CCCC[n+]1ccc(C)cc1.N#C[C-](C#N)C#N,47,303,0.3074846997479607
Cc1ccccc1,CCCC[n+]1ccc(C)cc1.N#C[C-](C#N)C#N,368.15,1.4,CCCC[n+]1ccc(C)cc1.N#C[C-](C#N)C#N,47,304,0.3364722366212129
Cc1ccccc1,COCC[N+]1(C)CCCC1.O=S(=O)([N-]S(=O)(=O)C(F)(F)F)C(F)(F)F,318.15,1.48,COCC[N+]1(C)CCCC1.O=S(=O)([N-]S(=O)(=O)C(F)(F)F)C(F)(F)F,48,305,0.3920420877760237
Cc1ccccc1,COCC[N+]1(C)CCCC1.O=S(=O)([N-]S(=O)(=O)C(F)(F)F)C(F)(F)F,328.15,1.5,COCC[N+]1(C)CCCC1.O=S(=O)([N-]S(=O)(=O)C(F)(F)F)C(F)(F)F,48,306,0.4054651081081644
Cc1ccccc1,COCC[N+]1(C)CCCC1.O=S(=O)([N-]S(=O)(=O)C(F)(F)F)C(F)(F)F,338.15,1.51,COCC[N+]1(C)CCCC1.O=S(=O)([N-]S(=O)(=O)C(F)(F)F)C(F)(F)F,48,307,0.412109650826833
Cc1ccccc1,COCC[N+]1(C)CCCC1.O=S(=O)([N-]S(=O)(=O)C(F)(F)F)C(F)(F)F,348.15,1.53,COCC[N+]1(C)CCCC1.O=S(=O)([N-]S(=O)(=O)C(F)(F)F)C(F)(F)F,48,308,0.4252677354043441
Cc1ccccc1,COCC[N+]1(C)CCCC1.O=S(=O)([N-]S(=O)(=O)C(F)(F)F)C(F)(F)F,358.15,1.55,COCC[N+]1(C)CCCC1.O=S(=O)([N-]S(=O)(=O)C(F)(F)F)C(F)(F)F,48,309,0.4382549309311553
Cc1ccccc1,COCC[N+]1(C)CCCC1.O=S(=O)([N-]S(=O)(=O)C(F)(F)F)C(F)(F)F,368.15,1.56,COCC[N+]1(C)CCCC1.O=S(=O)([N-]S(=O)(=O)C(F)(F)F)C(F)(F)F,48,310,0.44468582126144574
Cc1ccccc1,COCC[N+]1(C)CCCCC1.O=S(=O)([N-]S(=O)(=O)C(F)(F)F)C(F)(F)F,318.15,1.29,COCC[N+]1(C)CCCCC1.O=S(=O)([N-]S(=O)(=O)C(F)(F)F)C(F)(F)F,49,311,0.25464221837358075
Cc1ccccc1,COCC[N+]1(C)CCCCC1.O=S(=O)([N-]S(=O)(=O)C(F)(F)F)C(F)(F)F,328.15,1.3,COCC[N+]1(C)CCCCC1.O=S(=O)([N-]S(=O)(=O)C(F)(F)F)C(F)(F)F,49,312,0.26236426446749106
Cc1ccccc1,COCC[N+]1(C)CCCCC1.O=S(=O)([N-]S(=O)(=O)C(F)(F)F)C(F)(F)F,338.15,1.32,COCC[N+]1(C)CCCCC1.O=S(=O)([N-]S(=O)(=O)C(F)(F)F)C(F)(F)F,49,313,0.27763173659827955
Cc1ccccc1,COCC[N+]1(C)CCCCC1.O=S(=O)([N-]S(=O)(=O)C(F)(F)F)C(F)(F)F,348.15,1.33,COCC[N+]1(C)CCCCC1.O=S(=O)([N-]S(=O)(=O)C(F)(F)F)C(F)(F)F,49,314,0.28517894223366247
Cc1ccccc1,COCC[N+]1(C)CCCCC1.O=S(=O)([N-]S(=O)(=O)C(F)(F)F)C(F)(F)F,358.15,1.34,COCC[N+]1(C)CCCCC1.O=S(=O)([N-]S(=O)(=O)C(F)(F)F)C(F)(F)F,49,315,0.29266961396282004
Cc1ccccc1,COCC[N+]1(C)CCCCC1.O=S(=O)([N-]S(=O)(=O)C(F)(F)F)C(F)(F)F,368.15,1.35,COCC[N+]1(C)CCCCC1.O=S(=O)([N-]S(=O)(=O)C(F)(F)F)C(F)(F)F,49,316,0.30010459245033816
Cc1ccccc1,COCC[N+]1(C)CCCCC1.FC(F)(F)C(F)(F)[P-](F)(F)(F)(C(F)(F)C(F)(F)F)C(F)(F)C(F)(F)F,318.15,0.727,COCC[N+]1(C)CCCCC1.FC(F)(F)C(F)(F)[P-](F)(F)(F)(C(F)(F)C(F)(F)F)C(F)(F)C(F)(F)F,50,317,-0.3188288014486177
Cc1ccccc1,COCC[N+]1(C)CCCCC1.FC(F)(F)C(F)(F)[P-](F)(F)(F)(C(F)(F)C(F)(F)F)C(F)(F)C(F)(F)F,328.15,0.775,COCC[N+]1(C)CCCCC1.FC(F)(F)C(F)(F)[P-](F)(F)(F)(C(F)(F)C(F)(F)F)C(F)(F)C(F)(F)F,50,318,-0.25489224962879004
Cc1ccccc1,COCC[N+]1(C)CCCCC1.FC(F)(F)C(F)(F)[P-](F)(F)(F)(C(F)(F)C(F)(F)F)C(F)(F)C(F)(F)F,338.15,0.824,COCC[N+]1(C)CCCCC1.FC(F)(F)C(F)(F)[P-](F)(F)(F)(C(F)(F)C(F)(F)F)C(F)(F)C(F)(F)F,50,319,-0.1935847490726654
Cc1ccccc1,COCC[N+]1(C)CCCCC1.FC(F)(F)C(F)(F)[P-](F)(F)(F)(C(F)(F)C(F)(F)F)C(F)(F)C(F)(F)F,348.15,0.881,COCC[N+]1(C)CCCCC1.FC(F)(F)C(F)(F)[P-](F)(F)(F)(C(F)(F)C(F)(F)F)C(F)(F)C(F)(F)F,50,320,-0.12669765304595754
Cc1ccccc1,COCC[N+]1(C)CCCCC1.FC(F)(F)C(F)(F)[P-](F)(F)(F)(C(F)(F)C(F)(F)F)C(F)(F)C(F)(F)F,358.15,0.926,COCC[N+]1(C)CCCCC1.FC(F)(F)C(F)(F)[P-](F)(F)(F)(C(F)(F)C(F)(F)F)C(F)(F)C(F)(F)F,50,321,-0.07688104433595762
Cc1ccccc1,COCC[N+]1(C)CCCCC1.FC(F)(F)C(F)(F)[P-](F)(F)(F)(C(F)(F)C(F)(F)F)C(F)(F)C(F)(F)F,368.15,0.978,COCC[N+]1(C)CCCCC1.FC(F)(F)C(F)(F)[P-](F)(F)(F)(C(F)(F)C(F)(F)F)C(F)(F)C(F)(F)F,50,322,-0.022245608947319737
Cc1ccccc1,C[n+]1ccn(CCO)c1.FC(F)(F)C(F)(F)[P-](F)(F)(F)(C(F)(F)C(F)(F)F)C(F)(F)C(F)(F)F,318.15,1.65,C[n+]1ccn(CCO)c1.FC(F)(F)C(F)(F)[P-](F)(F)(F)(C(F)(F)C(F)(F)F)C(F)(F)C(F)(F)F,51,323,0.5007752879124892
Cc1ccccc1,C[n+]1ccn(CCO)c1.FC(F)(F)C(F)(F)[P-](F)(F)(F)(C(F)(F)C(F)(F)F)C(F)(F)C(F)(F)F,328.15,1.72,C[n+]1ccn(CCO)c1.FC(F)(F)C(F)(F)[P-](F)(F)(F)(C(F)(F)C(F)(F)F)C(F)(F)C(F)(F)F,51,324,0.5423242908253617
Cc1ccccc1,C[n+]1ccn(CCO)c1.FC(F)(F)C(F)(F)[P-](F)(F)(F)(C(F)(F)C(F)(F)F)C(F)(F)C(F)(F)F,338.15,1.8,C[n+]1ccn(CCO)c1.FC(F)(F)C(F)(F)[P-](F)(F)(F)(C(F)(F)C(F)(F)F)C(F)(F)C(F)(F)F,51,325,0.5877866649021191
Cc1ccccc1,C[n+]1ccn(CCO)c1.FC(F)(F)C(F)(F)[P-](F)(F)(F)(C(F)(F)C(F)(F)F)C(F)(F)C(F)(F)F,348.15,1.86,C[n+]1ccn(CCO)c1.FC(F)(F)C(F)(F)[P-](F)(F)(F)(C(F)(F)C(F)(F)F)C(F)(F)C(F)(F)F,51,326,0.62057648772511
Cc1ccccc1,C[n+]1ccn(CCO)c1.FC(F)(F)C(F)(F)[P-](F)(F)(F)(C(F)(F)C(F)(F)F)C(F)(F)C(F)(F)F,358.15,1.93,C[n+]1ccn(CCO)c1.FC(F)(F)C(F)(F)[P-](F)(F)(F)(C(F)(F)C(F)(F)F)C(F)(F)C(F)(F)F,51,327,0.6575200029167941
Cc1ccccc1,C[n+]1ccn(CCO)c1.FC(F)(F)C(F)(F)[P-](F)(F)(F)(C(F)(F)C(F)(F)F)C(F)(F)C(F)(F)F,368.15,1.99,C[n+]1ccn(CCO)c1.FC(F)(F)C(F)(F)[P-](F)(F)(F)(C(F)(F)C(F)(F)F)C(F)(F)C(F)(F)F,51,328,0.688134638736401
Cc1ccccc1,COCC[N+]1(C)CCCC1.FC(F)(F)C(F)(F)[P-](F)(F)(F)(C(F)(F)C(F)(F)F)C(F)(F)C(F)(F)F,318.15,0.851,COCC[N+]1(C)CCCC1.FC(F)(F)C(F)(F)[P-](F)(F)(F)(C(F)(F)C(F)(F)F)C(F)(F)C(F)(F)F,52,329,-0.16134315040876293
Cc1ccccc1,COCC[N+]1(C)CCCC1.FC(F)(F)C(F)(F)[P-](F)(F)(F)(C(F)(F)C(F)(F)F)C(F)(F)C(F)(F)F,328.15,0.909,COCC[N+]1(C)CCCC1.FC(F)(F)C(F)(F)[P-](F)(F)(F)(C(F)(F)C(F)(F)F)C(F)(F)C(F)(F)F,52,330,-0.09541018480465818
Cc1ccccc1,COCC[N+]1(C)CCCC1.FC(F)(F)C(F)(F)[P-](F)(F)(F)(C(F)(F)C(F)(F)F)C(F)(F)C(F)(F)F,338.15,0.955,COCC[N+]1(C)CCCC1.FC(F)(F)C(F)(F)[P-](F)(F)(F)(C(F)(F)C(F)(F)F)C(F)(F)C(F)(F)F,52,331,-0.046043938501406846
Cc1ccccc1,COCC[N+]1(C)CCCC1.FC(F)(F)C(F)(F)[P-](F)(F)(F)(C(F)(F)C(F)(F)F)C(F)(F)C(F)(F)F,348.15,1.01,COCC[N+]1(C)CCCC1.FC(F)(F)C(F)(F)[P-](F)(F)(F)(C(F)(F)C(F)(F)F)C(F)(F)C(F)(F)F,52,332,0.009950330853168092
Cc1ccccc1,COCC[N+]1(C)CCCC1.FC(F)(F)C(F)(F)[P-](F)(F)(F)(C(F)(F)C(F)(F)F)C(F)(F)C(F)(F)F,358.15,1.06,COCC[N+]1(C)CCCC1.FC(F)(F)C(F)(F)[P-](F)(F)(F)(C(F)(F)C(F)(F)F)C(F)(F)C(F)(F)F,52,333,0.058268908123975824
Cc1ccccc1,COCC[N+]1(C)CCCC1.FC(F)(F)C(F)(F)[P-](F)(F)(F)(C(F)(F)C(F)(F)F)C(F)(F)C(F)(F)F,368.15,1.11,COCC[N+]1(C)CCCC1.FC(F)(F)C(F)(F)[P-](F)(F)(F)(C(F)(F)C(F)(F)F)C(F)(F)C(F)(F)F,52,334,0.10436001532424286
Cc1ccccc1,CC[N+](C)(C)CCOC.FC(F)(F)C(F)(F)[P-](F)(F)(F)(C(F)(F)C(F)(F)F)C(F)(F)C(F)(F)F,318.15,1.05,CC[N+](C)(C)CCOC.FC(F)(F)C(F)(F)[P-](F)(F)(F)(C(F)(F)C(F)(F)F)C(F)(F)C(F)(F)F,53,335,0.04879016416943204
Cc1ccccc1,CC[N+](C)(C)CCOC.FC(F)(F)C(F)(F)[P-](F)(F)(F)(C(F)(F)C(F)(F)F)C(F)(F)C(F)(F)F,328.15,1.12,CC[N+](C)(C)CCOC.FC(F)(F)C(F)(F)[P-](F)(F)(F)(C(F)(F)C(F)(F)F)C(F)(F)C(F)(F)F,53,336,0.11332868530700327
Cc1ccccc1,CC[N+](C)(C)CCOC.FC(F)(F)C(F)(F)[P-](F)(F)(F)(C(F)(F)C(F)(F)F)C(F)(F)C(F)(F)F,338.15,1.18,CC[N+](C)(C)CCOC.FC(F)(F)C(F)(F)[P-](F)(F)(F)(C(F)(F)C(F)(F)F)C(F)(F)C(F)(F)F,53,337,0.16551443847757333
Cc1ccccc1,CC[N+](C)(C)CCOC.FC(F)(F)C(F)(F)[P-](F)(F)(F)(C(F)(F)C(F)(F)F)C(F)(F)C(F)(F)F,348.15,1.24,CC[N+](C)(C)CCOC.FC(F)(F)C(F)(F)[P-](F)(F)(F)(C(F)(F)C(F)(F)F)C(F)(F)C(F)(F)F,53,338,0.2151113796169455
Cc1ccccc1,CC[N+](C)(C)CCOC.FC(F)(F)C(F)(F)[P-](F)(F)(F)(C(F)(F)C(F)(F)F)C(F)(F)C(F)(F)F,358.15,1.31,CC[N+](C)(C)CCOC.FC(F)(F)C(F)(F)[P-](F)(F)(F)(C(F)(F)C(F)(F)F)C(F)(F)C(F)(F)F,53,339,0.2700271372130602
Cc1ccccc1,CC[N+](C)(C)CCOC.FC(F)(F)C(F)(F)[P-](F)(F)(F)(C(F)(F)C(F)(F)F)C(F)(F)C(F)(F)F,368.15,1.36,CC[N+](C)(C)CCOC.FC(F)(F)C(F)(F)[P-](F)(F)(F)(C(F)(F)C(F)(F)F)C(F)(F)C(F)(F)F,53,340,0.3074846997479607
Cc1ccccc1,CCCCCC[N+]12CCN(CC1)CC2.O=S(=O)([N-]S(=O)(=O)C(F)(F)F)C(F)(F)F,313.15,1.37,CCCCCC[N+]12CCN(CC1)CC2.O=S(=O)([N-]S(=O)(=O)C(F)(F)F)C(F)(F)F,54,341,0.3148107398400336
Cc1ccccc1,CCCCCC[N+]12CCN(CC1)CC2.O=S(=O)([N-]S(=O)(=O)C(F)(F)F)C(F)(F)F,323.15,1.38,CCCCCC[N+]12CCN(CC1)CC2.O=S(=O)([N-]S(=O)(=O)C(F)(F)F)C(F)(F)F,54,342,0.3220834991691132
Cc1ccccc1,CCCCCC[N+]12CCN(CC1)CC2.O=S(=O)([N-]S(=O)(=O)C(F)(F)F)C(F)(F)F,333.15,1.39,CCCCCC[N+]12CCN(CC1)CC2.O=S(=O)([N-]S(=O)(=O)C(F)(F)F)C(F)(F)F,54,343,0.3293037471426003
Cc1ccccc1,CCCCCC[N+]12CCN(CC1)CC2.O=S(=O)([N-]S(=O)(=O)C(F)(F)F)C(F)(F)F,343.15,1.41,CCCCCC[N+]12CCN(CC1)CC2.O=S(=O)([N-]S(=O)(=O)C(F)(F)F)C(F)(F)F,54,344,0.34358970439007686
Cc1ccccc1,CCCCCC[N+]12CCN(CC1)CC2.O=S(=O)([N-]S(=O)(=O)C(F)(F)F)C(F)(F)F,353.15,1.42,CCCCCC[N+]12CCN(CC1)CC2.O=S(=O)([N-]S(=O)(=O)C(F)(F)F)C(F)(F)F,54,345,0.35065687161316933
Cc1ccccc1,CCCCCC[N+]12CCN(CC1)CC2.O=S(=O)([N-]S(=O)(=O)C(F)(F)F)C(F)(F)F,363.15,1.43,CCCCCC[N+]12CCN(CC1)CC2.O=S(=O)([N-]S(=O)(=O)C(F)(F)F)C(F)(F)F,54,346,0.3576744442718159
Cc1ccccc1,CC(C)[N+](C)(C)CC#N.O=S(=O)([N-]S(=O)(=O)C(F)(F)F)C(F)(F)F,313.15,3.363,CC(C)[N+](C)(C)CC#N.O=S(=O)([N-]S(=O)(=O)C(F)(F)F)C(F)(F)F,55,347,1.2128334327581325
Cc1ccccc1,CC(C)[N+](C)(C)CC#N.O=S(=O)([N-]S(=O)(=O)C(F)(F)F)C(F)(F)F,323.15,3.357,CC(C)[N+](C)(C)CC#N.O=S(=O)([N-]S(=O)(=O)C(F)(F)F)C(F)(F)F,55,348,1.211047717997898
Cc1ccccc1,CC(C)[N+](C)(C)CC#N.O=S(=O)([N-]S(=O)(=O)C(F)(F)F)C(F)(F)F,333.15,3.35,CC(C)[N+](C)(C)CC#N.O=S(=O)([N-]S(=O)(=O)C(F)(F)F)C(F)(F)F,55,349,1.208960345836975
Cc1ccccc1,CC(C)[N+](C)(C)CC#N.O=S(=O)([N-]S(=O)(=O)C(F)(F)F)C(F)(F)F,343.15,3.343,CC(C)[N+](C)(C)CC#N.O=S(=O)([N-]S(=O)(=O)C(F)(F)F)C(F)(F)F,55,350,1.2068686074379615
Cc1ccccc1,CC(C)[N+](C)(C)CC#N.O=S(=O)([N-]S(=O)(=O)C(F)(F)F)C(F)(F)F,353.15,3.337,CC(C)[N+](C)(C)CC#N.O=S(=O)([N-]S(=O)(=O)C(F)(F)F)C(F)(F)F,55,351,1.205072199769237
Cc1ccccc1,CC(C)[N+](C)(C)CC#N.O=S(=O)([N-]S(=O)(=O)C(F)(F)F)C(F)(F)F,363.15,3.331,CC(C)[N+](C)(C)CC#N.O=S(=O)([N-]S(=O)(=O)C(F)(F)F)C(F)(F)F,55,352,1.2032725592115425
Cc1ccccc1,C[n+]1ccn(CC2CCCCC2)c1.O=S(=O)([N-]S(=O)(=O)C(F)(F)F)C(F)(F)F,323.15,1.114,C[n+]1ccn(CC2CCCCC2)c1.O=S(=O)([N-]S(=O)(=O)C(F)(F)F)C(F)(F)F,56,353,0.10795714150509236
Cc1ccccc1,C[n+]1ccn(CC2CCCCC2)c1.O=S(=O)([N-]S(=O)(=O)C(F)(F)F)C(F)(F)F,333.15,1.137,C[n+]1ccn(CC2CCCCC2)c1.O=S(=O)([N-]S(=O)(=O)C(F)(F)F)C(F)(F)F,56,354,0.128393214768399
Cc1ccccc1,C[n+]1ccn(CC2CCCCC2)c1.O=S(=O)([N-]S(=O)(=O)C(F)(F)F)C(F)(F)F,343.15,1.166,C[n+]1ccn(CC2CCCCC2)c1.O=S(=O)([N-]S(=O)(=O)C(F)(F)F)C(F)(F)F,56,355,0.15357908792830058
Cc1ccccc1,C[n+]1ccn(CC2CCCCC2)c1.O=S(=O)([N-]S(=O)(=O)C(F)(F)F)C(F)(F)F,353.15,1.205,C[n+]1ccn(CC2CCCCC2)c1.O=S(=O)([N-]S(=O)(=O)C(F)(F)F)C(F)(F)F,56,356,0.18647956694261839
Cc1ccccc1,C[n+]1ccn(CC2CCCCC2)c1.O=S(=O)([N-]S(=O)(=O)C(F)(F)F)C(F)(F)F,363.15,1.246,C[n+]1ccn(CC2CCCCC2)c1.O=S(=O)([N-]S(=O)(=O)C(F)(F)F)C(F)(F)F,56,357,0.2199384203652614
Cc1ccccc1,C[n+]1ccn(CC2CCCCC2)c1.O=S(=O)([N-]S(=O)(=O)C(F)(F)F)C(F)(F)F,373.15,1.246,C[n+]1ccn(CC2CCCCC2)c1.O=S(=O)([N-]S(=O)(=O)C(F)(F)F)C(F)(F)F,56,358,0.2199384203652614
Cc1ccccc1,C[N+]1(Cc2ccccc2)CCCC1.O=S(=O)([N-]S(=O)(=O)C(F)(F)F)C(F)(F)F,323.15,1.599,C[N+]1(Cc2ccccc2)CCCC1.O=S(=O)([N-]S(=O)(=O)C(F)(F)F)C(F)(F)F,57,359,0.46937843385181716
Cc1ccccc1,C[N+]1(Cc2ccccc2)CCCC1.O=S(=O)([N-]S(=O)(=O)C(F)(F)F)C(F)(F)F,333.15,1.6,C[N+]1(Cc2ccccc2)CCCC1.O=S(=O)([N-]S(=O)(=O)C(F)(F)F)C(F)(F)F,57,360,0.47000362924573563
Cc1ccccc1,C[N+]1(Cc2ccccc2)CCCC1.O=S(=O)([N-]S(=O)(=O)C(F)(F)F)C(F)(F)F,343.15,1.598,C[N+]1(Cc2ccccc2)CCCC1.O=S(=O)([N-]S(=O)(=O)C(F)(F)F)C(F)(F)F,57,361,0.46875284734408296
Cc1ccccc1,C[N+]1(Cc2ccccc2)CCCC1.O=S(=O)([N-]S(=O)(=O)C(F)(F)F)C(F)(F)F,353.15,1.597,C[N+]1(Cc2ccccc2)CCCC1.O=S(=O)([N-]S(=O)(=O)C(F)(F)F)C(F)(F)F,57,362,0.4681268692328754
Cc1ccccc1,C[N+]1(Cc2ccccc2)CCCC1.O=S(=O)([N-]S(=O)(=O)C(F)(F)F)C(F)(F)F,363.15,1.597,C[N+]1(Cc2ccccc2)CCCC1.O=S(=O)([N-]S(=O)(=O)C(F)(F)F)C(F)(F)F,57,363,0.4681268692328754
Cc1ccccc1,C[N+]1(Cc2ccccc2)CCCC1.O=S(=O)([N-]S(=O)(=O)C(F)(F)F)C(F)(F)F,373.15,1.596,C[N+]1(Cc2ccccc2)CCCC1.O=S(=O)([N-]S(=O)(=O)C(F)(F)F)C(F)(F)F,57,364,0.4675004990276171
Cc1ccccc1,Cn1cc[n+](Cc2ccccc2)c1.O=S(=O)([N-]S(=O)(=O)C(F)(F)F)C(F)(F)F,323.15,1.663,Cn1cc[n+](Cc2ccccc2)c1.O=S(=O)([N-]S(=O)(=O)C(F)(F)F)C(F)(F)F,58,365,0.5086232002107907
Cc1ccccc1,Cn1cc[n+](Cc2ccccc2)c1.O=S(=O)([N-]S(=O)(=O)C(F)(F)F)C(F)(F)F,333.15,1.662,Cn1cc[n+](Cc2ccccc2)c1.O=S(=O)([N-]S(=O)(=O)C(F)(F)F)C(F)(F)F,58,366,0.5080216964332565
Cc1ccccc1,Cn1cc[n+](Cc2ccccc2)c1.O=S(=O)([N-]S(=O)(=O)C(F)(F)F)C(F)(F)F,343.15,1.652,Cn1cc[n+](Cc2ccccc2)c1.O=S(=O)([N-]S(=O)(=O)C(F)(F)F)C(F)(F)F,58,367,0.5019866750987863
Cc1ccccc1,Cn1cc[n+](Cc2ccccc2)c1.O=S(=O)([N-]S(=O)(=O)C(F)(F)F)C(F)(F)F,353.15,1.642,Cn1cc[n+](Cc2ccccc2)c1.O=S(=O)([N-]S(=O)(=O)C(F)(F)F)C(F)(F)F,58,368,0.49591501103023644
Cc1ccccc1,Cn1cc[n+](Cc2ccccc2)c1.O=S(=O)([N-]S(=O)(=O)C(F)(F)F)C(F)(F)F,363.15,1.639,Cn1cc[n+](Cc2ccccc2)c1.O=S(=O)([N-]S(=O)(=O)C(F)(F)F)C(F)(F)F,58,369,0.49408629976169266
Cc1ccccc1,Cn1cc[n+](Cc2ccccc2)c1.O=S(=O)([N-]S(=O)(=O)C(F)(F)F)C(F)(F)F,373.15,1.635,Cn1cc[n+](Cc2ccccc2)c1.O=S(=O)([N-]S(=O)(=O)C(F)(F)F)C(F)(F)F,58,370,0.4916428043492167
Cc1ccccc1,O=S(=O)([N-]S(=O)(=O)C(F)(F)F)C(F)(F)F.c1cc[n+](CC2CCCCC2)cc1,323.15,1.005,O=S(=O)([N-]S(=O)(=O)C(F)(F)F)C(F)(F)F.c1cc[n+](CC2CCCCC2)cc1,59,371,0.004987541511038968
Cc1ccccc1,O=S(=O)([N-]S(=O)(=O)C(F)(F)F)C(F)(F)F.c1cc[n+](CC2CCCCC2)cc1,333.15,1.028,O=S(=O)([N-]S(=O)(=O)C(F)(F)F)C(F)(F)F.c1cc[n+](CC2CCCCC2)cc1,59,372,0.02761516703297339
Cc1ccccc1,O=S(=O)([N-]S(=O)(=O)C(F)(F)F)C(F)(F)F.c1cc[n+](CC2CCCCC2)cc1,343.15,1.058,O=S(=O)([N-]S(=O)(=O)C(F)(F)F)C(F)(F)F.c1cc[n+](CC2CCCCC2)cc1,59,373,0.05638033343610769
Cc1ccccc1,O=S(=O)([N-]S(=O)(=O)C(F)(F)F)C(F)(F)F.c1cc[n+](CC2CCCCC2)cc1,353.15,1.108,O=S(=O)([N-]S(=O)(=O)C(F)(F)F)C(F)(F)F.c1cc[n+](CC2CCCCC2)cc1,59,374,0.10255658832509215
Cc1ccccc1,O=S(=O)([N-]S(=O)(=O)C(F)(F)F)C(F)(F)F.c1cc[n+](CC2CCCCC2)cc1,363.15,1.131,O=S(=O)([N-]S(=O)(=O)C(F)(F)F)C(F)(F)F.c1cc[n+](CC2CCCCC2)cc1,59,375,0.1231021971339834
Cc1ccccc1,O=S(=O)([N-]S(=O)(=O)C(F)(F)F)C(F)(F)F.c1cc[n+](CC2CCCCC2)cc1,373.15,1.165,O=S(=O)([N-]S(=O)(=O)C(F)(F)F)C(F)(F)F.c1cc[n+](CC2CCCCC2)cc1,59,376,0.15272108701766393
Cc1ccccc1,O=S(=O)([N-]S(=O)(=O)C(F)(F)F)C(F)(F)F.c1ccc(C[n+]2ccccc2)cc1,323.15,1.25,O=S(=O)([N-]S(=O)(=O)C(F)(F)F)C(F)(F)F.c1ccc(C[n+]2ccccc2)cc1,60,377,0.22314355131420976
Cc1ccccc1,O=S(=O)([N-]S(=O)(=O)C(F)(F)F)C(F)(F)F.c1ccc(C[n+]2ccccc2)cc1,333.15,1.27,O=S(=O)([N-]S(=O)(=O)C(F)(F)F)C(F)(F)F.c1ccc(C[n+]2ccccc2)cc1,60,378,0.23901690047049992
Cc1ccccc1,O=S(=O)([N-]S(=O)(=O)C(F)(F)F)C(F)(F)F.c1ccc(C[n+]2ccccc2)cc1,343.15,1.29,O=S(=O)([N-]S(=O)(=O)C(F)(F)F)C(F)(F)F.c1ccc(C[n+]2ccccc2)cc1,60,379,0.25464221837358075
Cc1ccccc1,O=S(=O)([N-]S(=O)(=O)C(F)(F)F)C(F)(F)F.c1ccc(C[n+]2ccccc2)cc1,353.15,1.34,O=S(=O)([N-]S(=O)(=O)C(F)(F)F)C(F)(F)F.c1ccc(C[n+]2ccccc2)cc1,60,380,0.29266961396282004
Cc1ccccc1,O=S(=O)([N-]S(=O)(=O)C(F)(F)F)C(F)(F)F.c1ccc(C[n+]2ccccc2)cc1,363.15,1.38,O=S(=O)([N-]S(=O)(=O)C(F)(F)F)C(F)(F)F.c1ccc(C[n+]2ccccc2)cc1,60,381,0.3220834991691132
Cc1ccccc1,O=S(=O)([N-]S(=O)(=O)C(F)(F)F)C(F)(F)F.c1ccc(C[n+]2ccccc2)cc1,373.15,1.41,O=S(=O)([N-]S(=O)(=O)C(F)(F)F)C(F)(F)F.c1ccc(C[n+]2ccccc2)cc1,60,382,0.34358970439007686
Cc1ccccc1,C[N+]1(CC2CCCCC2)CCCC1.O=S(=O)([N-]S(=O)(=O)C(F)(F)F)C(F)(F)F,323.15,0.98,C[N+]1(CC2CCCCC2)CCCC1.O=S(=O)([N-]S(=O)(=O)C(F)(F)F)C(F)(F)F,61,383,-0.020202707317519466
Cc1ccccc1,C[N+]1(CC2CCCCC2)CCCC1.O=S(=O)([N-]S(=O)(=O)C(F)(F)F)C(F)(F)F,333.15,1.0,C[N+]1(CC2CCCCC2)CCCC1.O=S(=O)([N-]S(=O)(=O)C(F)(F)F)C(F)(F)F,61,384,0.0
Cc1ccccc1,C[N+]1(CC2CCCCC2)CCCC1.O=S(=O)([N-]S(=O)(=O)C(F)(F)F)C(F)(F)F,343.15,1.03,C[N+]1(CC2CCCCC2)CCCC1.O=S(=O)([N-]S(=O)(=O)C(F)(F)F)C(F)(F)F,61,385,0.02955880224154443
Cc1ccccc1,C[N+]1(CC2CCCCC2)CCCC1.O=S(=O)([N-]S(=O)(=O)C(F)(F)F)C(F)(F)F,353.15,1.08,C[N+]1(CC2CCCCC2)CCCC1.O=S(=O)([N-]S(=O)(=O)C(F)(F)F)C(F)(F)F,61,386,0.0769610411361284
Cc1ccccc1,C[N+]1(CC2CCCCC2)CCCC1.O=S(=O)([N-]S(=O)(=O)C(F)(F)F)C(F)(F)F,363.15,1.12,C[N+]1(CC2CCCCC2)CCCC1.O=S(=O)([N-]S(=O)(=O)C(F)(F)F)C(F)(F)F,61,387,0.11332868530700327
Cc1ccccc1,C[N+]1(CC2CCCCC2)CCCC1.O=S(=O)([N-]S(=O)(=O)C(F)(F)F)C(F)(F)F,373.15,1.14,C[N+]1(CC2CCCCC2)CCCC1.O=S(=O)([N-]S(=O)(=O)C(F)(F)F)C(F)(F)F,61,388,0.131028262406404
Cc1ccccc1,CC[P+](CC)(CC)CCOC.O=S(=O)([N-]S(=O)(=O)C(F)(F)F)C(F)(F)F,323.15,2.05,CC[P+](CC)(CC)CCOC.O=S(=O)([N-]S(=O)(=O)C(F)(F)F)C(F)(F)F,62,389,0.7178397931503168
Cc1ccccc1,CC[P+](CC)(CC)CCOC.O=S(=O)([N-]S(=O)(=O)C(F)(F)F)C(F)(F)F,333.15,2.09,CC[P+](CC)(CC)CCOC.O=S(=O)([N-]S(=O)(=O)C(F)(F)F)C(F)(F)F,62,390,0.7371640659767196
Cc1ccccc1,CC[P+](CC)(CC)CCOC.O=S(=O)([N-]S(=O)(=O)C(F)(F)F)C(F)(F)F,343.15,2.18,CC[P+](CC)(CC)CCOC.O=S(=O)([N-]S(=O)(=O)C(F)(F)F)C(F)(F)F,62,391,0.7793248768009977
Cc1ccccc1,CC[P+](CC)(CC)CCOC.O=S(=O)([N-]S(=O)(=O)C(F)(F)F)C(F)(F)F,353.15,2.21,CC[P+](CC)(CC)CCOC.O=S(=O)([N-]S(=O)(=O)C(F)(F)F)C(F)(F)F,62,392,0.7929925155296614
Cc1ccccc1,CC[P+](CC)(CC)CCOC.O=S(=O)([N-]S(=O)(=O)C(F)(F)F)C(F)(F)F,363.15,2.25,CC[P+](CC)(CC)CCOC.O=S(=O)([N-]S(=O)(=O)C(F)(F)F)C(F)(F)F,62,393,0.8109302162163288
Cc1ccccc1,CC[P+](CC)(CC)CCOC.O=S(=O)([N-]S(=O)(=O)C(F)(F)F)C(F)(F)F,373.15,2.24,CC[P+](CC)(CC)CCOC.O=S(=O)([N-]S(=O)(=O)C(F)(F)F)C(F)(F)F,62,394,0.8064758658669485
Cc1ccccc1,CCCC[P+](CCCC)(CCCC)CCOC.O=S(=O)([N-]S(=O)(=O)C(F)(F)F)C(F)(F)F,323.15,1.61,CCCC[P+](CCCC)(CCCC)CCOC.O=S(=O)([N-]S(=O)(=O)C(F)(F)F)C(F)(F)F,63,395,0.4762341789963717
Cc1ccccc1,CCCC[P+](CCCC)(CCCC)CCOC.O=S(=O)([N-]S(=O)(=O)C(F)(F)F)C(F)(F)F,333.15,1.63,CCCC[P+](CCCC)(CCCC)CCOC.O=S(=O)([N-]S(=O)(=O)C(F)(F)F)C(F)(F)F,63,396,0.4885800148186709
Cc1ccccc1,CCCC[P+](CCCC)(CCCC)CCOC.O=S(=O)([N-]S(=O)(=O)C(F)(F)F)C(F)(F)F,343.15,1.66,CCCC[P+](CCCC)(CCCC)CCOC.O=S(=O)([N-]S(=O)(=O)C(F)(F)F)C(F)(F)F,63,397,0.5068176023684519
Cc1ccccc1,CCCC[P+](CCCC)(CCCC)CCOC.O=S(=O)([N-]S(=O)(=O)C(F)(F)F)C(F)(F)F,353.15,1.69,CCCC[P+](CCCC)(CCCC)CCOC.O=S(=O)([N-]S(=O)(=O)C(F)(F)F)C(F)(F)F,63,398,0.5247285289349821
Cc1ccccc1,CCCC[P+](CCCC)(CCCC)CCOC.O=S(=O)([N-]S(=O)(=O)C(F)(F)F)C(F)(F)F,363.15,1.71,CCCC[P+](CCCC)(CCCC)CCOC.O=S(=O)([N-]S(=O)(=O)C(F)(F)F)C(F)(F)F,63,399,0.5364933705145685
Cc1ccccc1,CCCC[P+](CCCC)(CCCC)CCOC.O=S(=O)([N-]S(=O)(=O)C(F)(F)F)C(F)(F)F,373.15,1.73,CCCC[P+](CCCC)(CCCC)CCOC.O=S(=O)([N-]S(=O)(=O)C(F)(F)F)C(F)(F)F,63,400,0.5481214085096876
Cc1ccccc1,CC[N+](CC)(CC)CCOC.O=S(=O)([N-]S(=O)(=O)C(F)(F)F)C(F)(F)F,323.15,2.25,CC[N+](CC)(CC)CCOC.O=S(=O)([N-]S(=O)(=O)C(F)(F)F)C(F)(F)F,64,401,0.8109302162163288
Cc1ccccc1,CC[N+](CC)(CC)CCOC.O=S(=O)([N-]S(=O)(=O)C(F)(F)F)C(F)(F)F,333.15,2.27,CC[N+](CC)(CC)CCOC.O=S(=O)([N-]S(=O)(=O)C(F)(F)F)C(F)(F)F,64,402,0.8197798314933114
Cc1ccccc1,CC[N+](CC)(CC)CCOC.O=S(=O)([N-]S(=O)(=O)C(F)(F)F)C(F)(F)F,343.15,2.36,CC[N+](CC)(CC)CCOC.O=S(=O)([N-]S(=O)(=O)C(F)(F)F)C(F)(F)F,64,403,0.8586616190375187
Cc1ccccc1,CC[N+](CC)(CC)CCOC.O=S(=O)([N-]S(=O)(=O)C(F)(F)F)C(F)(F)F,353.15,2.42,CC[N+](CC)(CC)CCOC.O=S(=O)([N-]S(=O)(=O)C(F)(F)F)C(F)(F)F,64,404,0.883767540168595
Cc1ccccc1,CC[N+](CC)(CC)CCOC.O=S(=O)([N-]S(=O)(=O)C(F)(F)F)C(F)(F)F,363.15,2.48,CC[N+](CC)(CC)CCOC.O=S(=O)([N-]S(=O)(=O)C(F)(F)F)C(F)(F)F,64,405,0.9082585601768908
Cc1ccccc1,CC[N+](CC)(CC)CCOC.O=S(=O)([N-]S(=O)(=O)C(F)(F)F)C(F)(F)F,373.15,2.52,CC[N+](CC)(CC)CCOC.O=S(=O)([N-]S(=O)(=O)C(F)(F)F)C(F)(F)F,64,406,0.9242589015233319
Cc1ccccc1,CC[n+]1ccn(CCOC)c1.O=S(=O)([N-]S(=O)(=O)C(F)(F)F)C(F)(F)F,323.15,2.91,CC[n+]1ccn(CCOC)c1.O=S(=O)([N-]S(=O)(=O)C(F)(F)F)C(F)(F)F,65,407,1.0681530811834012
Cc1ccccc1,CC[n+]1ccn(CCOC)c1.O=S(=O)([N-]S(=O)(=O)C(F)(F)F)C(F)(F)F,333.15,2.93,CC[n+]1ccn(CCOC)c1.O=S(=O)([N-]S(=O)(=O)C(F)(F)F)C(F)(F)F,65,408,1.075002423028976
Cc1ccccc1,CC[n+]1ccn(CCOC)c1.O=S(=O)([N-]S(=O)(=O)C(F)(F)F)C(F)(F)F,343.15,3.0,CC[n+]1ccn(CCOC)c1.O=S(=O)([N-]S(=O)(=O)C(F)(F)F)C(F)(F)F,65,409,1.0986122886681098
Cc1ccccc1,CC[n+]1ccn(CCOC)c1.O=S(=O)([N-]S(=O)(=O)C(F)(F)F)C(F)(F)F,353.15,3.09,CC[n+]1ccn(CCOC)c1.O=S(=O)([N-]S(=O)(=O)C(F)(F)F)C(F)(F)F,65,410,1.128171090909654
Cc1ccccc1,CC[n+]1ccn(CCOC)c1.O=S(=O)([N-]S(=O)(=O)C(F)(F)F)C(F)(F)F,363.15,3.13,CC[n+]1ccn(CCOC)c1.O=S(=O)([N-]S(=O)(=O)C(F)(F)F)C(F)(F)F,65,411,1.1410330045520618
Cc1ccccc1,CC[n+]1ccn(CCOC)c1.O=S(=O)([N-]S(=O)(=O)C(F)(F)F)C(F)(F)F,373.15,3.14,CC[n+]1ccn(CCOC)c1.O=S(=O)([N-]S(=O)(=O)C(F)(F)F)C(F)(F)F,65,412,1.144222799920162
Cc1ccccc1,COCC[n+]1ccccc1.O=S(=O)([N-]S(=O)(=O)C(F)(F)F)C(F)(F)F,323.15,3.43,COCC[n+]1ccccc1.O=S(=O)([N-]S(=O)(=O)C(F)(F)F)C(F)(F)F,66,413,1.2325602611778486
Cc1ccccc1,COCC[n+]1ccccc1.O=S(=O)([N-]S(=O)(=O)C(F)(F)F)C(F)(F)F,333.15,3.47,COCC[n+]1ccccc1.O=S(=O)([N-]S(=O)(=O)C(F)(F)F)C(F)(F)F,66,414,1.244154593958768
Cc1ccccc1,COCC[n+]1ccccc1.O=S(=O)([N-]S(=O)(=O)C(F)(F)F)C(F)(F)F,343.15,3.49,COCC[n+]1ccccc1.O=S(=O)([N-]S(=O)(=O)C(F)(F)F)C(F)(F)F,66,415,1.2499017362143359
Cc1ccccc1,COCC[n+]1ccccc1.O=S(=O)([N-]S(=O)(=O)C(F)(F)F)C(F)(F)F,353.15,3.54,COCC[n+]1ccccc1.O=S(=O)([N-]S(=O)(=O)C(F)(F)F)C(F)(F)F,66,416,1.264126727145683
Cc1ccccc1,COCC[n+]1ccccc1.O=S(=O)([N-]S(=O)(=O)C(F)(F)F)C(F)(F)F,363.15,3.57,COCC[n+]1ccccc1.O=S(=O)([N-]S(=O)(=O)C(F)(F)F)C(F)(F)F,66,417,1.2725655957915476
Cc1ccccc1,COCC[n+]1ccccc1.O=S(=O)([N-]S(=O)(=O)C(F)(F)F)C(F)(F)F,373.15,3.6,COCC[n+]1ccccc1.O=S(=O)([N-]S(=O)(=O)C(F)(F)F)C(F)(F)F,66,418,1.2809338454620642
Cc1ccccc1,CCCC[N+]1(C)CCCCC1.O=S(=O)([N-]S(=O)(=O)C(F)(F)F)C(F)(F)F,308.15,1.07,CCCC[N+]1(C)CCCCC1.O=S(=O)([N-]S(=O)(=O)C(F)(F)F)C(F)(F)F,67,419,0.06765864847381486
Cc1ccccc1,CCCC[N+]1(C)CCCCC1.O=S(=O)([N-]S(=O)(=O)C(F)(F)F)C(F)(F)F,318.15,1.07,CCCC[N+]1(C)CCCCC1.O=S(=O)([N-]S(=O)(=O)C(F)(F)F)C(F)(F)F,67,420,0.06765864847381486
Cc1ccccc1,CCCC[N+]1(C)CCCCC1.O=S(=O)([N-]S(=O)(=O)C(F)(F)F)C(F)(F)F,328.15,1.1,CCCC[N+]1(C)CCCCC1.O=S(=O)([N-]S(=O)(=O)C(F)(F)F)C(F)(F)F,67,421,0.09531017980432493
Cc1ccccc1,CCCC[N+]1(C)CCCCC1.O=S(=O)([N-]S(=O)(=O)C(F)(F)F)C(F)(F)F,338.15,1.11,CCCC[N+]1(C)CCCCC1.O=S(=O)([N-]S(=O)(=O)C(F)(F)F)C(F)(F)F,67,422,0.10436001532424286
Cc1ccccc1,CCCC[N+]1(C)CCCCC1.O=S(=O)([N-]S(=O)(=O)C(F)(F)F)C(F)(F)F,348.15,1.13,CCCC[N+]1(C)CCCCC1.O=S(=O)([N-]S(=O)(=O)C(F)(F)F)C(F)(F)F,67,423,0.12221763272424911
Cc1ccccc1,CCCC[N+]1(C)CCCCC1.O=S(=O)([N-]S(=O)(=O)C(F)(F)F)C(F)(F)F,358.15,1.16,CCCC[N+]1(C)CCCCC1.O=S(=O)([N-]S(=O)(=O)C(F)(F)F)C(F)(F)F,67,424,0.14842000511827322
Cc1ccccc1,CCCCCC[N+]1(C)CCCCC1.O=S(=O)([N-]S(=O)(=O)C(F)(F)F)C(F)(F)F,308.15,0.864,CCCCCC[N+]1(C)CCCCC1.O=S(=O)([N-]S(=O)(=O)C(F)(F)F)C(F)(F)F,68,425,-0.14618251017808145
Cc1ccccc1,CCCCCC[N+]1(C)CCCCC1.O=S(=O)([N-]S(=O)(=O)C(F)(F)F)C(F)(F)F,318.15,0.894,CCCCCC[N+]1(C)CCCCC1.O=S(=O)([N-]S(=O)(=O)C(F)(F)F)C(F)(F)F,68,426,-0.11204950380862289
Cc1ccccc1,CCCCCC[N+]1(C)CCCCC1.O=S(=O)([N-]S(=O)(=O)C(F)(F)F)C(F)(F)F,328.15,0.909,CCCCCC[N+]1(C)CCCCC1.O=S(=O)([N-]S(=O)(=O)C(F)(F)F)C(F)(F)F,68,427,-0.09541018480465818
Cc1ccccc1,CCCCCC[N+]1(C)CCCCC1.O=S(=O)([N-]S(=O)(=O)C(F)(F)F)C(F)(F)F,338.15,0.934,CCCCCC[N+]1(C)CCCCC1.O=S(=O)([N-]S(=O)(=O)C(F)(F)F)C(F)(F)F,68,428,-0.06827884075329438
Cc1ccccc1,CCCCCC[N+]1(C)CCCCC1.O=S(=O)([N-]S(=O)(=O)C(F)(F)F)C(F)(F)F,348.15,0.957,CCCCCC[N+]1(C)CCCCC1.O=S(=O)([N-]S(=O)(=O)C(F)(F)F)C(F)(F)F,68,429,-0.04395188752918283
Cc1ccccc1,CCCCCC[N+]1(C)CCCCC1.O=S(=O)([N-]S(=O)(=O)C(F)(F)F)C(F)(F)F,358.15,0.969,CCCCCC[N+]1(C)CCCCC1.O=S(=O)([N-]S(=O)(=O)C(F)(F)F)C(F)(F)F,68,430,-0.03149066709137085
Cc1ccccc1,CCCCC[N+]1(C)CCCCC1.O=S(=O)([N-]S(=O)(=O)C(F)(F)F)C(F)(F)F,308.15,0.91,CCCCC[N+]1(C)CCCCC1.O=S(=O)([N-]S(=O)(=O)C(F)(F)F)C(F)(F)F,69,431,-0.09431067947124129
Cc1ccccc1,CCCCC[N+]1(C)CCCCC1.O=S(=O)([N-]S(=O)(=O)C(F)(F)F)C(F)(F)F,318.15,0.919,CCCCC[N+]1(C)CCCCC1.O=S(=O)([N-]S(=O)(=O)C(F)(F)F)C(F)(F)F,69,432,-0.08446915662644996
Cc1ccccc1,CCCCC[N+]1(C)CCCCC1.O=S(=O)([N-]S(=O)(=O)C(F)(F)F)C(F)(F)F,328.15,0.955,CCCCC[N+]1(C)CCCCC1.O=S(=O)([N-]S(=O)(=O)C(F)(F)F)C(F)(F)F,69,433,-0.046043938501406846
Cc1ccccc1,CCCCC[N+]1(C)CCCCC1.O=S(=O)([N-]S(=O)(=O)C(F)(F)F)C(F)(F)F,338.15,0.975,CCCCC[N+]1(C)CCCCC1.O=S(=O)([N-]S(=O)(=O)C(F)(F)F)C(F)(F)F,69,434,-0.025317807984289897
Cc1ccccc1,CCCCC[N+]1(C)CCCCC1.O=S(=O)([N-]S(=O)(=O)C(F)(F)F)C(F)(F)F,348.15,1.01,CCCCC[N+]1(C)CCCCC1.O=S(=O)([N-]S(=O)(=O)C(F)(F)F)C(F)(F)F,69,435,0.009950330853168092
Cc1ccccc1,CCCCC[N+]1(C)CCCCC1.O=S(=O)([N-]S(=O)(=O)C(F)(F)F)C(F)(F)F,358.15,1.05,CCCCC[N+]1(C)CCCCC1.O=S(=O)([N-]S(=O)(=O)C(F)(F)F)C(F)(F)F,69,436,0.04879016416943204
Cc1ccccc1,COP(=O)([O-])OC.C[N+]1(CCO)CCCC1,318.15,9.19,COP(=O)([O-])OC.C[N+]1(CCO)CCCC1,70,437,2.2181159363675955
Cc1ccccc1,COP(=O)([O-])OC.C[N+]1(CCO)CCCC1,328.15,9.01,COP(=O)([O-])OC.C[N+]1(CCO)CCCC1,70,438,2.1983350716202463
Cc1ccccc1,COP(=O)([O-])OC.C[N+]1(CCO)CCCC1,338.15,8.835,COP(=O)([O-])OC.C[N+]1(CCO)CCCC1,70,439,2.17872110577166
Cc1ccccc1,COP(=O)([O-])OC.C[N+]1(CCO)CCCC1,348.15,8.68,COP(=O)([O-])OC.C[N+]1(CCO)CCCC1,70,440,2.1610215286722587
Cc1ccccc1,COP(=O)([O-])OC.C[N+]1(CCO)CCCC1,358.15,8.53,COP(=O)([O-])OC.C[N+]1(CCO)CCCC1,70,441,2.1435893615035875
Cc1ccccc1,COP(=O)([O-])OC.C[N+]1(CCO)CCCC1,368.15,8.4,COP(=O)([O-])OC.C[N+]1(CCO)CCCC1,70,442,2.128231705849268
Cc1ccccc1,CCCC[N+](C)(C)CCOCCN(C)C.O=S(=O)([N-]S(=O)(=O)C(F)(F)F)C(F)(F)F,323.15,2.18,CCCC[N+](C)(C)CCOCCN(C)C.O=S(=O)([N-]S(=O)(=O)C(F)(F)F)C(F)(F)F,71,443,0.7793248768009977
Cc1ccccc1,CCCC[N+](C)(C)CCOCCN(C)C.O=S(=O)([N-]S(=O)(=O)C(F)(F)F)C(F)(F)F,333.15,2.19,CCCC[N+](C)(C)CCOCCN(C)C.O=S(=O)([N-]S(=O)(=O)C(F)(F)F)C(F)(F)F,71,444,0.7839015438284094
Cc1ccccc1,CCCC[N+](C)(C)CCOCCN(C)C.O=S(=O)([N-]S(=O)(=O)C(F)(F)F)C(F)(F)F,343.15,2.2,CCCC[N+](C)(C)CCOCCN(C)C.O=S(=O)([N-]S(=O)(=O)C(F)(F)F)C(F)(F)F,71,445,0.7884573603642703
Cc1ccccc1,CCCC[N+](C)(C)CCOCCN(C)C.O=S(=O)([N-]S(=O)(=O)C(F)(F)F)C(F)(F)F,353.15,2.21,CCCC[N+](C)(C)CCOCCN(C)C.O=S(=O)([N-]S(=O)(=O)C(F)(F)F)C(F)(F)F,71,446,0.7929925155296614
Cc1ccccc1,CCCC[N+](C)(C)CCOCCN(C)C.O=S(=O)([N-]S(=O)(=O)C(F)(F)F)C(F)(F)F,363.15,2.23,CCCC[N+](C)(C)CCOCCN(C)C.O=S(=O)([N-]S(=O)(=O)C(F)(F)F)C(F)(F)F,71,447,0.8020015854720274
Cc1ccccc1,CCCC[N+](C)(C)CCOCCN(C)C.O=S(=O)([N-]S(=O)(=O)C(F)(F)F)C(F)(F)F,373.15,2.24,CCCC[N+](C)(C)CCOCCN(C)C.O=S(=O)([N-]S(=O)(=O)C(F)(F)F)C(F)(F)F,71,448,0.8064758658669485
Cc1ccccc1,CCC[N+](C)(C)CCN(C)C.O=S(=O)([N-]S(=O)(=O)C(F)(F)F)C(F)(F)F,323.15,1.39,CCC[N+](C)(C)CCN(C)C.O=S(=O)([N-]S(=O)(=O)C(F)(F)F)C(F)(F)F,72,449,0.3293037471426003
Cc1ccccc1,CCC[N+](C)(C)CCN(C)C.O=S(=O)([N-]S(=O)(=O)C(F)(F)F)C(F)(F)F,333.15,1.4,CCC[N+](C)(C)CCN(C)C.O=S(=O)([N-]S(=O)(=O)C(F)(F)F)C(F)(F)F,72,450,0.3364722366212129
Cc1ccccc1,CCC[N+](C)(C)CCN(C)C.O=S(=O)([N-]S(=O)(=O)C(F)(F)F)C(F)(F)F,343.15,1.41,CCC[N+](C)(C)CCN(C)C.O=S(=O)([N-]S(=O)(=O)C(F)(F)F)C(F)(F)F,72,451,0.34358970439007686
Cc1ccccc1,CCC[N+](C)(C)CCN(C)C.O=S(=O)([N-]S(=O)(=O)C(F)(F)F)C(F)(F)F,353.15,1.42,CCC[N+](C)(C)CCN(C)C.O=S(=O)([N-]S(=O)(=O)C(F)(F)F)C(F)(F)F,72,452,0.35065687161316933
Cc1ccccc1,CCC[N+](C)(C)CCN(C)C.O=S(=O)([N-]S(=O)(=O)C(F)(F)F)C(F)(F)F,363.15,1.43,CCC[N+](C)(C)CCN(C)C.O=S(=O)([N-]S(=O)(=O)C(F)(F)F)C(F)(F)F,72,453,0.3576744442718159
Cc1ccccc1,CCC[N+](C)(C)CCN(C)C.O=S(=O)([N-]S(=O)(=O)C(F)(F)F)C(F)(F)F,373.18,1.44,CCC[N+](C)(C)CCN(C)C.O=S(=O)([N-]S(=O)(=O)C(F)(F)F)C(F)(F)F,72,454,0.36464311358790924
Cc1ccccc1,CCCC[N+](C)(C)CCN(C)C.O=S(=O)([N-]S(=O)(=O)C(F)(F)F)C(F)(F)F,323.15,1.4,CCCC[N+](C)(C)CCN(C)C.O=S(=O)([N-]S(=O)(=O)C(F)(F)F)C(F)(F)F,73,455,0.3364722366212129
Cc1ccccc1,CCCC[N+](C)(C)CCN(C)C.O=S(=O)([N-]S(=O)(=O)C(F)(F)F)C(F)(F)F,333.15,1.43,CCCC[N+](C)(C)CCN(C)C.O=S(=O)([N-]S(=O)(=O)C(F)(F)F)C(F)(F)F,73,456,0.3576744442718159
Cc1ccccc1,CCCC[N+](C)(C)CCN(C)C.O=S(=O)([N-]S(=O)(=O)C(F)(F)F)C(F)(F)F,343.15,1.45,CCCC[N+](C)(C)CCN(C)C.O=S(=O)([N-]S(=O)(=O)C(F)(F)F)C(F)(F)F,73,457,0.371563556432483
Cc1ccccc1,CCCC[N+](C)(C)CCN(C)C.O=S(=O)([N-]S(=O)(=O)C(F)(F)F)C(F)(F)F,353.15,1.5,CCCC[N+](C)(C)CCN(C)C.O=S(=O)([N-]S(=O)(=O)C(F)(F)F)C(F)(F)F,73,458,0.4054651081081644
Cc1ccccc1,CCCC[N+](C)(C)CCN(C)C.O=S(=O)([N-]S(=O)(=O)C(F)(F)F)C(F)(F)F,363.15,1.52,CCCC[N+](C)(C)CCN(C)C.O=S(=O)([N-]S(=O)(=O)C(F)(F)F)C(F)(F)F,73,459,0.41871033485818504
Cc1ccccc1,CCCC[N+](C)(C)CCN(C)C.O=S(=O)([N-]S(=O)(=O)C(F)(F)F)C(F)(F)F,373.15,1.57,CCCC[N+](C)(C)CCN(C)C.O=S(=O)([N-]S(=O)(=O)C(F)(F)F)C(F)(F)F,73,460,0.45107561936021673
Cc1ccccc1,CCC[N+](C)(C)CCOCCN(C)C.O=S(=O)([N-]S(=O)(=O)C(F)(F)F)C(F)(F)F,323.15,1.93,CCC[N+](C)(C)CCOCCN(C)C.O=S(=O)([N-]S(=O)(=O)C(F)(F)F)C(F)(F)F,74,461,0.6575200029167941
Cc1ccccc1,CCC[N+](C)(C)CCOCCN(C)C.O=S(=O)([N-]S(=O)(=O)C(F)(F)F)C(F)(F)F,333.15,1.96,CCC[N+](C)(C)CCOCCN(C)C.O=S(=O)([N-]S(=O)(=O)C(F)(F)F)C(F)(F)F,74,462,0.6729444732424258
Cc1ccccc1,CCC[N+](C)(C)CCOCCN(C)C.O=S(=O)([N-]S(=O)(=O)C(F)(F)F)C(F)(F)F,343.15,2.0,CCC[N+](C)(C)CCOCCN(C)C.O=S(=O)([N-]S(=O)(=O)C(F)(F)F)C(F)(F)F,74,463,0.6931471805599453
Cc1ccccc1,CCC[N+](C)(C)CCOCCN(C)C.O=S(=O)([N-]S(=O)(=O)C(F)(F)F)C(F)(F)F,353.15,2.04,CCC[N+](C)(C)CCOCCN(C)C.O=S(=O)([N-]S(=O)(=O)C(F)(F)F)C(F)(F)F,74,464,0.712949807856125
Cc1ccccc1,CCC[N+](C)(C)CCOCCN(C)C.O=S(=O)([N-]S(=O)(=O)C(F)(F)F)C(F)(F)F,363.15,2.11,CCC[N+](C)(C)CCOCCN(C)C.O=S(=O)([N-]S(=O)(=O)C(F)(F)F)C(F)(F)F,74,465,0.7466879474879751
Cc1ccccc1,CCC[N+](C)(C)CCOCCN(C)C.O=S(=O)([N-]S(=O)(=O)C(F)(F)F)C(F)(F)F,373.15,2.13,CCC[N+](C)(C)CCOCCN(C)C.O=S(=O)([N-]S(=O)(=O)C(F)(F)F)C(F)(F)F,74,466,0.7561219797213337
Cc1ccccc1,CC[n+]1ccn(C)c1.O=S(=O)(F)[N-]S(=O)(=O)F,323.15,2.32,CC[n+]1ccn(C)c1.O=S(=O)(F)[N-]S(=O)(=O)F,75,467,0.8415671856782185
Cc1ccccc1,CC[n+]1ccn(C)c1.O=S(=O)(F)[N-]S(=O)(=O)F,333.15,2.32,CC[n+]1ccn(C)c1.O=S(=O)(F)[N-]S(=O)(=O)F,75,468,0.8415671856782185
Cc1ccccc1,CC[n+]1ccn(C)c1.O=S(=O)(F)[N-]S(=O)(=O)F,343.15,2.32,CC[n+]1ccn(C)c1.O=S(=O)(F)[N-]S(=O)(=O)F,75,469,0.8415671856782185
Cc1ccccc1,CC[n+]1ccn(C)c1.O=S(=O)(F)[N-]S(=O)(=O)F,353.15,2.33,CC[n+]1ccn(C)c1.O=S(=O)(F)[N-]S(=O)(=O)F,75,470,0.8458682675776092
Cc1ccccc1,CC[n+]1ccn(C)c1.O=S(=O)(F)[N-]S(=O)(=O)F,363.15,2.35,CC[n+]1ccn(C)c1.O=S(=O)(F)[N-]S(=O)(=O)F,75,471,0.8544153281560676
Cc1ccccc1,CC[n+]1ccn(C)c1.O=S(=O)(F)[N-]S(=O)(=O)F,373.15,2.35,CC[n+]1ccn(C)c1.O=S(=O)(F)[N-]S(=O)(=O)F,75,472,0.8544153281560676
Cc1ccccc1,CCC[N+]1(C)CCCC1.O=S(=O)(F)[N-]S(=O)(=O)F,323.15,1.55,CCC[N+]1(C)CCCC1.O=S(=O)(F)[N-]S(=O)(=O)F,76,473,0.4382549309311553
Cc1ccccc1,CCC[N+]1(C)CCCC1.O=S(=O)(F)[N-]S(=O)(=O)F,333.15,1.59,CCC[N+]1(C)CCCC1.O=S(=O)(F)[N-]S(=O)(=O)F,76,474,0.4637340162321402
Cc1ccccc1,CCC[N+]1(C)CCCC1.O=S(=O)(F)[N-]S(=O)(=O)F,343.15,1.62,CCC[N+]1(C)CCCC1.O=S(=O)(F)[N-]S(=O)(=O)F,76,475,0.4824261492442928
Cc1ccccc1,CCC[N+]1(C)CCCC1.O=S(=O)(F)[N-]S(=O)(=O)F,353.15,1.67,CCC[N+]1(C)CCCC1.O=S(=O)(F)[N-]S(=O)(=O)F,76,476,0.5128236264286637
Cc1ccccc1,CCC[N+]1(C)CCCC1.O=S(=O)(F)[N-]S(=O)(=O)F,363.15,1.71,CCC[N+]1(C)CCCC1.O=S(=O)(F)[N-]S(=O)(=O)F,76,477,0.5364933705145685
Cc1ccccc1,CCC[N+]1(C)CCCC1.O=S(=O)(F)[N-]S(=O)(=O)F,373.15,1.76,CCC[N+]1(C)CCCC1.O=S(=O)(F)[N-]S(=O)(=O)F,76,478,0.5653138090500605
Cc1ccccc1,CCC[N+]1(C)CCCCC1.O=S(=O)(F)[N-]S(=O)(=O)F,323.15,1.54,CCC[N+]1(C)CCCCC1.O=S(=O)(F)[N-]S(=O)(=O)F,77,479,0.43178241642553783
Cc1ccccc1,CCC[N+]1(C)CCCCC1.O=S(=O)(F)[N-]S(=O)(=O)F,333.15,1.54,CCC[N+]1(C)CCCCC1.O=S(=O)(F)[N-]S(=O)(=O)F,77,480,0.43178241642553783
Cc1ccccc1,CCC[N+]1(C)CCCCC1.O=S(=O)(F)[N-]S(=O)(=O)F,343.15,1.59,CCC[N+]1(C)CCCCC1.O=S(=O)(F)[N-]S(=O)(=O)F,77,481,0.4637340162321402
Cc1ccccc1,CCC[N+]1(C)CCCCC1.O=S(=O)(F)[N-]S(=O)(=O)F,353.15,1.64,CCC[N+]1(C)CCCCC1.O=S(=O)(F)[N-]S(=O)(=O)F,77,482,0.494696241836107
Cc1ccccc1,CCC[N+]1(C)CCCCC1.O=S(=O)(F)[N-]S(=O)(=O)F,363.15,1.64,CCC[N+]1(C)CCCCC1.O=S(=O)(F)[N-]S(=O)(=O)F,77,483,0.494696241836107
Cc1ccccc1,CCC[N+]1(C)CCCCC1.O=S(=O)(F)[N-]S(=O)(=O)F,373.15,1.69,CCC[N+]1(C)CCCCC1.O=S(=O)(F)[N-]S(=O)(=O)F,77,484,0.5247285289349821
Cc1ccccc1,CCCCCCCC[N+](C)(CCCCCCCC)CCCCCCCC.O=C([O-])c1ccccc1S,303.15,0.61,CCCCCCCC[N+](C)(CCCCCCCC)CCCCCCCC.O=C([O-])c1ccccc1S,78,485,-0.4942963218147801
Cc1ccccc1,CCCCCCCC[N+](C)(CCCCCCCC)CCCCCCCC.O=C([O-])c1ccccc1S,313.15,0.61,CCCCCCCC[N+](C)(CCCCCCCC)CCCCCCCC.O=C([O-])c1ccccc1S,78,486,-0.4942963218147801
Cc1ccccc1,CCCCCCCC[N+](C)(CCCCCCCC)CCCCCCCC.O=C([O-])c1ccccc1S,323.15,0.6,CCCCCCCC[N+](C)(CCCCCCCC)CCCCCCCC.O=C([O-])c1ccccc1S,78,487,-0.5108256237659907
Cc1ccccc1,CCCCCCCCCCCCCC[P+](CCCCCC)(CCCCCC)CCCCCC.[Cl-],333.15,0.593,CCCCCCCCCCCCCC[P+](CCCCCC)(CCCCCC)CCCCCC.[Cl-],79,488,-0.5225608799844117
Cc1ccccc1,CCCCCCCCCCCCCC[P+](CCCCCC)(CCCCCC)CCCCCC.[Cl-],343.15,0.595,CCCCCCCCCCCCCC[P+](CCCCCC)(CCCCCC)CCCCCC.[Cl-],79,489,-0.5191938734365074
Cc1ccccc1,CCCCCCCCCCCCCC[P+](CCCCCC)(CCCCCC)CCCCCC.[Cl-],353.15,0.599,CCCCCCCCCCCCCC[P+](CCCCCC)(CCCCCC)CCCCCC.[Cl-],79,490,-0.5124936808666878
Cc1ccccc1,CCCCCCCCCCCCCC[P+](CCCCCC)(CCCCCC)CCCCCC.[Cl-],363.15,0.607,CCCCCCCCCCCCCC[P+](CCCCCC)(CCCCCC)CCCCCC.[Cl-],79,491,-0.4992264879226388
Cc1ccccc1,CCCCCCCCCCCCCC[P+](CCCCCC)(CCCCCC)CCCCCC.[Cl-],373.15,0.605,CCCCCCCCCCCCCC[P+](CCCCCC)(CCCCCC)CCCCCC.[Cl-],79,492,-0.5025268209512956
Cc1ccccc1,CCCCCCCCCCCCCC[P+](CCCCCC)(CCCCCC)CCCCCC.[Cl-],383.15,0.603,CCCCCCCCCCCCCC[P+](CCCCCC)(CCCCCC)CCCCCC.[Cl-],79,493,-0.5058380822549516
Cc1ccccc1,CC(=O)[O-].CCCC[n+]1ccn(C)c1,333.15,4.09,CC(=O)[O-].CCCC[n+]1ccn(C)c1,80,494,1.4085449700547104
Cc1ccccc1,CC(=O)[O-].CCCC[n+]1ccn(C)c1,343.15,4.22,CC(=O)[O-].CCCC[n+]1ccn(C)c1,80,495,1.4398351280479205
Cc1ccccc1,CC(=O)[O-].CCCC[n+]1ccn(C)c1,353.15,4.11,CC(=O)[O-].CCCC[n+]1ccn(C)c1,80,496,1.4134230285081433
Cc1ccccc1,CC(=O)[O-].CCCC[n+]1ccn(C)c1,363.15,4.13,CC(=O)[O-].CCCC[n+]1ccn(C)c1,80,497,1.4182774069729414
Cc1ccccc1,CC(=O)[O-].CCCC[n+]1ccn(C)c1,373.15,4.11,CC(=O)[O-].CCCC[n+]1ccn(C)c1,80,498,1.4134230285081433
Cc1ccccc1,CC(=O)[O-].CCCC[n+]1ccn(C)c1,383.15,4.07,CC(=O)[O-].CCCC[n+]1ccn(C)c1,80,499,1.4036429994545037
Cc1ccccc1,CC(CC(C)(C)C)CP(=O)([O-])CC(C)CC(C)(C)C.CCCCCCCCCCCCCC[P+](CCCCCC)(CCCCCC)CCCCCC,333.15,0.526,CC(CC(C)(C)C)CP(=O)([O-])CC(C)CC(C)(C)C.CCCCCCCCCCCCCC[P+](CCCCCC)(CCCCCC)CCCCCC,81,500,-0.6424540662444271
Cc1ccccc1,CC(CC(C)(C)C)CP(=O)([O-])CC(C)CC(C)(C)C.CCCCCCCCCCCCCC[P+](CCCCCC)(CCCCCC)CCCCCC,343.15,0.524,CC(CC(C)(C)C)CP(=O)([O-])CC(C)CC(C)(C)C.CCCCCCCCCCCCCC[P+](CCCCCC)(CCCCCC)CCCCCC,81,501,-0.6462635946610948
Cc1ccccc1,CC(CC(C)(C)C)CP(=O)([O-])CC(C)CC(C)(C)C.CCCCCCCCCCCCCC[P+](CCCCCC)(CCCCCC)CCCCCC,353.15,0.526,CC(CC(C)(C)C)CP(=O)([O-])CC(C)CC(C)(C)C.CCCCCCCCCCCCCC[P+](CCCCCC)(CCCCCC)CCCCCC,81,502,-0.6424540662444271
Cc1ccccc1,CC(CC(C)(C)C)CP(=O)([O-])CC(C)CC(C)(C)C.CCCCCCCCCCCCCC[P+](CCCCCC)(CCCCCC)CCCCCC,363.15,0.52,CC(CC(C)(C)C)CP(=O)([O-])CC(C)CC(C)(C)C.CCCCCCCCCCCCCC[P+](CCCCCC)(CCCCCC)CCCCCC,81,503,-0.6539264674066639
Cc1ccccc1,CC(CC(C)(C)C)CP(=O)([O-])CC(C)CC(C)(C)C.CCCCCCCCCCCCCC[P+](CCCCCC)(CCCCCC)CCCCCC,373.15,0.526,CC(CC(C)(C)C)CP(=O)([O-])CC(C)CC(C)(C)C.CCCCCCCCCCCCCC[P+](CCCCCC)(CCCCCC)CCCCCC,81,504,-0.6424540662444271
Cc1ccccc1,CC(CC(C)(C)C)CP(=O)([O-])CC(C)CC(C)(C)C.CCCCCCCCCCCCCC[P+](CCCCCC)(CCCCCC)CCCCCC,383.15,0.513,CC(CC(C)(C)C)CP(=O)([O-])CC(C)CC(C)(C)C.CCCCCCCCCCCCCC[P+](CCCCCC)(CCCCCC)CCCCCC,81,505,-0.6674794338113675
Cc1ccccc1,COCC[N+]1(C)CCOCC1.FC(F)(F)C(F)(F)[P-](F)(F)(F)(C(F)(F)C(F)(F)F)C(F)(F)C(F)(F)F,318.15,1.1,COCC[N+]1(C)CCOCC1.FC(F)(F)C(F)(F)[P-](F)(F)(F)(C(F)(F)C(F)(F)F)C(F)(F)C(F)(F)F,82,506,0.09531017980432493
Cc1ccccc1,COCC[N+]1(C)CCOCC1.FC(F)(F)C(F)(F)[P-](F)(F)(F)(C(F)(F)C(F)(F)F)C(F)(F)C(F)(F)F,328.15,1.16,COCC[N+]1(C)CCOCC1.FC(F)(F)C(F)(F)[P-](F)(F)(F)(C(F)(F)C(F)(F)F)C(F)(F)C(F)(F)F,82,507,0.14842000511827322
Cc1ccccc1,COCC[N+]1(C)CCOCC1.FC(F)(F)C(F)(F)[P-](F)(F)(F)(C(F)(F)C(F)(F)F)C(F)(F)C(F)(F)F,338.15,1.22,COCC[N+]1(C)CCOCC1.FC(F)(F)C(F)(F)[P-](F)(F)(F)(C(F)(F)C(F)(F)F)C(F)(F)C(F)(F)F,82,508,0.19885085874516517
Cc1ccccc1,COCC[N+]1(C)CCOCC1.FC(F)(F)C(F)(F)[P-](F)(F)(F)(C(F)(F)C(F)(F)F)C(F)(F)C(F)(F)F,348.15,1.28,COCC[N+]1(C)CCOCC1.FC(F)(F)C(F)(F)[P-](F)(F)(F)(C(F)(F)C(F)(F)F)C(F)(F)C(F)(F)F,82,509,0.2468600779315258
Cc1ccccc1,COCC[N+]1(C)CCOCC1.FC(F)(F)C(F)(F)[P-](F)(F)(F)(C(F)(F)C(F)(F)F)C(F)(F)C(F)(F)F,358.15,1.34,COCC[N+]1(C)CCOCC1.FC(F)(F)C(F)(F)[P-](F)(F)(F)(C(F)(F)C(F)(F)F)C(F)(F)C(F)(F)F,82,510,0.29266961396282004
Cc1ccccc1,COCC[N+]1(C)CCOCC1.FC(F)(F)C(F)(F)[P-](F)(F)(F)(C(F)(F)C(F)(F)F)C(F)(F)C(F)(F)F,368.15,1.39,COCC[N+]1(C)CCOCC1.FC(F)(F)C(F)(F)[P-](F)(F)(F)(C(F)(F)C(F)(F)F)C(F)(F)C(F)(F)F,82,511,0.3293037471426003
Cc1ccccc1,CCn1cc[n+](C)c1.FC(F)(F)C(F)(F)[P-](F)(F)(F)(C(F)(F)C(F)(F)F)C(F)(F)C(F)(F)F,318.15,1.12,CCn1cc[n+](C)c1.FC(F)(F)C(F)(F)[P-](F)(F)(F)(C(F)(F)C(F)(F)F)C(F)(F)C(F)(F)F,83,512,0.11332868530700327
Cc1ccccc1,CCn1cc[n+](C)c1.FC(F)(F)C(F)(F)[P-](F)(F)(F)(C(F)(F)C(F)(F)F)C(F)(F)C(F)(F)F,328.15,1.2,CCn1cc[n+](C)c1.FC(F)(F)C(F)(F)[P-](F)(F)(F)(C(F)(F)C(F)(F)F)C(F)(F)C(F)(F)F,83,513,0.1823215567939546
Cc1ccccc1,CCn1cc[n+](C)c1.FC(F)(F)C(F)(F)[P-](F)(F)(F)(C(F)(F)C(F)(F)F)C(F)(F)C(F)(F)F,338.15,1.27,CCn1cc[n+](C)c1.FC(F)(F)C(F)(F)[P-](F)(F)(F)(C(F)(F)C(F)(F)F)C(F)(F)C(F)(F)F,83,514,0.23901690047049992
Cc1ccccc1,CCn1cc[n+](C)c1.FC(F)(F)C(F)(F)[P-](F)(F)(F)(C(F)(F)C(F)(F)F)C(F)(F)C(F)(F)F,348.15,1.33,CCn1cc[n+](C)c1.FC(F)(F)C(F)(F)[P-](F)(F)(F)(C(F)(F)C(F)(F)F)C(F)(F)C(F)(F)F,83,515,0.28517894223366247
Cc1ccccc1,CCn1cc[n+](C)c1.FC(F)(F)C(F)(F)[P-](F)(F)(F)(C(F)(F)C(F)(F)F)C(F)(F)C(F)(F)F,358.15,1.41,CCn1cc[n+](C)c1.FC(F)(F)C(F)(F)[P-](F)(F)(F)(C(F)(F)C(F)(F)F)C(F)(F)C(F)(F)F,83,516,0.34358970439007686
Cc1ccccc1,CCn1cc[n+](C)c1.FC(F)(F)C(F)(F)[P-](F)(F)(F)(C(F)(F)C(F)(F)F)C(F)(F)C(F)(F)F,368.15,1.48,CCn1cc[n+](C)c1.FC(F)(F)C(F)(F)[P-](F)(F)(F)(C(F)(F)C(F)(F)F)C(F)(F)C(F)(F)F,83,517,0.3920420877760237
Cc1ccccc1,C[N+]1(CCCO)CCOCC1.O=S(=O)([N-]S(=O)(=O)C(F)(F)F)C(F)(F)F,318.15,4.03,C[N+]1(CCCO)CCOCC1.O=S(=O)([N-]S(=O)(=O)C(F)(F)F)C(F)(F)F,84,518,1.3937663759585917
Cc1ccccc1,C[N+]1(CCCO)CCOCC1.O=S(=O)([N-]S(=O)(=O)C(F)(F)F)C(F)(F)F,328.15,4.08,C[N+]1(CCCO)CCOCC1.O=S(=O)([N-]S(=O)(=O)C(F)(F)F)C(F)(F)F,84,519,1.4060969884160703
Cc1ccccc1,C[N+]1(CCCO)CCOCC1.O=S(=O)([N-]S(=O)(=O)C(F)(F)F)C(F)(F)F,338.15,4.11,C[N+]1(CCCO)CCOCC1.O=S(=O)([N-]S(=O)(=O)C(F)(F)F)C(F)(F)F,84,520,1.4134230285081433
Cc1ccccc1,C[N+]1(CCCO)CCOCC1.O=S(=O)([N-]S(=O)(=O)C(F)(F)F)C(F)(F)F,348.15,4.16,C[N+]1(CCCO)CCOCC1.O=S(=O)([N-]S(=O)(=O)C(F)(F)F)C(F)(F)F,84,521,1.425515074273172
Cc1ccccc1,C[N+]1(CCCO)CCOCC1.O=S(=O)([N-]S(=O)(=O)C(F)(F)F)C(F)(F)F,358.15,4.19,C[N+]1(CCCO)CCOCC1.O=S(=O)([N-]S(=O)(=O)C(F)(F)F)C(F)(F)F,84,522,1.4327007339340465
Cc1ccccc1,C[N+]1(CCCO)CCOCC1.O=S(=O)([N-]S(=O)(=O)C(F)(F)F)C(F)(F)F,368.15,4.22,C[N+]1(CCCO)CCOCC1.O=S(=O)([N-]S(=O)(=O)C(F)(F)F)C(F)(F)F,84,523,1.4398351280479205
Cc1ccccc1,C=CC[n+]1ccn(C)c1.N#C[N-]C#N,308.15,4.89,C=CC[n+]1ccn(C)c1.N#C[N-]C#N,85,524,1.5871923034867805
Cc1ccccc1,C=CC[n+]1ccn(C)c1.N#C[N-]C#N,318.15,5.04,C=CC[n+]1ccn(C)c1.N#C[N-]C#N,85,525,1.6174060820832772
Cc1ccccc1,C=CC[n+]1ccn(C)c1.N#C[N-]C#N,328.15,5.2,C=CC[n+]1ccn(C)c1.N#C[N-]C#N,85,526,1.6486586255873816
Cc1ccccc1,C=CC[n+]1ccn(C)c1.N#C[N-]C#N,338.15,5.34,C=CC[n+]1ccn(C)c1.N#C[N-]C#N,85,527,1.6752256529721035
Cc1ccccc1,C=CC[n+]1ccn(C)c1.N#C[N-]C#N,348.15,5.48,C=CC[n+]1ccn(C)c1.N#C[N-]C#N,85,528,1.7011051009599243
Cc1ccccc1,C=CC[n+]1ccn(C)c1.N#C[N-]C#N,358.15,5.62,C=CC[n+]1ccn(C)c1.N#C[N-]C#N,85,529,1.7263316639055997
Cc1ccccc1,C=CC[n+]1ccn(C)c1.O=S(=O)([N-]S(=O)(=O)C(F)(F)F)C(F)(F)F,318.15,1.72,C=CC[n+]1ccn(C)c1.O=S(=O)([N-]S(=O)(=O)C(F)(F)F)C(F)(F)F,86,530,0.5423242908253617
Cc1ccccc1,C=CC[n+]1ccn(C)c1.O=S(=O)([N-]S(=O)(=O)C(F)(F)F)C(F)(F)F,328.15,1.8,C=CC[n+]1ccn(C)c1.O=S(=O)([N-]S(=O)(=O)C(F)(F)F)C(F)(F)F,86,531,0.5877866649021191
Cc1ccccc1,C=CC[n+]1ccn(C)c1.O=S(=O)([N-]S(=O)(=O)C(F)(F)F)C(F)(F)F,338.15,1.88,C=CC[n+]1ccn(C)c1.O=S(=O)([N-]S(=O)(=O)C(F)(F)F)C(F)(F)F,86,532,0.6312717768418578
Cc1ccccc1,C=CC[n+]1ccn(C)c1.O=S(=O)([N-]S(=O)(=O)C(F)(F)F)C(F)(F)F,348.15,1.95,C=CC[n+]1ccn(C)c1.O=S(=O)([N-]S(=O)(=O)C(F)(F)F)C(F)(F)F,86,533,0.6678293725756554
Cc1ccccc1,C=CC[n+]1ccn(C)c1.O=S(=O)([N-]S(=O)(=O)C(F)(F)F)C(F)(F)F,358.15,2.03,C=CC[n+]1ccn(C)c1.O=S(=O)([N-]S(=O)(=O)C(F)(F)F)C(F)(F)F,86,534,0.7080357930536959
Cc1ccccc1,C=CC[n+]1ccn(C)c1.O=S(=O)([N-]S(=O)(=O)C(F)(F)F)C(F)(F)F,368.15,2.11,C=CC[n+]1ccn(C)c1.O=S(=O)([N-]S(=O)(=O)C(F)(F)F)C(F)(F)F,86,535,0.7466879474879751
Cc1ccccc1,CCCCCCCCCCn1cc[n+](CCCCCCCCCC)c1C.N#C[N-]C#N,358.15,0.939,CCCCCCCCCCn1cc[n+](CCCCCCCCCC)c1C.N#C[N-]C#N,87,536,-0.0629397997738742
Cc1ccccc1,CCCCCCCCCCn1cc[n+](CCCCCCCCCC)c1C.N#C[N-]C#N,368.15,0.973,CCCCCCCCCCn1cc[n+](CCCCCCCCCC)c1C.N#C[N-]C#N,87,537,-0.027371196796132015
Cc1ccccc1,CCCCCCCCCCn1cc[n+](CCCCCCCCCC)c1C.N#C[N-]C#N,378.15,1.01,CCCCCCCCCCn1cc[n+](CCCCCCCCCC)c1C.N#C[N-]C#N,87,538,0.009950330853168092
Cc1ccccc1,CCCCCCCCCCn1cc[n+](CCCCCCCCCC)c1C.N#C[N-]C#N,388.15,1.04,CCCCCCCCCCn1cc[n+](CCCCCCCCCC)c1C.N#C[N-]C#N,87,539,0.03922071315328133
Cc1ccccc1,CCCCCCCCCCn1cc[n+](CCCCCCCCCC)c1C.N#C[N-]C#N,398.15,1.08,CCCCCCCCCCn1cc[n+](CCCCCCCCCC)c1C.N#C[N-]C#N,87,540,0.0769610411361284
Cc1ccccc1,CCCCCCCCCCn1cc[n+](CCCCCCCCCC)c1C.N#C[N-]C#N,408.15,1.11,CCCCCCCCCCn1cc[n+](CCCCCCCCCC)c1C.N#C[N-]C#N,87,541,0.10436001532424286
Cc1ccccc1,CC[n+]1ccccc1.O=S(=O)([N-]S(=O)(=O)C(F)(F)F)C(F)(F)F,303.6,2.1,CC[n+]1ccccc1.O=S(=O)([N-]S(=O)(=O)C(F)(F)F)C(F)(F)F,88,542,0.7419373447293773
Cc1ccccc1,CC[n+]1ccccc1.O=S(=O)([N-]S(=O)(=O)C(F)(F)F)C(F)(F)F,313.1,2.1,CC[n+]1ccccc1.O=S(=O)([N-]S(=O)(=O)C(F)(F)F)C(F)(F)F,88,543,0.7419373447293773
Cc1ccccc1,CC[n+]1ccccc1.O=S(=O)([N-]S(=O)(=O)C(F)(F)F)C(F)(F)F,323.2,2.1,CC[n+]1ccccc1.O=S(=O)([N-]S(=O)(=O)C(F)(F)F)C(F)(F)F,88,544,0.7419373447293773
Cc1ccccc1,CC[n+]1ccccc1.O=S(=O)([N-]S(=O)(=O)C(F)(F)F)C(F)(F)F,333.2,2.1,CC[n+]1ccccc1.O=S(=O)([N-]S(=O)(=O)C(F)(F)F)C(F)(F)F,88,545,0.7419373447293773
Cc1ccccc1,CC[n+]1ccccc1.O=S(=O)([N-]S(=O)(=O)C(F)(F)F)C(F)(F)F,343.0,2.1,CC[n+]1ccccc1.O=S(=O)([N-]S(=O)(=O)C(F)(F)F)C(F)(F)F,88,546,0.7419373447293773
Cc1ccccc1,CC[n+]1ccccc1.O=S(=O)([N-]S(=O)(=O)C(F)(F)F)C(F)(F)F,353.3,2.1,CC[n+]1ccccc1.O=S(=O)([N-]S(=O)(=O)C(F)(F)F)C(F)(F)F,88,547,0.7419373447293773
Cc1ccccc1,CCCC[n+]1ccccc1.O=S(=O)([N-]S(=O)(=O)C(F)(F)F)C(F)(F)F,302.8,1.8,CCCC[n+]1ccccc1.O=S(=O)([N-]S(=O)(=O)C(F)(F)F)C(F)(F)F,89,548,0.5877866649021191
Cc1ccccc1,CCCC[n+]1ccccc1.O=S(=O)([N-]S(=O)(=O)C(F)(F)F)C(F)(F)F,312.6,1.8,CCCC[n+]1ccccc1.O=S(=O)([N-]S(=O)(=O)C(F)(F)F)C(F)(F)F,89,549,0.5877866649021191
Cc1ccccc1,CCCC[n+]1ccccc1.O=S(=O)([N-]S(=O)(=O)C(F)(F)F)C(F)(F)F,323.3,1.8,CCCC[n+]1ccccc1.O=S(=O)([N-]S(=O)(=O)C(F)(F)F)C(F)(F)F,89,550,0.5877866649021191
Cc1ccccc1,CCCC[n+]1ccccc1.O=S(=O)([N-]S(=O)(=O)C(F)(F)F)C(F)(F)F,333.2,1.8,CCCC[n+]1ccccc1.O=S(=O)([N-]S(=O)(=O)C(F)(F)F)C(F)(F)F,89,551,0.5877866649021191
Cc1ccccc1,CCCC[n+]1ccccc1.O=S(=O)([N-]S(=O)(=O)C(F)(F)F)C(F)(F)F,343.2,1.9,CCCC[n+]1ccccc1.O=S(=O)([N-]S(=O)(=O)C(F)(F)F)C(F)(F)F,89,552,0.6418538861723947
Cc1ccccc1,CCCC[n+]1ccccc1.O=S(=O)([N-]S(=O)(=O)C(F)(F)F)C(F)(F)F,353.3,1.9,CCCC[n+]1ccccc1.O=S(=O)([N-]S(=O)(=O)C(F)(F)F)C(F)(F)F,89,553,0.6418538861723947
Cc1ccccc1,CCCCC[n+]1ccccc1.O=S(=O)([N-]S(=O)(=O)C(F)(F)F)C(F)(F)F,303.1,1.28,CCCCC[n+]1ccccc1.O=S(=O)([N-]S(=O)(=O)C(F)(F)F)C(F)(F)F,90,554,0.2468600779315258
Cc1ccccc1,CCCCC[n+]1ccccc1.O=S(=O)([N-]S(=O)(=O)C(F)(F)F)C(F)(F)F,312.8,1.3,CCCCC[n+]1ccccc1.O=S(=O)([N-]S(=O)(=O)C(F)(F)F)C(F)(F)F,90,555,0.26236426446749106
Cc1ccccc1,CCCCC[n+]1ccccc1.O=S(=O)([N-]S(=O)(=O)C(F)(F)F)C(F)(F)F,323.3,1.3,CCCCC[n+]1ccccc1.O=S(=O)([N-]S(=O)(=O)C(F)(F)F)C(F)(F)F,90,556,0.26236426446749106
Cc1ccccc1,CCCCC[n+]1ccccc1.O=S(=O)([N-]S(=O)(=O)C(F)(F)F)C(F)(F)F,333.3,1.3,CCCCC[n+]1ccccc1.O=S(=O)([N-]S(=O)(=O)C(F)(F)F)C(F)(F)F,90,557,0.26236426446749106
Cc1ccccc1,CCCCC[n+]1ccccc1.O=S(=O)([N-]S(=O)(=O)C(F)(F)F)C(F)(F)F,343.3,1.4,CCCCC[n+]1ccccc1.O=S(=O)([N-]S(=O)(=O)C(F)(F)F)C(F)(F)F,90,558,0.3364722366212129
Cc1ccccc1,CCCCC[n+]1ccccc1.O=S(=O)([N-]S(=O)(=O)C(F)(F)F)C(F)(F)F,353.5,1.4,CCCCC[n+]1ccccc1.O=S(=O)([N-]S(=O)(=O)C(F)(F)F)C(F)(F)F,90,559,0.3364722366212129
Cc1ccccc1,Cn1cc[n+](CCO)c1.O=S(=O)([O-])C(F)(F)C(F)(F)C(F)(F)C(F)(F)F,303.0,7.4,Cn1cc[n+](CCO)c1.O=S(=O)([O-])C(F)(F)C(F)(F)C(F)(F)C(F)(F)F,91,560,2.0014800002101243
Cc1ccccc1,Cn1cc[n+](CCO)c1.O=S(=O)([O-])C(F)(F)C(F)(F)C(F)(F)C(F)(F)F,313.0,6.83,Cn1cc[n+](CCO)c1.O=S(=O)([O-])C(F)(F)C(F)(F)C(F)(F)C(F)(F)F,91,561,1.9213246735826988
Cc1ccccc1,Cn1cc[n+](CCO)c1.O=S(=O)([O-])C(F)(F)C(F)(F)C(F)(F)C(F)(F)F,323.0,6.21,Cn1cc[n+](CCO)c1.O=S(=O)([O-])C(F)(F)C(F)(F)C(F)(F)C(F)(F)F,91,562,1.8261608959453874
Cc1ccccc1,Cn1cc[n+](CCO)c1.O=S(=O)([O-])C(F)(F)C(F)(F)C(F)(F)C(F)(F)F,333.0,5.44,Cn1cc[n+](CCO)c1.O=S(=O)([O-])C(F)(F)C(F)(F)C(F)(F)C(F)(F)F,91,563,1.6937790608678513
Cc1ccccc1,Cn1cc[n+](CCO)c1.O=S(=O)([O-])C(F)(F)C(F)(F)C(F)(F)C(F)(F)F,343.0,4.94,Cn1cc[n+](CCO)c1.O=S(=O)([O-])C(F)(F)C(F)(F)C(F)(F)C(F)(F)F,91,564,1.5973653311998313
Cc1ccccc1,Cn1cc[n+](CCO)c1.O=S(=O)([O-])C(F)(F)C(F)(F)C(F)(F)C(F)(F)F,353.0,4.44,Cn1cc[n+](CCO)c1.O=S(=O)([O-])C(F)(F)C(F)(F)C(F)(F)C(F)(F)F,91,565,1.4906543764441336
Cc1ccccc1,CCCCCC[n+]1ccn(C)c1.[Cl-],313.15,5.307,CCCCCC[n+]1ccn(C)c1.[Cl-],92,566,1.669026703845758
Cc1ccccc1,CCCCCC[n+]1ccn(C)c1.[Cl-],323.15,5.071,CCCCCC[n+]1ccn(C)c1.[Cl-],92,567,1.623538036812882
Cc1ccccc1,CCCCCC[n+]1ccn(C)c1.[Cl-],333.15,4.864,CCCCCC[n+]1ccn(C)c1.[Cl-],92,568,1.581861144663866
Cc1ccccc1,CCCCCC[n+]1ccn(C)c1.[Cl-],343.15,4.658,CCCCCC[n+]1ccn(C)c1.[Cl-],92,569,1.5385861714621494
Cc1ccccc1,CCCCCC[n+]1ccn(C)c1.[Cl-],353.15,4.472,CCCCCC[n+]1ccn(C)c1.[Cl-],92,570,1.497835735852798
Cc1ccccc1,CCCCCC[n+]1ccn(C)c1.[Cl-],363.15,4.28,CCCCCC[n+]1ccn(C)c1.[Cl-],92,571,1.4539530095937054
Cc1ccccc1,C[n+]1ccn(CCO)c1.F[P-](F)(F)(F)(F)F,303.0,14.8,C[n+]1ccn(CCO)c1.F[P-](F)(F)(F)(F)F,93,572,2.6946271807700692
Cc1ccccc1,C[n+]1ccn(CCO)c1.F[P-](F)(F)(F)(F)F,313.0,14.1,C[n+]1ccn(CCO)c1.F[P-](F)(F)(F)(F)F,93,573,2.6461747973841225
Cc1ccccc1,C[n+]1ccn(CCO)c1.F[P-](F)(F)(F)(F)F,323.0,12.9,C[n+]1ccn(CCO)c1.F[P-](F)(F)(F)(F)F,93,574,2.5572273113676265
Cc1ccccc1,C[n+]1ccn(CCO)c1.F[P-](F)(F)(F)(F)F,333.0,11.9,C[n+]1ccn(CCO)c1.F[P-](F)(F)(F)(F)F,93,575,2.4765384001174837
Cc1ccccc1,C[n+]1ccn(CCO)c1.F[P-](F)(F)(F)(F)F,343.0,11.3,C[n+]1ccn(CCO)c1.F[P-](F)(F)(F)(F)F,93,576,2.424802725718295
Cc1ccccc1,C[n+]1ccn(CCO)c1.F[P-](F)(F)(F)(F)F,353.0,10.4,C[n+]1ccn(CCO)c1.F[P-](F)(F)(F)(F)F,93,577,2.341805806147327
Cc1ccccc1,CCCCCCCCCC[n+]1ccn(C)c1.O=S(=O)([N-]S(=O)(=O)C(F)(F)F)C(F)(F)F,313.15,0.97,CCCCCCCCCC[n+]1ccn(C)c1.O=S(=O)([N-]S(=O)(=O)C(F)(F)F)C(F)(F)F,94,578,-0.030459207484708574
Cc1ccccc1,CCCCCCCCCC[n+]1ccn(C)c1.O=S(=O)([N-]S(=O)(=O)C(F)(F)F)C(F)(F)F,323.15,0.98,CCCCCCCCCC[n+]1ccn(C)c1.O=S(=O)([N-]S(=O)(=O)C(F)(F)F)C(F)(F)F,94,579,-0.020202707317519466
Cc1ccccc1,CCCCCCCCCC[n+]1ccn(C)c1.O=S(=O)([N-]S(=O)(=O)C(F)(F)F)C(F)(F)F,333.15,1.0,CCCCCCCCCC[n+]1ccn(C)c1.O=S(=O)([N-]S(=O)(=O)C(F)(F)F)C(F)(F)F,94,580,0.0
Cc1ccccc1,CCCCCCCCCC[n+]1ccn(C)c1.O=S(=O)([N-]S(=O)(=O)C(F)(F)F)C(F)(F)F,343.15,1.02,CCCCCCCCCC[n+]1ccn(C)c1.O=S(=O)([N-]S(=O)(=O)C(F)(F)F)C(F)(F)F,94,581,0.01980262729617973
Cc1ccccc1,CCCCCCCCCC[n+]1ccn(C)c1.O=S(=O)([N-]S(=O)(=O)C(F)(F)F)C(F)(F)F,353.15,1.03,CCCCCCCCCC[n+]1ccn(C)c1.O=S(=O)([N-]S(=O)(=O)C(F)(F)F)C(F)(F)F,94,582,0.02955880224154443
Cc1ccccc1,CCCCCCCCCC[n+]1ccn(C)c1.O=S(=O)([N-]S(=O)(=O)C(F)(F)F)C(F)(F)F,363.15,1.04,CCCCCCCCCC[n+]1ccn(C)c1.O=S(=O)([N-]S(=O)(=O)C(F)(F)F)C(F)(F)F,94,583,0.03922071315328133
Cc1ccccc1,CCP(=O)([O-])O.CC[n+]1ccn(C)c1,323.15,8.05,CCP(=O)([O-])O.CC[n+]1ccn(C)c1,95,584,2.0856720914304723
Cc1ccccc1,CCP(=O)([O-])O.CC[n+]1ccn(C)c1,333.15,8.23,CCP(=O)([O-])O.CC[n+]1ccn(C)c1,95,585,2.1077860146889784
Cc1ccccc1,CCP(=O)([O-])O.CC[n+]1ccn(C)c1,343.15,8.27,CCP(=O)([O-])O.CC[n+]1ccn(C)c1,95,586,2.1126345090356
Cc1ccccc1,CCP(=O)([O-])O.CC[n+]1ccn(C)c1,353.15,8.39,CCP(=O)([O-])O.CC[n+]1ccn(C)c1,95,587,2.127040520479115
Cc1ccccc1,CCP(=O)([O-])O.CC[n+]1ccn(C)c1,363.15,8.66,CCP(=O)([O-])O.CC[n+]1ccn(C)c1,95,588,2.1587147225743437
Cc1ccccc1,CCCCCCCC[N+]12CCC(CC1)CC2.O=S(=O)([N-]S(=O)(=O)C(F)(F)F)C(F)(F)F,313.15,0.66,CCCCCCCC[N+]12CCC(CC1)CC2.O=S(=O)([N-]S(=O)(=O)C(F)(F)F)C(F)(F)F,96,589,-0.4155154439616658
Cc1ccccc1,CCCCCCCC[N+]12CCC(CC1)CC2.O=S(=O)([N-]S(=O)(=O)C(F)(F)F)C(F)(F)F,323.15,0.682,CCCCCCCC[N+]12CCC(CC1)CC2.O=S(=O)([N-]S(=O)(=O)C(F)(F)F)C(F)(F)F,96,590,-0.38272562113867487
Cc1ccccc1,CCCCCCCC[N+]12CCC(CC1)CC2.O=S(=O)([N-]S(=O)(=O)C(F)(F)F)C(F)(F)F,333.15,0.704,CCCCCCCC[N+]12CCC(CC1)CC2.O=S(=O)([N-]S(=O)(=O)C(F)(F)F)C(F)(F)F,96,591,-0.3509769228240947
Cc1ccccc1,CCCCCCCC[N+]12CCC(CC1)CC2.O=S(=O)([N-]S(=O)(=O)C(F)(F)F)C(F)(F)F,343.15,0.73,CCCCCCCC[N+]12CCC(CC1)CC2.O=S(=O)([N-]S(=O)(=O)C(F)(F)F)C(F)(F)F,96,592,-0.31471074483970024
Cc1ccccc1,CCCCCCCC[N+]12CCC(CC1)CC2.O=S(=O)([N-]S(=O)(=O)C(F)(F)F)C(F)(F)F,353.15,0.759,CCCCCCCC[N+]12CCC(CC1)CC2.O=S(=O)([N-]S(=O)(=O)C(F)(F)F)C(F)(F)F,96,593,-0.27575350158650713
Cc1ccccc1,CCCCCC[N+]12CCC(CC1)CC2.O=S(=O)([N-]S(=O)(=O)C(F)(F)F)C(F)(F)F,313.15,0.798,CCCCCC[N+]12CCC(CC1)CC2.O=S(=O)([N-]S(=O)(=O)C(F)(F)F)C(F)(F)F,97,594,-0.22564668153232822
Cc1ccccc1,CCCCCC[N+]12CCC(CC1)CC2.O=S(=O)([N-]S(=O)(=O)C(F)(F)F)C(F)(F)F,323.15,0.824,CCCCCC[N+]12CCC(CC1)CC2.O=S(=O)([N-]S(=O)(=O)C(F)(F)F)C(F)(F)F,97,595,-0.1935847490726654
Cc1ccccc1,CCCCCC[N+]12CCC(CC1)CC2.O=S(=O)([N-]S(=O)(=O)C(F)(F)F)C(F)(F)F,333.15,0.867,CCCCCC[N+]12CCC(CC1)CC2.O=S(=O)([N-]S(=O)(=O)C(F)(F)F)C(F)(F)F,97,596,-0.1427163022015952
Cc1ccccc1,CCCCCC[N+]12CCC(CC1)CC2.O=S(=O)([N-]S(=O)(=O)C(F)(F)F)C(F)(F)F,343.15,0.898,CCCCCC[N+]12CCC(CC1)CC2.O=S(=O)([N-]S(=O)(=O)C(F)(F)F)C(F)(F)F,97,597,-0.10758521067993743
Cc1ccccc1,CCCCCC[N+]12CCC(CC1)CC2.O=S(=O)([N-]S(=O)(=O)C(F)(F)F)C(F)(F)F,353.15,0.93,CCCCCC[N+]12CCC(CC1)CC2.O=S(=O)([N-]S(=O)(=O)C(F)(F)F)C(F)(F)F,97,598,-0.07257069283483537
Cc1ccccc1,CCCCCC[n+]1ccccc1.O=S(=O)([N-]S(=O)(=O)C(F)(F)F)C(F)(F)F,303.2,0.828,CCCCCC[n+]1ccccc1.O=S(=O)([N-]S(=O)(=O)C(F)(F)F)C(F)(F)F,98,599,-0.18874212459687742
Cc1ccccc1,CCCCCC[n+]1ccccc1.O=S(=O)([N-]S(=O)(=O)C(F)(F)F)C(F)(F)F,313.2,0.868,CCCCCC[n+]1ccccc1.O=S(=O)([N-]S(=O)(=O)C(F)(F)F)C(F)(F)F,98,600,-0.14156356432178688
Cc1ccccc1,CCCCCC[n+]1ccccc1.O=S(=O)([N-]S(=O)(=O)C(F)(F)F)C(F)(F)F,323.2,0.82,CCCCCC[n+]1ccccc1.O=S(=O)([N-]S(=O)(=O)C(F)(F)F)C(F)(F)F,98,601,-0.19845093872383832
Cc1ccccc1,CCCCCC[n+]1ccccc1.O=S(=O)([N-]S(=O)(=O)C(F)(F)F)C(F)(F)F,333.2,0.847,CCCCCC[n+]1ccccc1.O=S(=O)([N-]S(=O)(=O)C(F)(F)F)C(F)(F)F,98,602,-0.1660545843300827
Cc1ccccc1,CCCCCC[n+]1ccccc1.O=S(=O)([N-]S(=O)(=O)C(F)(F)F)C(F)(F)F,343.2,0.882,CCCCCC[n+]1ccccc1.O=S(=O)([N-]S(=O)(=O)C(F)(F)F)C(F)(F)F,98,603,-0.12556322297534575
Cc1ccccc1,CCCC[N+]1(C)CCCC1.N#C[B-](C#N)(C#N)C#N,318.15,1.13,CCCC[N+]1(C)CCCC1.N#C[B-](C#N)(C#N)C#N,99,604,0.12221763272424911
Cc1ccccc1,CCCC[N+]1(C)CCCC1.N#C[B-](C#N)(C#N)C#N,323.15,1.15,CCCC[N+]1(C)CCCC1.N#C[B-](C#N)(C#N)C#N,99,605,0.13976194237515863
Cc1ccccc1,CCCC[N+]1(C)CCCC1.N#C[B-](C#N)(C#N)C#N,333.15,1.17,CCCC[N+]1(C)CCCC1.N#C[B-](C#N)(C#N)C#N,99,606,0.1570037488096647
Cc1ccccc1,CCCC[N+]1(C)CCCC1.N#C[B-](C#N)(C#N)C#N,343.15,1.19,CCCC[N+]1(C)CCCC1.N#C[B-](C#N)(C#N)C#N,99,607,0.17395330712343798
Cc1ccccc1,CCCC[N+]1(C)CCCC1.N#C[B-](C#N)(C#N)C#N,353.15,1.22,CCCC[N+]1(C)CCCC1.N#C[B-](C#N)(C#N)C#N,99,608,0.19885085874516517
Cc1ccccc1,CCCC[N+]1(C)CCCC1.O=C1O[B-]2(OC1=O)OC(=O)C(=O)O2,333.15,2.57,CCCC[N+]1(C)CCCC1.O=C1O[B-]2(OC1=O)OC(=O)C(=O)O2,100,609,0.9439058989071284
Cc1ccccc1,CCCC[N+]1(C)CCCC1.O=C1O[B-]2(OC1=O)OC(=O)C(=O)O2,343.15,2.52,CCCC[N+]1(C)CCCC1.O=C1O[B-]2(OC1=O)OC(=O)C(=O)O2,100,610,0.9242589015233319
Cc1ccccc1,CCCC[N+]1(C)CCCC1.O=C1O[B-]2(OC1=O)OC(=O)C(=O)O2,353.15,2.47,CCCC[N+]1(C)CCCC1.O=C1O[B-]2(OC1=O)OC(=O)C(=O)O2,100,611,0.9042181506398859
Cc1ccccc1,CCCC[N+]1(C)CCCC1.O=C1O[B-]2(OC1=O)OC(=O)C(=O)O2,363.15,2.43,CCCC[N+]1(C)CCCC1.O=C1O[B-]2(OC1=O)OC(=O)C(=O)O2,100,612,0.8878912573524571
Cc1ccccc1,CCCC[N+]1(C)CCCC1.O=C1O[B-]2(OC1=O)OC(=O)C(=O)O2,373.15,2.4,CCCC[N+]1(C)CCCC1.O=C1O[B-]2(OC1=O)OC(=O)C(=O)O2,100,613,0.8754687373538999
Cc1ccccc1,CC[n+]1ccn(C)c1.N#C[B-](C#N)(C#N)C#N,318.15,1.68,CC[n+]1ccn(C)c1.N#C[B-](C#N)(C#N)C#N,101,614,0.5187937934151675
Cc1ccccc1,CC[n+]1ccn(C)c1.N#C[B-](C#N)(C#N)C#N,323.15,1.69,CC[n+]1ccn(C)c1.N#C[B-](C#N)(C#N)C#N,101,615,0.5247285289349821
Cc1ccccc1,CC[n+]1ccn(C)c1.N#C[B-](C#N)(C#N)C#N,333.15,1.71,CC[n+]1ccn(C)c1.N#C[B-](C#N)(C#N)C#N,101,616,0.5364933705145685
Cc1ccccc1,CC[n+]1ccn(C)c1.N#C[B-](C#N)(C#N)C#N,343.15,1.72,CC[n+]1ccn(C)c1.N#C[B-](C#N)(C#N)C#N,101,617,0.5423242908253617
Cc1ccccc1,CC[n+]1ccn(C)c1.N#C[B-](C#N)(C#N)C#N,353.15,1.74,CC[n+]1ccn(C)c1.N#C[B-](C#N)(C#N)C#N,101,618,0.5538851132264376
Cc1ccccc1,CCCC[n+]1ccn(C)c1.[O-]Cl(=O)(=O)=O,313.15,2.96,CCCC[n+]1ccn(C)c1.[O-][Cl+3]([O-])([O-])[O-],102,619,1.085189268335969
Cc1ccccc1,CCCC[n+]1ccn(C)c1.[O-]Cl(=O)(=O)=O,323.15,3.1,CCCC[n+]1ccn(C)c1.[O-][Cl+3]([O-])([O-])[O-],102,620,1.1314021114911006
Cc1ccccc1,CCCC[n+]1ccn(C)c1.[O-]Cl(=O)(=O)=O,333.15,3.14,CCCC[n+]1ccn(C)c1.[O-][Cl+3]([O-])([O-])[O-],102,621,1.144222799920162
Cc1ccccc1,CCCC[n+]1ccn(C)c1.[O-]Cl(=O)(=O)=O,343.15,3.29,CCCC[n+]1ccn(C)c1.[O-][Cl+3]([O-])([O-])[O-],102,622,1.1908875647772805
Cc1ccccc1,CCCC[n+]1ccn(C)c1.[O-]Cl(=O)(=O)=O,353.15,3.38,CCCC[n+]1ccn(C)c1.[O-][Cl+3]([O-])([O-])[O-],102,623,1.2178757094949273
Cc1ccccc1,CCCCCCCC[n+]1ccn(C)c1C.O=S(=O)([N-]S(=O)(=O)C(F)(F)F)C(F)(F)F,313.15,1.03,CCCCCCCC[n+]1ccn(C)c1C.O=S(=O)([N-]S(=O)(=O)C(F)(F)F)C(F)(F)F,103,624,0.02955880224154443
Cc1ccccc1,CCCCCCCC[n+]1ccn(C)c1C.O=S(=O)([N-]S(=O)(=O)C(F)(F)F)C(F)(F)F,323.15,0.94,CCCCCCCC[n+]1ccn(C)c1C.O=S(=O)([N-]S(=O)(=O)C(F)(F)F)C(F)(F)F,103,625,-0.06187540371808753
Cc1ccccc1,CCCCCCCC[n+]1ccn(C)c1C.O=S(=O)([N-]S(=O)(=O)C(F)(F)F)C(F)(F)F,333.15,0.87,CCCCCCCC[n+]1ccn(C)c1C.O=S(=O)([N-]S(=O)(=O)C(F)(F)F)C(F)(F)F,103,626,-0.13926206733350766
Cc1ccccc1,CCCCCCCC[n+]1ccn(C)c1C.O=S(=O)([N-]S(=O)(=O)C(F)(F)F)C(F)(F)F,343.15,0.82,CCCCCCCC[n+]1ccn(C)c1C.O=S(=O)([N-]S(=O)(=O)C(F)(F)F)C(F)(F)F,103,627,-0.19845093872383832
Cc1ccccc1,CCCCCCCC[n+]1ccn(C)c1C.O=S(=O)([N-]S(=O)(=O)C(F)(F)F)C(F)(F)F,353.15,0.78,CCCCCCCC[n+]1ccn(C)c1C.O=S(=O)([N-]S(=O)(=O)C(F)(F)F)C(F)(F)F,103,628,-0.2484613592984996
Cc1ccccc1,CCCCCCCCCC[n+]1ccn(C)c1.N#C[B-](C#N)(C#N)C#N,328.15,0.736,CCCCCCCCCC[n+]1ccn(C)c1.N#C[B-](C#N)(C#N)C#N,104,629,-0.3065251602532608
Cc1ccccc1,CCCCCCCCCC[n+]1ccn(C)c1.N#C[B-](C#N)(C#N)C#N,338.15,0.753,CCCCCCCCCC[n+]1ccn(C)c1.N#C[B-](C#N)(C#N)C#N,104,630,-0.2836900511822435
Cc1ccccc1,CCCCCCCCCC[n+]1ccn(C)c1.N#C[B-](C#N)(C#N)C#N,348.15,0.767,CCCCCCCCCC[n+]1ccn(C)c1.N#C[B-](C#N)(C#N)C#N,104,631,-0.26526847761488087
Cc1ccccc1,CCCCCCCCCC[n+]1ccn(C)c1.N#C[B-](C#N)(C#N)C#N,358.15,0.782,CCCCCCCCCC[n+]1ccn(C)c1.N#C[B-](C#N)(C#N)C#N,104,632,-0.24590053843682594
Cc1ccccc1,CCCCCCCCCC[n+]1ccn(C)c1.N#C[B-](C#N)(C#N)C#N,368.15,0.796,CCCCCCCCCC[n+]1ccn(C)c1.N#C[B-](C#N)(C#N)C#N,104,633,-0.22815609313775398
Cc1ccccc1,CCCCCCCC[n+]1ccc2ccccc2c1.O=S(=O)([N-]S(=O)(=O)C(F)(F)F)C(F)(F)F,328.15,0.728,CCCCCCCC[n+]1ccc2ccccc2c1.O=S(=O)([N-]S(=O)(=O)C(F)(F)F)C(F)(F)F,105,634,-0.3174542307854511
Cc1ccccc1,CCCCCCCC[n+]1ccc2ccccc2c1.O=S(=O)([N-]S(=O)(=O)C(F)(F)F)C(F)(F)F,338.15,0.745,CCCCCCCC[n+]1ccc2ccccc2c1.O=S(=O)([N-]S(=O)(=O)C(F)(F)F)C(F)(F)F,105,635,-0.29437106060257756
Cc1ccccc1,CCCCCCCC[n+]1ccc2ccccc2c1.O=S(=O)([N-]S(=O)(=O)C(F)(F)F)C(F)(F)F,348.15,0.762,CCCCCCCC[n+]1ccc2ccccc2c1.O=S(=O)([N-]S(=O)(=O)C(F)(F)F)C(F)(F)F,105,636,-0.2718087232954908
Cc1ccccc1,CCCCCCCC[n+]1ccc2ccccc2c1.O=S(=O)([N-]S(=O)(=O)C(F)(F)F)C(F)(F)F,358.15,0.778,CCCCCCCC[n+]1ccc2ccccc2c1.O=S(=O)([N-]S(=O)(=O)C(F)(F)F)C(F)(F)F,105,637,-0.2510287548037454
Cc1ccccc1,CCCCCCCC[n+]1ccc2ccccc2c1.O=S(=O)([N-]S(=O)(=O)C(F)(F)F)C(F)(F)F,368.15,0.796,CCCCCCCC[n+]1ccc2ccccc2c1.O=S(=O)([N-]S(=O)(=O)C(F)(F)F)C(F)(F)F,105,638,-0.22815609313775398
Cc1ccccc1,CN1CCCN2CCC[NH+]=C12.O=S(=O)([N-]S(=O)(=O)C(F)(F)C(F)(F)F)C(F)(F)C(F)(F)F,308.15,1.18,CN1CCCN2CCC[NH+]=C12.O=S(=O)([N-]S(=O)(=O)C(F)(F)C(F)(F)F)C(F)(F)C(F)(F)F,106,639,0.16551443847757333
Cc1ccccc1,CN1CCCN2CCC[NH+]=C12.O=S(=O)([N-]S(=O)(=O)C(F)(F)C(F)(F)F)C(F)(F)C(F)(F)F,318.15,1.2,CN1CCCN2CCC[NH+]=C12.O=S(=O)([N-]S(=O)(=O)C(F)(F)C(F)(F)F)C(F)(F)C(F)(F)F,106,640,0.1823215567939546
Cc1ccccc1,CN1CCCN2CCC[NH+]=C12.O=S(=O)([N-]S(=O)(=O)C(F)(F)C(F)(F)F)C(F)(F)C(F)(F)F,328.15,1.23,CN1CCCN2CCC[NH+]=C12.O=S(=O)([N-]S(=O)(=O)C(F)(F)C(F)(F)F)C(F)(F)C(F)(F)F,106,641,0.20701416938432612
Cc1ccccc1,CN1CCCN2CCC[NH+]=C12.O=S(=O)([N-]S(=O)(=O)C(F)(F)C(F)(F)F)C(F)(F)C(F)(F)F,338.15,1.25,CN1CCCN2CCC[NH+]=C12.O=S(=O)([N-]S(=O)(=O)C(F)(F)C(F)(F)F)C(F)(F)C(F)(F)F,106,642,0.22314355131420976
Cc1ccccc1,CN1CCCN2CCC[NH+]=C12.O=S(=O)([N-]S(=O)(=O)C(F)(F)C(F)(F)F)C(F)(F)C(F)(F)F,348.15,1.27,CN1CCCN2CCC[NH+]=C12.O=S(=O)([N-]S(=O)(=O)C(F)(F)C(F)(F)F)C(F)(F)C(F)(F)F,106,643,0.23901690047049992
Cc1ccccc1,CCCC[N+]1(C)CCCC1.N#C[N-]C#N,313.15,2.07,CCCC[N+]1(C)CCCC1.N#C[N-]C#N,107,644,0.7275486072772777
Cc1ccccc1,CCCC[N+]1(C)CCCC1.N#C[N-]C#N,323.15,2.14,CCCC[N+]1(C)CCCC1.N#C[N-]C#N,107,645,0.7608058290337602
Cc1ccccc1,CCCC[N+]1(C)CCCC1.N#C[N-]C#N,343.15,2.3,CCCC[N+]1(C)CCCC1.N#C[N-]C#N,107,646,0.8329091229351039
Cc1ccccc1,CCCC[N+]1(C)CCCC1.N#C[N-]C#N,363.15,2.43,CCCC[N+]1(C)CCCC1.N#C[N-]C#N,107,647,0.8878912573524571
Cc1ccccc1,CCCC[N+]1(C)CCCC1.N#C[N-]C#N,373.15,2.48,CCCC[N+]1(C)CCCC1.N#C[N-]C#N,107,648,0.9082585601768908
Cc1ccccc1,CCOP(=O)([O-])OCC.CC[n+]1ccn(C)c1,303.15,4.734,CCOP(=O)([O-])OCC.CC[n+]1ccn(C)c1,108,649,1.5547705110917922
Cc1ccccc1,CCOP(=O)([O-])OCC.CC[n+]1ccn(C)c1,313.15,4.571,CCOP(=O)([O-])OCC.CC[n+]1ccn(C)c1,108,650,1.5197319993496072
Cc1ccccc1,CCOP(=O)([O-])OCC.CC[n+]1ccn(C)c1,323.15,4.403,CCOP(=O)([O-])OCC.CC[n+]1ccn(C)c1,108,651,1.4822861267736167
Cc1ccccc1,CCOP(=O)([O-])OCC.CC[n+]1ccn(C)c1,333.15,4.298,CCOP(=O)([O-])OCC.CC[n+]1ccn(C)c1,108,652,1.4581497982203186
Cc1ccccc1,CCOP(=O)([O-])OCC.CC[n+]1ccn(C)c1,343.15,4.105,CCOP(=O)([O-])OCC.CC[n+]1ccn(C)c1,108,653,1.4122057429043917
Cc1ccccc1,CCCCCC[n+]1ccn(C)c1C.O=S(=O)([N-]S(=O)(=O)C(F)(F)F)C(F)(F)F,313.15,0.96,CCCCCC[n+]1ccn(C)c1C.O=S(=O)([N-]S(=O)(=O)C(F)(F)F)C(F)(F)F,109,654,-0.040821994520255166
Cc1ccccc1,CCCCCC[n+]1ccn(C)c1C.O=S(=O)([N-]S(=O)(=O)C(F)(F)F)C(F)(F)F,323.15,0.99,CCCCCC[n+]1ccn(C)c1C.O=S(=O)([N-]S(=O)(=O)C(F)(F)F)C(F)(F)F,109,655,-0.01005033585350145
Cc1ccccc1,CCCCCC[n+]1ccn(C)c1C.O=S(=O)([N-]S(=O)(=O)C(F)(F)F)C(F)(F)F,333.15,1.01,CCCCCC[n+]1ccn(C)c1C.O=S(=O)([N-]S(=O)(=O)C(F)(F)F)C(F)(F)F,109,656,0.009950330853168092
Cc1ccccc1,CCCCCC[n+]1ccn(C)c1C.O=S(=O)([N-]S(=O)(=O)C(F)(F)F)C(F)(F)F,343.15,1.03,CCCCCC[n+]1ccn(C)c1C.O=S(=O)([N-]S(=O)(=O)C(F)(F)F)C(F)(F)F,109,657,0.02955880224154443
Cc1ccccc1,CCCCCC[n+]1ccn(C)c1C.O=S(=O)([N-]S(=O)(=O)C(F)(F)F)C(F)(F)F,353.15,1.05,CCCCCC[n+]1ccn(C)c1C.O=S(=O)([N-]S(=O)(=O)C(F)(F)F)C(F)(F)F,109,658,0.04879016416943204
Cc1ccccc1,CCCCCC[n+]1ccn(C)c1C.F[B-](F)(F)F,313.15,2.21,CCCCCC[n+]1ccn(C)c1C.F[B-](F)(F)F,110,659,0.7929925155296614
Cc1ccccc1,CCCCCC[n+]1ccn(C)c1C.F[B-](F)(F)F,323.15,2.26,CCCCCC[n+]1ccn(C)c1C.F[B-](F)(F)F,110,660,0.8153648132841944
Cc1ccccc1,CCCCCC[n+]1ccn(C)c1C.F[B-](F)(F)F,333.15,2.31,CCCCCC[n+]1ccn(C)c1C.F[B-](F)(F)F,110,661,0.8372475245337022
Cc1ccccc1,CCCCCC[n+]1ccn(C)c1C.F[B-](F)(F)F,343.15,2.35,CCCCCC[n+]1ccn(C)c1C.F[B-](F)(F)F,110,662,0.8544153281560676
Cc1ccccc1,CCCCCC[n+]1ccn(C)c1C.F[B-](F)(F)F,353.15,2.4,CCCCCC[n+]1ccn(C)c1C.F[B-](F)(F)F,110,663,0.8754687373538999
Cc1ccccc1,CCCCCCCC[n+]1ccn(C)c1C.F[B-](F)(F)F,313.15,2.84,CCCCCCCC[n+]1ccn(C)c1C.F[B-](F)(F)F,111,664,1.0438040521731147
Cc1ccccc1,CCCCCCCC[n+]1ccn(C)c1C.F[B-](F)(F)F,323.15,2.89,CCCCCCCC[n+]1ccn(C)c1C.F[B-](F)(F)F,111,665,1.0612565021243408
Cc1ccccc1,CCCCCCCC[n+]1ccn(C)c1C.F[B-](F)(F)F,333.15,2.95,CCCCCCCC[n+]1ccn(C)c1C.F[B-](F)(F)F,111,666,1.0818051703517284
Cc1ccccc1,CCCCCCCC[n+]1ccn(C)c1C.F[B-](F)(F)F,343.15,3.02,CCCCCCCC[n+]1ccn(C)c1C.F[B-](F)(F)F,111,667,1.1052568313867783
Cc1ccccc1,CCCCCCCC[n+]1ccn(C)c1C.F[B-](F)(F)F,353.15,3.09,CCCCCCCC[n+]1ccn(C)c1C.F[B-](F)(F)F,111,668,1.128171090909654
Cc1ccccc1,COCCOS(=O)(=O)[O-].Cn1cc[n+](C)c1,303.15,11.4,COCCOS(=O)(=O)[O-].Cn1cc[n+](C)c1,112,669,2.4336133554004498
Cc1ccccc1,COCCOS(=O)(=O)[O-].Cn1cc[n+](C)c1,313.15,10.7,COCCOS(=O)(=O)[O-].Cn1cc[n+](C)c1,112,670,2.3702437414678603
Cc1ccccc1,COCCOS(=O)(=O)[O-].Cn1cc[n+](C)c1,323.15,10.0,COCCOS(=O)(=O)[O-].Cn1cc[n+](C)c1,112,671,2.302585092994046
Cc1ccccc1,COCCOS(=O)(=O)[O-].Cn1cc[n+](C)c1,333.15,9.4,COCCOS(=O)(=O)[O-].Cn1cc[n+](C)c1,112,672,2.2407096892759584
Cc1ccccc1,COCCOS(=O)(=O)[O-].Cn1cc[n+](C)c1,343.15,9.0,COCCOS(=O)(=O)[O-].Cn1cc[n+](C)c1,112,673,2.1972245773362196
Cc1ccccc1,CCCC[P+](CC)(CCCC)CCCC.CCOP(=O)([O-])OCC,328.15,1.2,CCCC[P+](CC)(CCCC)CCCC.CCOP(=O)([O-])OCC,113,674,0.1823215567939546
Cc1ccccc1,CCCC[P+](CC)(CCCC)CCCC.CCOP(=O)([O-])OCC,338.15,1.19,CCCC[P+](CC)(CCCC)CCCC.CCOP(=O)([O-])OCC,113,675,0.17395330712343798
Cc1ccccc1,CCCC[P+](CC)(CCCC)CCCC.CCOP(=O)([O-])OCC,348.15,1.18,CCCC[P+](CC)(CCCC)CCCC.CCOP(=O)([O-])OCC,113,676,0.16551443847757333
Cc1ccccc1,CCCC[P+](CC)(CCCC)CCCC.CCOP(=O)([O-])OCC,358.15,1.16,CCCC[P+](CC)(CCCC)CCCC.CCOP(=O)([O-])OCC,113,677,0.14842000511827322
Cc1ccccc1,CCCC[P+](CC)(CCCC)CCCC.CCOP(=O)([O-])OCC,368.15,1.15,CCCC[P+](CC)(CCCC)CCCC.CCOP(=O)([O-])OCC,113,678,0.13976194237515863
Cc1ccccc1,CCCCCC[n+]1ccc2ccccc2c1.N#C[S-],328.15,2.05,CCCCCC[n+]1ccc2ccccc2c1.N#C[S-],114,679,0.7178397931503168
Cc1ccccc1,CCCCCC[n+]1ccc2ccccc2c1.N#C[S-],338.15,2.07,CCCCCC[n+]1ccc2ccccc2c1.N#C[S-],114,680,0.7275486072772777
Cc1ccccc1,CCCCCC[n+]1ccc2ccccc2c1.N#C[S-],348.15,2.08,CCCCCC[n+]1ccc2ccccc2c1.N#C[S-],114,681,0.7323678937132266
Cc1ccccc1,CCCCCC[n+]1ccc2ccccc2c1.N#C[S-],358.15,2.1,CCCCCC[n+]1ccc2ccccc2c1.N#C[S-],114,682,0.7419373447293773
Cc1ccccc1,CCCCCC[n+]1ccc2ccccc2c1.N#C[S-],368.15,2.11,CCCCCC[n+]1ccc2ccccc2c1.N#C[S-],114,683,0.7466879474879751
Cc1ccccc1,CCCC[n+]1cccc(C)c1.N#C[N-]C#N,328.15,2.01,CCCC[n+]1cccc(C)c1.N#C[N-]C#N,115,684,0.6981347220709843
Cc1ccccc1,CCCC[n+]1cccc(C)c1.N#C[N-]C#N,338.15,2.05,CCCC[n+]1cccc(C)c1.N#C[N-]C#N,115,685,0.7178397931503168
Cc1ccccc1,CCCC[n+]1cccc(C)c1.N#C[N-]C#N,348.15,2.1,CCCC[n+]1cccc(C)c1.N#C[N-]C#N,115,686,0.7419373447293773
Cc1ccccc1,CCCC[n+]1cccc(C)c1.N#C[N-]C#N,358.15,2.15,CCCC[n+]1cccc(C)c1.N#C[N-]C#N,115,687,0.7654678421395714
Cc1ccccc1,CCCC[n+]1cccc(C)c1.N#C[N-]C#N,368.15,2.2,CCCC[n+]1cccc(C)c1.N#C[N-]C#N,115,688,0.7884573603642703
Cc1ccccc1,CC[N+](C)(CC)CCOC.O=S(=O)([N-]S(=O)(=O)C(F)(F)F)C(F)(F)F,318.15,1.47,CC[N+](C)(CC)CCOC.O=S(=O)([N-]S(=O)(=O)C(F)(F)F)C(F)(F)F,116,689,0.3852624007906449
Cc1ccccc1,CC[N+](C)(CC)CCOC.O=S(=O)([N-]S(=O)(=O)C(F)(F)F)C(F)(F)F,328.15,1.48,CC[N+](C)(CC)CCOC.O=S(=O)([N-]S(=O)(=O)C(F)(F)F)C(F)(F)F,116,690,0.3920420877760237
Cc1ccccc1,CC[N+](C)(CC)CCOC.O=S(=O)([N-]S(=O)(=O)C(F)(F)F)C(F)(F)F,338.15,1.5,CC[N+](C)(CC)CCOC.O=S(=O)([N-]S(=O)(=O)C(F)(F)F)C(F)(F)F,116,691,0.4054651081081644
Cc1ccccc1,CC[N+](C)(CC)CCOC.O=S(=O)([N-]S(=O)(=O)C(F)(F)F)C(F)(F)F,348.15,1.52,CC[N+](C)(CC)CCOC.O=S(=O)([N-]S(=O)(=O)C(F)(F)F)C(F)(F)F,116,692,0.41871033485818504
Cc1ccccc1,CC[N+](C)(CC)CCOC.O=S(=O)([N-]S(=O)(=O)C(F)(F)F)C(F)(F)F,358.15,1.53,CC[N+](C)(CC)CCOC.O=S(=O)([N-]S(=O)(=O)C(F)(F)F)C(F)(F)F,116,693,0.4252677354043441
Cc1ccccc1,Cn1cc[n+](CCCO)c1.N#C[S-],318.15,9.8,Cn1cc[n+](CCCO)c1.N#C[S-],117,694,2.2823823856765264
Cc1ccccc1,Cn1cc[n+](CCCO)c1.N#C[S-],328.15,9.8,Cn1cc[n+](CCCO)c1.N#C[S-],117,695,2.2823823856765264
Cc1ccccc1,Cn1cc[n+](CCCO)c1.N#C[S-],338.15,9.8,Cn1cc[n+](CCCO)c1.N#C[S-],117,696,2.2823823856765264
Cc1ccccc1,Cn1cc[n+](CCCO)c1.N#C[S-],348.15,9.8,Cn1cc[n+](CCCO)c1.N#C[S-],117,697,2.2823823856765264
Cc1ccccc1,Cn1cc[n+](CCCO)c1.N#C[S-],358.15,9.8,Cn1cc[n+](CCCO)c1.N#C[S-],117,698,2.2823823856765264
Cc1ccccc1,CCCCCC[n+]1ccccc1.[Br-],333.15,3.071,CCCCCC[n+]1ccccc1.[Br-],118,699,1.1220032414586854
Cc1ccccc1,CCCCCC[n+]1ccccc1.[Br-],343.15,3.0162,CCCCCC[n+]1ccccc1.[Br-],118,700,1.1039977609444476
Cc1ccccc1,CCCCCC[n+]1ccccc1.[Br-],353.15,2.9713,CCCCCC[n+]1ccccc1.[Br-],118,701,1.0889995674850494
Cc1ccccc1,CCCCCC[n+]1ccccc1.[Br-],363.15,2.9271,CCCCCC[n+]1ccccc1.[Br-],118,702,1.074012171799877
Cc1ccccc1,CCCCCC[n+]1ccccc1.[Br-],373.15,2.8462,CCCCCC[n+]1ccccc1.[Br-],118,703,1.0459847712674226
Cc1ccccc1,CCCC[n+]1cccc(C)c1.O=S(=O)([O-])C(F)(F)F,318.15,1.76,CCCC[n+]1cccc(C)c1.O=S(=O)([O-])C(F)(F)F,119,704,0.5653138090500605
Cc1ccccc1,CCCC[n+]1cccc(C)c1.O=S(=O)([O-])C(F)(F)F,328.15,1.79,CCCC[n+]1cccc(C)c1.O=S(=O)([O-])C(F)(F)F,119,705,0.5822156198526637
Cc1ccccc1,CCCC[n+]1cccc(C)c1.O=S(=O)([O-])C(F)(F)F,338.15,1.82,CCCC[n+]1cccc(C)c1.O=S(=O)([O-])C(F)(F)F,119,706,0.598836501088704
Cc1ccccc1,CCCC[n+]1cccc(C)c1.O=S(=O)([O-])C(F)(F)F,348.15,1.85,CCCC[n+]1cccc(C)c1.O=S(=O)([O-])C(F)(F)F,119,707,0.6151856390902335
Cc1ccccc1,CCCC[n+]1cccc(C)c1.O=S(=O)([O-])C(F)(F)F,358.15,1.88,CCCC[n+]1cccc(C)c1.O=S(=O)([O-])C(F)(F)F,119,708,0.6312717768418578
Cc1ccccc1,CCC[N+](C)(C)C(C)C.O=S(=O)([N-]S(=O)(=O)C(F)(F)F)C(F)(F)F,323.15,1.515,CCC[N+](C)(C)C(C)C.O=S(=O)([N-]S(=O)(=O)C(F)(F)F)C(F)(F)F,120,709,0.4154154389613324
Cc1ccccc1,CCC[N+](C)(C)C(C)C.O=S(=O)([N-]S(=O)(=O)C(F)(F)F)C(F)(F)F,333.15,1.535,CCC[N+](C)(C)C(C)C.O=S(=O)([N-]S(=O)(=O)C(F)(F)F)C(F)(F)F,120,710,0.4285303810391604
Cc1ccccc1,CCC[N+](C)(C)C(C)C.O=S(=O)([N-]S(=O)(=O)C(F)(F)F)C(F)(F)F,343.15,1.557,CCC[N+](C)(C)C(C)C.O=S(=O)([N-]S(=O)(=O)C(F)(F)F)C(F)(F)F,120,711,0.44276089285186127
Cc1ccccc1,CCC[N+](C)(C)C(C)C.O=S(=O)([N-]S(=O)(=O)C(F)(F)F)C(F)(F)F,353.15,1.576,CCC[N+](C)(C)C(C)C.O=S(=O)([N-]S(=O)(=O)C(F)(F)F)C(F)(F)F,120,712,0.4548899914356874
Cc1ccccc1,CCC[N+](C)(C)C(C)C.O=S(=O)([N-]S(=O)(=O)C(F)(F)F)C(F)(F)F,363.15,1.595,CCC[N+](C)(C)C(C)C.O=S(=O)([N-]S(=O)(=O)C(F)(F)F)C(F)(F)F,120,713,0.4668737362368079
Cc1ccccc1,CCCCCC[N+](C)(C)C(C)C.O=S(=O)([N-]S(=O)(=O)C(F)(F)F)C(F)(F)F,323.15,1.071,CCCCCC[N+](C)(C)C(C)C.O=S(=O)([N-]S(=O)(=O)C(F)(F)F)C(F)(F)F,121,714,0.06859279146561167
Cc1ccccc1,CCCCCC[N+](C)(C)C(C)C.O=S(=O)([N-]S(=O)(=O)C(F)(F)F)C(F)(F)F,333.15,1.093,CCCCCC[N+](C)(C)C(C)C.O=S(=O)([N-]S(=O)(=O)C(F)(F)F)C(F)(F)F,121,715,0.08892620919440149
Cc1ccccc1,CCCCCC[N+](C)(C)C(C)C.O=S(=O)([N-]S(=O)(=O)C(F)(F)F)C(F)(F)F,343.15,1.109,CCCCCC[N+](C)(C)C(C)C.O=S(=O)([N-]S(=O)(=O)C(F)(F)F)C(F)(F)F,121,716,0.10345870836822997
Cc1ccccc1,CCCCCC[N+](C)(C)C(C)C.O=S(=O)([N-]S(=O)(=O)C(F)(F)F)C(F)(F)F,353.15,1.152,CCCCCC[N+](C)(C)C(C)C.O=S(=O)([N-]S(=O)(=O)C(F)(F)F)C(F)(F)F,121,717,0.14149956227369942
Cc1ccccc1,CCCCCC[N+](C)(C)C(C)C.O=S(=O)([N-]S(=O)(=O)C(F)(F)F)C(F)(F)F,363.15,1.181,CCCCCC[N+](C)(C)C(C)C.O=S(=O)([N-]S(=O)(=O)C(F)(F)F)C(F)(F)F,121,718,0.16636153721522529
Cc1ccccc1,CC(C)[N+](C)(C)CCCCCCCCC[N+](C)(C)C(C)C.O=S(=O)([N-]S(=O)(=O)C(F)(F)F)C(F)(F)F.O=S(=O)([N-]S(=O)(=O)C(F)(F)F)C(F)(F)F,323.15,1.548,CC(C)[N+](C)(C)CCCCCCCCC[N+](C)(C)C(C)C.O=S(=O)([N-]S(=O)(=O)C(F)(F)F)C(F)(F)F.O=S(=O)([N-]S(=O)(=O)C(F)(F)F)C(F)(F)F,122,719,0.4369637751675354
Cc1ccccc1,CC(C)[N+](C)(C)CCCCCCCCC[N+](C)(C)C(C)C.O=S(=O)([N-]S(=O)(=O)C(F)(F)F)C(F)(F)F.O=S(=O)([N-]S(=O)(=O)C(F)(F)F)C(F)(F)F,333.15,1.567,CC(C)[N+](C)(C)CCCCCCCCC[N+](C)(C)C(C)C.O=S(=O)([N-]S(=O)(=O)C(F)(F)F)C(F)(F)F.O=S(=O)([N-]S(=O)(=O)C(F)(F)F)C(F)(F)F,122,720,0.44916296337388373
Cc1ccccc1,CC(C)[N+](C)(C)CCCCCCCCC[N+](C)(C)C(C)C.O=S(=O)([N-]S(=O)(=O)C(F)(F)F)C(F)(F)F.O=S(=O)([N-]S(=O)(=O)C(F)(F)F)C(F)(F)F,343.15,1.608,CC(C)[N+](C)(C)CCCCCCCCC[N+](C)(C)C(C)C.O=S(=O)([N-]S(=O)(=O)C(F)(F)F)C(F)(F)F.O=S(=O)([N-]S(=O)(=O)C(F)(F)F)C(F)(F)F,122,721,0.47499117075677466
Cc1ccccc1,CC(C)[N+](C)(C)CCCCCCCCC[N+](C)(C)C(C)C.O=S(=O)([N-]S(=O)(=O)C(F)(F)F)C(F)(F)F.O=S(=O)([N-]S(=O)(=O)C(F)(F)F)C(F)(F)F,353.15,1.667,CC(C)[N+](C)(C)CCCCCCCCC[N+](C)(C)C(C)C.O=S(=O)([N-]S(=O)(=O)C(F)(F)F)C(F)(F)F.O=S(=O)([N-]S(=O)(=O)C(F)(F)F)C(F)(F)F,122,722,0.511025603768657
Cc1ccccc1,CC(C)[N+](C)(C)CCCCCCCCC[N+](C)(C)C(C)C.O=S(=O)([N-]S(=O)(=O)C(F)(F)F)C(F)(F)F.O=S(=O)([N-]S(=O)(=O)C(F)(F)F)C(F)(F)F,363.15,1.692,CC(C)[N+](C)(C)CCCCCCCCC[N+](C)(C)C(C)C.O=S(=O)([N-]S(=O)(=O)C(F)(F)F)C(F)(F)F.O=S(=O)([N-]S(=O)(=O)C(F)(F)F)C(F)(F)F,122,723,0.5259112611840315
Cc1ccccc1,CC(C)[N+](C)(C)CCO.O=S(=O)([N-]S(=O)(=O)C(F)(F)F)C(F)(F)F,323.15,2.271,CC(C)[N+](C)(C)CCO.O=S(=O)([N-]S(=O)(=O)C(F)(F)F)C(F)(F)F,123,724,0.8202202631234213
Cc1ccccc1,CC(C)[N+](C)(C)CCO.O=S(=O)([N-]S(=O)(=O)C(F)(F)F)C(F)(F)F,333.15,2.273,CC(C)[N+](C)(C)CCO.O=S(=O)([N-]S(=O)(=O)C(F)(F)F)C(F)(F)F,123,725,0.8211005448704062
Cc1ccccc1,CC(C)[N+](C)(C)CCO.O=S(=O)([N-]S(=O)(=O)C(F)(F)F)C(F)(F)F,343.15,2.275,CC(C)[N+](C)(C)CCO.O=S(=O)([N-]S(=O)(=O)C(F)(F)F)C(F)(F)F,123,726,0.8219800524029137
Cc1ccccc1,CC(C)[N+](C)(C)CCO.O=S(=O)([N-]S(=O)(=O)C(F)(F)F)C(F)(F)F,353.15,2.278,CC(C)[N+](C)(C)CCO.O=S(=O)([N-]S(=O)(=O)C(F)(F)F)C(F)(F)F,123,727,0.8232978650249904
Cc1ccccc1,CC(C)[N+](C)(C)CCO.O=S(=O)([N-]S(=O)(=O)C(F)(F)F)C(F)(F)F,363.15,2.28,CC(C)[N+](C)(C)CCO.O=S(=O)([N-]S(=O)(=O)C(F)(F)F)C(F)(F)F,123,728,0.8241754429663494
Cc1ccccc1,Cn1cc[n+](CCO)c1.N#C[N-]C#N,318.15,8.95,Cn1cc[n+](CCO)c1.N#C[N-]C#N,124,729,2.191653532286764
Cc1ccccc1,Cn1cc[n+](CCO)c1.N#C[N-]C#N,328.15,8.92,Cn1cc[n+](CCO)c1.N#C[N-]C#N,124,730,2.188295946591918
Cc1ccccc1,Cn1cc[n+](CCO)c1.N#C[N-]C#N,338.15,8.9,Cn1cc[n+](CCO)c1.N#C[N-]C#N,124,731,2.186051276738094
Cc1ccccc1,Cn1cc[n+](CCO)c1.N#C[N-]C#N,348.15,8.89,Cn1cc[n+](CCO)c1.N#C[N-]C#N,124,732,2.1849270495258133
Cc1ccccc1,Cn1cc[n+](CCO)c1.N#C[N-]C#N,358.15,8.86,Cn1cc[n+](CCO)c1.N#C[N-]C#N,124,733,2.1815467646169897
Cc1ccccc1,Cn1cc[n+](CCCl)c1.N#C[N-]C#N,318.15,10.4,Cn1cc[n+](CCCl)c1.N#C[N-]C#N,125,734,2.341805806147327
Cc1ccccc1,Cn1cc[n+](CCCl)c1.N#C[N-]C#N,328.15,10.1,Cn1cc[n+](CCCl)c1.N#C[N-]C#N,125,735,2.312535423847214
Cc1ccccc1,Cn1cc[n+](CCCl)c1.N#C[N-]C#N,338.15,9.8,Cn1cc[n+](CCCl)c1.N#C[N-]C#N,125,736,2.2823823856765264
Cc1ccccc1,Cn1cc[n+](CCCl)c1.N#C[N-]C#N,348.15,9.5,Cn1cc[n+](CCCl)c1.N#C[N-]C#N,125,737,2.2512917986064953
Cc1ccccc1,Cn1cc[n+](CCCl)c1.N#C[N-]C#N,358.15,9.23,Cn1cc[n+](CCCl)c1.N#C[N-]C#N,125,738,2.222459048514761
Cc1ccccc1,C=CC[n+]1ccn(C)c1.[Cl-],303.15,13.4,C=CC[n+]1ccn(C)c1.[Cl-],126,739,2.5952547069568657
Cc1ccccc1,C=CC[n+]1ccn(C)c1.[Cl-],313.15,12.4,C=CC[n+]1ccn(C)c1.[Cl-],126,740,2.517696472610991
Cc1ccccc1,C=CC[n+]1ccn(C)c1.[Cl-],323.15,11.7,C=CC[n+]1ccn(C)c1.[Cl-],126,741,2.4595888418037104
Cc1ccccc1,C=CC[n+]1ccn(C)c1.[Cl-],333.15,11.1,C=CC[n+]1ccn(C)c1.[Cl-],126,742,2.4069451083182885
Cc1ccccc1,C=CC[n+]1ccn(C)c1.[Cl-],343.15,10.5,C=CC[n+]1ccn(C)c1.[Cl-],126,743,2.3513752571634776
Cc1ccccc1,CCCCn1cc[n+](C)c1.O=C1O[B-]2(OC1=O)OC(=O)C(=O)O2,307.8,5.31,CCCCn1cc[n+](C)c1.O=C1O[B-]2(OC1=O)OC(=O)C(=O)O2,127,744,1.6695918352538475
Cc1ccccc1,CCCCn1cc[n+](C)c1.O=C1O[B-]2(OC1=O)OC(=O)C(=O)O2,317.5,4.71,CCCCn1cc[n+](C)c1.O=C1O[B-]2(OC1=O)OC(=O)C(=O)O2,127,745,1.5496879080283263
Cc1ccccc1,CCCCn1cc[n+](C)c1.O=C1O[B-]2(OC1=O)OC(=O)C(=O)O2,328.2,4.36,CCCCn1cc[n+](C)c1.O=C1O[B-]2(OC1=O)OC(=O)C(=O)O2,127,746,1.472472057360943
Cc1ccccc1,CCCCn1cc[n+](C)c1.O=C1O[B-]2(OC1=O)OC(=O)C(=O)O2,338.4,3.93,CCCCn1cc[n+](C)c1.O=C1O[B-]2(OC1=O)OC(=O)C(=O)O2,127,747,1.3686394258811698
Cc1ccccc1,CCCCn1cc[n+](C)c1.O=C1O[B-]2(OC1=O)OC(=O)C(=O)O2,348.5,3.68,CCCCn1cc[n+](C)c1.O=C1O[B-]2(OC1=O)OC(=O)C(=O)O2,127,748,1.3029127521808397
Cc1ccccc1,CCCCCCn1cc[n+](C)c1.O=C1O[B-]2(OC1=O)OC(=O)C(=O)O2,308.1,3.15,CCCCCCn1cc[n+](C)c1.O=C1O[B-]2(OC1=O)OC(=O)C(=O)O2,128,749,1.1474024528375417
Cc1ccccc1,CCCCCCn1cc[n+](C)c1.O=C1O[B-]2(OC1=O)OC(=O)C(=O)O2,318.1,2.99,CCCCCCn1cc[n+](C)c1.O=C1O[B-]2(OC1=O)OC(=O)C(=O)O2,128,750,1.095273387402595
Cc1ccccc1,CCCCCCn1cc[n+](C)c1.O=C1O[B-]2(OC1=O)OC(=O)C(=O)O2,328.4,2.79,CCCCCCn1cc[n+](C)c1.O=C1O[B-]2(OC1=O)OC(=O)C(=O)O2,128,751,1.0260415958332743
Cc1ccccc1,CCCCCCn1cc[n+](C)c1.O=C1O[B-]2(OC1=O)OC(=O)C(=O)O2,338.5,2.65,CCCCCCn1cc[n+](C)c1.O=C1O[B-]2(OC1=O)OC(=O)C(=O)O2,128,752,0.9745596399981308
Cc1ccccc1,CCCCCCn1cc[n+](C)c1.O=C1O[B-]2(OC1=O)OC(=O)C(=O)O2,348.5,2.48,CCCCCCn1cc[n+](C)c1.O=C1O[B-]2(OC1=O)OC(=O)C(=O)O2,128,753,0.9082585601768908
Cc1ccccc1,CCCn1cc[n+](C)c1.[Br-],323.15,2.95,CCCn1cc[n+](C)c1.[Br-],129,754,1.0818051703517284
Cc1ccccc1,CCCn1cc[n+](C)c1.[Br-],333.15,3.11,CCCn1cc[n+](C)c1.[Br-],129,755,1.1346227261911428
Cc1ccccc1,CCCn1cc[n+](C)c1.[Br-],343.15,3.33,CCCn1cc[n+](C)c1.[Br-],129,756,1.2029723039923526
Cc1ccccc1,CCCn1cc[n+](C)c1.[Br-],353.15,3.5,CCCn1cc[n+](C)c1.[Br-],129,757,1.252762968495368
Cc1ccccc1,CCCn1cc[n+](C)c1.[Br-],363.15,3.72,CCCn1cc[n+](C)c1.[Br-],129,758,1.3137236682850553
Cc1ccccc1,CC[n+]1ccn(C)c1.CO[PH](=O)[O-],313.15,6.53,CC[n+]1ccn(C)c1.CO[PH](=O)[O-],130,759,1.8764069432883397
Cc1ccccc1,CC[n+]1ccn(C)c1.CO[PH](=O)[O-],333.15,6.63,CC[n+]1ccn(C)c1.CO[PH](=O)[O-],130,760,1.891604804197771
Cc1ccccc1,CC[n+]1ccn(C)c1.CO[PH](=O)[O-],353.15,6.82,CC[n+]1ccn(C)c1.CO[PH](=O)[O-],130,761,1.9198594718553708
Cc1ccccc1,CC[n+]1ccn(C)c1.CO[PH](=O)[O-],373.15,7.16,CC[n+]1ccn(C)c1.CO[PH](=O)[O-],130,762,1.9685099809725544
Cc1ccccc1,CO[PH](=O)[O-].Cn1cc[n+](C)c1,313.15,11.47,CO[PH](=O)[O-].Cn1cc[n+](C)c1,131,763,2.4397349311412793
Cc1ccccc1,CO[PH](=O)[O-].Cn1cc[n+](C)c1,323.15,11.37,CO[PH](=O)[O-].Cn1cc[n+](C)c1,131,764,2.4309783077624445
Cc1ccccc1,CO[PH](=O)[O-].Cn1cc[n+](C)c1,333.15,11.29,CO[PH](=O)[O-].Cn1cc[n+](C)c1,131,765,2.4239173781615704
Cc1ccccc1,CO[PH](=O)[O-].Cn1cc[n+](C)c1,343.15,11.25,CO[PH](=O)[O-].Cn1cc[n+](C)c1,131,766,2.4203681286504293
Cc1ccccc1,CCn1cc[n+](C)c1.COCCOCCOS(=O)(=O)[O-],308.15,4.43,CCn1cc[n+](C)c1.COCCOCCOS(=O)(=O)[O-],132,767,1.4883995840570443
Cc1ccccc1,CCn1cc[n+](C)c1.COCCOCCOS(=O)(=O)[O-],313.15,4.45,CCn1cc[n+](C)c1.COCCOCCOS(=O)(=O)[O-],132,768,1.4929040961781488
Cc1ccccc1,CCn1cc[n+](C)c1.COCCOCCOS(=O)(=O)[O-],323.15,4.51,CCn1cc[n+](C)c1.COCCOCCOS(=O)(=O)[O-],132,769,1.506297153514587
Cc1ccccc1,CCn1cc[n+](C)c1.COCCOCCOS(=O)(=O)[O-],333.15,4.62,CCn1cc[n+](C)c1.COCCOCCOS(=O)(=O)[O-],132,770,1.5303947050936475
Cc1ccccc1,CCCCCCCCOS(=O)(=O)[O-].CC[n+]1ccn(C)c1,318.15,1.26,CCCCCCCCOS(=O)(=O)[O-].CC[n+]1ccn(C)c1,133,771,0.23111172096338664
Cc1ccccc1,CCCCCCCCOS(=O)(=O)[O-].CC[n+]1ccn(C)c1,333.15,1.25,CCCCCCCCOS(=O)(=O)[O-].CC[n+]1ccn(C)c1,133,772,0.22314355131420976
Cc1ccccc1,CCCCCCCCOS(=O)(=O)[O-].CC[n+]1ccn(C)c1,348.15,1.24,CCCCCCCCOS(=O)(=O)[O-].CC[n+]1ccn(C)c1,133,773,0.2151113796169455
Cc1ccccc1,CCCCCCCCOS(=O)(=O)[O-].CC[n+]1ccn(C)c1,358.15,1.22,CCCCCCCCOS(=O)(=O)[O-].CC[n+]1ccn(C)c1,133,774,0.19885085874516517
Cc1ccccc1,CCCCCCCC[n+]1ccn(C)c1.F[P-](F)(F)(F)(F)F,343.15,0.74,CCCCCCCC[n+]1ccn(C)c1.F[P-](F)(F)(F)(F)F,134,775,-0.3011050927839216
Cc1ccccc1,CCCCCCCC[n+]1ccn(C)c1.F[P-](F)(F)(F)(F)F,353.15,0.72,CCCCCCCC[n+]1ccn(C)c1.F[P-](F)(F)(F)(F)F,134,776,-0.3285040669720361
Cc1ccccc1,CCCCCCCC[n+]1ccn(C)c1.F[P-](F)(F)(F)(F)F,363.15,0.72,CCCCCCCC[n+]1ccn(C)c1.F[P-](F)(F)(F)(F)F,134,777,-0.3285040669720361
Cc1ccccc1,CCCCCCCC[n+]1ccn(C)c1.F[P-](F)(F)(F)(F)F,373.15,0.69,CCCCCCCC[n+]1ccn(C)c1.F[P-](F)(F)(F)(F)F,134,778,-0.37106368139083207
Cc1ccccc1,CCCC[n+]1ccn(C)c1.Cc1ccc(S(=O)(=O)[O-])cc1,338.2,3.03,CCCC[n+]1ccn(C)c1.Cc1ccc(S(=O)(=O)[O-])cc1,135,779,1.1085626195212777
Cc1ccccc1,CCCC[n+]1ccn(C)c1.Cc1ccc(S(=O)(=O)[O-])cc1,348.2,3.01,CCCC[n+]1ccn(C)c1.Cc1ccc(S(=O)(=O)[O-])cc1,135,780,1.1019400787607843
Cc1ccccc1,CCCC[n+]1ccn(C)c1.Cc1ccc(S(=O)(=O)[O-])cc1,358.2,2.99,CCCC[n+]1ccn(C)c1.Cc1ccc(S(=O)(=O)[O-])cc1,135,781,1.095273387402595
Cc1ccccc1,CCCC[n+]1ccn(C)c1.Cc1ccc(S(=O)(=O)[O-])cc1,368.2,2.97,CCCC[n+]1ccn(C)c1.Cc1ccc(S(=O)(=O)[O-])cc1,135,782,1.0885619528146082
Cc1ccccc1,CCCCCCCCCCCCCC[P+](CCCCCC)(CCCCCC)CCCCCC.N#C[N-]C#N,313.15,0.419,CCCCCCCCCCCCCC[P+](CCCCCC)(CCCCCC)CCCCCC.N#C[N-]C#N,136,783,-0.8698843590599994
Cc1ccccc1,CCCCCCCCCCCCCC[P+](CCCCCC)(CCCCCC)CCCCCC.N#C[N-]C#N,323.15,0.458,CCCCCCCCCCCCCC[P+](CCCCCC)(CCCCCC)CCCCCC.N#C[N-]C#N,136,784,-0.780886094867952
Cc1ccccc1,CCCCCCCCCCCCCC[P+](CCCCCC)(CCCCCC)CCCCCC.N#C[N-]C#N,333.15,0.489,CCCCCCCCCCCCCC[P+](CCCCCC)(CCCCCC)CCCCCC.N#C[N-]C#N,136,785,-0.715392789507265
Cc1ccccc1,CCCCCCCCCCCCCC[P+](CCCCCC)(CCCCCC)CCCCCC.N#C[N-]C#N,343.15,0.523,CCCCCCCCCCCCCC[P+](CCCCCC)(CCCCCC)CCCCCC.N#C[N-]C#N,136,786,-0.6481738149172142
Cc1ccccc1,COS(=O)(=O)[O-].Cn1cc[n+](C)c1,303.15,17.0,COS(=O)(=O)[O-].Cn1cc[n+](C)c1,137,787,2.833213344056216
Cc1ccccc1,COS(=O)(=O)[O-].Cn1cc[n+](C)c1,313.15,15.0,COS(=O)(=O)[O-].Cn1cc[n+](C)c1,137,788,2.70805020110221
Cc1ccccc1,COS(=O)(=O)[O-].Cn1cc[n+](C)c1,323.15,14.0,COS(=O)(=O)[O-].Cn1cc[n+](C)c1,137,789,2.6390573296152584
Cc1ccccc1,COS(=O)(=O)[O-].Cn1cc[n+](C)c1,333.15,12.6,COS(=O)(=O)[O-].Cn1cc[n+](C)c1,137,790,2.533696813957432
Cc1ccccc1,CCOCCOS(=O)(=O)[O-].c1cc[nH+]cc1,303.15,7.0,CCOCCOS(=O)(=O)[O-].c1cc[nH+]cc1,138,791,1.9459101490553132
Cc1ccccc1,CCOCCOS(=O)(=O)[O-].c1cc[nH+]cc1,313.15,6.6,CCOCCOS(=O)(=O)[O-].c1cc[nH+]cc1,138,792,1.8870696490323797
Cc1ccccc1,CCOCCOS(=O)(=O)[O-].c1cc[nH+]cc1,323.15,5.9,CCOCCOS(=O)(=O)[O-].c1cc[nH+]cc1,138,793,1.7749523509116738
Cc1ccccc1,CCOCCOS(=O)(=O)[O-].c1cc[nH+]cc1,333.15,5.6,CCOCCOS(=O)(=O)[O-].c1cc[nH+]cc1,138,794,1.7227665977411035
Cc1ccccc1,Br[Co-2](Br)(Br)Br.CCCCn1cc[n+](C)c1.CCCCn1cc[n+](C)c1,308.15,2.78,Br[Co-2](Br)(Br)Br.CCCCn1cc[n+](C)c1.CCCCn1cc[n+](C)c1,139,795,1.0224509277025455
Cc1ccccc1,Br[Co-2](Br)(Br)Br.CCCCn1cc[n+](C)c1.CCCCn1cc[n+](C)c1,313.15,2.73,Br[Co-2](Br)(Br)Br.CCCCn1cc[n+](C)c1.CCCCn1cc[n+](C)c1,139,796,1.0043016091968684
Cc1ccccc1,Br[Co-2](Br)(Br)Br.CCCCn1cc[n+](C)c1.CCCCn1cc[n+](C)c1,323.15,2.67,Br[Co-2](Br)(Br)Br.CCCCn1cc[n+](C)c1.CCCCn1cc[n+](C)c1,139,797,0.9820784724121582
Cc1ccccc1,Br[Co-2](Br)(Br)Br.CCCCn1cc[n+](C)c1.CCCCn1cc[n+](C)c1,333.15,2.58,Br[Co-2](Br)(Br)Br.CCCCn1cc[n+](C)c1.CCCCn1cc[n+](C)c1,139,798,0.9477893989335261
Cc1ccccc1,C[N+]1(CCCC#N)CCOCC1.N#C[C-](C#N)C#N,328.15,7.36,C[N+]1(CCCC#N)CCOCC1.N#C[C-](C#N)C#N,140,799,1.9960599327407849
Cc1ccccc1,C[N+]1(CCCC#N)CCOCC1.N#C[C-](C#N)C#N,338.15,7.2,C[N+]1(CCCC#N)CCOCC1.N#C[C-](C#N)C#N,140,800,1.9740810260220096
Cc1ccccc1,C[N+]1(CCCC#N)CCOCC1.N#C[C-](C#N)C#N,348.15,7.07,C[N+]1(CCCC#N)CCOCC1.N#C[C-](C#N)C#N,140,801,1.9558604799084813
Cc1ccccc1,C[N+]1(CCCC#N)CCOCC1.N#C[C-](C#N)C#N,358.15,6.96,C[N+]1(CCCC#N)CCOCC1.N#C[C-](C#N)C#N,140,802,1.9401794743463283
Cc1ccccc1,C[N+]1(CCCO)CCOCC1.N#C[C-](C#N)C#N,328.15,6.95,C[N+]1(CCCO)CCOCC1.N#C[C-](C#N)C#N,141,803,1.9387416595767009
Cc1ccccc1,C[N+]1(CCCO)CCOCC1.N#C[C-](C#N)C#N,338.15,6.87,C[N+]1(CCCO)CCOCC1.N#C[C-](C#N)C#N,141,804,1.927164106234258
Cc1ccccc1,C[N+]1(CCCO)CCOCC1.N#C[C-](C#N)C#N,348.15,6.78,C[N+]1(CCCO)CCOCC1.N#C[C-](C#N)C#N,141,805,1.9139771019523042
Cc1ccccc1,C[N+]1(CCCO)CCOCC1.N#C[C-](C#N)C#N,358.15,6.73,C[N+]1(CCCO)CCOCC1.N#C[C-](C#N)C#N,141,806,1.9065751436566365
Cc1ccccc1,CCCCCC[n+]1ccn(C)c1.O=S(=O)([N-]S(=O)(=O)C(F)(F)F)C(F)(F)F,303.15,0.85,CCCCCC[n+]1ccn(C)c1.O=S(=O)([N-]S(=O)(=O)C(F)(F)F)C(F)(F)F,142,807,-0.16251892949777494
Cc1ccccc1,CCCCCC[n+]1ccn(C)c1.O=S(=O)([N-]S(=O)(=O)C(F)(F)F)C(F)(F)F,313.15,0.95,CCCCCC[n+]1ccn(C)c1.O=S(=O)([N-]S(=O)(=O)C(F)(F)F)C(F)(F)F,142,808,-0.05129329438755058
Cc1ccccc1,CCCCCC[n+]1ccn(C)c1.O=S(=O)([N-]S(=O)(=O)C(F)(F)F)C(F)(F)F,323.15,1.05,CCCCCC[n+]1ccn(C)c1.O=S(=O)([N-]S(=O)(=O)C(F)(F)F)C(F)(F)F,142,809,0.04879016416943204
Cc1ccccc1,CCCCCC[n+]1ccn(C)c1.O=S(=O)([N-]S(=O)(=O)C(F)(F)F)C(F)(F)F,333.15,1.14,CCCCCC[n+]1ccn(C)c1.O=S(=O)([N-]S(=O)(=O)C(F)(F)F)C(F)(F)F,142,810,0.131028262406404
Cc1ccccc1,CCCC[n+]1ccn(C)c1.COP(=O)([O-])OC,358.15,3.86,CCCC[n+]1ccn(C)c1.COP(=O)([O-])OC,143,811,1.3506671834767394
Cc1ccccc1,CCCC[n+]1ccn(C)c1.COP(=O)([O-])OC,368.15,3.99,CCCC[n+]1ccn(C)c1.COP(=O)([O-])OC,143,812,1.3837912309017721
Cc1ccccc1,CCCC[n+]1ccn(C)c1.COP(=O)([O-])OC,378.15,4.09,CCCC[n+]1ccn(C)c1.COP(=O)([O-])OC,143,813,1.4085449700547104
Cc1ccccc1,CCCC[n+]1ccn(C)c1.COP(=O)([O-])OC,388.15,4.29,CCCC[n+]1ccn(C)c1.COP(=O)([O-])OC,143,814,1.4562867329399256
Cc1ccccc1,CCCC[n+]1ccn(C)c1.CS(=O)(=O)[O-],358.15,5.32,CCCC[n+]1ccn(C)c1.CS(=O)(=O)[O-],144,815,1.6714733033535532
Cc1ccccc1,CCCC[n+]1ccn(C)c1.CS(=O)(=O)[O-],368.15,5.45,CCCC[n+]1ccn(C)c1.CS(=O)(=O)[O-],144,816,1.6956156086751528
Cc1ccccc1,CCCC[n+]1ccn(C)c1.CS(=O)(=O)[O-],378.15,5.68,CCCC[n+]1ccn(C)c1.CS(=O)(=O)[O-],144,817,1.7369512327330598
Cc1ccccc1,CCCC[n+]1ccn(C)c1.CS(=O)(=O)[O-],388.15,5.84,CCCC[n+]1ccn(C)c1.CS(=O)(=O)[O-],144,818,1.7647307968401356
Cc1ccccc1,CCCCCCCCCCCCCCn1cc[n+](C)c1.F[B-](F)(F)F,393.15,1.157,CCCCCCCCCCCCCCn1cc[n+](C)c1.F[B-](F)(F)F,145,819,0.14583044821153954
Cc1ccccc1,CCCCCCCCCCCCCCn1cc[n+](C)c1.F[B-](F)(F)F,403.15,1.16,CCCCCCCCCCCCCCn1cc[n+](C)c1.F[B-](F)(F)F,145,820,0.14842000511827322
Cc1ccccc1,CCCCCCCCCCCCCCn1cc[n+](C)c1.F[B-](F)(F)F,418.15,1.168,CCCCCCCCCCCCCCn1cc[n+](C)c1.F[B-](F)(F)F,145,821,0.15529288440603525
Cc1ccccc1,CCCCCCCCCCCCCCn1cc[n+](C)c1.F[B-](F)(F)F,433.15,1.175,CCCCCCCCCCCCCCn1cc[n+](C)c1.F[B-](F)(F)F,145,822,0.16126814759612232
Cc1ccccc1,CCCCCCCCCCCCCCn1cc[n+](C)c1.F[B-](F)(F)F,343.15,1.046,CCCCCCCCCCCCCCn1cc[n+](C)c1.F[B-](F)(F)F,145,823,0.044973365642731196
Cc1ccccc1,CCCCCCCCCCCCCCn1cc[n+](C)c1.F[B-](F)(F)F,358.15,1.084,CCCCCCCCCCCCCCn1cc[n+](C)c1.F[B-](F)(F)F,145,824,0.08065790301745454
Cc1ccccc1,CCCCCCCCCCCCCCn1cc[n+](C)c1.F[B-](F)(F)F,373.15,1.115,CCCCCCCCCCCCCCn1cc[n+](C)c1.F[B-](F)(F)F,145,825,0.10885440491208208
Cc1ccccc1,CCCCCCCCCCCCCCn1cc[n+](C)c1.F[B-](F)(F)F,388.15,1.146,CCCCCCCCCCCCCCn1cc[n+](C)c1.F[B-](F)(F)F,145,826,0.13627761829254775
Cc1ccccc1,CCCCCCCCCCCC[n+]1ccn(C)c1.F[B-](F)(F)F,323.15,1.193,CCCCCCCCCCCC[n+]1ccn(C)c1.F[B-](F)(F)F,146,827,0.1764711431157791
Cc1ccccc1,CCCCCCCCCCCC[n+]1ccn(C)c1.F[B-](F)(F)F,328.15,1.199,CCCCCCCCCCCC[n+]1ccn(C)c1.F[B-](F)(F)F,146,828,0.18148787604537725
Cc1ccccc1,CCCCCCCCCCCC[n+]1ccn(C)c1.F[B-](F)(F)F,333.15,1.212,CCCCCCCCCCCC[n+]1ccn(C)c1.F[B-](F)(F)F,146,829,0.1922718876471227
Cc1ccccc1,CCCCCCCCCCCC[n+]1ccn(C)c1.F[B-](F)(F)F,338.15,1.218,CCCCCCCCCCCC[n+]1ccn(C)c1.F[B-](F)(F)F,146,830,0.19721016928770527
Cc1ccccc1,Cn1cc[n+](CCCC#N)c1.N#C[N-]C#N,328.15,8.09,Cn1cc[n+](CCCC#N)c1.N#C[N-]C#N,147,831,2.0906287310704004
Cc1ccccc1,Cn1cc[n+](CCCC#N)c1.N#C[N-]C#N,338.15,7.78,Cn1cc[n+](CCCC#N)c1.N#C[N-]C#N,147,832,2.0515563381903004
Cc1ccccc1,Cn1cc[n+](CCCC#N)c1.N#C[N-]C#N,348.15,7.49,Cn1cc[n+](CCCC#N)c1.N#C[N-]C#N,147,833,2.0135687975291283
Cc1ccccc1,Cn1cc[n+](CCCC#N)c1.N#C[N-]C#N,358.15,7.2,Cn1cc[n+](CCCC#N)c1.N#C[N-]C#N,147,834,1.9740810260220096
Cc1ccccc1,CCCCCCCCCCCCC[N+](C)(CCOCCO)CCOCCOCCO.COS(=O)(=O)[O-],313.15,1.05,CCCCCCCCCCCCC[N+](C)(CCOCCO)CCOCCOCCO.COS(=O)(=O)[O-],148,835,0.04879016416943204
Cc1ccccc1,CCCCCCCCCCCCC[N+](C)(CCOCCO)CCOCCOCCO.COS(=O)(=O)[O-],323.15,1.06,CCCCCCCCCCCCC[N+](C)(CCOCCO)CCOCCOCCO.COS(=O)(=O)[O-],148,836,0.058268908123975824
Cc1ccccc1,CCCCCCCCCCCCC[N+](C)(CCOCCO)CCOCCOCCO.COS(=O)(=O)[O-],333.15,1.07,CCCCCCCCCCCCC[N+](C)(CCOCCO)CCOCCOCCO.COS(=O)(=O)[O-],148,837,0.06765864847381486
Cc1ccccc1,CCCCCCCCCCCCC[N+](C)(CCOCCO)CCOCCOCCO.COS(=O)(=O)[O-],343.15,1.09,CCCCCCCCCCCCC[N+](C)(CCOCCO)CCOCCOCCO.COS(=O)(=O)[O-],148,838,0.08617769624105241
Cc1ccccc1,CCCCCCCCn1cc[n+](C)c1.O=S(=O)([N-]S(=O)(=O)C(F)(F)F)C(F)(F)F,333.0,0.98,CCCCCCCCn1cc[n+](C)c1.O=S(=O)([N-]S(=O)(=O)C(F)(F)F)C(F)(F)F,149,839,-0.020202707317519466
Cc1ccccc1,CCCCCCCCn1cc[n+](C)c1.O=S(=O)([N-]S(=O)(=O)C(F)(F)F)C(F)(F)F,343.0,1.02,CCCCCCCCn1cc[n+](C)c1.O=S(=O)([N-]S(=O)(=O)C(F)(F)F)C(F)(F)F,149,840,0.01980262729617973
Cc1ccccc1,CCCCCCCCn1cc[n+](C)c1.O=S(=O)([N-]S(=O)(=O)C(F)(F)F)C(F)(F)F,353.0,1.06,CCCCCCCCn1cc[n+](C)c1.O=S(=O)([N-]S(=O)(=O)C(F)(F)F)C(F)(F)F,149,841,0.058268908123975824
Cc1ccccc1,CCCCCCCCn1cc[n+](C)c1.O=S(=O)([N-]S(=O)(=O)C(F)(F)F)C(F)(F)F,363.0,1.11,CCCCCCCCn1cc[n+](C)c1.O=S(=O)([N-]S(=O)(=O)C(F)(F)F)C(F)(F)F,149,842,0.10436001532424286
Cc1ccccc1,CCCCn1cc[n+](CCCC)c1.[Br-],333.0,3.4,CCCCn1cc[n+](CCCC)c1.[Br-],150,843,1.2237754316221157
Cc1ccccc1,CCCCn1cc[n+](CCCC)c1.[Br-],343.0,3.46,CCCCn1cc[n+](CCCC)c1.[Br-],150,844,1.2412685890696329
Cc1ccccc1,CCCCn1cc[n+](CCCC)c1.[Br-],353.0,3.55,CCCCn1cc[n+](CCCC)c1.[Br-],150,845,1.2669476034873244
Cc1ccccc1,CCCCn1cc[n+](CCCC)c1.[Br-],363.0,3.61,CCCCn1cc[n+](CCCC)c1.[Br-],150,846,1.2837077723447896
Cc1ccccc1,CCCCCCCCCCCCCC[P+](CCCCCC)(CCCCCC)CCCCCC.O=S(=O)([N-]S(=O)(=O)C(F)(F)F)C(F)(F)F,313.15,0.452,CCCCCCCCCCCCCC[P+](CCCCCC)(CCCCCC)CCCCCC.O=S(=O)([N-]S(=O)(=O)C(F)(F)F)C(F)(F)F,151,847,-0.7940730991499059
Cc1ccccc1,CCCCCCCCCCCCCC[P+](CCCCCC)(CCCCCC)CCCCCC.O=S(=O)([N-]S(=O)(=O)C(F)(F)F)C(F)(F)F,333.15,0.472,CCCCCCCCCCCCCC[P+](CCCCCC)(CCCCCC)CCCCCC.O=S(=O)([N-]S(=O)(=O)C(F)(F)F)C(F)(F)F,151,848,-0.7507762933965817
Cc1ccccc1,CCCCCCCCCCCCCC[P+](CCCCCC)(CCCCCC)CCCCCC.O=S(=O)([N-]S(=O)(=O)C(F)(F)F)C(F)(F)F,353.15,0.486,CCCCCCCCCCCCCC[P+](CCCCCC)(CCCCCC)CCCCCC.O=S(=O)([N-]S(=O)(=O)C(F)(F)F)C(F)(F)F,151,849,-0.7215466550816433
Cc1ccccc1,CCCCCCCCCCCCCC[P+](CCCCCC)(CCCCCC)CCCCCC.O=S(=O)([N-]S(=O)(=O)C(F)(F)F)C(F)(F)F,373.15,0.51,CCCCCCCCCCCCCC[P+](CCCCCC)(CCCCCC)CCCCCC.O=S(=O)([N-]S(=O)(=O)C(F)(F)F)C(F)(F)F,151,850,-0.6733445532637656
Cc1ccccc1,CC[n+]1ccn(C)c1C.O=S(=O)([N-]S(=O)(=O)C(F)(F)F)C(F)(F)F,313.7,1.647,CC[n+]1ccn(C)c1C.O=S(=O)([N-]S(=O)(=O)C(F)(F)F)C(F)(F)F,152,851,0.4989554511955033
Cc1ccccc1,CC[n+]1ccn(C)c1C.O=S(=O)([N-]S(=O)(=O)C(F)(F)F)C(F)(F)F,323.0,1.657,CC[n+]1ccn(C)c1C.O=S(=O)([N-]S(=O)(=O)C(F)(F)F)C(F)(F)F,152,852,0.5050087384444258
Cc1ccccc1,CC[n+]1ccn(C)c1C.O=S(=O)([N-]S(=O)(=O)C(F)(F)F)C(F)(F)F,333.4,1.663,CC[n+]1ccn(C)c1C.O=S(=O)([N-]S(=O)(=O)C(F)(F)F)C(F)(F)F,152,853,0.5086232002107907
Cc1ccccc1,CC[n+]1ccn(C)c1C.O=S(=O)([N-]S(=O)(=O)C(F)(F)F)C(F)(F)F,343.7,1.672,CC[n+]1ccn(C)c1C.O=S(=O)([N-]S(=O)(=O)C(F)(F)F)C(F)(F)F,152,854,0.5140205146625099
Cc1ccccc1,CC[n+]1ccn(C)c1.O=S(=O)([N-]S(=O)(=O)C(F)(F)F)C(F)(F)F,313.8,1.735,CC[n+]1ccn(C)c1.O=S(=O)([N-]S(=O)(=O)C(F)(F)F)C(F)(F)F,153,855,0.5510074133988225
Cc1ccccc1,CC[n+]1ccn(C)c1.O=S(=O)([N-]S(=O)(=O)C(F)(F)F)C(F)(F)F,323.0,1.753,CC[n+]1ccn(C)c1.O=S(=O)([N-]S(=O)(=O)C(F)(F)F)C(F)(F)F,153,856,0.5613286059390974
Cc1ccccc1,CC[n+]1ccn(C)c1.O=S(=O)([N-]S(=O)(=O)C(F)(F)F)C(F)(F)F,333.3,1.762,CC[n+]1ccn(C)c1.O=S(=O)([N-]S(=O)(=O)C(F)(F)F)C(F)(F)F,153,857,0.5664495275139878
Cc1ccccc1,CC[n+]1ccn(C)c1.O=S(=O)([N-]S(=O)(=O)C(F)(F)F)C(F)(F)F,343.7,1.776,CC[n+]1ccn(C)c1.O=S(=O)([N-]S(=O)(=O)C(F)(F)F)C(F)(F)F,153,858,0.5743636445699783
Cc1ccccc1,C=CC[n+]1ccn(C=C)c1.O=S(=O)([N-]S(=O)(=O)C(F)(F)F)C(F)(F)F,313.15,2.921,C=CC[n+]1ccn(C=C)c1.O=S(=O)([N-]S(=O)(=O)C(F)(F)F)C(F)(F)F,154,859,1.0719260234056038
Cc1ccccc1,C=CC[n+]1ccn(C=C)c1.O=S(=O)([N-]S(=O)(=O)C(F)(F)F)C(F)(F)F,323.15,2.895,C=CC[n+]1ccn(C=C)c1.O=S(=O)([N-]S(=O)(=O)C(F)(F)F)C(F)(F)F,154,860,1.0629851110249586
Cc1ccccc1,C=CC[n+]1ccn(C=C)c1.O=S(=O)([N-]S(=O)(=O)C(F)(F)F)C(F)(F)F,333.15,2.883,C=CC[n+]1ccn(C=C)c1.O=S(=O)([N-]S(=O)(=O)C(F)(F)F)C(F)(F)F,154,861,1.058831418656265
Cc1ccccc1,C=CC[n+]1ccn(C=C)c1.O=S(=O)([N-]S(=O)(=O)C(F)(F)F)C(F)(F)F,343.15,2.875,C=CC[n+]1ccn(C=C)c1.O=S(=O)([N-]S(=O)(=O)C(F)(F)F)C(F)(F)F,154,862,1.0560526742493137
Cc1ccccc1,CCCCCCCCCC[N+]1(C)CCCC1.O=S(=O)([N-]S(=O)(=O)C(F)(F)F)C(F)(F)F,322.6,0.77,CCCCCCCCCC[N+]1(C)CCCC1.O=S(=O)([N-]S(=O)(=O)C(F)(F)F)C(F)(F)F,155,863,-0.2613647641344075
Cc1ccccc1,CCCCCCCCCC[N+]1(C)CCCC1.O=S(=O)([N-]S(=O)(=O)C(F)(F)F)C(F)(F)F,332.5,0.78,CCCCCCCCCC[N+]1(C)CCCC1.O=S(=O)([N-]S(=O)(=O)C(F)(F)F)C(F)(F)F,155,864,-0.2484613592984996
Cc1ccccc1,CCCCCCCCCC[N+]1(C)CCCC1.O=S(=O)([N-]S(=O)(=O)C(F)(F)F)C(F)(F)F,342.8,0.8,CCCCCCCCCC[N+]1(C)CCCC1.O=S(=O)([N-]S(=O)(=O)C(F)(F)F)C(F)(F)F,155,865,-0.2231435513142097
Cc1ccccc1,CCCCCC[N+]1(C)CCCC1.O=S(=O)([N-]S(=O)(=O)C(F)(F)F)C(F)(F)F,322.9,1.0,CCCCCC[N+]1(C)CCCC1.O=S(=O)([N-]S(=O)(=O)C(F)(F)F)C(F)(F)F,156,866,0.0
Cc1ccccc1,CCCCCC[N+]1(C)CCCC1.O=S(=O)([N-]S(=O)(=O)C(F)(F)F)C(F)(F)F,333.0,1.01,CCCCCC[N+]1(C)CCCC1.O=S(=O)([N-]S(=O)(=O)C(F)(F)F)C(F)(F)F,156,867,0.009950330853168092
Cc1ccccc1,CCCCCC[N+]1(C)CCCC1.O=S(=O)([N-]S(=O)(=O)C(F)(F)F)C(F)(F)F,343.1,1.04,CCCCCC[N+]1(C)CCCC1.O=S(=O)([N-]S(=O)(=O)C(F)(F)F)C(F)(F)F,156,868,0.03922071315328133
Cc1ccccc1,CCCCCCCC[N+]1(C)CCCC1.O=S(=O)([N-]S(=O)(=O)C(F)(F)F)C(F)(F)F,323.0,0.76,CCCCCCCC[N+]1(C)CCCC1.O=S(=O)([N-]S(=O)(=O)C(F)(F)F)C(F)(F)F,157,869,-0.2744368457017603
Cc1ccccc1,CCCCCCCC[N+]1(C)CCCC1.O=S(=O)([N-]S(=O)(=O)C(F)(F)F)C(F)(F)F,333.0,0.78,CCCCCCCC[N+]1(C)CCCC1.O=S(=O)([N-]S(=O)(=O)C(F)(F)F)C(F)(F)F,157,870,-0.2484613592984996
Cc1ccccc1,CCCCCCCC[N+]1(C)CCCC1.O=S(=O)([N-]S(=O)(=O)C(F)(F)F)C(F)(F)F,343.1,0.74,CCCCCCCC[N+]1(C)CCCC1.O=S(=O)([N-]S(=O)(=O)C(F)(F)F)C(F)(F)F,157,871,-0.3011050927839216
Cc1ccccc1,Cn1cc[n+](CCCCS(=O)(=O)O)c1.O=S(=O)([N-]S(=O)(=O)C(F)(F)F)C(F)(F)F,323.15,3.1,Cn1cc[n+](CCCCS(=O)(=O)O)c1.O=S(=O)([N-]S(=O)(=O)C(F)(F)F)C(F)(F)F,158,872,1.1314021114911006
Cc1ccccc1,Cn1cc[n+](CCCCS(=O)(=O)O)c1.O=S(=O)([N-]S(=O)(=O)C(F)(F)F)C(F)(F)F,333.15,3.28,Cn1cc[n+](CCCCS(=O)(=O)O)c1.O=S(=O)([N-]S(=O)(=O)C(F)(F)F)C(F)(F)F,158,873,1.1878434223960523
Cc1ccccc1,Cn1cc[n+](CCCCS(=O)(=O)O)c1.O=S(=O)([N-]S(=O)(=O)C(F)(F)F)C(F)(F)F,343.15,3.31,Cn1cc[n+](CCCCS(=O)(=O)O)c1.O=S(=O)([N-]S(=O)(=O)C(F)(F)F)C(F)(F)F,158,874,1.1969481893889715
Cc1ccccc1,Cn1cc[n+](CCCCS(=O)(=O)O)c1.O=S(=O)([O-])C(F)(F)F,323.15,5.74,Cn1cc[n+](CCCCS(=O)(=O)O)c1.O=S(=O)([O-])C(F)(F)F,159,875,1.747459210331475
Cc1ccccc1,Cn1cc[n+](CCCCS(=O)(=O)O)c1.O=S(=O)([O-])C(F)(F)F,333.15,5.54,Cn1cc[n+](CCCCS(=O)(=O)O)c1.O=S(=O)([O-])C(F)(F)F,159,876,1.7119945007591924
Cc1ccccc1,Cn1cc[n+](CCCCS(=O)(=O)O)c1.O=S(=O)([O-])C(F)(F)F,343.15,5.54,Cn1cc[n+](CCCCS(=O)(=O)O)c1.O=S(=O)([O-])C(F)(F)F,159,877,1.7119945007591924
Cc1ccccc1,CCCC[n+]1ccn(C)c1.COCCOCCOS(=O)(=O)[O-],298.15,3.72,CCCC[n+]1ccn(C)c1.COCCOCCOS(=O)(=O)[O-],160,878,1.3137236682850553
Cc1ccccc1,CCCC[n+]1ccn(C)c1.COCCOCCOS(=O)(=O)[O-],303.15,3.69,CCCC[n+]1ccn(C)c1.COCCOCCOS(=O)(=O)[O-],160,879,1.3056264580524357
Cc1ccccc1,CCCC[n+]1ccn(C)c1.COCCOCCOS(=O)(=O)[O-],308.15,3.66,CCCC[n+]1ccn(C)c1.COCCOCCOS(=O)(=O)[O-],160,880,1.297463147413275
Cc1ccccc1,CCCCCCCCCCCC[n+]1ccn(C)c1.F[B-](F)(F)F,308.15,1.149,CCCCCCCCCCCC[n+]1ccn(C)c1.F[B-](F)(F)F,146,881,0.13889199886661865
Cc1ccccc1,CCCCCCCCCCCC[n+]1ccn(C)c1.F[B-](F)(F)F,313.15,1.169,CCCCCCCCCCCC[n+]1ccn(C)c1.F[B-](F)(F)F,146,882,0.15614868248993138
Cc1ccccc1,CCCCCCCCCCCC[n+]1ccn(C)c1.F[B-](F)(F)F,318.15,1.177,CCCCCCCCCCCC[n+]1ccn(C)c1.F[B-](F)(F)F,146,883,0.16296882827813972
Cc1ccccc1,CCCCCCn1cc[n+](C)c1.FC(F)(F)C(F)(F)[P-](F)(F)(F)(C(F)(F)C(F)(F)F)C(F)(F)C(F)(F)F,312.8,0.674,CCCCCCn1cc[n+](C)c1.FC(F)(F)C(F)(F)[P-](F)(F)(F)(C(F)(F)C(F)(F)F)C(F)(F)C(F)(F)F,161,884,-0.39452516806982996
Cc1ccccc1,CCCCCCn1cc[n+](C)c1.FC(F)(F)C(F)(F)[P-](F)(F)(F)(C(F)(F)C(F)(F)F)C(F)(F)C(F)(F)F,332.85,0.727,CCCCCCn1cc[n+](C)c1.FC(F)(F)C(F)(F)[P-](F)(F)(F)(C(F)(F)C(F)(F)F)C(F)(F)C(F)(F)F,161,885,-0.3188288014486177
Cc1ccccc1,CCCCCCn1cc[n+](C)c1.FC(F)(F)C(F)(F)[P-](F)(F)(F)(C(F)(F)C(F)(F)F)C(F)(F)C(F)(F)F,354.65,0.753,CCCCCCn1cc[n+](C)c1.FC(F)(F)C(F)(F)[P-](F)(F)(F)(C(F)(F)C(F)(F)F)C(F)(F)C(F)(F)F,161,886,-0.2836900511822435
Cc1ccccc1,CCCC[n+]1ccn(C)c1.O=S(=O)([N-]S(=O)(=O)C(F)(F)C(F)(F)F)C(F)(F)C(F)(F)F,322.55,1.397,CCCC[n+]1ccn(C)c1.O=S(=O)([N-]S(=O)(=O)C(F)(F)C(F)(F)F)C(F)(F)C(F)(F)F,162,887,0.3343270802748248
Cc1ccccc1,CCCC[n+]1ccn(C)c1.O=S(=O)([N-]S(=O)(=O)C(F)(F)C(F)(F)F)C(F)(F)C(F)(F)F,342.75,1.417,CCCC[n+]1ccn(C)c1.O=S(=O)([N-]S(=O)(=O)C(F)(F)C(F)(F)F)C(F)(F)C(F)(F)F,162,888,0.34854196070854343
Cc1ccccc1,CCCC[n+]1ccn(C)c1.O=S(=O)([N-]S(=O)(=O)C(F)(F)C(F)(F)F)C(F)(F)C(F)(F)F,362.65,1.456,CCCC[n+]1ccn(C)c1.O=S(=O)([N-]S(=O)(=O)C(F)(F)C(F)(F)F)C(F)(F)C(F)(F)F,162,889,0.3756929497744942
Cc1ccccc1,CCCCCCCCCCn1cc[n+](CCCCCCCCCC)c1C.O=S(=O)([N-]S(=O)(=O)C(F)(F)F)C(F)(F)F,323.1,0.512,CCCCCCCCCCn1cc[n+](CCCCCCCCCC)c1C.O=S(=O)([N-]S(=O)(=O)C(F)(F)F)C(F)(F)F,163,890,-0.6694306539426292
Cc1ccccc1,CCCCCCCCCCn1cc[n+](CCCCCCCCCC)c1C.O=S(=O)([N-]S(=O)(=O)C(F)(F)F)C(F)(F)F,333.15,0.52,CCCCCCCCCCn1cc[n+](CCCCCCCCCC)c1C.O=S(=O)([N-]S(=O)(=O)C(F)(F)F)C(F)(F)F,163,891,-0.6539264674066639
Cc1ccccc1,CCCCCCCCCCn1cc[n+](CCCCCCCCCC)c1C.O=S(=O)([N-]S(=O)(=O)C(F)(F)F)C(F)(F)F,343.15,0.527,CCCCCCCCCCn1cc[n+](CCCCCCCCCC)c1C.O=S(=O)([N-]S(=O)(=O)C(F)(F)F)C(F)(F)F,163,892,-0.6405547304407747
Cc1ccccc1,C[n+]1ccn(COCC(COCn2cc[n+](C)c2)OCn2cc[n+](C)c2)c1.O=S(=O)([N-]S(=O)(=O)C(F)(F)F)C(F)(F)F.O=S(=O)([N-]S(=O)(=O)C(F)(F)F)C(F)(F)F.O=S(=O)([N-]S(=O)(=O)C(F)(F)F)C(F)(F)F,312.45,1.39,C[n+]1ccn(COCC(COCn2cc[n+](C)c2)OCn2cc[n+](C)c2)c1.O=S(=O)([N-]S(=O)(=O)C(F)(F)F)C(F)(F)F.O=S(=O)([N-]S(=O)(=O)C(F)(F)F)C(F)(F)F.O=S(=O)([N-]S(=O)(=O)C(F)(F)F)C(F)(F)F,164,893,0.3293037471426003
Cc1ccccc1,C[n+]1ccn(COCC(COCn2cc[n+](C)c2)OCn2cc[n+](C)c2)c1.O=S(=O)([N-]S(=O)(=O)C(F)(F)F)C(F)(F)F.O=S(=O)([N-]S(=O)(=O)C(F)(F)F)C(F)(F)F.O=S(=O)([N-]S(=O)(=O)C(F)(F)F)C(F)(F)F,322.45,1.35,C[n+]1ccn(COCC(COCn2cc[n+](C)c2)OCn2cc[n+](C)c2)c1.O=S(=O)([N-]S(=O)(=O)C(F)(F)F)C(F)(F)F.O=S(=O)([N-]S(=O)(=O)C(F)(F)F)C(F)(F)F.O=S(=O)([N-]S(=O)(=O)C(F)(F)F)C(F)(F)F,164,894,0.30010459245033816
Cc1ccccc1,C[n+]1ccn(COCC(COCn2cc[n+](C)c2)OCn2cc[n+](C)c2)c1.O=S(=O)([N-]S(=O)(=O)C(F)(F)F)C(F)(F)F.O=S(=O)([N-]S(=O)(=O)C(F)(F)F)C(F)(F)F.O=S(=O)([N-]S(=O)(=O)C(F)(F)F)C(F)(F)F,332.45,1.33,C[n+]1ccn(COCC(COCn2cc[n+](C)c2)OCn2cc[n+](C)c2)c1.O=S(=O)([N-]S(=O)(=O)C(F)(F)F)C(F)(F)F.O=S(=O)([N-]S(=O)(=O)C(F)(F)F)C(F)(F)F.O=S(=O)([N-]S(=O)(=O)C(F)(F)F)C(F)(F)F,164,895,0.28517894223366247
Cc1ccccc1,CN(C)c1cc[n+](COCC(COC[n+]2ccc(N(C)C)cc2)OC[n+]2ccc(N(C)C)cc2)cc1.O=S(=O)([N-]S(=O)(=O)C(F)(F)F)C(F)(F)F.O=S(=O)([N-]S(=O)(=O)C(F)(F)F)C(F)(F)F.O=S(=O)([N-]S(=O)(=O)C(F)(F)F)C(F)(F)F,312.95,0.49,CN(C)c1cc[n+](COCC(COC[n+]2ccc(N(C)C)cc2)OC[n+]2ccc(N(C)C)cc2)cc1.O=S(=O)([N-]S(=O)(=O)C(F)(F)F)C(F)(F)F.O=S(=O)([N-]S(=O)(=O)C(F)(F)F)C(F)(F)F.O=S(=O)([N-]S(=O)(=O)C(F)(F)F)C(F)(F)F,165,896,-0.7133498878774648
Cc1ccccc1,CN(C)c1cc[n+](COCC(COC[n+]2ccc(N(C)C)cc2)OC[n+]2ccc(N(C)C)cc2)cc1.O=S(=O)([N-]S(=O)(=O)C(F)(F)F)C(F)(F)F.O=S(=O)([N-]S(=O)(=O)C(F)(F)F)C(F)(F)F.O=S(=O)([N-]S(=O)(=O)C(F)(F)F)C(F)(F)F,322.85,0.49,CN(C)c1cc[n+](COCC(COC[n+]2ccc(N(C)C)cc2)OC[n+]2ccc(N(C)C)cc2)cc1.O=S(=O)([N-]S(=O)(=O)C(F)(F)F)C(F)(F)F.O=S(=O)([N-]S(=O)(=O)C(F)(F)F)C(F)(F)F.O=S(=O)([N-]S(=O)(=O)C(F)(F)F)C(F)(F)F,165,897,-0.7133498878774648
Cc1ccccc1,CN(C)c1cc[n+](COCC(COC[n+]2ccc(N(C)C)cc2)OC[n+]2ccc(N(C)C)cc2)cc1.O=S(=O)([N-]S(=O)(=O)C(F)(F)F)C(F)(F)F.O=S(=O)([N-]S(=O)(=O)C(F)(F)F)C(F)(F)F.O=S(=O)([N-]S(=O)(=O)C(F)(F)F)C(F)(F)F,332.65,0.51,CN(C)c1cc[n+](COCC(COC[n+]2ccc(N(C)C)cc2)OC[n+]2ccc(N(C)C)cc2)cc1.O=S(=O)([N-]S(=O)(=O)C(F)(F)F)C(F)(F)F.O=S(=O)([N-]S(=O)(=O)C(F)(F)F)C(F)(F)F.O=S(=O)([N-]S(=O)(=O)C(F)(F)F)C(F)(F)F,165,898,-0.6733445532637656
Cc1ccccc1,C[n+]1ccn(COCC(COCn2cc[n+](C)c2)OCn2cc[n+](C)c2)c1.N#C[N-]C#N.N#C[N-]C#N.N#C[N-]C#N,312.45,5.55,C[n+]1ccn(COCC(COCn2cc[n+](C)c2)OCn2cc[n+](C)c2)c1.N#C[N-]C#N.N#C[N-]C#N.N#C[N-]C#N,166,899,1.713797927758343
Cc1ccccc1,C[n+]1ccn(COCC(COCn2cc[n+](C)c2)OCn2cc[n+](C)c2)c1.N#C[N-]C#N.N#C[N-]C#N.N#C[N-]C#N,322.45,5.25,C[n+]1ccn(COCC(COCn2cc[n+](C)c2)OCn2cc[n+](C)c2)c1.N#C[N-]C#N.N#C[N-]C#N.N#C[N-]C#N,166,900,1.6582280766035324
Cc1ccccc1,C[n+]1ccn(COCC(COCn2cc[n+](C)c2)OCn2cc[n+](C)c2)c1.N#C[N-]C#N.N#C[N-]C#N.N#C[N-]C#N,332.45,4.98,C[n+]1ccn(COCC(COCn2cc[n+](C)c2)OCn2cc[n+](C)c2)c1.N#C[N-]C#N.N#C[N-]C#N.N#C[N-]C#N,166,901,1.6054298910365616
Cc1ccccc1,O=S(=O)([N-]S(=O)(=O)C(F)(F)F)C(F)(F)F.O=S(=O)([N-]S(=O)(=O)C(F)(F)F)C(F)(F)F.O=S(=O)([N-]S(=O)(=O)C(F)(F)F)C(F)(F)F.c1ccc(C[n+]2ccn(COCC(COCn3cc[n+](Cc4ccccc4)c3)OCn3cc[n+](Cc4ccccc4)c3)c2)cc1,312.55,0.82,O=S(=O)([N-]S(=O)(=O)C(F)(F)F)C(F)(F)F.O=S(=O)([N-]S(=O)(=O)C(F)(F)F)C(F)(F)F.O=S(=O)([N-]S(=O)(=O)C(F)(F)F)C(F)(F)F.c1ccc(C[n+]2ccn(COCC(COCn3cc[n+](Cc4ccccc4)c3)OCn3cc[n+](Cc4ccccc4)c3)c2)cc1,167,902,-0.19845093872383832
Cc1ccccc1,O=S(=O)([N-]S(=O)(=O)C(F)(F)F)C(F)(F)F.O=S(=O)([N-]S(=O)(=O)C(F)(F)F)C(F)(F)F.O=S(=O)([N-]S(=O)(=O)C(F)(F)F)C(F)(F)F.c1ccc(C[n+]2ccn(COCC(COCn3cc[n+](Cc4ccccc4)c3)OCn3cc[n+](Cc4ccccc4)c3)c2)cc1,322.85,0.75,O=S(=O)([N-]S(=O)(=O)C(F)(F)F)C(F)(F)F.O=S(=O)([N-]S(=O)(=O)C(F)(F)F)C(F)(F)F.O=S(=O)([N-]S(=O)(=O)C(F)(F)F)C(F)(F)F.c1ccc(C[n+]2ccn(COCC(COCn3cc[n+](Cc4ccccc4)c3)OCn3cc[n+](Cc4ccccc4)c3)c2)cc1,167,903,-0.2876820724517809
Cc1ccccc1,O=S(=O)([N-]S(=O)(=O)C(F)(F)F)C(F)(F)F.O=S(=O)([N-]S(=O)(=O)C(F)(F)F)C(F)(F)F.O=S(=O)([N-]S(=O)(=O)C(F)(F)F)C(F)(F)F.c1ccc(C[n+]2ccn(COCC(COCn3cc[n+](Cc4ccccc4)c3)OCn3cc[n+](Cc4ccccc4)c3)c2)cc1,332.65,0.77,O=S(=O)([N-]S(=O)(=O)C(F)(F)F)C(F)(F)F.O=S(=O)([N-]S(=O)(=O)C(F)(F)F)C(F)(F)F.O=S(=O)([N-]S(=O)(=O)C(F)(F)F)C(F)(F)F.c1ccc(C[n+]2ccn(COCC(COCn3cc[n+](Cc4ccccc4)c3)OCn3cc[n+](Cc4ccccc4)c3)c2)cc1,167,904,-0.2613647641344075
Cc1ccccc1,CCCCCCCC[n+]1ccn(COCC(COCn2cc[n+](CCCCCCCC)c2C)OCn2cc[n+](CCCCCCCC)c2C)c1C.F[B-](F)(F)F.F[B-](F)(F)F.F[B-](F)(F)F,312.55,0.77,CCCCCCCC[n+]1ccn(COCC(COCn2cc[n+](CCCCCCCC)c2C)OCn2cc[n+](CCCCCCCC)c2C)c1C.F[B-](F)(F)F.F[B-](F)(F)F.F[B-](F)(F)F,168,905,-0.2613647641344075
Cc1ccccc1,CCCCCCCC[n+]1ccn(COCC(COCn2cc[n+](CCCCCCCC)c2C)OCn2cc[n+](CCCCCCCC)c2C)c1C.F[B-](F)(F)F.F[B-](F)(F)F.F[B-](F)(F)F,322.45,0.77,CCCCCCCC[n+]1ccn(COCC(COCn2cc[n+](CCCCCCCC)c2C)OCn2cc[n+](CCCCCCCC)c2C)c1C.F[B-](F)(F)F.F[B-](F)(F)F.F[B-](F)(F)F,168,906,-0.2613647641344075
Cc1ccccc1,CCCCCCCC[n+]1ccn(COCC(COCn2cc[n+](CCCCCCCC)c2C)OCn2cc[n+](CCCCCCCC)c2C)c1C.F[B-](F)(F)F.F[B-](F)(F)F.F[B-](F)(F)F,332.95,0.76,CCCCCCCC[n+]1ccn(COCC(COCn2cc[n+](CCCCCCCC)c2C)OCn2cc[n+](CCCCCCCC)c2C)c1C.F[B-](F)(F)F.F[B-](F)(F)F.F[B-](F)(F)F,168,907,-0.2744368457017603
Cc1ccccc1,CCCCCCCC[n+]1ccn(COCC(COCn2cc[n+](CCCCCCCC)c2C)OCn2cc[n+](CCCCCCCC)c2C)c1C.O=S(=O)([N-]S(=O)(=O)C(F)(F)F)C(F)(F)F.O=S(=O)([N-]S(=O)(=O)C(F)(F)F)C(F)(F)F.O=S(=O)([N-]S(=O)(=O)C(F)(F)F)C(F)(F)F,312.55,0.4,CCCCCCCC[n+]1ccn(COCC(COCn2cc[n+](CCCCCCCC)c2C)OCn2cc[n+](CCCCCCCC)c2C)c1C.O=S(=O)([N-]S(=O)(=O)C(F)(F)F)C(F)(F)F.O=S(=O)([N-]S(=O)(=O)C(F)(F)F)C(F)(F)F.O=S(=O)([N-]S(=O)(=O)C(F)(F)F)C(F)(F)F,169,908,-0.916290731874155
Cc1ccccc1,CCCCCCCC[n+]1ccn(COCC(COCn2cc[n+](CCCCCCCC)c2C)OCn2cc[n+](CCCCCCCC)c2C)c1C.O=S(=O)([N-]S(=O)(=O)C(F)(F)F)C(F)(F)F.O=S(=O)([N-]S(=O)(=O)C(F)(F)F)C(F)(F)F.O=S(=O)([N-]S(=O)(=O)C(F)(F)F)C(F)(F)F,322.45,0.4,CCCCCCCC[n+]1ccn(COCC(COCn2cc[n+](CCCCCCCC)c2C)OCn2cc[n+](CCCCCCCC)c2C)c1C.O=S(=O)([N-]S(=O)(=O)C(F)(F)F)C(F)(F)F.O=S(=O)([N-]S(=O)(=O)C(F)(F)F)C(F)(F)F.O=S(=O)([N-]S(=O)(=O)C(F)(F)F)C(F)(F)F,169,909,-0.916290731874155
Cc1ccccc1,CCCCCCCC[n+]1ccn(COCC(COCn2cc[n+](CCCCCCCC)c2C)OCn2cc[n+](CCCCCCCC)c2C)c1C.O=S(=O)([N-]S(=O)(=O)C(F)(F)F)C(F)(F)F.O=S(=O)([N-]S(=O)(=O)C(F)(F)F)C(F)(F)F.O=S(=O)([N-]S(=O)(=O)C(F)(F)F)C(F)(F)F,332.45,0.41,CCCCCCCC[n+]1ccn(COCC(COCn2cc[n+](CCCCCCCC)c2C)OCn2cc[n+](CCCCCCCC)c2C)c1C.O=S(=O)([N-]S(=O)(=O)C(F)(F)F)C(F)(F)F.O=S(=O)([N-]S(=O)(=O)C(F)(F)F)C(F)(F)F.O=S(=O)([N-]S(=O)(=O)C(F)(F)F)C(F)(F)F,169,910,-0.8915981192837836
Cc1ccccc1,CCC[N+]1(C)CCCC1.O=S(=O)([N-]S(=O)(=O)C(F)(F)F)C(F)(F)F,323.15,1.37,CCC[N+]1(C)CCCC1.O=S(=O)([N-]S(=O)(=O)C(F)(F)F)C(F)(F)F,170,911,0.3148107398400336
Cc1ccccc1,CCC[N+]1(C)CCCC1.O=S(=O)([N-]S(=O)(=O)C(F)(F)F)C(F)(F)F,333.15,1.38,CCC[N+]1(C)CCCC1.O=S(=O)([N-]S(=O)(=O)C(F)(F)F)C(F)(F)F,170,912,0.3220834991691132
Cc1ccccc1,CCC[N+]1(C)CCCC1.O=S(=O)([N-]S(=O)(=O)C(F)(F)F)C(F)(F)F,343.15,1.45,CCC[N+]1(C)CCCC1.O=S(=O)([N-]S(=O)(=O)C(F)(F)F)C(F)(F)F,170,913,0.371563556432483
Cc1ccccc1,CCCCC[N+]1(C)CCCC1.O=S(=O)([N-]S(=O)(=O)C(F)(F)F)C(F)(F)F,323.15,1.09,CCCCC[N+]1(C)CCCC1.O=S(=O)([N-]S(=O)(=O)C(F)(F)F)C(F)(F)F,171,914,0.08617769624105241
Cc1ccccc1,CCCCC[N+]1(C)CCCC1.O=S(=O)([N-]S(=O)(=O)C(F)(F)F)C(F)(F)F,333.15,1.11,CCCCC[N+]1(C)CCCC1.O=S(=O)([N-]S(=O)(=O)C(F)(F)F)C(F)(F)F,171,915,0.10436001532424286
Cc1ccccc1,CCCCC[N+]1(C)CCCC1.O=S(=O)([N-]S(=O)(=O)C(F)(F)F)C(F)(F)F,343.15,1.14,CCCCC[N+]1(C)CCCC1.O=S(=O)([N-]S(=O)(=O)C(F)(F)F)C(F)(F)F,171,916,0.131028262406404
Cc1ccccc1,CCCC[n+]1ccn(C)c1.F[P-](F)(F)(F)(F)F,315.9,1.71,CCCC[n+]1ccn(C)c1.F[P-](F)(F)(F)(F)F,172,917,0.5364933705145685
Cc1ccccc1,CCCC[n+]1ccn(C)c1.F[P-](F)(F)(F)(F)F,325.3,1.59,CCCC[n+]1ccn(C)c1.F[P-](F)(F)(F)(F)F,172,918,0.4637340162321402
Cc1ccccc1,CCCC[n+]1ccn(C)c1.F[P-](F)(F)(F)(F)F,334.8,1.71,CCCC[n+]1ccn(C)c1.F[P-](F)(F)(F)(F)F,172,919,0.5364933705145685
Cc1ccccc1,CCCC[N+]1(C)CCCC1.O=S(=O)([N-]S(=O)(=O)C(F)(F)F)C(F)(F)F,313.1,1.22,CCCC[N+]1(C)CCCC1.O=S(=O)([N-]S(=O)(=O)C(F)(F)F)C(F)(F)F,173,920,0.19885085874516517
Cc1ccccc1,CCCC[N+]1(C)CCCC1.O=S(=O)([N-]S(=O)(=O)C(F)(F)F)C(F)(F)F,333.1,1.29,CCCC[N+]1(C)CCCC1.O=S(=O)([N-]S(=O)(=O)C(F)(F)F)C(F)(F)F,173,921,0.25464221837358075
Cc1ccccc1,CCCC[N+]1(C)CCCC1.O=S(=O)([N-]S(=O)(=O)C(F)(F)F)C(F)(F)F,353.1,1.37,CCCC[N+]1(C)CCCC1.O=S(=O)([N-]S(=O)(=O)C(F)(F)F)C(F)(F)F,173,922,0.3148107398400336
Cc1ccccc1,CCCC[n+]1ccn(C)c1.F[B-](F)(F)F,313.1,3.28,CCCC[n+]1ccn(C)c1.F[B-](F)(F)F,174,923,1.1878434223960523
Cc1ccccc1,CCCC[n+]1ccn(C)c1.F[B-](F)(F)F,333.1,3.33,CCCC[n+]1ccn(C)c1.F[B-](F)(F)F,174,924,1.2029723039923526
Cc1ccccc1,CCCC[n+]1ccn(C)c1.F[B-](F)(F)F,353.1,3.4,CCCC[n+]1ccn(C)c1.F[B-](F)(F)F,174,925,1.2237754316221157
Cc1ccccc1,CCCC[n+]1ccc(C)cc1.F[B-](F)(F)F,313.1,2.66,CCCC[n+]1ccc(C)cc1.F[B-](F)(F)F,175,926,0.9783261227936078
Cc1ccccc1,CCCC[n+]1ccc(C)cc1.F[B-](F)(F)F,333.1,2.69,CCCC[n+]1ccc(C)cc1.F[B-](F)(F)F,175,927,0.9895411936137477
Cc1ccccc1,CCCC[n+]1ccc(C)cc1.F[B-](F)(F)F,353.1,2.73,CCCC[n+]1ccc(C)cc1.F[B-](F)(F)F,175,928,1.0043016091968684
Cc1ccccc1,C=CC(=O)OCCCn1cc[n+](C)c1.[Br-],313.15,12.94,C=CC(=O)OCCCn1cc[n+](C)c1.[Br-],176,929,2.5603232890727545
Cc1ccccc1,C=CC(=O)OCCCn1cc[n+](C)c1.[Br-],323.15,12.09,C=CC(=O)OCCCn1cc[n+](C)c1.[Br-],176,930,2.492378664626701
Cc1ccccc1,CCCCCC[n+]1ccn(C)c1.F[B-](F)(F)F,343.0,2.61,CCCCCC[n+]1ccn(C)c1.F[B-](F)(F)F,177,931,0.959350221334602
Cc1ccccc1,C=CC[n+]1ccn(CCCCCCCCCC)c1.[Br-],323.15,1.85,C=CC[n+]1ccn(CCCCCCCCCC)c1.[Br-],178,932,0.6151856390902335
Cc1ccccc1,C=CC[n+]1ccn(CCCCCCCC)c1.[Br-],323.15,1.92,C=CC[n+]1ccn(CCCCCCCC)c1.[Br-],179,933,0.6523251860396901
Cc1ccccc1,C=CC[n+]1ccn(C)c1.[Br-],323.15,6.19,C=CC[n+]1ccn(C)c1.[Br-],180,934,1.8229350866965048
Cc1ccccc1,CCCCCCCC[n+]1ccn(CCCB(O)O)c1.[Br-],323.15,2.41,CCCCCCCC[n+]1ccn(CCCB(O)O)c1.[Br-],181,935,0.8796267475025636
Cc1ccccc1,CCCCCCCCCCCC[n+]1ccn(CCCB(O)O)c1.[Br-],323.15,3.36,CCCCCCCCCCCC[n+]1ccn(CCCB(O)O)c1.[Br-],182,936,1.2119409739751128
Cc1ccccc1,C=CC[n+]1ccn(CCCCCCCCCCCC)c1.[Br-],323.15,1.38,C=CC[n+]1ccn(CCCCCCCCCCCC)c1.[Br-],183,937,0.3220834991691132
Cc1ccccc1,CCCCCCCCCC[n+]1ccn(CCCB(O)O)c1.[Br-],323.15,1.8,CCCCCCCCCC[n+]1ccn(CCCB(O)O)c1.[Br-],184,938,0.5877866649021191
Cc1ccccc1,C=C(C)C(=O)OCCCCCCn1cc[n+](C)c1.[Br-],313.15,3.33,C=C(C)C(=O)OCCCCCCn1cc[n+](C)c1.[Br-],185,939,1.2029723039923526
Cc1ccccc1,CCCC[NH3+].O=[N+]([O-])[O-],298.15,7.62,CCCC[NH3+].O=[N+]([O-])[O-],186,940,2.030776369698555
Cc1ccccc1,C[N+]1(CCCCCCCCC[N+]2(C)CCOCC2)CCOCC1.O=S(=O)([N-]S(=O)(=O)C(F)(F)F)C(F)(F)F.O=S(=O)([N-]S(=O)(=O)C(F)(F)F)C(F)(F)F,308.0,0.37,C[N+]1(CCCCCCCCC[N+]2(C)CCOCC2)CCOCC1.O=S(=O)([N-]S(=O)(=O)C(F)(F)F)C(F)(F)F.O=S(=O)([N-]S(=O)(=O)C(F)(F)F)C(F)(F)F,187,941,-0.9942522733438669
Cc1ccccc1,C[N+]1(CCCCCCCCC[N+]2(C)CCOCC2)CCOCC1.O=S(=O)([N-]S(=O)(=O)C(F)(F)F)C(F)(F)F.O=S(=O)([N-]S(=O)(=O)C(F)(F)F)C(F)(F)F,313.0,0.38,C[N+]1(CCCCCCCCC[N+]2(C)CCOCC2)CCOCC1.O=S(=O)([N-]S(=O)(=O)C(F)(F)F)C(F)(F)F.O=S(=O)([N-]S(=O)(=O)C(F)(F)F)C(F)(F)F,187,942,-0.9675840262617056
Cc1ccccc1,C[N+]1(CCCCCCCCC[N+]2(C)CCOCC2)CCOCC1.O=S(=O)([N-]S(=O)(=O)C(F)(F)F)C(F)(F)F.O=S(=O)([N-]S(=O)(=O)C(F)(F)F)C(F)(F)F,318.0,0.387,C[N+]1(CCCCCCCCC[N+]2(C)CCOCC2)CCOCC1.O=S(=O)([N-]S(=O)(=O)C(F)(F)F)C(F)(F)F.O=S(=O)([N-]S(=O)(=O)C(F)(F)F)C(F)(F)F,187,943,-0.9493305859523552
Cc1ccccc1,C[N+]1(CCCCCCCCC[N+]2(C)CCOCC2)CCOCC1.O=S(=O)([N-]S(=O)(=O)C(F)(F)F)C(F)(F)F.O=S(=O)([N-]S(=O)(=O)C(F)(F)F)C(F)(F)F,323.0,0.394,C[N+]1(CCCCCCCCC[N+]2(C)CCOCC2)CCOCC1.O=S(=O)([N-]S(=O)(=O)C(F)(F)F)C(F)(F)F.O=S(=O)([N-]S(=O)(=O)C(F)(F)F)C(F)(F)F,187,944,-0.9314043696842031
Cc1ccccc1,CC[N+]1(CCCCCCCCC[N+]2(CC)CCOCC2)CCOCC1.O=S(=O)([N-]S(=O)(=O)C(F)(F)F)C(F)(F)F.O=S(=O)([N-]S(=O)(=O)C(F)(F)F)C(F)(F)F,308.0,0.283,CC[N+]1(CCCCCCCCC[N+]2(CC)CCOCC2)CCOCC1.O=S(=O)([N-]S(=O)(=O)C(F)(F)F)C(F)(F)F.O=S(=O)([N-]S(=O)(=O)C(F)(F)F)C(F)(F)F,188,945,-1.2623083813388996
Cc1ccccc1,CC[N+]1(CCCCCCCCC[N+]2(CC)CCOCC2)CCOCC1.O=S(=O)([N-]S(=O)(=O)C(F)(F)F)C(F)(F)F.O=S(=O)([N-]S(=O)(=O)C(F)(F)F)C(F)(F)F,313.0,0.294,CC[N+]1(CCCCCCCCC[N+]2(CC)CCOCC2)CCOCC1.O=S(=O)([N-]S(=O)(=O)C(F)(F)F)C(F)(F)F.O=S(=O)([N-]S(=O)(=O)C(F)(F)F)C(F)(F)F,188,946,-1.2241755116434554
Cc1ccccc1,CC[N+]1(CCCCCCCCC[N+]2(CC)CCOCC2)CCOCC1.O=S(=O)([N-]S(=O)(=O)C(F)(F)F)C(F)(F)F.O=S(=O)([N-]S(=O)(=O)C(F)(F)F)C(F)(F)F,318.0,0.311,CC[N+]1(CCCCCCCCC[N+]2(CC)CCOCC2)CCOCC1.O=S(=O)([N-]S(=O)(=O)C(F)(F)F)C(F)(F)F.O=S(=O)([N-]S(=O)(=O)C(F)(F)F)C(F)(F)F,188,947,-1.1679623668029029
Cc1ccccc1,CC[N+]1(CCCCCCCCC[N+]2(CC)CCOCC2)CCOCC1.O=S(=O)([N-]S(=O)(=O)C(F)(F)F)C(F)(F)F.O=S(=O)([N-]S(=O)(=O)C(F)(F)F)C(F)(F)F,323.0,0.324,CC[N+]1(CCCCCCCCC[N+]2(CC)CCOCC2)CCOCC1.O=S(=O)([N-]S(=O)(=O)C(F)(F)F)C(F)(F)F.O=S(=O)([N-]S(=O)(=O)C(F)(F)F)C(F)(F)F,188,948,-1.1270117631898076
Cc1ccccc1,CC[N+]1(CCCCCCCCCCCC[N+]2(CC)CCOCC2)CCOCC1.O=S(=O)([N-]S(=O)(=O)C(F)(F)F)C(F)(F)F.O=S(=O)([N-]S(=O)(=O)C(F)(F)F)C(F)(F)F,308.0,0.441,CC[N+]1(CCCCCCCCCCCC[N+]2(CC)CCOCC2)CCOCC1.O=S(=O)([N-]S(=O)(=O)C(F)(F)F)C(F)(F)F.O=S(=O)([N-]S(=O)(=O)C(F)(F)F)C(F)(F)F,189,949,-0.818710403535291
Cc1ccccc1,CC[N+]1(CCCCCCCCCCCC[N+]2(CC)CCOCC2)CCOCC1.O=S(=O)([N-]S(=O)(=O)C(F)(F)F)C(F)(F)F.O=S(=O)([N-]S(=O)(=O)C(F)(F)F)C(F)(F)F,313.0,0.462,CC[N+]1(CCCCCCCCCCCC[N+]2(CC)CCOCC2)CCOCC1.O=S(=O)([N-]S(=O)(=O)C(F)(F)F)C(F)(F)F.O=S(=O)([N-]S(=O)(=O)C(F)(F)F)C(F)(F)F,189,950,-0.7721903879003982
Cc1ccccc1,CC[N+]1(CCCCCCCCCCCC[N+]2(CC)CCOCC2)CCOCC1.O=S(=O)([N-]S(=O)(=O)C(F)(F)F)C(F)(F)F.O=S(=O)([N-]S(=O)(=O)C(F)(F)F)C(F)(F)F,318.0,0.444,CC[N+]1(CCCCCCCCCCCC[N+]2(CC)CCOCC2)CCOCC1.O=S(=O)([N-]S(=O)(=O)C(F)(F)F)C(F)(F)F.O=S(=O)([N-]S(=O)(=O)C(F)(F)F)C(F)(F)F,189,951,-0.8119307165499123
Cc1ccccc1,CC[N+]1(CCCCCCCCCCCC[N+]2(CC)CCOCC2)CCOCC1.O=S(=O)([N-]S(=O)(=O)C(F)(F)F)C(F)(F)F.O=S(=O)([N-]S(=O)(=O)C(F)(F)F)C(F)(F)F,323.0,0.438,CC[N+]1(CCCCCCCCCCCC[N+]2(CC)CCOCC2)CCOCC1.O=S(=O)([N-]S(=O)(=O)C(F)(F)F)C(F)(F)F.O=S(=O)([N-]S(=O)(=O)C(F)(F)F)C(F)(F)F,189,952,-0.8255363686056909
Cc1ccccc1,C[N+]1(CCCCCCCCCCCC[N+]2(C)CCOCC2)CCOCC1.O=S(=O)([N-]S(=O)(=O)C(F)(F)F)C(F)(F)F.O=S(=O)([N-]S(=O)(=O)C(F)(F)F)C(F)(F)F,308.0,0.214,C[N+]1(CCCCCCCCCCCC[N+]2(C)CCOCC2)CCOCC1.O=S(=O)([N-]S(=O)(=O)C(F)(F)F)C(F)(F)F.O=S(=O)([N-]S(=O)(=O)C(F)(F)F)C(F)(F)F,190,953,-1.5417792639602856
Cc1ccccc1,C[N+]1(CCCCCCCCCCCC[N+]2(C)CCOCC2)CCOCC1.O=S(=O)([N-]S(=O)(=O)C(F)(F)F)C(F)(F)F.O=S(=O)([N-]S(=O)(=O)C(F)(F)F)C(F)(F)F,313.0,0.222,C[N+]1(CCCCCCCCCCCC[N+]2(C)CCOCC2)CCOCC1.O=S(=O)([N-]S(=O)(=O)C(F)(F)F)C(F)(F)F.O=S(=O)([N-]S(=O)(=O)C(F)(F)F)C(F)(F)F,190,954,-1.5050778971098575
Cc1ccccc1,C[N+]1(CCCCCCCCCCCC[N+]2(C)CCOCC2)CCOCC1.O=S(=O)([N-]S(=O)(=O)C(F)(F)F)C(F)(F)F.O=S(=O)([N-]S(=O)(=O)C(F)(F)F)C(F)(F)F,318.0,0.24,C[N+]1(CCCCCCCCCCCC[N+]2(C)CCOCC2)CCOCC1.O=S(=O)([N-]S(=O)(=O)C(F)(F)F)C(F)(F)F.O=S(=O)([N-]S(=O)(=O)C(F)(F)F)C(F)(F)F,190,955,-1.4271163556401458
Cc1ccccc1,C[N+]1(CCCCCCCCCCCC[N+]2(C)CCOCC2)CCOCC1.O=S(=O)([N-]S(=O)(=O)C(F)(F)F)C(F)(F)F.O=S(=O)([N-]S(=O)(=O)C(F)(F)F)C(F)(F)F,323.0,0.246,C[N+]1(CCCCCCCCCCCC[N+]2(C)CCOCC2)CCOCC1.O=S(=O)([N-]S(=O)(=O)C(F)(F)F)C(F)(F)F.O=S(=O)([N-]S(=O)(=O)C(F)(F)F)C(F)(F)F,190,956,-1.4024237430497744
Cc1ccccc1,CCCC[n+]1ccn(C)c1.N#C[S-],298.15,3.4,CCCC[n+]1ccn(C)c1.N#C[S-],191,957,1.2237754316221157
Cc1ccccc1,CCCC[n+]1ccn(C)c1.N#C[S-],308.15,3.48,CCCC[n+]1ccn(C)c1.N#C[S-],191,958,1.247032293786383
Cc1ccccc1,CCCC[n+]1ccn(C)c1.N#C[S-],318.15,3.52,CCCC[n+]1ccn(C)c1.N#C[S-],191,959,1.2584609896100056
Cc1ccccc1,CCCC[n+]1ccn(C)c1.N#C[S-],328.15,3.53,CCCC[n+]1ccn(C)c1.N#C[S-],191,960,1.2612978709452054
Cc1ccccc1,CCCC[n+]1ccn(C)c1.N#C[S-],338.15,3.55,CCCC[n+]1ccn(C)c1.N#C[S-],191,961,1.2669476034873244
Cc1ccccc1,CCCC[n+]1ccn(C)c1.N#C[S-],348.15,3.59,CCCC[n+]1ccn(C)c1.N#C[S-],191,962,1.2781522025001875
Cc1ccccc1,CCCC[n+]1ccn(C)c1.N#C[S-],358.15,3.62,CCCC[n+]1ccn(C)c1.N#C[S-],191,963,1.2864740258376797
Cc1ccccc1,CCCC[n+]1ccn(C)c1.N#C[S-],368.15,3.65,CCCC[n+]1ccn(C)c1.N#C[S-],191,964,1.2947271675944
Cc1ccccc1,CC(C)C[P+](C)(CC(C)C)CC(C)C.Cc1ccc(S(=O)(=O)[O-])cc1,298.15,1.94,CC(C)C[P+](C)(CC(C)C)CC(C)C.Cc1ccc(S(=O)(=O)[O-])cc1,192,965,0.6626879730752367
Cc1ccccc1,CC(C)C[P+](C)(CC(C)C)CC(C)C.Cc1ccc(S(=O)(=O)[O-])cc1,308.15,1.81,CC(C)C[P+](C)(CC(C)C)CC(C)C.Cc1ccc(S(=O)(=O)[O-])cc1,192,966,0.5933268452777344
Cc1ccccc1,CC(C)C[P+](C)(CC(C)C)CC(C)C.Cc1ccc(S(=O)(=O)[O-])cc1,318.15,1.78,CC(C)C[P+](C)(CC(C)C)CC(C)C.Cc1ccc(S(=O)(=O)[O-])cc1,192,967,0.5766133643039938
Cc1ccccc1,CC(C)C[P+](C)(CC(C)C)CC(C)C.Cc1ccc(S(=O)(=O)[O-])cc1,328.15,1.69,CC(C)C[P+](C)(CC(C)C)CC(C)C.Cc1ccc(S(=O)(=O)[O-])cc1,192,968,0.5247285289349821
Cc1ccccc1,CC(C)C[P+](C)(CC(C)C)CC(C)C.Cc1ccc(S(=O)(=O)[O-])cc1,338.15,1.66,CC(C)C[P+](C)(CC(C)C)CC(C)C.Cc1ccc(S(=O)(=O)[O-])cc1,192,969,0.5068176023684519
Cc1ccccc1,CC(C)C[P+](C)(CC(C)C)CC(C)C.Cc1ccc(S(=O)(=O)[O-])cc1,348.15,1.65,CC(C)C[P+](C)(CC(C)C)CC(C)C.Cc1ccc(S(=O)(=O)[O-])cc1,192,970,0.5007752879124892
Cc1ccccc1,CC(C)C[P+](C)(CC(C)C)CC(C)C.Cc1ccc(S(=O)(=O)[O-])cc1,358.15,1.64,CC(C)C[P+](C)(CC(C)C)CC(C)C.Cc1ccc(S(=O)(=O)[O-])cc1,192,971,0.494696241836107
Cc1ccccc1,CC(C)C[P+](C)(CC(C)C)CC(C)C.Cc1ccc(S(=O)(=O)[O-])cc1,368.15,1.61,CC(C)C[P+](C)(CC(C)C)CC(C)C.Cc1ccc(S(=O)(=O)[O-])cc1,192,972,0.4762341789963717
Cc1ccccc1,CCCC[N+]1(C)CCCC1.O=S(=O)([O-])C(F)(F)F,298.15,2.16,CCCC[N+]1(C)CCCC1.O=S(=O)([O-])C(F)(F)F,193,973,0.7701082216960737
Cc1ccccc1,CCCC[N+]1(C)CCCC1.O=S(=O)([O-])C(F)(F)F,308.15,2.19,CCCC[N+]1(C)CCCC1.O=S(=O)([O-])C(F)(F)F,193,974,0.7839015438284094
Cc1ccccc1,CCCC[N+]1(C)CCCC1.O=S(=O)([O-])C(F)(F)F,318.15,2.22,CCCC[N+]1(C)CCCC1.O=S(=O)([O-])C(F)(F)F,193,975,0.7975071958841882
Cc1ccccc1,CCCC[N+]1(C)CCCC1.O=S(=O)([O-])C(F)(F)F,328.15,2.25,CCCC[N+]1(C)CCCC1.O=S(=O)([O-])C(F)(F)F,193,976,0.8109302162163288
Cc1ccccc1,CCCC[N+]1(C)CCCC1.O=S(=O)([O-])C(F)(F)F,338.15,2.27,CCCC[N+]1(C)CCCC1.O=S(=O)([O-])C(F)(F)F,193,977,0.8197798314933114
Cc1ccccc1,CCCC[N+]1(C)CCCC1.O=S(=O)([O-])C(F)(F)F,348.15,2.3,CCCC[N+]1(C)CCCC1.O=S(=O)([O-])C(F)(F)F,193,978,0.8329091229351039
Cc1ccccc1,CCCC[N+]1(C)CCCC1.O=S(=O)([O-])C(F)(F)F,358.15,2.32,CCCC[N+]1(C)CCCC1.O=S(=O)([O-])C(F)(F)F,193,979,0.8415671856782185
Cc1ccccc1,CCCC[N+]1(C)CCCC1.O=S(=O)([O-])C(F)(F)F,368.15,2.35,CCCC[N+]1(C)CCCC1.O=S(=O)([O-])C(F)(F)F,193,980,0.8544153281560676
Cc1ccccc1,CCCCCCCCCCCCCC[P+](CCCCCC)(CCCCCC)CCCCCC.F[P-](F)(F)(F)(F)F,313.15,0.793,CCCCCCCCCCCCCC[P+](CCCCCC)(CCCCCC)CCCCCC.F[P-](F)(F)(F)(F)F,194,981,-0.23193205734728903
Cc1ccccc1,CCCCCCCCCCCCCC[P+](CCCCCC)(CCCCCC)CCCCCC.F[P-](F)(F)(F)(F)F,333.15,0.655,CCCCCCCCCCCCCC[P+](CCCCCC)(CCCCCC)CCCCCC.F[P-](F)(F)(F)(F)F,194,982,-0.4231200433468851
Cc1ccccc1,CCCCCCCCCCCCCC[P+](CCCCCC)(CCCCCC)CCCCCC.F[P-](F)(F)(F)(F)F,353.15,0.538,CCCCCCCCCCCCCC[P+](CCCCCC)(CCCCCC)CCCCCC.F[P-](F)(F)(F)(F)F,194,983,-0.6198967188203526
Cc1ccccc1,CCCCCCCCCCCCCC[P+](CCCCCC)(CCCCCC)CCCCCC.F[P-](F)(F)(F)(F)F,363.15,0.511,CCCCCCCCCCCCCC[P+](CCCCCC)(CCCCCC)CCCCCC.F[P-](F)(F)(F)(F)F,194,984,-0.6713856887784326
Cc1ccccc1,CCCCCCCCn1cc[n+](C)c1.O=[N+]([O-])[O-],303.15,1.41,CCCCCCCCn1cc[n+](C)c1.O=[N+]([O-])[O-],195,985,0.34358970439007686
Cc1ccccc1,CCCCCCCCn1cc[n+](C)c1.O=[N+]([O-])[O-],313.15,1.41,CCCCCCCCn1cc[n+](C)c1.O=[N+]([O-])[O-],195,986,0.34358970439007686
Cc1ccccc1,CCCCCCCCn1cc[n+](C)c1.O=[N+]([O-])[O-],323.15,1.42,CCCCCCCCn1cc[n+](C)c1.O=[N+]([O-])[O-],195,987,0.35065687161316933
Cc1ccccc1,CCCCCCCCn1cc[n+](C)c1.O=[N+]([O-])[O-],333.15,1.43,CCCCCCCCn1cc[n+](C)c1.O=[N+]([O-])[O-],195,988,0.3576744442718159
Cc1ccccc1,CCCCCCCCn1cc[n+](C)c1.O=[N+]([O-])[O-],343.15,1.44,CCCCCCCCn1cc[n+](C)c1.O=[N+]([O-])[O-],195,989,0.36464311358790924
Cc1ccccc1,CCCCCCCCn1cc[n+](C)c1.O=[N+]([O-])[O-],353.15,1.45,CCCCCCCCn1cc[n+](C)c1.O=[N+]([O-])[O-],195,990,0.371563556432483
Cc1ccccc1,CCCCCCCCn1cc[n+](C)c1.O=[N+]([O-])[O-],363.15,1.46,CCCCCCCCn1cc[n+](C)c1.O=[N+]([O-])[O-],195,991,0.37843643572024505
Cc1ccccc1,CC[n+]1ccn(C)c1.F[B-](F)(F)F,303.15,3.678,CC[n+]1ccn(C)c1.F[B-](F)(F)F,196,992,1.3023691261821293
Cc1ccccc1,CC[n+]1ccn(C)c1.F[B-](F)(F)F,313.15,3.659,CC[n+]1ccn(C)c1.F[B-](F)(F)F,196,993,1.2971898860370696
Cc1ccccc1,CC[n+]1ccn(C)c1.F[B-](F)(F)F,323.15,3.615,CC[n+]1ccn(C)c1.F[B-](F)(F)F,196,994,1.285091855610728
Cc1ccccc1,CC[n+]1ccn(C)c1.F[B-](F)(F)F,333.15,3.56,CC[n+]1ccn(C)c1.F[B-](F)(F)F,196,995,1.269760544863939
Cc1ccccc1,CC[n+]1ccn(C)c1.F[B-](F)(F)F,343.15,3.516,CC[n+]1ccn(C)c1.F[B-](F)(F)F,196,996,1.2573239798229305
Cc1ccccc1,CC[n+]1ccn(C)c1.F[B-](F)(F)F,353.15,3.482,CC[n+]1ccn(C)c1.F[B-](F)(F)F,196,997,1.2476068413459973
Cc1ccccc1,CC[n+]1ccn(C)c1.F[B-](F)(F)F,363.15,3.399,CC[n+]1ccn(C)c1.F[B-](F)(F)F,196,998,1.223481270713979
Cc1ccccc1,CCCn1cc[n+](C)c1C.F[B-](F)(F)F,303.15,7.082,CCCn1cc[n+](C)c1C.F[B-](F)(F)F,197,999,1.957556353689712
Cc1ccccc1,CCCn1cc[n+](C)c1C.F[B-](F)(F)F,313.15,6.048,CCCn1cc[n+](C)c1C.F[B-](F)(F)F,197,1000,1.7997276388772319
Cc1ccccc1,CCCn1cc[n+](C)c1C.F[B-](F)(F)F,323.15,5.351,CCCn1cc[n+](C)c1C.F[B-](F)(F)F,197,1001,1.6772834593291677
Cc1ccccc1,CCCn1cc[n+](C)c1C.F[B-](F)(F)F,333.15,4.594,CCCn1cc[n+](C)c1C.F[B-](F)(F)F,197,1002,1.5247511042669066
Cc1ccccc1,CCCn1cc[n+](C)c1C.F[B-](F)(F)F,343.15,4.323,CCCn1cc[n+](C)c1C.F[B-](F)(F)F,197,1003,1.4639496056854948
Cc1ccccc1,CCCn1cc[n+](C)c1C.F[B-](F)(F)F,353.15,3.861,CCCn1cc[n+](C)c1C.F[B-](F)(F)F,197,1004,1.3509262172820993
Cc1ccccc1,CCCn1cc[n+](C)c1C.F[B-](F)(F)F,363.15,3.514,CCCn1cc[n+](C)c1C.F[B-](F)(F)F,197,1005,1.2567549897649053
Cc1ccccc1,CCCCCC[n+]1ccn(C)c1.O=S(=O)([O-])C(F)(F)F,303.15,1.981,CCCCCC[n+]1ccn(C)c1.O=S(=O)([O-])C(F)(F)F,198,1006,0.6836017677164139
Cc1ccccc1,CCCCCC[n+]1ccn(C)c1.O=S(=O)([O-])C(F)(F)F,313.15,2.029,CCCCCC[n+]1ccn(C)c1.O=S(=O)([O-])C(F)(F)F,198,1007,0.7075430608436777
Cc1ccccc1,CCCCCC[n+]1ccn(C)c1.O=S(=O)([O-])C(F)(F)F,323.15,2.065,CCCCCC[n+]1ccn(C)c1.O=S(=O)([O-])C(F)(F)F,198,1008,0.7251302264129961
Cc1ccccc1,CCCCCC[n+]1ccn(C)c1.O=S(=O)([O-])C(F)(F)F,333.15,2.141,CCCCCC[n+]1ccn(C)c1.O=S(=O)([O-])C(F)(F)F,198,1009,0.7612730096075457
Cc1ccccc1,CCCCCC[n+]1ccn(C)c1.O=S(=O)([O-])C(F)(F)F,343.15,2.198,CCCCCC[n+]1ccn(C)c1.O=S(=O)([O-])C(F)(F)F,198,1010,0.7875478559814296
Cc1ccccc1,CCCCCC[n+]1ccn(C)c1.O=S(=O)([O-])C(F)(F)F,353.15,2.249,CCCCCC[n+]1ccn(C)c1.O=S(=O)([O-])C(F)(F)F,198,1011,0.8104856729771787
Cc1ccccc1,CCCCCC[n+]1ccn(C)c1.O=S(=O)([O-])C(F)(F)F,363.15,2.266,CCCCCC[n+]1ccn(C)c1.O=S(=O)([O-])C(F)(F)F,198,1012,0.8180161626058146
Cc1ccccc1,Cn1cc[n+](CCO)c1.F[B-](F)(F)F,303.15,18.3,Cn1cc[n+](CCO)c1.F[B-](F)(F)F,199,1013,2.9069010598473755
Cc1ccccc1,Cn1cc[n+](CCO)c1.F[B-](F)(F)F,313.15,18.0,Cn1cc[n+](CCO)c1.F[B-](F)(F)F,199,1014,2.8903717578961645
Cc1ccccc1,Cn1cc[n+](CCO)c1.F[B-](F)(F)F,323.15,17.7,Cn1cc[n+](CCO)c1.F[B-](F)(F)F,199,1015,2.8735646395797834
Cc1ccccc1,Cn1cc[n+](CCO)c1.F[B-](F)(F)F,333.15,17.5,Cn1cc[n+](CCO)c1.F[B-](F)(F)F,199,1016,2.8622008809294686
Cc1ccccc1,Cn1cc[n+](CCO)c1.F[B-](F)(F)F,343.15,17.3,Cn1cc[n+](CCO)c1.F[B-](F)(F)F,199,1017,2.8507065015037334
Cc1ccccc1,Cn1cc[n+](CCO)c1.F[B-](F)(F)F,353.15,17.2,Cn1cc[n+](CCO)c1.F[B-](F)(F)F,199,1018,2.8449093838194073
Cc1ccccc1,Cn1cc[n+](CCO)c1.F[B-](F)(F)F,363.15,16.9,Cn1cc[n+](CCO)c1.F[B-](F)(F)F,199,1019,2.8273136219290276
Cc1ccccc1,CCCCCC[n+]1ccn(C)c1.N#C[B-](C#N)(C#N)C#N,318.15,0.975,CCCCCC[n+]1ccn(C)c1.N#C[B-](C#N)(C#N)C#N,200,1020,-0.025317807984289897
Cc1ccccc1,CCCCCC[n+]1ccn(C)c1.N#C[B-](C#N)(C#N)C#N,328.15,0.993,CCCCCC[n+]1ccn(C)c1.N#C[B-](C#N)(C#N)C#N,200,1021,-0.007024614936964466
Cc1ccccc1,CCCCCC[n+]1ccn(C)c1.N#C[B-](C#N)(C#N)C#N,338.15,1.02,CCCCCC[n+]1ccn(C)c1.N#C[B-](C#N)(C#N)C#N,200,1022,0.01980262729617973
Cc1ccccc1,CCCCCC[n+]1ccn(C)c1.N#C[B-](C#N)(C#N)C#N,348.15,1.04,CCCCCC[n+]1ccn(C)c1.N#C[B-](C#N)(C#N)C#N,200,1023,0.03922071315328133
Cc1ccccc1,CCCCCC[n+]1ccn(C)c1.N#C[B-](C#N)(C#N)C#N,358.15,1.06,CCCCCC[n+]1ccn(C)c1.N#C[B-](C#N)(C#N)C#N,200,1024,0.058268908123975824
Cc1ccccc1,CCCCCC[n+]1ccn(C)c1.N#C[B-](C#N)(C#N)C#N,368.15,1.08,CCCCCC[n+]1ccn(C)c1.N#C[B-](C#N)(C#N)C#N,200,1025,0.0769610411361284
Cc1ccccc1,CCCC[n+]1ccn(C)c1.N#C[N-]C#N,318.15,2.89,CCCC[n+]1ccn(C)c1.N#C[N-]C#N,201,1026,1.0612565021243408
Cc1ccccc1,CCCC[n+]1ccn(C)c1.N#C[N-]C#N,328.15,3.01,CCCC[n+]1ccn(C)c1.N#C[N-]C#N,201,1027,1.1019400787607843
Cc1ccccc1,CCCC[n+]1ccn(C)c1.N#C[N-]C#N,338.15,3.15,CCCC[n+]1ccn(C)c1.N#C[N-]C#N,201,1028,1.1474024528375417
Cc1ccccc1,CCCC[n+]1ccn(C)c1.N#C[N-]C#N,348.15,3.27,CCCC[n+]1ccn(C)c1.N#C[N-]C#N,201,1029,1.184789984909162
Cc1ccccc1,CCCC[n+]1ccn(C)c1.N#C[N-]C#N,358.15,3.4,CCCC[n+]1ccn(C)c1.N#C[N-]C#N,201,1030,1.2237754316221157
Cc1ccccc1,CCCC[n+]1ccn(C)c1.N#C[N-]C#N,368.15,3.54,CCCC[n+]1ccn(C)c1.N#C[N-]C#N,201,1031,1.264126727145683
Cc1ccccc1,CCCCCCCC[N+](C)(CCCCCCCC)CCCCCCCC.O=S(=O)([N-]S(=O)(=O)C(F)(F)F)C(F)(F)F,303.15,0.51,CCCCCCCC[N+](C)(CCCCCCCC)CCCCCCCC.O=S(=O)([N-]S(=O)(=O)C(F)(F)F)C(F)(F)F,202,1032,-0.6733445532637656
Cc1ccccc1,CCCCCCCC[N+](C)(CCCCCCCC)CCCCCCCC.O=S(=O)([N-]S(=O)(=O)C(F)(F)F)C(F)(F)F,303.15,0.51,CCCCCCCC[N+](C)(CCCCCCCC)CCCCCCCC.O=S(=O)([N-]S(=O)(=O)C(F)(F)F)C(F)(F)F,202,1033,-0.6733445532637656
Cc1ccccc1,CCCCCCCC[N+](C)(CCCCCCCC)CCCCCCCC.O=S(=O)([N-]S(=O)(=O)C(F)(F)F)C(F)(F)F,313.15,0.52,CCCCCCCC[N+](C)(CCCCCCCC)CCCCCCCC.O=S(=O)([N-]S(=O)(=O)C(F)(F)F)C(F)(F)F,202,1034,-0.6539264674066639
Cc1ccccc1,CCCCCCCC[N+](C)(CCCCCCCC)CCCCCCCC.O=S(=O)([N-]S(=O)(=O)C(F)(F)F)C(F)(F)F,313.15,0.52,CCCCCCCC[N+](C)(CCCCCCCC)CCCCCCCC.O=S(=O)([N-]S(=O)(=O)C(F)(F)F)C(F)(F)F,202,1035,-0.6539264674066639
Cc1ccccc1,CCCCCCCC[N+](C)(CCCCCCCC)CCCCCCCC.O=S(=O)([N-]S(=O)(=O)C(F)(F)F)C(F)(F)F,323.15,0.53,CCCCCCCC[N+](C)(CCCCCCCC)CCCCCCCC.O=S(=O)([N-]S(=O)(=O)C(F)(F)F)C(F)(F)F,202,1036,-0.6348782724359695
Cc1ccccc1,CCCCCCCC[N+](C)(CCCCCCCC)CCCCCCCC.O=S(=O)([N-]S(=O)(=O)C(F)(F)F)C(F)(F)F,323.15,0.55,CCCCCCCC[N+](C)(CCCCCCCC)CCCCCCCC.O=S(=O)([N-]S(=O)(=O)C(F)(F)F)C(F)(F)F,202,1037,-0.5978370007556204
Cc1ccccc1,COCC[N+]1(C)CCOCC1.O=S(=O)([N-]S(=O)(=O)C(F)(F)F)C(F)(F)F,318.15,2.01,COCC[N+]1(C)CCOCC1.O=S(=O)([N-]S(=O)(=O)C(F)(F)F)C(F)(F)F,203,1038,0.6981347220709843
Cc1ccccc1,COCC[N+]1(C)CCOCC1.O=S(=O)([N-]S(=O)(=O)C(F)(F)F)C(F)(F)F,328.15,2.01,COCC[N+]1(C)CCOCC1.O=S(=O)([N-]S(=O)(=O)C(F)(F)F)C(F)(F)F,203,1039,0.6981347220709843
Cc1ccccc1,COCC[N+]1(C)CCOCC1.O=S(=O)([N-]S(=O)(=O)C(F)(F)F)C(F)(F)F,338.15,2.0,COCC[N+]1(C)CCOCC1.O=S(=O)([N-]S(=O)(=O)C(F)(F)F)C(F)(F)F,203,1040,0.6931471805599453
Cc1ccccc1,COCC[N+]1(C)CCOCC1.O=S(=O)([N-]S(=O)(=O)C(F)(F)F)C(F)(F)F,348.15,1.99,COCC[N+]1(C)CCOCC1.O=S(=O)([N-]S(=O)(=O)C(F)(F)F)C(F)(F)F,203,1041,0.688134638736401
Cc1ccccc1,COCC[N+]1(C)CCOCC1.O=S(=O)([N-]S(=O)(=O)C(F)(F)F)C(F)(F)F,358.15,1.98,COCC[N+]1(C)CCOCC1.O=S(=O)([N-]S(=O)(=O)C(F)(F)F)C(F)(F)F,203,1042,0.6830968447064438
Cc1ccccc1,COCC[N+]1(C)CCOCC1.O=S(=O)([N-]S(=O)(=O)C(F)(F)F)C(F)(F)F,368.15,1.97,COCC[N+]1(C)CCOCC1.O=S(=O)([N-]S(=O)(=O)C(F)(F)F)C(F)(F)F,203,1043,0.6780335427498971
Cc1ccccc1,CCCC[n+]1ccn(C)c1.F[Sb-](F)(F)(F)(F)F,313.15,1.827,CCCC[n+]1ccn(C)c1.F[Sb-](F)(F)(F)(F)F,204,1044,0.6026752773958697
Cc1ccccc1,CCCC[n+]1ccn(C)c1.F[Sb-](F)(F)(F)(F)F,323.15,1.91,CCCC[n+]1ccn(C)c1.F[Sb-](F)(F)(F)(F)F,204,1045,0.6471032420585384
Cc1ccccc1,CCCC[n+]1ccn(C)c1.F[Sb-](F)(F)(F)(F)F,333.15,1.95,CCCC[n+]1ccn(C)c1.F[Sb-](F)(F)(F)(F)F,204,1046,0.6678293725756554
Cc1ccccc1,CCOS(=O)(=O)[O-].CC[n+]1ccn(C)c1,312.3,5.77,CCOS(=O)(=O)[O-].CC[n+]1ccn(C)c1,205,1047,1.7526720805200082
Cc1ccccc1,CCOS(=O)(=O)[O-].CC[n+]1ccn(C)c1,323.0,5.62,CCOS(=O)(=O)[O-].CC[n+]1ccn(C)c1,205,1048,1.7263316639055997
Cc1ccccc1,CCOS(=O)(=O)[O-].CC[n+]1ccn(C)c1,333.5,5.45,CCOS(=O)(=O)[O-].CC[n+]1ccn(C)c1,205,1049,1.6956156086751528
Cc1ccccc1,CCOS(=O)(=O)[O-].CC[n+]1ccn(C)c1,343.9,5.29,CCOS(=O)(=O)[O-].CC[n+]1ccn(C)c1,205,1050,1.665818245870208
Cc1ccccc1,CCOS(=O)(=O)[O-].CC[n+]1ccn(C)c1,354.4,5.08,CCOS(=O)(=O)[O-].CC[n+]1ccn(C)c1,205,1051,1.6253112615903906
Cc1ccccc1,CCOS(=O)(=O)[O-].CC[n+]1ccn(C)c1,364.7,4.88,CCOS(=O)(=O)[O-].CC[n+]1ccn(C)c1,205,1052,1.5851452198650557
Cc1ccccc1,CCCC[n+]1ccn(C)c1.O=S(=O)([O-])O,313.0,8.51,CCCC[n+]1ccn(C)c1.O=S(=O)([O-])O,206,1053,2.1412419425852827
Cc1ccccc1,CCCC[n+]1ccn(C)c1.O=S(=O)([O-])O,333.0,9.22,CCCC[n+]1ccn(C)c1.O=S(=O)([O-])O,206,1054,2.2213750375685026
Cc1ccccc1,CCCC[n+]1ccn(C)c1.O=S(=O)([O-])O,353.0,9.7,CCCC[n+]1ccn(C)c1.O=S(=O)([O-])O,206,1055,2.272125885509337
Cc1ccccc1,CCCC[n+]1ccn(C)c1.O=S(=O)([O-])O,373.0,11.1,CCCC[n+]1ccn(C)c1.O=S(=O)([O-])O,206,1056,2.4069451083182885
Cc1ccccc1,CCCC[n+]1ccn(C)c1.O=S(=O)([O-])O,393.0,13.0,CCCC[n+]1ccn(C)c1.O=S(=O)([O-])O,206,1057,2.5649493574615367
Cc1ccccc1,CCCC[n+]1ccn(C)c1.O=S(=O)([O-])O,413.0,13.9,CCCC[n+]1ccn(C)c1.O=S(=O)([O-])O,206,1058,2.631888840136646
Cc1ccccc1,C[n+]1ccn(C[Si](C)(C)C)c1.[Cl-],313.0,4.1,C[n+]1ccn(C[Si](C)(C)C)c1.[Cl-],207,1059,1.410986973710262
Cc1ccccc1,C[n+]1ccn(C[Si](C)(C)C)c1.[Cl-],333.0,3.8,C[n+]1ccn(C[Si](C)(C)C)c1.[Cl-],207,1060,1.33500106673234
Cc1ccccc1,C[n+]1ccn(C[Si](C)(C)C)c1.[Cl-],353.0,4.07,C[n+]1ccn(C[Si](C)(C)C)c1.[Cl-],207,1061,1.4036429994545037
Cc1ccccc1,C[n+]1ccn(C[Si](C)(C)C)c1.[Cl-],373.0,4.67,C[n+]1ccn(C[Si](C)(C)C)c1.[Cl-],207,1062,1.541159071680806
Cc1ccccc1,C[n+]1ccn(C[Si](C)(C)C)c1.[Cl-],393.0,5.46,C[n+]1ccn(C[Si](C)(C)C)c1.[Cl-],207,1063,1.6974487897568136
Cc1ccccc1,C[n+]1ccn(C[Si](C)(C)C)c1.[Cl-],413.0,6.21,C[n+]1ccn(C[Si](C)(C)C)c1.[Cl-],207,1064,1.8261608959453874
Cc1ccccc1,CCCC[N+]1(C)CCCCC1.N#C[S-],318.15,3.14,CCCC[N+]1(C)CCCCC1.N#C[S-],208,1065,1.144222799920162
Cc1ccccc1,CCCC[N+]1(C)CCCCC1.N#C[S-],328.15,3.16,CCCC[N+]1(C)CCCCC1.N#C[S-],208,1066,1.1505720275988207
Cc1ccccc1,CCCC[N+]1(C)CCCCC1.N#C[S-],338.15,3.19,CCCC[N+]1(C)CCCCC1.N#C[S-],208,1067,1.1600209167967532
Cc1ccccc1,CCCC[N+]1(C)CCCCC1.N#C[S-],348.15,3.21,CCCC[N+]1(C)CCCCC1.N#C[S-],208,1068,1.1662709371419244
Cc1ccccc1,CCCC[N+]1(C)CCCCC1.N#C[S-],358.15,3.23,CCCC[N+]1(C)CCCCC1.N#C[S-],208,1069,1.172482137234565
Cc1ccccc1,Cn1cc[n+](C)c1.O=S(=O)([N-]S(=O)(=O)C(F)(F)F)C(F)(F)F,293.15,2.0,Cn1cc[n+](C)c1.O=S(=O)([N-]S(=O)(=O)C(F)(F)F)C(F)(F)F,209,1070,0.6931471805599453
Cc1ccccc1,Cn1cc[n+](C)c1.O=S(=O)([N-]S(=O)(=O)C(F)(F)F)C(F)(F)F,303.15,2.01,Cn1cc[n+](C)c1.O=S(=O)([N-]S(=O)(=O)C(F)(F)F)C(F)(F)F,209,1071,0.6981347220709843
Cc1ccccc1,Cn1cc[n+](C)c1.O=S(=O)([N-]S(=O)(=O)C(F)(F)F)C(F)(F)F,313.15,2.02,Cn1cc[n+](C)c1.O=S(=O)([N-]S(=O)(=O)C(F)(F)F)C(F)(F)F,209,1072,0.7030975114131134
Cc1ccccc1,Cn1cc[n+](C)c1.O=S(=O)([N-]S(=O)(=O)C(F)(F)F)C(F)(F)F,323.15,2.04,Cn1cc[n+](C)c1.O=S(=O)([N-]S(=O)(=O)C(F)(F)F)C(F)(F)F,209,1073,0.712949807856125
Cc1ccccc1,Cn1cc[n+](C)c1.O=S(=O)([N-]S(=O)(=O)C(F)(F)F)C(F)(F)F,333.15,2.08,Cn1cc[n+](C)c1.O=S(=O)([N-]S(=O)(=O)C(F)(F)F)C(F)(F)F,209,1074,0.7323678937132266
Cc1ccccc1,CCCC[n+]1ccn(C)c1.O=S(=O)([N-]S(=O)(=O)C(F)(F)F)C(F)(F)F,313.0,1.31,CCCC[n+]1ccn(C)c1.O=S(=O)([N-]S(=O)(=O)C(F)(F)F)C(F)(F)F,210,1075,0.2700271372130602
Cc1ccccc1,CCCC[n+]1ccn(C)c1.O=S(=O)([N-]S(=O)(=O)C(F)(F)F)C(F)(F)F,323.0,1.34,CCCC[n+]1ccn(C)c1.O=S(=O)([N-]S(=O)(=O)C(F)(F)F)C(F)(F)F,210,1076,0.29266961396282004
Cc1ccccc1,CCCC[n+]1ccn(C)c1.O=S(=O)([N-]S(=O)(=O)C(F)(F)F)C(F)(F)F,333.0,1.37,CCCC[n+]1ccn(C)c1.O=S(=O)([N-]S(=O)(=O)C(F)(F)F)C(F)(F)F,210,1077,0.3148107398400336
Cc1ccccc1,CCCC[n+]1ccn(C)c1.O=S(=O)([N-]S(=O)(=O)C(F)(F)F)C(F)(F)F,343.0,1.39,CCCC[n+]1ccn(C)c1.O=S(=O)([N-]S(=O)(=O)C(F)(F)F)C(F)(F)F,210,1078,0.3293037471426003
Cc1ccccc1,CCCC[n+]1ccn(C)c1.O=S(=O)([N-]S(=O)(=O)C(F)(F)F)C(F)(F)F,353.0,1.42,CCCC[n+]1ccn(C)c1.O=S(=O)([N-]S(=O)(=O)C(F)(F)F)C(F)(F)F,210,1079,0.35065687161316933
Cc1ccccc1,CCCC[N+](C)(C)C.O=S(=O)([N-]S(=O)(=O)C(F)(F)F)C(F)(F)F,322.75,1.73,CCCC[N+](C)(C)C.O=S(=O)([N-]S(=O)(=O)C(F)(F)F)C(F)(F)F,211,1080,0.5481214085096876
Cc1ccccc1,CCCC[N+](C)(C)C.O=S(=O)([N-]S(=O)(=O)C(F)(F)F)C(F)(F)F,333.25,1.71,CCCC[N+](C)(C)C.O=S(=O)([N-]S(=O)(=O)C(F)(F)F)C(F)(F)F,211,1081,0.5364933705145685
Cc1ccccc1,CCCC[N+](C)(C)C.O=S(=O)([N-]S(=O)(=O)C(F)(F)F)C(F)(F)F,343.65,1.7,CCCC[N+](C)(C)C.O=S(=O)([N-]S(=O)(=O)C(F)(F)F)C(F)(F)F,211,1082,0.5306282510621704
Cc1ccccc1,CCCC[N+](C)(C)C.O=S(=O)([N-]S(=O)(=O)C(F)(F)F)C(F)(F)F,364.45,1.68,CCCC[N+](C)(C)C.O=S(=O)([N-]S(=O)(=O)C(F)(F)F)C(F)(F)F,211,1083,0.5187937934151675
Cc1ccccc1,CCCCCCCC[N+](CCCCCCCC)(CCCCCCCC)CCCCCCCC.O=S(=O)([N-]S(=O)(=O)C(F)(F)F)C(F)(F)F,322.85,0.47,CCCCCCCC[N+](CCCCCCCC)(CCCCCCCC)CCCCCCCC.O=S(=O)([N-]S(=O)(=O)C(F)(F)F)C(F)(F)F,212,1084,-0.7550225842780328
Cc1ccccc1,CCCCCCCC[N+](CCCCCCCC)(CCCCCCCC)CCCCCCCC.O=S(=O)([N-]S(=O)(=O)C(F)(F)F)C(F)(F)F,332.65,0.48,CCCCCCCC[N+](CCCCCCCC)(CCCCCCCC)CCCCCCCC.O=S(=O)([N-]S(=O)(=O)C(F)(F)F)C(F)(F)F,212,1085,-0.7339691750802004
Cc1ccccc1,CCCCCCCC[N+](CCCCCCCC)(CCCCCCCC)CCCCCCCC.O=S(=O)([N-]S(=O)(=O)C(F)(F)F)C(F)(F)F,343.15,0.49,CCCCCCCC[N+](CCCCCCCC)(CCCCCCCC)CCCCCCCC.O=S(=O)([N-]S(=O)(=O)C(F)(F)F)C(F)(F)F,212,1086,-0.7133498878774648
Cc1ccccc1,CCCCCCCCCC[N+](C)(C)C.O=S(=O)([N-]S(=O)(=O)C(F)(F)F)C(F)(F)F,322.85,0.84,CCCCCCCCCC[N+](C)(C)C.O=S(=O)([N-]S(=O)(=O)C(F)(F)F)C(F)(F)F,213,1087,-0.1743533871447778
Cc1ccccc1,CCCCCCCCCC[N+](C)(C)C.O=S(=O)([N-]S(=O)(=O)C(F)(F)F)C(F)(F)F,332.65,0.89,CCCCCCCCCC[N+](C)(C)C.O=S(=O)([N-]S(=O)(=O)C(F)(F)F)C(F)(F)F,213,1088,-0.11653381625595151
Cc1ccccc1,CCCCCCCCCC[N+](C)(C)C.O=S(=O)([N-]S(=O)(=O)C(F)(F)F)C(F)(F)F,343.15,0.89,CCCCCCCCCC[N+](C)(C)C.O=S(=O)([N-]S(=O)(=O)C(F)(F)F)C(F)(F)F,213,1089,-0.11653381625595151
Cc1ccccc1,CCCC[N+](C)(CCCC)CCCC.O=S(=O)([N-]S(=O)(=O)C(F)(F)F)C(F)(F)F,322.85,1.13,CCCC[N+](C)(CCCC)CCCC.O=S(=O)([N-]S(=O)(=O)C(F)(F)F)C(F)(F)F,214,1090,0.12221763272424911
Cc1ccccc1,CCCC[N+](C)(CCCC)CCCC.O=S(=O)([N-]S(=O)(=O)C(F)(F)F)C(F)(F)F,332.65,1.19,CCCC[N+](C)(CCCC)CCCC.O=S(=O)([N-]S(=O)(=O)C(F)(F)F)C(F)(F)F,214,1091,0.17395330712343798
Cc1ccccc1,CCCC[N+](C)(CCCC)CCCC.O=S(=O)([N-]S(=O)(=O)C(F)(F)F)C(F)(F)F,343.15,1.19,CCCC[N+](C)(CCCC)CCCC.O=S(=O)([N-]S(=O)(=O)C(F)(F)F)C(F)(F)F,214,1092,0.17395330712343798
Cc1ccccc1,CCCCCCCC[N+](C)(C)C.O=S(=O)([N-]S(=O)(=O)C(F)(F)F)C(F)(F)F,322.85,0.97,CCCCCCCC[N+](C)(C)C.O=S(=O)([N-]S(=O)(=O)C(F)(F)F)C(F)(F)F,215,1093,-0.030459207484708574
Cc1ccccc1,CCCCCCCC[N+](C)(C)C.O=S(=O)([N-]S(=O)(=O)C(F)(F)F)C(F)(F)F,332.65,0.98,CCCCCCCC[N+](C)(C)C.O=S(=O)([N-]S(=O)(=O)C(F)(F)F)C(F)(F)F,215,1094,-0.020202707317519466
Cc1ccccc1,CCCCCCCC[N+](C)(C)C.O=S(=O)([N-]S(=O)(=O)C(F)(F)F)C(F)(F)F,343.15,0.98,CCCCCCCC[N+](C)(C)C.O=S(=O)([N-]S(=O)(=O)C(F)(F)F)C(F)(F)F,215,1095,-0.020202707317519466
Cc1ccccc1,CCCCCCCCn1cc[n+](C)c1.[Cl-],298.15,2.79,CCCCCCCCn1cc[n+](C)c1.[Cl-],216,1096,1.0260415958332743
Cc1ccccc1,CCCCCCCCn1cc[n+](C)c1.[Cl-],308.15,2.6,CCCCCCCCn1cc[n+](C)c1.[Cl-],216,1097,0.9555114450274363
Cc1ccccc1,CCCCCCCCn1cc[n+](C)c1.[Cl-],318.15,2.55,CCCCCCCCn1cc[n+](C)c1.[Cl-],216,1098,0.9360933591703348
Cc1ccccc1,CCCCCCCCOS(=O)(=O)[O-].CCCC[n+]1ccn(C)c1,323.15,1.34,CCCCCCCCOS(=O)(=O)[O-].CCCC[n+]1ccn(C)c1,217,1099,0.29266961396282004
Cc1ccccc1,CCCCCCCCOS(=O)(=O)[O-].CCCC[n+]1ccn(C)c1,333.15,1.5,CCCCCCCCOS(=O)(=O)[O-].CCCC[n+]1ccn(C)c1,217,1100,0.4054651081081644
Cc1ccccc1,CCCCCCCCOS(=O)(=O)[O-].CCCC[n+]1ccn(C)c1,343.15,1.63,CCCCCCCCOS(=O)(=O)[O-].CCCC[n+]1ccn(C)c1,217,1101,0.4885800148186709
Cc1ccccc1,CCCCCCCCCCCCCCCC[n+]1ccn(C)c1.F[B-](F)(F)F,323.15,0.95,CCCCCCCCCCCCCCCC[n+]1ccn(C)c1.F[B-](F)(F)F,218,1102,-0.05129329438755058
Cc1ccccc1,CCCCCCCCCCCCCCCC[n+]1ccn(C)c1.F[B-](F)(F)F,333.15,0.96,CCCCCCCCCCCCCCCC[n+]1ccn(C)c1.F[B-](F)(F)F,218,1103,-0.040821994520255166
Cc1ccccc1,CCCCCCCCCCCCCCCC[n+]1ccn(C)c1.F[B-](F)(F)F,343.15,0.98,CCCCCCCCCCCCCCCC[n+]1ccn(C)c1.F[B-](F)(F)F,218,1104,-0.020202707317519466
Cc1ccccc1,CC[n+]1ccn(C)c1.N#C[N-]C#N,322.65,4.22,CC[n+]1ccn(C)c1.N#C[N-]C#N,219,1105,1.4398351280479205
Cc1ccccc1,CC[n+]1ccn(C)c1.N#C[N-]C#N,332.85,4.21,CC[n+]1ccn(C)c1.N#C[N-]C#N,219,1106,1.43746264769429
Cc1ccccc1,CC[n+]1ccn(C)c1.N#C[N-]C#N,343.15,4.21,CC[n+]1ccn(C)c1.N#C[N-]C#N,219,1107,1.43746264769429
Cc1ccccc1,CCCCCC[N+](C)(C)C.O=S(=O)([N-]S(=O)(=O)C(F)(F)F)C(F)(F)F,322.65,1.309,CCCCCC[N+](C)(C)C.O=S(=O)([N-]S(=O)(=O)C(F)(F)F)C(F)(F)F,220,1108,0.2692634869277628
Cc1ccccc1,CCCCCC[N+](C)(C)C.O=S(=O)([N-]S(=O)(=O)C(F)(F)F)C(F)(F)F,343.85,1.33,CCCCCC[N+](C)(C)C.O=S(=O)([N-]S(=O)(=O)C(F)(F)F)C(F)(F)F,220,1109,0.28517894223366247
Cc1ccccc1,CCCCCC[N+](C)(C)C.O=S(=O)([N-]S(=O)(=O)C(F)(F)F)C(F)(F)F,352.65,1.379,CCCCCC[N+](C)(C)C.O=S(=O)([N-]S(=O)(=O)C(F)(F)F)C(F)(F)F,220,1110,0.32135859881116474
Cc1ccccc1,CCCCCCCCn1cc[n+](COCCCOC[n+]2ccn(CCCCCCCC)c2C)c1C.O=S(=O)([N-]S(=O)(=O)C(F)(F)F)C(F)(F)F.O=S(=O)([N-]S(=O)(=O)C(F)(F)F)C(F)(F)F,323.15,0.54,CCCCCCCCn1cc[n+](COCCCOC[n+]2ccn(CCCCCCCC)c2C)c1C.O=S(=O)([N-]S(=O)(=O)C(F)(F)F)C(F)(F)F.O=S(=O)([N-]S(=O)(=O)C(F)(F)F)C(F)(F)F,221,1111,-0.616186139423817
Cc1ccccc1,CCCCCCCCn1cc[n+](COCCCOC[n+]2ccn(CCCCCCCC)c2C)c1C.O=S(=O)([N-]S(=O)(=O)C(F)(F)F)C(F)(F)F.O=S(=O)([N-]S(=O)(=O)C(F)(F)F)C(F)(F)F,333.15,0.53,CCCCCCCCn1cc[n+](COCCCOC[n+]2ccn(CCCCCCCC)c2C)c1C.O=S(=O)([N-]S(=O)(=O)C(F)(F)F)C(F)(F)F.O=S(=O)([N-]S(=O)(=O)C(F)(F)F)C(F)(F)F,221,1112,-0.6348782724359695
Cc1ccccc1,CCCCCCCCn1cc[n+](COCCCOC[n+]2ccn(CCCCCCCC)c2C)c1C.O=S(=O)([N-]S(=O)(=O)C(F)(F)F)C(F)(F)F.O=S(=O)([N-]S(=O)(=O)C(F)(F)F)C(F)(F)F,343.15,0.54,CCCCCCCCn1cc[n+](COCCCOC[n+]2ccn(CCCCCCCC)c2C)c1C.O=S(=O)([N-]S(=O)(=O)C(F)(F)F)C(F)(F)F.O=S(=O)([N-]S(=O)(=O)C(F)(F)F)C(F)(F)F,221,1113,-0.616186139423817
Cc1ccccc1,CCCCCCCCn1cc[n+](COCCCOC[n+]2ccn(CCCCCCCC)c2C)c1C.N#C[N-]C#N.N#C[N-]C#N,323.15,0.94,CCCCCCCCn1cc[n+](COCCCOC[n+]2ccn(CCCCCCCC)c2C)c1C.N#C[N-]C#N.N#C[N-]C#N,222,1114,-0.06187540371808753
Cc1ccccc1,CCCCCCCCn1cc[n+](COCCCOC[n+]2ccn(CCCCCCCC)c2C)c1C.N#C[N-]C#N.N#C[N-]C#N,333.15,0.95,CCCCCCCCn1cc[n+](COCCCOC[n+]2ccn(CCCCCCCC)c2C)c1C.N#C[N-]C#N.N#C[N-]C#N,222,1115,-0.05129329438755058
Cc1ccccc1,CCCCCCCCn1cc[n+](COCCCOC[n+]2ccn(CCCCCCCC)c2C)c1C.N#C[N-]C#N.N#C[N-]C#N,343.15,0.97,CCCCCCCCn1cc[n+](COCCCOC[n+]2ccn(CCCCCCCC)c2C)c1C.N#C[N-]C#N.N#C[N-]C#N,222,1116,-0.030459207484708574
Cc1ccccc1,N#C[N-]C#N.N#C[N-]C#N.c1ccc(Cn2cc[n+](COCCCOC[n+]3ccn(Cc4ccccc4)c3)c2)cc1,323.15,5.08,N#C[N-]C#N.N#C[N-]C#N.c1ccc(Cn2cc[n+](COCCCOC[n+]3ccn(Cc4ccccc4)c3)c2)cc1,223,1117,1.6253112615903906
Cc1ccccc1,N#C[N-]C#N.N#C[N-]C#N.c1ccc(Cn2cc[n+](COCCCOC[n+]3ccn(Cc4ccccc4)c3)c2)cc1,333.15,4.97,N#C[N-]C#N.N#C[N-]C#N.c1ccc(Cn2cc[n+](COCCCOC[n+]3ccn(Cc4ccccc4)c3)c2)cc1,223,1118,1.6034198401085373
Cc1ccccc1,N#C[N-]C#N.N#C[N-]C#N.c1ccc(Cn2cc[n+](COCCCOC[n+]3ccn(Cc4ccccc4)c3)c2)cc1,343.15,4.8,N#C[N-]C#N.N#C[N-]C#N.c1ccc(Cn2cc[n+](COCCCOC[n+]3ccn(Cc4ccccc4)c3)c2)cc1,223,1119,1.5686159179138452
Cc1ccccc1,CCCOCn1cc[n+](Cc2ccccc2)c1.N#C[N-]C#N,323.15,2.29,CCCOCn1cc[n+](Cc2ccccc2)c1.N#C[N-]C#N,224,1120,0.8285518175661483
Cc1ccccc1,CCCOCn1cc[n+](Cc2ccccc2)c1.N#C[N-]C#N,333.15,2.26,CCCOCn1cc[n+](Cc2ccccc2)c1.N#C[N-]C#N,224,1121,0.8153648132841944
Cc1ccccc1,CCCOCn1cc[n+](Cc2ccccc2)c1.N#C[N-]C#N,343.15,2.25,CCCOCn1cc[n+](Cc2ccccc2)c1.N#C[N-]C#N,224,1122,0.8109302162163288
Cc1ccccc1,Cn1cc[n+](COCCCOC[n+]2ccn(C)c2)c1.N#C[N-]C#N.N#C[N-]C#N,323.15,5.63,Cn1cc[n+](COCCCOC[n+]2ccn(C)c2)c1.N#C[N-]C#N.N#C[N-]C#N,225,1123,1.728109442151599
Cc1ccccc1,Cn1cc[n+](COCCCOC[n+]2ccn(C)c2)c1.N#C[N-]C#N.N#C[N-]C#N,333.15,5.58,Cn1cc[n+](COCCCOC[n+]2ccn(C)c2)c1.N#C[N-]C#N.N#C[N-]C#N,225,1124,1.7191887763932197
Cc1ccccc1,Cn1cc[n+](COCCCOC[n+]2ccn(C)c2)c1.N#C[N-]C#N.N#C[N-]C#N,343.15,5.49,Cn1cc[n+](COCCCOC[n+]2ccn(C)c2)c1.N#C[N-]C#N.N#C[N-]C#N,225,1125,1.7029282555214393
Cc1ccccc1,CCCCCCCCn1cc[n+](COCCCOC[n+]2ccn(CCCCCCCC)c2C)c1C.F[B-](F)(F)F.F[B-](F)(F)F,323.15,1.08,CCCCCCCCn1cc[n+](COCCCOC[n+]2ccn(CCCCCCCC)c2C)c1C.F[B-](F)(F)F.F[B-](F)(F)F,226,1126,0.0769610411361284
Cc1ccccc1,CCCCCCCCn1cc[n+](COCCCOC[n+]2ccn(CCCCCCCC)c2C)c1C.F[B-](F)(F)F.F[B-](F)(F)F,333.15,1.09,CCCCCCCCn1cc[n+](COCCCOC[n+]2ccn(CCCCCCCC)c2C)c1C.F[B-](F)(F)F.F[B-](F)(F)F,226,1127,0.08617769624105241
Cc1ccccc1,CCCCCCCCn1cc[n+](COCCCOC[n+]2ccn(CCCCCCCC)c2C)c1C.F[B-](F)(F)F.F[B-](F)(F)F,343.15,1.13,CCCCCCCCn1cc[n+](COCCCOC[n+]2ccn(CCCCCCCC)c2C)c1C.F[B-](F)(F)F.F[B-](F)(F)F,226,1128,0.12221763272424911
Cc1ccccc1,CCCOCn1cc[n+](Cc2ccccc2)c1.O=S(=O)([N-]S(=O)(=O)C(F)(F)F)C(F)(F)F,323.15,1.09,CCCOCn1cc[n+](Cc2ccccc2)c1.O=S(=O)([N-]S(=O)(=O)C(F)(F)F)C(F)(F)F,227,1129,0.08617769624105241
Cc1ccccc1,CCCOCn1cc[n+](Cc2ccccc2)c1.O=S(=O)([N-]S(=O)(=O)C(F)(F)F)C(F)(F)F,333.15,0.97,CCCOCn1cc[n+](Cc2ccccc2)c1.O=S(=O)([N-]S(=O)(=O)C(F)(F)F)C(F)(F)F,227,1130,-0.030459207484708574
Cc1ccccc1,CCCOCn1cc[n+](Cc2ccccc2)c1.O=S(=O)([N-]S(=O)(=O)C(F)(F)F)C(F)(F)F,343.15,0.96,CCCOCn1cc[n+](Cc2ccccc2)c1.O=S(=O)([N-]S(=O)(=O)C(F)(F)F)C(F)(F)F,227,1131,-0.040821994520255166
Cc1ccccc1,CCCOCn1cc[n+](C)c1.F[B-](F)(F)F,323.15,6.06,CCCOCn1cc[n+](C)c1.F[B-](F)(F)F,228,1132,1.801709800081223
Cc1ccccc1,CCCOCn1cc[n+](C)c1.F[B-](F)(F)F,333.15,6.02,CCCOCn1cc[n+](C)c1.F[B-](F)(F)F,228,1133,1.7950872593207297
Cc1ccccc1,CCCOCn1cc[n+](C)c1.F[B-](F)(F)F,343.15,5.98,CCCOCn1cc[n+](C)c1.F[B-](F)(F)F,228,1134,1.7884205679625405
Cc1ccccc1,CCCOCn1cc[n+](C)c1.N#C[N-]C#N,323.15,3.6,CCCOCn1cc[n+](C)c1.N#C[N-]C#N,229,1135,1.2809338454620642
Cc1ccccc1,CCCOCn1cc[n+](C)c1.N#C[N-]C#N,333.15,3.65,CCCOCn1cc[n+](C)c1.N#C[N-]C#N,229,1136,1.2947271675944
Cc1ccccc1,CCCOCn1cc[n+](C)c1.N#C[N-]C#N,343.15,3.77,CCCOCn1cc[n+](C)c1.N#C[N-]C#N,229,1137,1.3270750014599193
Cc1ccccc1,CCCOC[n+]1ccc(N(C)C)cc1.O=S(=O)([N-]S(=O)(=O)C(F)(F)F)C(F)(F)F,323.15,0.99,CCCOC[n+]1ccc(N(C)C)cc1.O=S(=O)([N-]S(=O)(=O)C(F)(F)F)C(F)(F)F,230,1138,-0.01005033585350145
Cc1ccccc1,CCCOC[n+]1ccc(N(C)C)cc1.O=S(=O)([N-]S(=O)(=O)C(F)(F)F)C(F)(F)F,333.15,1.04,CCCOC[n+]1ccc(N(C)C)cc1.O=S(=O)([N-]S(=O)(=O)C(F)(F)F)C(F)(F)F,230,1139,0.03922071315328133
Cc1ccccc1,CCCOC[n+]1ccc(N(C)C)cc1.O=S(=O)([N-]S(=O)(=O)C(F)(F)F)C(F)(F)F,343.15,1.05,CCCOC[n+]1ccc(N(C)C)cc1.O=S(=O)([N-]S(=O)(=O)C(F)(F)F)C(F)(F)F,230,1140,0.04879016416943204
Cc1ccccc1,CN(C)c1cc[n+](COCCCOC[n+]2ccc(N(C)C)cc2)cc1.O=S(=O)([N-]S(=O)(=O)C(F)(F)F)C(F)(F)F.O=S(=O)([N-]S(=O)(=O)C(F)(F)F)C(F)(F)F,323.15,0.92,CN(C)c1cc[n+](COCCCOC[n+]2ccc(N(C)C)cc2)cc1.O=S(=O)([N-]S(=O)(=O)C(F)(F)F)C(F)(F)F.O=S(=O)([N-]S(=O)(=O)C(F)(F)F)C(F)(F)F,231,1141,-0.08338160893905101
Cc1ccccc1,CN(C)c1cc[n+](COCCCOC[n+]2ccc(N(C)C)cc2)cc1.O=S(=O)([N-]S(=O)(=O)C(F)(F)F)C(F)(F)F.O=S(=O)([N-]S(=O)(=O)C(F)(F)F)C(F)(F)F,333.15,0.94,CN(C)c1cc[n+](COCCCOC[n+]2ccc(N(C)C)cc2)cc1.O=S(=O)([N-]S(=O)(=O)C(F)(F)F)C(F)(F)F.O=S(=O)([N-]S(=O)(=O)C(F)(F)F)C(F)(F)F,231,1142,-0.06187540371808753
Cc1ccccc1,CN(C)c1cc[n+](COCCCOC[n+]2ccc(N(C)C)cc2)cc1.O=S(=O)([N-]S(=O)(=O)C(F)(F)F)C(F)(F)F.O=S(=O)([N-]S(=O)(=O)C(F)(F)F)C(F)(F)F,343.15,0.96,CN(C)c1cc[n+](COCCCOC[n+]2ccc(N(C)C)cc2)cc1.O=S(=O)([N-]S(=O)(=O)C(F)(F)F)C(F)(F)F.O=S(=O)([N-]S(=O)(=O)C(F)(F)F)C(F)(F)F,231,1143,-0.040821994520255166
Cc1ccccc1,CCCOCn1cc[n+](Cc2ccccc2)c1.F[B-](F)(F)F,323.15,3.12,CCCOCn1cc[n+](Cc2ccccc2)c1.F[B-](F)(F)F,232,1144,1.1378330018213911
Cc1ccccc1,CCCOCn1cc[n+](Cc2ccccc2)c1.F[B-](F)(F)F,333.15,3.03,CCCOCn1cc[n+](Cc2ccccc2)c1.F[B-](F)(F)F,232,1145,1.1085626195212777
Cc1ccccc1,CCCOCn1cc[n+](Cc2ccccc2)c1.F[B-](F)(F)F,343.15,3.04,CCCOCn1cc[n+](Cc2ccccc2)c1.F[B-](F)(F)F,232,1146,1.1118575154181303
Cc1ccccc1,CCCCCCCC[n+]1ccn(COCCC)c1C.N#C[N-]C#N,323.15,1.43,CCCCCCCC[n+]1ccn(COCCC)c1C.N#C[N-]C#N,233,1147,0.3576744442718159
Cc1ccccc1,CCCCCCCC[n+]1ccn(COCCC)c1C.N#C[N-]C#N,333.15,1.22,CCCCCCCC[n+]1ccn(COCCC)c1C.N#C[N-]C#N,233,1148,0.19885085874516517
Cc1ccccc1,CCCCCCCC[n+]1ccn(COCCC)c1C.N#C[N-]C#N,343.15,1.15,CCCCCCCC[n+]1ccn(COCCC)c1C.N#C[N-]C#N,233,1149,0.13976194237515863
Cc1ccccc1,Cn1cc[n+](COCCCOC[n+]2ccn(C)c2)c1.O=S(=O)([N-]S(=O)(=O)C(F)(F)F)C(F)(F)F.O=S(=O)([N-]S(=O)(=O)C(F)(F)F)C(F)(F)F,323.15,1.46,Cn1cc[n+](COCCCOC[n+]2ccn(C)c2)c1.O=S(=O)([N-]S(=O)(=O)C(F)(F)F)C(F)(F)F.O=S(=O)([N-]S(=O)(=O)C(F)(F)F)C(F)(F)F,234,1150,0.37843643572024505
Cc1ccccc1,Cn1cc[n+](COCCCOC[n+]2ccn(C)c2)c1.O=S(=O)([N-]S(=O)(=O)C(F)(F)F)C(F)(F)F.O=S(=O)([N-]S(=O)(=O)C(F)(F)F)C(F)(F)F,333.15,1.48,Cn1cc[n+](COCCCOC[n+]2ccn(C)c2)c1.O=S(=O)([N-]S(=O)(=O)C(F)(F)F)C(F)(F)F.O=S(=O)([N-]S(=O)(=O)C(F)(F)F)C(F)(F)F,234,1151,0.3920420877760237
Cc1ccccc1,Cn1cc[n+](COCCCOC[n+]2ccn(C)c2)c1.O=S(=O)([N-]S(=O)(=O)C(F)(F)F)C(F)(F)F.O=S(=O)([N-]S(=O)(=O)C(F)(F)F)C(F)(F)F,343.15,1.46,Cn1cc[n+](COCCCOC[n+]2ccn(C)c2)c1.O=S(=O)([N-]S(=O)(=O)C(F)(F)F)C(F)(F)F.O=S(=O)([N-]S(=O)(=O)C(F)(F)F)C(F)(F)F,234,1152,0.37843643572024505
Cc1ccccc1,CCCCCCCC[n+]1ccn(COCCC)c1C.O=S(=O)([N-]S(=O)(=O)C(F)(F)F)C(F)(F)F,323.15,0.76,CCCCCCCC[n+]1ccn(COCCC)c1C.O=S(=O)([N-]S(=O)(=O)C(F)(F)F)C(F)(F)F,235,1153,-0.2744368457017603
Cc1ccccc1,CCCCCCCC[n+]1ccn(COCCC)c1C.O=S(=O)([N-]S(=O)(=O)C(F)(F)F)C(F)(F)F,333.15,0.76,CCCCCCCC[n+]1ccn(COCCC)c1C.O=S(=O)([N-]S(=O)(=O)C(F)(F)F)C(F)(F)F,235,1154,-0.2744368457017603
Cc1ccccc1,CCCCCCCC[n+]1ccn(COCCC)c1C.O=S(=O)([N-]S(=O)(=O)C(F)(F)F)C(F)(F)F,343.15,0.77,CCCCCCCC[n+]1ccn(COCCC)c1C.O=S(=O)([N-]S(=O)(=O)C(F)(F)F)C(F)(F)F,235,1155,-0.2613647641344075
Cc1ccccc1,CCCOCn1cc[n+](C)c1.O=S(=O)([N-]S(=O)(=O)C(F)(F)F)C(F)(F)F,323.15,1.7,CCCOCn1cc[n+](C)c1.O=S(=O)([N-]S(=O)(=O)C(F)(F)F)C(F)(F)F,236,1156,0.5306282510621704
Cc1ccccc1,CCCOCn1cc[n+](C)c1.O=S(=O)([N-]S(=O)(=O)C(F)(F)F)C(F)(F)F,333.15,1.68,CCCOCn1cc[n+](C)c1.O=S(=O)([N-]S(=O)(=O)C(F)(F)F)C(F)(F)F,236,1157,0.5187937934151675
Cc1ccccc1,CCCOCn1cc[n+](C)c1.O=S(=O)([N-]S(=O)(=O)C(F)(F)F)C(F)(F)F,343.15,1.69,CCCOCn1cc[n+](C)c1.O=S(=O)([N-]S(=O)(=O)C(F)(F)F)C(F)(F)F,236,1158,0.5247285289349821
Cc1ccccc1,CC[n+]1ccn(C)c1.O=S(=O)([O-])C(F)(F)F,313.15,3.565,CC[n+]1ccn(C)c1.O=S(=O)([O-])C(F)(F)F,237,1159,1.2711640538662592
Cc1ccccc1,CC[n+]1ccn(C)c1.O=S(=O)([O-])C(F)(F)F,323.15,3.59,CC[n+]1ccn(C)c1.O=S(=O)([O-])C(F)(F)F,237,1160,1.2781522025001875
Cc1ccccc1,CC[n+]1ccn(C)c1.O=S(=O)([O-])C(F)(F)F,333.15,3.66,CC[n+]1ccn(C)c1.O=S(=O)([O-])C(F)(F)F,237,1161,1.297463147413275
Cc1ccccc1,COn1cc[n+](OC)c1.O=S(=O)([N-]S(=O)(=O)C(F)(F)F)C(F)(F)F,312.45,3.33,COn1cc[n+](OC)c1.O=S(=O)([N-]S(=O)(=O)C(F)(F)F)C(F)(F)F,238,1162,1.2029723039923526
Cc1ccccc1,COn1cc[n+](OC)c1.O=S(=O)([N-]S(=O)(=O)C(F)(F)F)C(F)(F)F,323.15,3.15,COn1cc[n+](OC)c1.O=S(=O)([N-]S(=O)(=O)C(F)(F)F)C(F)(F)F,238,1163,1.1474024528375417
Cc1ccccc1,COn1cc[n+](OC)c1.O=S(=O)([N-]S(=O)(=O)C(F)(F)F)C(F)(F)F,332.7,3.1,COn1cc[n+](OC)c1.O=S(=O)([N-]S(=O)(=O)C(F)(F)F)C(F)(F)F,238,1164,1.1314021114911006
Cc1ccccc1,COCC[n+]1ccn(C)c1.O=S(=O)([N-]S(=O)(=O)C(F)(F)F)C(F)(F)F,332.65,1.76,COCC[n+]1ccn(C)c1.O=S(=O)([N-]S(=O)(=O)C(F)(F)F)C(F)(F)F,239,1165,0.5653138090500605
Cc1ccccc1,COCC[n+]1ccn(C)c1.O=S(=O)([N-]S(=O)(=O)C(F)(F)F)C(F)(F)F,342.75,1.78,COCC[n+]1ccn(C)c1.O=S(=O)([N-]S(=O)(=O)C(F)(F)F)C(F)(F)F,239,1166,0.5766133643039938
Cc1ccccc1,COCC[n+]1ccn(C)c1.O=S(=O)([N-]S(=O)(=O)C(F)(F)F)C(F)(F)F,353.15,1.77,COCC[n+]1ccn(C)c1.O=S(=O)([N-]S(=O)(=O)C(F)(F)F)C(F)(F)F,239,1167,0.5709795465857378
Cc1ccccc1,Cn1cc[n+](CCO)c1.O=S(=O)([N-]S(=O)(=O)C(F)(F)F)C(F)(F)F,322.55,3.36,Cn1cc[n+](CCO)c1.O=S(=O)([N-]S(=O)(=O)C(F)(F)F)C(F)(F)F,240,1168,1.2119409739751128
Cc1ccccc1,Cn1cc[n+](CCO)c1.O=S(=O)([N-]S(=O)(=O)C(F)(F)F)C(F)(F)F,332.55,3.28,Cn1cc[n+](CCO)c1.O=S(=O)([N-]S(=O)(=O)C(F)(F)F)C(F)(F)F,240,1169,1.1878434223960523
Cc1ccccc1,Cn1cc[n+](CCO)c1.O=S(=O)([N-]S(=O)(=O)C(F)(F)F)C(F)(F)F,342.85,3.25,Cn1cc[n+](CCO)c1.O=S(=O)([N-]S(=O)(=O)C(F)(F)F)C(F)(F)F,240,1170,1.1786549963416462
Cc1ccccc1,C[N+]1(CCCCCCCCCCCC[N+]2(C)CCCC2)CCCC1.O=S(=O)([N-]S(=O)(=O)C(F)(F)F)C(F)(F)F.O=S(=O)([N-]S(=O)(=O)C(F)(F)F)C(F)(F)F,313.0,0.346,C[N+]1(CCCCCCCCCCCC[N+]2(C)CCCC2)CCCC1.O=S(=O)([N-]S(=O)(=O)C(F)(F)F)C(F)(F)F.O=S(=O)([N-]S(=O)(=O)C(F)(F)F)C(F)(F)F,241,1171,-1.0613165039244128
Cc1ccccc1,C[N+]1(CCCCCCCCCCCC[N+]2(C)CCCC2)CCCC1.O=S(=O)([N-]S(=O)(=O)C(F)(F)F)C(F)(F)F.O=S(=O)([N-]S(=O)(=O)C(F)(F)F)C(F)(F)F,323.0,0.417,C[N+]1(CCCCCCCCCCCC[N+]2(C)CCCC2)CCCC1.O=S(=O)([N-]S(=O)(=O)C(F)(F)F)C(F)(F)F.O=S(=O)([N-]S(=O)(=O)C(F)(F)F)C(F)(F)F,241,1172,-0.8746690571833357
Cc1ccccc1,CCCCCCCCn1cc[n+](C)c1.F[B-](F)(F)F,298.0,1.0,CCCCCCCCn1cc[n+](C)c1.F[B-](F)(F)F,242,1173,0.0
Cc1ccccc1,CCCCCCCCn1cc[n+](C)c1.F[B-](F)(F)F,323.0,0.9,CCCCCCCCn1cc[n+](C)c1.F[B-](F)(F)F,242,1174,-0.10536051565782628
Cc1ccccc1,Cc1n(CCCC#N)cc[n+]1C.N#C[N-]C#N,303.0,5.3,Cc1n(CCCC#N)cc[n+]1C.N#C[N-]C#N,243,1175,1.667706820558076
Cc1ccccc1,Cc1n(CCCC#N)cc[n+]1C.N#C[N-]C#N,323.0,4.6,Cc1n(CCCC#N)cc[n+]1C.N#C[N-]C#N,243,1176,1.5260563034950492
Cc1ccccc1,Cc1n(CCCC#N)cc[n+]1C.O=S(=O)([N-]S(=O)(=O)C(F)(F)F)C(F)(F)F,303.0,3.3,Cc1n(CCCC#N)cc[n+]1C.O=S(=O)([N-]S(=O)(=O)C(F)(F)F)C(F)(F)F,244,1177,1.1939224684724346
Cc1ccccc1,Cc1n(CCCC#N)cc[n+]1C.O=S(=O)([N-]S(=O)(=O)C(F)(F)F)C(F)(F)F,323.0,3.1,Cc1n(CCCC#N)cc[n+]1C.O=S(=O)([N-]S(=O)(=O)C(F)(F)F)C(F)(F)F,244,1178,1.1314021114911006
Cc1ccccc1,CCCCCCCCCCCCCCCCCC(=O)[O-].CCCC[n+]1ccn(C)c1,323.0,0.8,CCCCCCCCCCCCCCCCCC(=O)[O-].CCCC[n+]1ccn(C)c1,245,1179,-0.2231435513142097
Cc1ccccc1,CCCCCCCCCCCCCCCCCC(=O)[O-].CCCC[n+]1ccn(C)c1,333.0,0.8,CCCCCCCCCCCCCCCCCC(=O)[O-].CCCC[n+]1ccn(C)c1,245,1180,-0.2231435513142097
Cc1ccccc1,C[n+]1ccn(CCCC#N)c1.O=S(=O)([N-]S(=O)(=O)C(F)(F)F)C(F)(F)F,303.0,3.3,C[n+]1ccn(CCCC#N)c1.O=S(=O)([N-]S(=O)(=O)C(F)(F)F)C(F)(F)F,246,1181,1.1939224684724346
Cc1ccccc1,C[n+]1ccn(CCCC#N)c1.O=S(=O)([N-]S(=O)(=O)C(F)(F)F)C(F)(F)F,323.0,3.1,C[n+]1ccn(CCCC#N)c1.O=S(=O)([N-]S(=O)(=O)C(F)(F)F)C(F)(F)F,246,1182,1.1314021114911006
Cc1ccccc1,CC[n+]1ccn(C)c1.Cc1ccc(S(=O)(=O)[O-])cc1,323.15,4.72,CC[n+]1ccn(C)c1.Cc1ccc(S(=O)(=O)[O-])cc1,247,1183,1.5518087995974639
Cc1ccccc1,CCCCCCCCCCCCCCCC(=O)[O-].CCCC[n+]1ccn(C)c1,333.0,0.8,CCCCCCCCCCCCCCCC(=O)[O-].CCCC[n+]1ccn(C)c1,248,1184,-0.2231435513142097
Cc1ccccc1,CCCC[n+]1ccn(C)c1.[Cl-],358.15,7.78,CCCC[n+]1ccn(C)c1.[Cl-],249,1185,2.0515563381903004
Cc1ccccc1,CCCC[n+]1ccn(C)c1.[Cl-],368.15,7.91,CCCC[n+]1ccn(C)c1.[Cl-],249,1186,2.0681277817795625
Cc1ccccc1,CCCC[n+]1ccn(C)c1.[Cl-],378.15,8.09,CCCC[n+]1ccn(C)c1.[Cl-],249,1187,2.0906287310704004
Cc1ccccc1,CCCC[n+]1ccn(C)c1.[Cl-],388.15,8.36,CCCC[n+]1ccn(C)c1.[Cl-],249,1188,2.1234584270966104
