SMILES,IL_SMILES,T/K,r,Normalized SMILES,index
Cc1ccccc1,CC(=O)[O-].CC[n+]1ccn(C)c1,363,6.07,CC(=O)[O-].CC[n+]1ccn(C)c1,1
Cc1ccccc1,CC(=O)[O-].CC[n+]1ccn(C)c1,363,6.21,CC(=O)[O-].CC[n+]1ccn(C)c1,1
Cc1ccccc1,CC(=O)[O-].CC[n+]1ccn(C)c1,373,5.92,CC(=O)[O-].CC[n+]1ccn(C)c1,1
Cc1ccccc1,CC(=O)[O-].CC[n+]1ccn(C)c1,373,6.08,CC(=O)[O-].CC[n+]1ccn(C)c1,1
Cc1ccccc1,CC(=O)[O-].CC[n+]1ccn(C)c1,383,6.03,CC(=O)[O-].CC[n+]1ccn(C)c1,1
Cc1ccccc1,CC(=O)[O-].CC[n+]1ccn(C)c1,383,6.12,CC(=O)[O-].CC[n+]1ccn(C)c1,1
Cc1ccccc1,CC(=O)[O-].CC[n+]1ccn(C)c1,393,5.87,CC(=O)[O-].CC[n+]1ccn(C)c1,1
Cc1ccccc1,CC(=O)[O-].CC[n+]1ccn(C)c1,393,6.23,CC(=O)[O-].CC[n+]1ccn(C)c1,1
Cc1ccccc1,CC(=O)[O-].CC[n+]1ccn(C)c1,403,6.04,CC(=O)[O-].CC[n+]1ccn(C)c1,1
Cc1ccccc1,CC(=O)[O-].CC[n+]1ccn(C)c1,403,6.28,CC(=O)[O-].CC[n+]1ccn(C)c1,1
Cc1ccccc1,CC(=O)[O-].CC[n+]1ccn(C)c1,413,6.37,CC(=O)[O-].CC[n+]1ccn(C)c1,1
Cc1ccccc1,CC(=O)[O-].CC[n+]1ccn(C)c1,413,7.11,CC(=O)[O-].CC[n+]1ccn(C)c1,1
Cc1ccccc1,CC(=O)[O-].CC[n+]1ccn(C)c1,313,5.01,CC(=O)[O-].CC[n+]1ccn(C)c1,1
Cc1ccccc1,CC(=O)[O-].CC[n+]1ccn(C)c1,333,5.41,CC(=O)[O-].CC[n+]1ccn(C)c1,1
Cc1ccccc1,CC(=O)[O-].CC[n+]1ccn(C)c1,353,5.76,CC(=O)[O-].CC[n+]1ccn(C)c1,1
Cc1ccccc1,CC(=O)[O-].CC[n+]1ccn(C)c1,363,5.81,CC(=O)[O-].CC[n+]1ccn(C)c1,1
Cc1ccccc1,CC(=O)[O-].CC[n+]1ccn(C)c1,373,5.88,CC(=O)[O-].CC[n+]1ccn(C)c1,1
Cc1ccccc1,CC(=O)[O-].CC[n+]1ccn(C)c1,383,6.03,CC(=O)[O-].CC[n+]1ccn(C)c1,1
Cc1ccccc1,CC(=O)[O-].CC[n+]1ccn(C)c1,393,6.13,CC(=O)[O-].CC[n+]1ccn(C)c1,1
Cc1ccccc1,CC(=O)[O-].CC[n+]1ccn(C)c1,403,6.47,CC(=O)[O-].CC[n+]1ccn(C)c1,1
Cc1ccccc1,CC(=O)[O-].CC[n+]1ccn(C)c1,413,6.55,CC(=O)[O-].CC[n+]1ccn(C)c1,1
Cc1ccccc1,CCCC[n+]1ccc(C)cc1.N#C[S-],298.2,2.55,CCCC[n+]1ccc(C)cc1.N#C[S-],2
Cc1ccccc1,CCCC[n+]1ccc(C)cc1.N#C[S-],308.2,2.59,CCCC[n+]1ccc(C)cc1.N#C[S-],2
Cc1ccccc1,CCCC[n+]1ccc(C)cc1.N#C[S-],318.2,2.61,CCCC[n+]1ccc(C)cc1.N#C[S-],2
Cc1ccccc1,CCCC[n+]1ccc(C)cc1.N#C[S-],328.2,2.65,CCCC[n+]1ccc(C)cc1.N#C[S-],2
Cc1ccccc1,CCCC[n+]1ccc(C)cc1.N#C[S-],338.2,2.67,CCCC[n+]1ccc(C)cc1.N#C[S-],2
Cc1ccccc1,CCCC[n+]1ccc(C)cc1.N#C[S-],348.2,2.69,CCCC[n+]1ccc(C)cc1.N#C[S-],2
Cc1ccccc1,CCCC[n+]1ccc(C)cc1.N#C[S-],358.2,2.74,CCCC[n+]1ccc(C)cc1.N#C[S-],2
Cc1ccccc1,CCCC[n+]1ccc(C)cc1.N#C[S-],368.2,2.75,CCCC[n+]1ccc(C)cc1.N#C[S-],2
Cc1ccccc1,CCCC[N+]1(C)CCCC1.N#C[S-],298.15,2.89,CCCC[N+]1(C)CCCC1.N#C[S-],3
Cc1ccccc1,CCCC[N+]1(C)CCCC1.N#C[S-],308.15,2.98,CCCC[N+]1(C)CCCC1.N#C[S-],3
Cc1ccccc1,CCCC[N+]1(C)CCCC1.N#C[S-],318.15,3.07,CCCC[N+]1(C)CCCC1.N#C[S-],3
Cc1ccccc1,CCCC[N+]1(C)CCCC1.N#C[S-],328.15,3.16,CCCC[N+]1(C)CCCC1.N#C[S-],3
Cc1ccccc1,CCCC[N+]1(C)CCCC1.N#C[S-],338.15,3.25,CCCC[N+]1(C)CCCC1.N#C[S-],3
Cc1ccccc1,CCCC[N+]1(C)CCCC1.N#C[S-],348.15,3.31,CCCC[N+]1(C)CCCC1.N#C[S-],3
Cc1ccccc1,CCCC[N+]1(C)CCCC1.N#C[S-],358.15,3.41,CCCC[N+]1(C)CCCC1.N#C[S-],3
Cc1ccccc1,CCCC[N+]1(C)CCCC1.N#C[S-],368.15,3.48,CCCC[N+]1(C)CCCC1.N#C[S-],3
Cc1ccccc1,CC[n+]1ccn(C)c1.O=C([O-])C(F)(F)F,298.15,4.337,CC[n+]1ccn(C)c1.O=C([O-])C(F)(F)F,4
Cc1ccccc1,CC[n+]1ccn(C)c1.O=C([O-])C(F)(F)F,308.15,4.373,CC[n+]1ccn(C)c1.O=C([O-])C(F)(F)F,4
Cc1ccccc1,CC[n+]1ccn(C)c1.O=C([O-])C(F)(F)F,318.15,4.403,CC[n+]1ccn(C)c1.O=C([O-])C(F)(F)F,4
Cc1ccccc1,CC[n+]1ccn(C)c1.O=C([O-])C(F)(F)F,328.15,4.433,CC[n+]1ccn(C)c1.O=C([O-])C(F)(F)F,4
Cc1ccccc1,CC[n+]1ccn(C)c1.O=C([O-])C(F)(F)F,338.15,4.462,CC[n+]1ccn(C)c1.O=C([O-])C(F)(F)F,4
Cc1ccccc1,CC[n+]1ccn(C)c1.O=C([O-])C(F)(F)F,348.15,4.485,CC[n+]1ccn(C)c1.O=C([O-])C(F)(F)F,4
Cc1ccccc1,CC[n+]1ccn(C)c1.O=C([O-])C(F)(F)F,358.15,4.502,CC[n+]1ccn(C)c1.O=C([O-])C(F)(F)F,4
Cc1ccccc1,CC[n+]1ccn(C)c1.O=C([O-])C(F)(F)F,368.15,4.52,CC[n+]1ccn(C)c1.O=C([O-])C(F)(F)F,4
Cc1ccccc1,CC[n+]1ccn(C)c1.N#C[S-],298.15,6.01,CC[n+]1ccn(C)c1.N#C[S-],5
Cc1ccccc1,CC[n+]1ccn(C)c1.N#C[S-],308.15,6.04,CC[n+]1ccn(C)c1.N#C[S-],5
Cc1ccccc1,CC[n+]1ccn(C)c1.N#C[S-],318.15,6.07,CC[n+]1ccn(C)c1.N#C[S-],5
Cc1ccccc1,CC[n+]1ccn(C)c1.N#C[S-],328.15,6.1,CC[n+]1ccn(C)c1.N#C[S-],5
Cc1ccccc1,CC[n+]1ccn(C)c1.N#C[S-],338.15,6.12,CC[n+]1ccn(C)c1.N#C[S-],5
Cc1ccccc1,CC[n+]1ccn(C)c1.N#C[S-],348.15,6.15,CC[n+]1ccn(C)c1.N#C[S-],5
Cc1ccccc1,CC[n+]1ccn(C)c1.N#C[S-],358.15,6.17,CC[n+]1ccn(C)c1.N#C[S-],5
Cc1ccccc1,CC[n+]1ccn(C)c1.N#C[S-],368.15,6.2,CC[n+]1ccn(C)c1.N#C[S-],5
Cc1ccccc1,CCCC[n+]1ccn(C)c1.O=S(=O)([O-])C(F)(F)F,298.15,2.31,CCCC[n+]1ccn(C)c1.O=S(=O)([O-])C(F)(F)F,6
Cc1ccccc1,CCCC[n+]1ccn(C)c1.O=S(=O)([O-])C(F)(F)F,308.15,2.33,CCCC[n+]1ccn(C)c1.O=S(=O)([O-])C(F)(F)F,6
Cc1ccccc1,CCCC[n+]1ccn(C)c1.O=S(=O)([O-])C(F)(F)F,318.15,2.35,CCCC[n+]1ccn(C)c1.O=S(=O)([O-])C(F)(F)F,6
Cc1ccccc1,CCCC[n+]1ccn(C)c1.O=S(=O)([O-])C(F)(F)F,328.15,2.37,CCCC[n+]1ccn(C)c1.O=S(=O)([O-])C(F)(F)F,6
Cc1ccccc1,CCCC[n+]1ccn(C)c1.O=S(=O)([O-])C(F)(F)F,338.15,2.4,CCCC[n+]1ccn(C)c1.O=S(=O)([O-])C(F)(F)F,6
Cc1ccccc1,CCCC[n+]1ccn(C)c1.O=S(=O)([O-])C(F)(F)F,348.15,2.42,CCCC[n+]1ccn(C)c1.O=S(=O)([O-])C(F)(F)F,6
Cc1ccccc1,CCCC[n+]1ccn(C)c1.O=S(=O)([O-])C(F)(F)F,358.15,2.43,CCCC[n+]1ccn(C)c1.O=S(=O)([O-])C(F)(F)F,6
Cc1ccccc1,CCCC[n+]1ccn(C)c1.O=S(=O)([O-])C(F)(F)F,368.15,2.45,CCCC[n+]1ccn(C)c1.O=S(=O)([O-])C(F)(F)F,6
Cc1ccccc1,CC[S+](CC)CC.O=S(=O)([N-]S(=O)(=O)C(F)(F)F)C(F)(F)F,298.15,1.54,CC[S+](CC)CC.O=S(=O)([N-]S(=O)(=O)C(F)(F)F)C(F)(F)F,7
Cc1ccccc1,CC[S+](CC)CC.O=S(=O)([N-]S(=O)(=O)C(F)(F)F)C(F)(F)F,308.15,1.56,CC[S+](CC)CC.O=S(=O)([N-]S(=O)(=O)C(F)(F)F)C(F)(F)F,7
Cc1ccccc1,CC[S+](CC)CC.O=S(=O)([N-]S(=O)(=O)C(F)(F)F)C(F)(F)F,318.15,1.58,CC[S+](CC)CC.O=S(=O)([N-]S(=O)(=O)C(F)(F)F)C(F)(F)F,7
Cc1ccccc1,CC[S+](CC)CC.O=S(=O)([N-]S(=O)(=O)C(F)(F)F)C(F)(F)F,328.15,1.6,CC[S+](CC)CC.O=S(=O)([N-]S(=O)(=O)C(F)(F)F)C(F)(F)F,7
Cc1ccccc1,CC[S+](CC)CC.O=S(=O)([N-]S(=O)(=O)C(F)(F)F)C(F)(F)F,338.15,1.62,CC[S+](CC)CC.O=S(=O)([N-]S(=O)(=O)C(F)(F)F)C(F)(F)F,7
Cc1ccccc1,CC[S+](CC)CC.O=S(=O)([N-]S(=O)(=O)C(F)(F)F)C(F)(F)F,348.15,1.63,CC[S+](CC)CC.O=S(=O)([N-]S(=O)(=O)C(F)(F)F)C(F)(F)F,7
Cc1ccccc1,CC[S+](CC)CC.O=S(=O)([N-]S(=O)(=O)C(F)(F)F)C(F)(F)F,358.15,1.65,CC[S+](CC)CC.O=S(=O)([N-]S(=O)(=O)C(F)(F)F)C(F)(F)F,7
Cc1ccccc1,CC[S+](CC)CC.O=S(=O)([N-]S(=O)(=O)C(F)(F)F)C(F)(F)F,368.15,1.66,CC[S+](CC)CC.O=S(=O)([N-]S(=O)(=O)C(F)(F)F)C(F)(F)F,7
Cc1ccccc1,CCCCCCOC[n+]1ccn(C)c1.O=S(=O)([N-]S(=O)(=O)C(F)(F)F)C(F)(F)F,298.15,1.051,CCCCCCOC[n+]1ccn(C)c1.O=S(=O)([N-]S(=O)(=O)C(F)(F)F)C(F)(F)F,8
Cc1ccccc1,CCCCCCOC[n+]1ccn(C)c1.O=S(=O)([N-]S(=O)(=O)C(F)(F)F)C(F)(F)F,308.15,1.06,CCCCCCOC[n+]1ccn(C)c1.O=S(=O)([N-]S(=O)(=O)C(F)(F)F)C(F)(F)F,8
Cc1ccccc1,CCCCCCOC[n+]1ccn(C)c1.O=S(=O)([N-]S(=O)(=O)C(F)(F)F)C(F)(F)F,318.15,1.07,CCCCCCOC[n+]1ccn(C)c1.O=S(=O)([N-]S(=O)(=O)C(F)(F)F)C(F)(F)F,8
Cc1ccccc1,CCCCCCOC[n+]1ccn(C)c1.O=S(=O)([N-]S(=O)(=O)C(F)(F)F)C(F)(F)F,328.15,1.08,CCCCCCOC[n+]1ccn(C)c1.O=S(=O)([N-]S(=O)(=O)C(F)(F)F)C(F)(F)F,8
Cc1ccccc1,CCCCCCOC[n+]1ccn(C)c1.O=S(=O)([N-]S(=O)(=O)C(F)(F)F)C(F)(F)F,338.15,1.087,CCCCCCOC[n+]1ccn(C)c1.O=S(=O)([N-]S(=O)(=O)C(F)(F)F)C(F)(F)F,8
Cc1ccccc1,CCCCCCOC[n+]1ccn(C)c1.O=S(=O)([N-]S(=O)(=O)C(F)(F)F)C(F)(F)F,348.15,1.096,CCCCCCOC[n+]1ccn(C)c1.O=S(=O)([N-]S(=O)(=O)C(F)(F)F)C(F)(F)F,8
Cc1ccccc1,CCCCCCOC[n+]1ccn(C)c1.O=S(=O)([N-]S(=O)(=O)C(F)(F)F)C(F)(F)F,358.15,1.103,CCCCCCOC[n+]1ccn(C)c1.O=S(=O)([N-]S(=O)(=O)C(F)(F)F)C(F)(F)F,8
Cc1ccccc1,CCCCCCOC[n+]1ccn(C)c1.O=S(=O)([N-]S(=O)(=O)C(F)(F)F)C(F)(F)F,368.15,1.111,CCCCCCOC[n+]1ccn(C)c1.O=S(=O)([N-]S(=O)(=O)C(F)(F)F)C(F)(F)F,8
Cc1ccccc1,CCCCCC[n+]1ccn(C)c1.N#C[S-],298.15,2.79,CCCCCC[n+]1ccn(C)c1.N#C[S-],9
Cc1ccccc1,CCCCCC[n+]1ccn(C)c1.N#C[S-],308.15,2.85,CCCCCC[n+]1ccn(C)c1.N#C[S-],9
Cc1ccccc1,CCCCCC[n+]1ccn(C)c1.N#C[S-],318.15,2.91,CCCCCC[n+]1ccn(C)c1.N#C[S-],9
Cc1ccccc1,CCCCCC[n+]1ccn(C)c1.N#C[S-],328.15,2.97,CCCCCC[n+]1ccn(C)c1.N#C[S-],9
Cc1ccccc1,CCCCCC[n+]1ccn(C)c1.N#C[S-],338.15,3.03,CCCCCC[n+]1ccn(C)c1.N#C[S-],9
Cc1ccccc1,CCCCCC[n+]1ccn(C)c1.N#C[S-],348.15,3.08,CCCCCC[n+]1ccn(C)c1.N#C[S-],9
Cc1ccccc1,CCCCCC[n+]1ccn(C)c1.N#C[S-],358.15,3.14,CCCCCC[n+]1ccn(C)c1.N#C[S-],9
Cc1ccccc1,CCCCCC[n+]1ccn(C)c1.N#C[S-],368.15,3.18,CCCCCC[n+]1ccn(C)c1.N#C[S-],9
Cc1ccccc1,CCCCCCCCCCCCCC[P+](CCCCCC)(CCCCCC)CCCCCC.F[B-](F)(F)F,313.15,0.524,CCCCCCCCCCCCCC[P+](CCCCCC)(CCCCCC)CCCCCC.F[B-](F)(F)F,10
Cc1ccccc1,CCCCCCCCCCCCCC[P+](CCCCCC)(CCCCCC)CCCCCC.F[B-](F)(F)F,313.15,0.528,CCCCCCCCCCCCCC[P+](CCCCCC)(CCCCCC)CCCCCC.F[B-](F)(F)F,10
Cc1ccccc1,CCCCCCCCCCCCCC[P+](CCCCCC)(CCCCCC)CCCCCC.F[B-](F)(F)F,333.15,0.523,CCCCCCCCCCCCCC[P+](CCCCCC)(CCCCCC)CCCCCC.F[B-](F)(F)F,10
Cc1ccccc1,CCCCCCCCCCCCCC[P+](CCCCCC)(CCCCCC)CCCCCC.F[B-](F)(F)F,333.15,0.539,CCCCCCCCCCCCCC[P+](CCCCCC)(CCCCCC)CCCCCC.F[B-](F)(F)F,10
Cc1ccccc1,CCCCCCCCCCCCCC[P+](CCCCCC)(CCCCCC)CCCCCC.F[B-](F)(F)F,353.15,0.546,CCCCCCCCCCCCCC[P+](CCCCCC)(CCCCCC)CCCCCC.F[B-](F)(F)F,10
Cc1ccccc1,CCCCCCCCCCCCCC[P+](CCCCCC)(CCCCCC)CCCCCC.F[B-](F)(F)F,353.15,0.574,CCCCCCCCCCCCCC[P+](CCCCCC)(CCCCCC)CCCCCC.F[B-](F)(F)F,10
Cc1ccccc1,CCCCCCCCCCCCCC[P+](CCCCCC)(CCCCCC)CCCCCC.F[B-](F)(F)F,373.15,0.564,CCCCCCCCCCCCCC[P+](CCCCCC)(CCCCCC)CCCCCC.F[B-](F)(F)F,10
Cc1ccccc1,CCCCCCCCCCCCCC[P+](CCCCCC)(CCCCCC)CCCCCC.F[B-](F)(F)F,373.15,0.584,CCCCCCCCCCCCCC[P+](CCCCCC)(CCCCCC)CCCCCC.F[B-](F)(F)F,10
Cc1ccccc1,CCCCCCOCn1cc[n+](COCCCCCC)c1.O=S(=O)([N-]S(=O)(=O)C(F)(F)F)C(F)(F)F,308.15,0.743,CCCCCCOCn1cc[n+](COCCCCCC)c1.O=S(=O)([N-]S(=O)(=O)C(F)(F)F)C(F)(F)F,11
Cc1ccccc1,CCCCCCOCn1cc[n+](COCCCCCC)c1.O=S(=O)([N-]S(=O)(=O)C(F)(F)F)C(F)(F)F,318.15,0.746,CCCCCCOCn1cc[n+](COCCCCCC)c1.O=S(=O)([N-]S(=O)(=O)C(F)(F)F)C(F)(F)F,11
Cc1ccccc1,CCCCCCOCn1cc[n+](COCCCCCC)c1.O=S(=O)([N-]S(=O)(=O)C(F)(F)F)C(F)(F)F,328.15,0.749,CCCCCCOCn1cc[n+](COCCCCCC)c1.O=S(=O)([N-]S(=O)(=O)C(F)(F)F)C(F)(F)F,11
Cc1ccccc1,CCCCCCOCn1cc[n+](COCCCCCC)c1.O=S(=O)([N-]S(=O)(=O)C(F)(F)F)C(F)(F)F,338.15,0.753,CCCCCCOCn1cc[n+](COCCCCCC)c1.O=S(=O)([N-]S(=O)(=O)C(F)(F)F)C(F)(F)F,11
Cc1ccccc1,CCCCCCOCn1cc[n+](COCCCCCC)c1.O=S(=O)([N-]S(=O)(=O)C(F)(F)F)C(F)(F)F,348.15,0.756,CCCCCCOCn1cc[n+](COCCCCCC)c1.O=S(=O)([N-]S(=O)(=O)C(F)(F)F)C(F)(F)F,11
Cc1ccccc1,CCCCCCOCn1cc[n+](COCCCCCC)c1.O=S(=O)([N-]S(=O)(=O)C(F)(F)F)C(F)(F)F,358.15,0.758,CCCCCCOCn1cc[n+](COCCCCCC)c1.O=S(=O)([N-]S(=O)(=O)C(F)(F)F)C(F)(F)F,11
Cc1ccccc1,CCCCCCOCn1cc[n+](COCCCCCC)c1.O=S(=O)([N-]S(=O)(=O)C(F)(F)F)C(F)(F)F,368.15,0.761,CCCCCCOCn1cc[n+](COCCCCCC)c1.O=S(=O)([N-]S(=O)(=O)C(F)(F)F)C(F)(F)F,11
Cc1ccccc1,CCCC[n+]1ccn(C)c1.O=[N+]([O-])[O-],303.15,3.089,CCCC[n+]1ccn(C)c1.O=[N+]([O-])[O-],12
Cc1ccccc1,CCCC[n+]1ccn(C)c1.O=[N+]([O-])[O-],313.15,3.148,CCCC[n+]1ccn(C)c1.O=[N+]([O-])[O-],12
Cc1ccccc1,CCCC[n+]1ccn(C)c1.O=[N+]([O-])[O-],323.15,3.193,CCCC[n+]1ccn(C)c1.O=[N+]([O-])[O-],12
Cc1ccccc1,CCCC[n+]1ccn(C)c1.O=[N+]([O-])[O-],333.15,3.242,CCCC[n+]1ccn(C)c1.O=[N+]([O-])[O-],12
Cc1ccccc1,CCCC[n+]1ccn(C)c1.O=[N+]([O-])[O-],343.15,3.291,CCCC[n+]1ccn(C)c1.O=[N+]([O-])[O-],12
Cc1ccccc1,CCCC[n+]1ccn(C)c1.O=[N+]([O-])[O-],353.15,3.334,CCCC[n+]1ccn(C)c1.O=[N+]([O-])[O-],12
Cc1ccccc1,CCCC[n+]1ccn(C)c1.O=[N+]([O-])[O-],363.15,3.366,CCCC[n+]1ccn(C)c1.O=[N+]([O-])[O-],12
Cc1ccccc1,CCCC[n+]1ccn(C)c1.O=S(=O)([O-])C(F)(F)F,303.15,2.723,CCCC[n+]1ccn(C)c1.O=S(=O)([O-])C(F)(F)F,6
Cc1ccccc1,CCCC[n+]1ccn(C)c1.O=S(=O)([O-])C(F)(F)F,313.15,2.749,CCCC[n+]1ccn(C)c1.O=S(=O)([O-])C(F)(F)F,6
Cc1ccccc1,CCCC[n+]1ccn(C)c1.O=S(=O)([O-])C(F)(F)F,323.15,2.777,CCCC[n+]1ccn(C)c1.O=S(=O)([O-])C(F)(F)F,6
Cc1ccccc1,CCCC[n+]1ccn(C)c1.O=S(=O)([O-])C(F)(F)F,333.15,2.804,CCCC[n+]1ccn(C)c1.O=S(=O)([O-])C(F)(F)F,6
Cc1ccccc1,CCCC[n+]1ccn(C)c1.O=S(=O)([O-])C(F)(F)F,343.15,2.833,CCCC[n+]1ccn(C)c1.O=S(=O)([O-])C(F)(F)F,6
Cc1ccccc1,CCCC[n+]1ccn(C)c1.O=S(=O)([O-])C(F)(F)F,353.15,2.853,CCCC[n+]1ccn(C)c1.O=S(=O)([O-])C(F)(F)F,6
Cc1ccccc1,CCCC[n+]1ccn(C)c1.O=S(=O)([O-])C(F)(F)F,363.15,2.875,CCCC[n+]1ccn(C)c1.O=S(=O)([O-])C(F)(F)F,6
Cc1ccccc1,CCCCCC[n+]1ccn(C)c1.O=C([O-])C(F)(F)F,303.15,2.97,CCCCCC[n+]1ccn(C)c1.O=C([O-])C(F)(F)F,13
Cc1ccccc1,CCCCCC[n+]1ccn(C)c1.O=C([O-])C(F)(F)F,313.15,3.02,CCCCCC[n+]1ccn(C)c1.O=C([O-])C(F)(F)F,13
Cc1ccccc1,CCCCCC[n+]1ccn(C)c1.O=C([O-])C(F)(F)F,323.15,3.06,CCCCCC[n+]1ccn(C)c1.O=C([O-])C(F)(F)F,13
Cc1ccccc1,CCCCCC[n+]1ccn(C)c1.O=C([O-])C(F)(F)F,333.15,3.1,CCCCCC[n+]1ccn(C)c1.O=C([O-])C(F)(F)F,13
Cc1ccccc1,CCCCCC[n+]1ccn(C)c1.O=C([O-])C(F)(F)F,343.15,3.14,CCCCCC[n+]1ccn(C)c1.O=C([O-])C(F)(F)F,13
Cc1ccccc1,CCCCCC[n+]1ccn(C)c1.O=C([O-])C(F)(F)F,353.15,3.17,CCCCCC[n+]1ccn(C)c1.O=C([O-])C(F)(F)F,13
Cc1ccccc1,CCCCCC[n+]1ccn(C)c1.O=C([O-])C(F)(F)F,363.15,3.2,CCCCCC[n+]1ccn(C)c1.O=C([O-])C(F)(F)F,13
Cc1ccccc1,CCCCCCCCCC[n+]1ccn(C)c1.F[B-](F)(F)F,303.15,1.52,CCCCCCCCCC[n+]1ccn(C)c1.F[B-](F)(F)F,14
Cc1ccccc1,CCCCCCCCCC[n+]1ccn(C)c1.F[B-](F)(F)F,313.15,1.49,CCCCCCCCCC[n+]1ccn(C)c1.F[B-](F)(F)F,14
Cc1ccccc1,CCCCCCCCCC[n+]1ccn(C)c1.F[B-](F)(F)F,323.15,1.47,CCCCCCCCCC[n+]1ccn(C)c1.F[B-](F)(F)F,14
Cc1ccccc1,CCCCCCCCCC[n+]1ccn(C)c1.F[B-](F)(F)F,333.15,1.43,CCCCCCCCCC[n+]1ccn(C)c1.F[B-](F)(F)F,14
Cc1ccccc1,CCCCCCCCCC[n+]1ccn(C)c1.F[B-](F)(F)F,343.15,1.41,CCCCCCCCCC[n+]1ccn(C)c1.F[B-](F)(F)F,14
Cc1ccccc1,CCCCCCCCCC[n+]1ccn(C)c1.F[B-](F)(F)F,353.15,1.4,CCCCCCCCCC[n+]1ccn(C)c1.F[B-](F)(F)F,14
Cc1ccccc1,CCCCCCCCCC[n+]1ccn(C)c1.F[B-](F)(F)F,363.15,1.35,CCCCCCCCCC[n+]1ccn(C)c1.F[B-](F)(F)F,14
Cc1ccccc1,O=S(=O)([N-]S(=O)(=O)C(F)(F)F)C(F)(F)F.OCCC[n+]1ccccc1,318.15,2.36,O=S(=O)([N-]S(=O)(=O)C(F)(F)F)C(F)(F)F.OCCC[n+]1ccccc1,15
Cc1ccccc1,O=S(=O)([N-]S(=O)(=O)C(F)(F)F)C(F)(F)F.OCCC[n+]1ccccc1,328.15,2.37,O=S(=O)([N-]S(=O)(=O)C(F)(F)F)C(F)(F)F.OCCC[n+]1ccccc1,15
Cc1ccccc1,O=S(=O)([N-]S(=O)(=O)C(F)(F)F)C(F)(F)F.OCCC[n+]1ccccc1,338.15,2.38,O=S(=O)([N-]S(=O)(=O)C(F)(F)F)C(F)(F)F.OCCC[n+]1ccccc1,15
Cc1ccccc1,O=S(=O)([N-]S(=O)(=O)C(F)(F)F)C(F)(F)F.OCCC[n+]1ccccc1,348.15,2.39,O=S(=O)([N-]S(=O)(=O)C(F)(F)F)C(F)(F)F.OCCC[n+]1ccccc1,15
Cc1ccccc1,O=S(=O)([N-]S(=O)(=O)C(F)(F)F)C(F)(F)F.OCCC[n+]1ccccc1,358.15,2.4,O=S(=O)([N-]S(=O)(=O)C(F)(F)F)C(F)(F)F.OCCC[n+]1ccccc1,15
Cc1ccccc1,O=S(=O)([N-]S(=O)(=O)C(F)(F)F)C(F)(F)F.OCCC[n+]1ccccc1,368.15,2.41,O=S(=O)([N-]S(=O)(=O)C(F)(F)F)C(F)(F)F.OCCC[n+]1ccccc1,15
Cc1ccccc1,O=S(=O)([N-]S(=O)(=O)C(F)(F)F)C(F)(F)F.OCCC[n+]1ccccc1,378.15,2.42,O=S(=O)([N-]S(=O)(=O)C(F)(F)F)C(F)(F)F.OCCC[n+]1ccccc1,15
Cc1ccccc1,CCCC[n+]1ccc(C#N)cc1.O=S(=O)([N-]S(=O)(=O)C(F)(F)F)C(F)(F)F,308.15,1.46,CCCC[n+]1ccc(C#N)cc1.O=S(=O)([N-]S(=O)(=O)C(F)(F)F)C(F)(F)F,16
Cc1ccccc1,CCCC[n+]1ccc(C#N)cc1.O=S(=O)([N-]S(=O)(=O)C(F)(F)F)C(F)(F)F,318.15,1.54,CCCC[n+]1ccc(C#N)cc1.O=S(=O)([N-]S(=O)(=O)C(F)(F)F)C(F)(F)F,16
Cc1ccccc1,CCCC[n+]1ccc(C#N)cc1.O=S(=O)([N-]S(=O)(=O)C(F)(F)F)C(F)(F)F,328.15,1.62,CCCC[n+]1ccc(C#N)cc1.O=S(=O)([N-]S(=O)(=O)C(F)(F)F)C(F)(F)F,16
Cc1ccccc1,CCCC[n+]1ccc(C#N)cc1.O=S(=O)([N-]S(=O)(=O)C(F)(F)F)C(F)(F)F,338.15,1.7,CCCC[n+]1ccc(C#N)cc1.O=S(=O)([N-]S(=O)(=O)C(F)(F)F)C(F)(F)F,16
Cc1ccccc1,CCCC[n+]1ccc(C#N)cc1.O=S(=O)([N-]S(=O)(=O)C(F)(F)F)C(F)(F)F,348.15,1.78,CCCC[n+]1ccc(C#N)cc1.O=S(=O)([N-]S(=O)(=O)C(F)(F)F)C(F)(F)F,16
Cc1ccccc1,CCCC[n+]1ccc(C#N)cc1.O=S(=O)([N-]S(=O)(=O)C(F)(F)F)C(F)(F)F,358.15,1.86,CCCC[n+]1ccc(C#N)cc1.O=S(=O)([N-]S(=O)(=O)C(F)(F)F)C(F)(F)F,16
Cc1ccccc1,CCCC[n+]1ccc(C#N)cc1.O=S(=O)([N-]S(=O)(=O)C(F)(F)F)C(F)(F)F,368.15,1.94,CCCC[n+]1ccc(C#N)cc1.O=S(=O)([N-]S(=O)(=O)C(F)(F)F)C(F)(F)F,16
Cc1ccccc1,CCN(CC)c1c(N(CC)CC)[c+]1N(CC)CC.O=S(=O)([N-]S(=O)(=O)C(F)(F)F)C(F)(F)F,323.15,0.7,CCN(CC)c1c(N(CC)CC)[c+]1N(CC)CC.O=S(=O)([N-]S(=O)(=O)C(F)(F)F)C(F)(F)F,17
Cc1ccccc1,CCN(CC)c1c(N(CC)CC)[c+]1N(CC)CC.O=S(=O)([N-]S(=O)(=O)C(F)(F)F)C(F)(F)F,333.15,0.717,CCN(CC)c1c(N(CC)CC)[c+]1N(CC)CC.O=S(=O)([N-]S(=O)(=O)C(F)(F)F)C(F)(F)F,17
Cc1ccccc1,CCN(CC)c1c(N(CC)CC)[c+]1N(CC)CC.O=S(=O)([N-]S(=O)(=O)C(F)(F)F)C(F)(F)F,343.15,0.741,CCN(CC)c1c(N(CC)CC)[c+]1N(CC)CC.O=S(=O)([N-]S(=O)(=O)C(F)(F)F)C(F)(F)F,17
Cc1ccccc1,CCN(CC)c1c(N(CC)CC)[c+]1N(CC)CC.O=S(=O)([N-]S(=O)(=O)C(F)(F)F)C(F)(F)F,353.15,0.779,CCN(CC)c1c(N(CC)CC)[c+]1N(CC)CC.O=S(=O)([N-]S(=O)(=O)C(F)(F)F)C(F)(F)F,17
Cc1ccccc1,CCN(CC)c1c(N(CC)CC)[c+]1N(CC)CC.O=S(=O)([N-]S(=O)(=O)C(F)(F)F)C(F)(F)F,363.15,0.809,CCN(CC)c1c(N(CC)CC)[c+]1N(CC)CC.O=S(=O)([N-]S(=O)(=O)C(F)(F)F)C(F)(F)F,17
Cc1ccccc1,CCN(CC)c1c(N(CC)CC)[c+]1N(CC)CC.O=S(=O)([N-]S(=O)(=O)C(F)(F)F)C(F)(F)F,373.15,0.834,CCN(CC)c1c(N(CC)CC)[c+]1N(CC)CC.O=S(=O)([N-]S(=O)(=O)C(F)(F)F)C(F)(F)F,17
Cc1ccccc1,CCCCCCCC[N+](CC)(CC)CC.O=S(=O)(F)[N-]S(=O)(=O)F,318.15,0.832,CCCCCCCC[N+](CC)(CC)CC.O=S(=O)(F)[N-]S(=O)(=O)F,18
Cc1ccccc1,CCCCCCCC[N+](CC)(CC)CC.O=S(=O)(F)[N-]S(=O)(=O)F,328.15,0.89,CCCCCCCC[N+](CC)(CC)CC.O=S(=O)(F)[N-]S(=O)(=O)F,18
Cc1ccccc1,CCCCCCCC[N+](CC)(CC)CC.O=S(=O)(F)[N-]S(=O)(=O)F,338.15,0.951,CCCCCCCC[N+](CC)(CC)CC.O=S(=O)(F)[N-]S(=O)(=O)F,18
Cc1ccccc1,CCCCCCCC[N+](CC)(CC)CC.O=S(=O)(F)[N-]S(=O)(=O)F,348.15,1.01,CCCCCCCC[N+](CC)(CC)CC.O=S(=O)(F)[N-]S(=O)(=O)F,18
Cc1ccccc1,CCCCCCCC[N+](CC)(CC)CC.O=S(=O)(F)[N-]S(=O)(=O)F,358.15,1.07,CCCCCCCC[N+](CC)(CC)CC.O=S(=O)(F)[N-]S(=O)(=O)F,18
Cc1ccccc1,CCCCCCCC[N+](CC)(CC)CC.O=S(=O)(F)[N-]S(=O)(=O)F,368.15,1.13,CCCCCCCC[N+](CC)(CC)CC.O=S(=O)(F)[N-]S(=O)(=O)F,18
Cc1ccccc1,CCCC[N+]1(C)CCCC1.O=S(=O)(F)[N-]S(=O)(=O)F,318.15,1.49,CCCC[N+]1(C)CCCC1.O=S(=O)(F)[N-]S(=O)(=O)F,19
Cc1ccccc1,CCCC[N+]1(C)CCCC1.O=S(=O)(F)[N-]S(=O)(=O)F,328.15,1.59,CCCC[N+]1(C)CCCC1.O=S(=O)(F)[N-]S(=O)(=O)F,19
Cc1ccccc1,CCCC[N+]1(C)CCCC1.O=S(=O)(F)[N-]S(=O)(=O)F,338.15,1.68,CCCC[N+]1(C)CCCC1.O=S(=O)(F)[N-]S(=O)(=O)F,19
Cc1ccccc1,CCCC[N+]1(C)CCCC1.O=S(=O)(F)[N-]S(=O)(=O)F,348.15,1.78,CCCC[N+]1(C)CCCC1.O=S(=O)(F)[N-]S(=O)(=O)F,19
Cc1ccccc1,CCCC[N+]1(C)CCCC1.O=S(=O)(F)[N-]S(=O)(=O)F,358.15,1.88,CCCC[N+]1(C)CCCC1.O=S(=O)(F)[N-]S(=O)(=O)F,19
Cc1ccccc1,CCCC[N+]1(C)CCCC1.O=S(=O)(F)[N-]S(=O)(=O)F,368.15,1.97,CCCC[N+]1(C)CCCC1.O=S(=O)(F)[N-]S(=O)(=O)F,19
Cc1ccccc1,CC[n+]1ccn(C)c1.CS(=O)(=O)[O-],308.15,9.13,CC[n+]1ccn(C)c1.CS(=O)(=O)[O-],20
Cc1ccccc1,CC[n+]1ccn(C)c1.CS(=O)(=O)[O-],318.15,9.03,CC[n+]1ccn(C)c1.CS(=O)(=O)[O-],20
Cc1ccccc1,CC[n+]1ccn(C)c1.CS(=O)(=O)[O-],328.15,8.88,CC[n+]1ccn(C)c1.CS(=O)(=O)[O-],20
Cc1ccccc1,CC[n+]1ccn(C)c1.CS(=O)(=O)[O-],338.15,8.77,CC[n+]1ccn(C)c1.CS(=O)(=O)[O-],20
Cc1ccccc1,CC[n+]1ccn(C)c1.CS(=O)(=O)[O-],348.15,8.65,CC[n+]1ccn(C)c1.CS(=O)(=O)[O-],20
Cc1ccccc1,CC[n+]1ccn(C)c1.CS(=O)(=O)[O-],358.15,8.53,CC[n+]1ccn(C)c1.CS(=O)(=O)[O-],20
Cc1ccccc1,CCCC[N+]1(C)CCCC1.N#C[C-](C#N)C#N,318.15,1.43,CCCC[N+]1(C)CCCC1.N#C[C-](C#N)C#N,21
Cc1ccccc1,CCCC[N+]1(C)CCCC1.N#C[C-](C#N)C#N,328.15,1.47,CCCC[N+]1(C)CCCC1.N#C[C-](C#N)C#N,21
Cc1ccccc1,CCCC[N+]1(C)CCCC1.N#C[C-](C#N)C#N,338.15,1.51,CCCC[N+]1(C)CCCC1.N#C[C-](C#N)C#N,21
Cc1ccccc1,CCCC[N+]1(C)CCCC1.N#C[C-](C#N)C#N,348.15,1.55,CCCC[N+]1(C)CCCC1.N#C[C-](C#N)C#N,21
Cc1ccccc1,CCCC[N+]1(C)CCCC1.N#C[C-](C#N)C#N,358.15,1.57,CCCC[N+]1(C)CCCC1.N#C[C-](C#N)C#N,21
Cc1ccccc1,CCCC[N+]1(C)CCCC1.N#C[C-](C#N)C#N,368.15,1.6,CCCC[N+]1(C)CCCC1.N#C[C-](C#N)C#N,21
Cc1ccccc1,CCCC[n+]1ccc(C)cc1.O=S(=O)([N-]S(=O)(=O)C(F)(F)F)C(F)(F)F,318.15,0.973,CCCC[n+]1ccc(C)cc1.O=S(=O)([N-]S(=O)(=O)C(F)(F)F)C(F)(F)F,22
Cc1ccccc1,CCCC[n+]1ccc(C)cc1.O=S(=O)([N-]S(=O)(=O)C(F)(F)F)C(F)(F)F,328.15,1,CCCC[n+]1ccc(C)cc1.O=S(=O)([N-]S(=O)(=O)C(F)(F)F)C(F)(F)F,22
Cc1ccccc1,CCCC[n+]1ccc(C)cc1.O=S(=O)([N-]S(=O)(=O)C(F)(F)F)C(F)(F)F,338.15,1.024,CCCC[n+]1ccc(C)cc1.O=S(=O)([N-]S(=O)(=O)C(F)(F)F)C(F)(F)F,22
Cc1ccccc1,CCCC[n+]1ccc(C)cc1.O=S(=O)([N-]S(=O)(=O)C(F)(F)F)C(F)(F)F,348.15,1.046,CCCC[n+]1ccc(C)cc1.O=S(=O)([N-]S(=O)(=O)C(F)(F)F)C(F)(F)F,22
Cc1ccccc1,CCCC[n+]1ccc(C)cc1.O=S(=O)([N-]S(=O)(=O)C(F)(F)F)C(F)(F)F,358.15,1.069,CCCC[n+]1ccc(C)cc1.O=S(=O)([N-]S(=O)(=O)C(F)(F)F)C(F)(F)F,22
Cc1ccccc1,CCCC[n+]1ccc(C)cc1.O=S(=O)([N-]S(=O)(=O)C(F)(F)F)C(F)(F)F,368.15,1.092,CCCC[n+]1ccc(C)cc1.O=S(=O)([N-]S(=O)(=O)C(F)(F)F)C(F)(F)F,22
Cc1ccccc1,CCC[N+]1(C)CCCCC1.O=S(=O)([N-]S(=O)(=O)C(F)(F)F)C(F)(F)F,308.15,1.26,CCC[N+]1(C)CCCCC1.O=S(=O)([N-]S(=O)(=O)C(F)(F)F)C(F)(F)F,23
Cc1ccccc1,CCC[N+]1(C)CCCCC1.O=S(=O)([N-]S(=O)(=O)C(F)(F)F)C(F)(F)F,318.15,1.27,CCC[N+]1(C)CCCCC1.O=S(=O)([N-]S(=O)(=O)C(F)(F)F)C(F)(F)F,23
Cc1ccccc1,CCC[N+]1(C)CCCCC1.O=S(=O)([N-]S(=O)(=O)C(F)(F)F)C(F)(F)F,328.15,1.29,CCC[N+]1(C)CCCCC1.O=S(=O)([N-]S(=O)(=O)C(F)(F)F)C(F)(F)F,23
Cc1ccccc1,CCC[N+]1(C)CCCCC1.O=S(=O)([N-]S(=O)(=O)C(F)(F)F)C(F)(F)F,338.15,1.3,CCC[N+]1(C)CCCCC1.O=S(=O)([N-]S(=O)(=O)C(F)(F)F)C(F)(F)F,23
Cc1ccccc1,CCC[N+]1(C)CCCCC1.O=S(=O)([N-]S(=O)(=O)C(F)(F)F)C(F)(F)F,348.15,1.33,CCC[N+]1(C)CCCCC1.O=S(=O)([N-]S(=O)(=O)C(F)(F)F)C(F)(F)F,23
Cc1ccccc1,CCC[N+]1(C)CCCCC1.O=S(=O)([N-]S(=O)(=O)C(F)(F)F)C(F)(F)F,358.15,1.35,CCC[N+]1(C)CCCCC1.O=S(=O)([N-]S(=O)(=O)C(F)(F)F)C(F)(F)F,23
Cc1ccccc1,CCCCCCCCCCCC[n+]1ccn(C)c1.O=S(=O)([N-]S(=O)(=O)C(F)(F)F)C(F)(F)F,318.15,0.699,CCCCCCCCCCCC[n+]1ccn(C)c1.O=S(=O)([N-]S(=O)(=O)C(F)(F)F)C(F)(F)F,24
Cc1ccccc1,CCCCCCCCCCCC[n+]1ccn(C)c1.O=S(=O)([N-]S(=O)(=O)C(F)(F)F)C(F)(F)F,328.15,0.732,CCCCCCCCCCCC[n+]1ccn(C)c1.O=S(=O)([N-]S(=O)(=O)C(F)(F)F)C(F)(F)F,24
Cc1ccccc1,CCCCCCCCCCCC[n+]1ccn(C)c1.O=S(=O)([N-]S(=O)(=O)C(F)(F)F)C(F)(F)F,338.15,0.765,CCCCCCCCCCCC[n+]1ccn(C)c1.O=S(=O)([N-]S(=O)(=O)C(F)(F)F)C(F)(F)F,24
Cc1ccccc1,CCCCCCCCCCCC[n+]1ccn(C)c1.O=S(=O)([N-]S(=O)(=O)C(F)(F)F)C(F)(F)F,348.15,0.8,CCCCCCCCCCCC[n+]1ccn(C)c1.O=S(=O)([N-]S(=O)(=O)C(F)(F)F)C(F)(F)F,24
Cc1ccccc1,CCCCCCCCCCCC[n+]1ccn(C)c1.O=S(=O)([N-]S(=O)(=O)C(F)(F)F)C(F)(F)F,358.15,0.832,CCCCCCCCCCCC[n+]1ccn(C)c1.O=S(=O)([N-]S(=O)(=O)C(F)(F)F)C(F)(F)F,24
Cc1ccccc1,CCCCCCCCCCCC[n+]1ccn(C)c1.O=S(=O)([N-]S(=O)(=O)C(F)(F)F)C(F)(F)F,368.15,0.864,CCCCCCCCCCCC[n+]1ccn(C)c1.O=S(=O)([N-]S(=O)(=O)C(F)(F)F)C(F)(F)F,24
Cc1ccccc1,CCCC[N+]1(C)CCCC1.N#C[B-](C#N)(C#N)C#N,318.15,1.09,CCCC[N+]1(C)CCCC1.N#C[B-](C#N)(C#N)C#N,25
Cc1ccccc1,CCCC[N+]1(C)CCCC1.N#C[B-](C#N)(C#N)C#N,328.15,1.11,CCCC[N+]1(C)CCCC1.N#C[B-](C#N)(C#N)C#N,25
Cc1ccccc1,CCCC[N+]1(C)CCCC1.N#C[B-](C#N)(C#N)C#N,338.15,1.14,CCCC[N+]1(C)CCCC1.N#C[B-](C#N)(C#N)C#N,25
Cc1ccccc1,CCCC[N+]1(C)CCCC1.N#C[B-](C#N)(C#N)C#N,348.15,1.16,CCCC[N+]1(C)CCCC1.N#C[B-](C#N)(C#N)C#N,25
Cc1ccccc1,CCCC[N+]1(C)CCCC1.N#C[B-](C#N)(C#N)C#N,358.15,1.18,CCCC[N+]1(C)CCCC1.N#C[B-](C#N)(C#N)C#N,25
Cc1ccccc1,CCCC[N+]1(C)CCCC1.N#C[B-](C#N)(C#N)C#N,368.15,1.2,CCCC[N+]1(C)CCCC1.N#C[B-](C#N)(C#N)C#N,25
Cc1ccccc1,CCCC[N+]1(C)CCCC1.FC(F)(F)C(F)(F)[P-](F)(F)(F)(C(F)(F)C(F)(F)F)C(F)(F)C(F)(F)F,318.15,0.785,CCCC[N+]1(C)CCCC1.FC(F)(F)C(F)(F)[P-](F)(F)(F)(C(F)(F)C(F)(F)F)C(F)(F)C(F)(F)F,26
Cc1ccccc1,CCCC[N+]1(C)CCCC1.FC(F)(F)C(F)(F)[P-](F)(F)(F)(C(F)(F)C(F)(F)F)C(F)(F)C(F)(F)F,328.15,0.809,CCCC[N+]1(C)CCCC1.FC(F)(F)C(F)(F)[P-](F)(F)(F)(C(F)(F)C(F)(F)F)C(F)(F)C(F)(F)F,26
Cc1ccccc1,CCCC[N+]1(C)CCCC1.FC(F)(F)C(F)(F)[P-](F)(F)(F)(C(F)(F)C(F)(F)F)C(F)(F)C(F)(F)F,338.15,0.836,CCCC[N+]1(C)CCCC1.FC(F)(F)C(F)(F)[P-](F)(F)(F)(C(F)(F)C(F)(F)F)C(F)(F)C(F)(F)F,26
Cc1ccccc1,CCCC[N+]1(C)CCCC1.FC(F)(F)C(F)(F)[P-](F)(F)(F)(C(F)(F)C(F)(F)F)C(F)(F)C(F)(F)F,348.15,0.862,CCCC[N+]1(C)CCCC1.FC(F)(F)C(F)(F)[P-](F)(F)(F)(C(F)(F)C(F)(F)F)C(F)(F)C(F)(F)F,26
Cc1ccccc1,CCCC[N+]1(C)CCCC1.FC(F)(F)C(F)(F)[P-](F)(F)(F)(C(F)(F)C(F)(F)F)C(F)(F)C(F)(F)F,358.15,0.885,CCCC[N+]1(C)CCCC1.FC(F)(F)C(F)(F)[P-](F)(F)(F)(C(F)(F)C(F)(F)F)C(F)(F)C(F)(F)F,26
Cc1ccccc1,CCCC[N+]1(C)CCCC1.FC(F)(F)C(F)(F)[P-](F)(F)(F)(C(F)(F)C(F)(F)F)C(F)(F)C(F)(F)F,368.15,0.907,CCCC[N+]1(C)CCCC1.FC(F)(F)C(F)(F)[P-](F)(F)(F)(C(F)(F)C(F)(F)F)C(F)(F)C(F)(F)F,26
Cc1ccccc1,C[N+](C)(C)CCO.O=S(=O)([N-]S(=O)(=O)C(F)(F)F)C(F)(F)F,318.15,3.9,C[N+](C)(C)CCO.O=S(=O)([N-]S(=O)(=O)C(F)(F)F)C(F)(F)F,27
Cc1ccccc1,C[N+](C)(C)CCO.O=S(=O)([N-]S(=O)(=O)C(F)(F)F)C(F)(F)F,328.15,3.98,C[N+](C)(C)CCO.O=S(=O)([N-]S(=O)(=O)C(F)(F)F)C(F)(F)F,27
Cc1ccccc1,C[N+](C)(C)CCO.O=S(=O)([N-]S(=O)(=O)C(F)(F)F)C(F)(F)F,338.15,4.05,C[N+](C)(C)CCO.O=S(=O)([N-]S(=O)(=O)C(F)(F)F)C(F)(F)F,27
Cc1ccccc1,C[N+](C)(C)CCO.O=S(=O)([N-]S(=O)(=O)C(F)(F)F)C(F)(F)F,348.15,4.11,C[N+](C)(C)CCO.O=S(=O)([N-]S(=O)(=O)C(F)(F)F)C(F)(F)F,27
Cc1ccccc1,C[N+](C)(C)CCO.O=S(=O)([N-]S(=O)(=O)C(F)(F)F)C(F)(F)F,358.15,4.21,C[N+](C)(C)CCO.O=S(=O)([N-]S(=O)(=O)C(F)(F)F)C(F)(F)F,27
Cc1ccccc1,C[N+](C)(C)CCO.O=S(=O)([N-]S(=O)(=O)C(F)(F)F)C(F)(F)F,368.15,4.26,C[N+](C)(C)CCO.O=S(=O)([N-]S(=O)(=O)C(F)(F)F)C(F)(F)F,27
Cc1ccccc1,CC(O)C(=O)[O-].CC[N+]1(C)CCCC1,318.15,5.36,CC(O)C(=O)[O-].CC[N+]1(C)CCCC1,28
Cc1ccccc1,CC(O)C(=O)[O-].CC[N+]1(C)CCCC1,328.15,5.5,CC(O)C(=O)[O-].CC[N+]1(C)CCCC1,28
Cc1ccccc1,CC(O)C(=O)[O-].CC[N+]1(C)CCCC1,338.15,5.62,CC(O)C(=O)[O-].CC[N+]1(C)CCCC1,28
Cc1ccccc1,CC(O)C(=O)[O-].CC[N+]1(C)CCCC1,348.15,5.76,CC(O)C(=O)[O-].CC[N+]1(C)CCCC1,28
Cc1ccccc1,CC(O)C(=O)[O-].CC[N+]1(C)CCCC1,358.15,5.89,CC(O)C(=O)[O-].CC[N+]1(C)CCCC1,28
Cc1ccccc1,CC(O)C(=O)[O-].CC[N+]1(C)CCCC1,368.15,6.06,CC(O)C(=O)[O-].CC[N+]1(C)CCCC1,28
Cc1ccccc1,N#C[N-]C#N.OCCC[n+]1ccccc1,318.15,8.44,N#C[N-]C#N.OCCC[n+]1ccccc1,29
Cc1ccccc1,N#C[N-]C#N.OCCC[n+]1ccccc1,328.15,8.72,N#C[N-]C#N.OCCC[n+]1ccccc1,29
Cc1ccccc1,N#C[N-]C#N.OCCC[n+]1ccccc1,338.15,9.03,N#C[N-]C#N.OCCC[n+]1ccccc1,29
Cc1ccccc1,N#C[N-]C#N.OCCC[n+]1ccccc1,348.15,9.31,N#C[N-]C#N.OCCC[n+]1ccccc1,29
Cc1ccccc1,N#C[N-]C#N.OCCC[n+]1ccccc1,358.15,9.58,N#C[N-]C#N.OCCC[n+]1ccccc1,29
Cc1ccccc1,N#C[N-]C#N.OCCC[n+]1ccccc1,368.15,9.85,N#C[N-]C#N.OCCC[n+]1ccccc1,29
Cc1ccccc1,CCCCCCCC[P+](CCCCCCCC)(CCCCCCCC)CCCCCCCC.O=S(=O)([N-]S(=O)(=O)C(F)(F)F)C(F)(F)F,318.15,0.492,CCCCCCCC[P+](CCCCCCCC)(CCCCCCCC)CCCCCCCC.O=S(=O)([N-]S(=O)(=O)C(F)(F)F)C(F)(F)F,30
Cc1ccccc1,CCCCCCCC[P+](CCCCCCCC)(CCCCCCCC)CCCCCCCC.O=S(=O)([N-]S(=O)(=O)C(F)(F)F)C(F)(F)F,328.15,0.512,CCCCCCCC[P+](CCCCCCCC)(CCCCCCCC)CCCCCCCC.O=S(=O)([N-]S(=O)(=O)C(F)(F)F)C(F)(F)F,30
Cc1ccccc1,CCCCCCCC[P+](CCCCCCCC)(CCCCCCCC)CCCCCCCC.O=S(=O)([N-]S(=O)(=O)C(F)(F)F)C(F)(F)F,338.15,0.533,CCCCCCCC[P+](CCCCCCCC)(CCCCCCCC)CCCCCCCC.O=S(=O)([N-]S(=O)(=O)C(F)(F)F)C(F)(F)F,30
Cc1ccccc1,CCCCCCCC[P+](CCCCCCCC)(CCCCCCCC)CCCCCCCC.O=S(=O)([N-]S(=O)(=O)C(F)(F)F)C(F)(F)F,348.15,0.554,CCCCCCCC[P+](CCCCCCCC)(CCCCCCCC)CCCCCCCC.O=S(=O)([N-]S(=O)(=O)C(F)(F)F)C(F)(F)F,30
Cc1ccccc1,CCCCCCCC[P+](CCCCCCCC)(CCCCCCCC)CCCCCCCC.O=S(=O)([N-]S(=O)(=O)C(F)(F)F)C(F)(F)F,358.15,0.573,CCCCCCCC[P+](CCCCCCCC)(CCCCCCCC)CCCCCCCC.O=S(=O)([N-]S(=O)(=O)C(F)(F)F)C(F)(F)F,30
Cc1ccccc1,CCCCCCCC[P+](CCCCCCCC)(CCCCCCCC)CCCCCCCC.O=S(=O)([N-]S(=O)(=O)C(F)(F)F)C(F)(F)F,368.15,0.592,CCCCCCCC[P+](CCCCCCCC)(CCCCCCCC)CCCCCCCC.O=S(=O)([N-]S(=O)(=O)C(F)(F)F)C(F)(F)F,30
Cc1ccccc1,CC[N+]1(C)CCOCC1.N#C[N-]C#N,318.15,7.87,CC[N+]1(C)CCOCC1.N#C[N-]C#N,31
Cc1ccccc1,CC[N+]1(C)CCOCC1.N#C[N-]C#N,328.15,8.1,CC[N+]1(C)CCOCC1.N#C[N-]C#N,31
Cc1ccccc1,CC[N+]1(C)CCOCC1.N#C[N-]C#N,338.15,8.33,CC[N+]1(C)CCOCC1.N#C[N-]C#N,31
Cc1ccccc1,CC[N+]1(C)CCOCC1.N#C[N-]C#N,348.15,8.56,CC[N+]1(C)CCOCC1.N#C[N-]C#N,31
Cc1ccccc1,CC[N+]1(C)CCOCC1.N#C[N-]C#N,358.15,8.77,CC[N+]1(C)CCOCC1.N#C[N-]C#N,31
Cc1ccccc1,CC[N+]1(C)CCOCC1.N#C[N-]C#N,368.15,8.99,CC[N+]1(C)CCOCC1.N#C[N-]C#N,31
Cc1ccccc1,CCCC[P+](CCCC)(CCCC)CCCC.O=S(=O)([N-]S(=O)(=O)C(F)(F)F)C(F)(F)F,358.15,1.11,CCCC[P+](CCCC)(CCCC)CCCC.O=S(=O)([N-]S(=O)(=O)C(F)(F)F)C(F)(F)F,32
Cc1ccccc1,CCCC[P+](CCCC)(CCCC)CCCC.O=S(=O)([N-]S(=O)(=O)C(F)(F)F)C(F)(F)F,368.15,1.16,CCCC[P+](CCCC)(CCCC)CCCC.O=S(=O)([N-]S(=O)(=O)C(F)(F)F)C(F)(F)F,32
Cc1ccccc1,CCCC[P+](CCCC)(CCCC)CCCC.O=S(=O)([N-]S(=O)(=O)C(F)(F)F)C(F)(F)F,378.15,1.2,CCCC[P+](CCCC)(CCCC)CCCC.O=S(=O)([N-]S(=O)(=O)C(F)(F)F)C(F)(F)F,32
Cc1ccccc1,CCCC[P+](CCCC)(CCCC)CCCC.O=S(=O)([N-]S(=O)(=O)C(F)(F)F)C(F)(F)F,388.15,1.24,CCCC[P+](CCCC)(CCCC)CCCC.O=S(=O)([N-]S(=O)(=O)C(F)(F)F)C(F)(F)F,32
Cc1ccccc1,CCCC[P+](CCCC)(CCCC)CCCC.O=S(=O)([N-]S(=O)(=O)C(F)(F)F)C(F)(F)F,398.15,1.28,CCCC[P+](CCCC)(CCCC)CCCC.O=S(=O)([N-]S(=O)(=O)C(F)(F)F)C(F)(F)F,32
Cc1ccccc1,CCCC[P+](CCCC)(CCCC)CCCC.O=S(=O)([N-]S(=O)(=O)C(F)(F)F)C(F)(F)F,408.15,1.32,CCCC[P+](CCCC)(CCCC)CCCC.O=S(=O)([N-]S(=O)(=O)C(F)(F)F)C(F)(F)F,32
Cc1ccccc1,CCCCCCCCCCCC[N+](C)(C)CCOc1ccccc1.O=S(=O)([N-]S(=O)(=O)C(F)(F)F)C(F)(F)F,318.15,0.681,CCCCCCCCCCCC[N+](C)(C)CCOc1ccccc1.O=S(=O)([N-]S(=O)(=O)C(F)(F)F)C(F)(F)F,33
Cc1ccccc1,CCCCCCCCCCCC[N+](C)(C)CCOc1ccccc1.O=S(=O)([N-]S(=O)(=O)C(F)(F)F)C(F)(F)F,328.15,0.725,CCCCCCCCCCCC[N+](C)(C)CCOc1ccccc1.O=S(=O)([N-]S(=O)(=O)C(F)(F)F)C(F)(F)F,33
Cc1ccccc1,CCCCCCCCCCCC[N+](C)(C)CCOc1ccccc1.O=S(=O)([N-]S(=O)(=O)C(F)(F)F)C(F)(F)F,338.15,0.766,CCCCCCCCCCCC[N+](C)(C)CCOc1ccccc1.O=S(=O)([N-]S(=O)(=O)C(F)(F)F)C(F)(F)F,33
Cc1ccccc1,CCCCCCCCCCCC[N+](C)(C)CCOc1ccccc1.O=S(=O)([N-]S(=O)(=O)C(F)(F)F)C(F)(F)F,348.15,0.81,CCCCCCCCCCCC[N+](C)(C)CCOc1ccccc1.O=S(=O)([N-]S(=O)(=O)C(F)(F)F)C(F)(F)F,33
Cc1ccccc1,CCCCCCCCCCCC[N+](C)(C)CCOc1ccccc1.O=S(=O)([N-]S(=O)(=O)C(F)(F)F)C(F)(F)F,358.15,0.851,CCCCCCCCCCCC[N+](C)(C)CCOc1ccccc1.O=S(=O)([N-]S(=O)(=O)C(F)(F)F)C(F)(F)F,33
Cc1ccccc1,CCCCCCCCCCCC[N+](C)(C)CCOc1ccccc1.O=S(=O)([N-]S(=O)(=O)C(F)(F)F)C(F)(F)F,368.15,0.893,CCCCCCCCCCCC[N+](C)(C)CCOc1ccccc1.O=S(=O)([N-]S(=O)(=O)C(F)(F)F)C(F)(F)F,33
Cc1ccccc1,CCCCCCCCCCCC[N+](C)(C)CCOc1ccccc1.N#C[N-]C#N,328.15,1.05,CCCCCCCCCCCC[N+](C)(C)CCOc1ccccc1.N#C[N-]C#N,34
Cc1ccccc1,CCCCCCCCCCCC[N+](C)(C)CCOc1ccccc1.N#C[N-]C#N,338.15,1.1,CCCCCCCCCCCC[N+](C)(C)CCOc1ccccc1.N#C[N-]C#N,34
Cc1ccccc1,CCCCCCCCCCCC[N+](C)(C)CCOc1ccccc1.N#C[N-]C#N,348.15,1.15,CCCCCCCCCCCC[N+](C)(C)CCOc1ccccc1.N#C[N-]C#N,34
Cc1ccccc1,CCCCCCCCCCCC[N+](C)(C)CCOc1ccccc1.N#C[N-]C#N,358.15,1.19,CCCCCCCCCCCC[N+](C)(C)CCOc1ccccc1.N#C[N-]C#N,34
Cc1ccccc1,CCCCCCCCCCCC[N+](C)(C)CCOc1ccccc1.N#C[N-]C#N,368.15,1.24,CCCCCCCCCCCC[N+](C)(C)CCOc1ccccc1.N#C[N-]C#N,34
Cc1ccccc1,CCCCCCCCCCCC[N+](C)(C)CCOc1ccccc1.N#C[N-]C#N,378.15,1.28,CCCCCCCCCCCC[N+](C)(C)CCOc1ccccc1.N#C[N-]C#N,34
Cc1ccccc1,C[N+]1(CCCC#N)CCCC1.N#C[N-]C#N,318.15,6.41,C[N+]1(CCCC#N)CCCC1.N#C[N-]C#N,35
Cc1ccccc1,C[N+]1(CCCC#N)CCCC1.N#C[N-]C#N,328.15,6.62,C[N+]1(CCCC#N)CCCC1.N#C[N-]C#N,35
Cc1ccccc1,C[N+]1(CCCC#N)CCCC1.N#C[N-]C#N,338.15,6.83,C[N+]1(CCCC#N)CCCC1.N#C[N-]C#N,35
Cc1ccccc1,C[N+]1(CCCC#N)CCCC1.N#C[N-]C#N,348.15,7.02,C[N+]1(CCCC#N)CCCC1.N#C[N-]C#N,35
Cc1ccccc1,C[N+]1(CCCC#N)CCCC1.N#C[N-]C#N,358.15,7.23,C[N+]1(CCCC#N)CCCC1.N#C[N-]C#N,35
Cc1ccccc1,C[N+]1(CCCC#N)CCCC1.N#C[N-]C#N,368.15,7.42,C[N+]1(CCCC#N)CCCC1.N#C[N-]C#N,35
Cc1ccccc1,N#CCCC[n+]1ccccc1.N#C[N-]C#N,318.15,10.1,N#CCCC[n+]1ccccc1.N#C[N-]C#N,36
Cc1ccccc1,N#CCCC[n+]1ccccc1.N#C[N-]C#N,328.15,10.3,N#CCCC[n+]1ccccc1.N#C[N-]C#N,36
Cc1ccccc1,N#CCCC[n+]1ccccc1.N#C[N-]C#N,338.15,10.6,N#CCCC[n+]1ccccc1.N#C[N-]C#N,36
Cc1ccccc1,N#CCCC[n+]1ccccc1.N#C[N-]C#N,348.15,10.8,N#CCCC[n+]1ccccc1.N#C[N-]C#N,36
Cc1ccccc1,N#CCCC[n+]1ccccc1.N#C[N-]C#N,358.15,11,N#CCCC[n+]1ccccc1.N#C[N-]C#N,36
Cc1ccccc1,N#CCCC[n+]1ccccc1.N#C[N-]C#N,368.15,11.3,N#CCCC[n+]1ccccc1.N#C[N-]C#N,36
Cc1ccccc1,CCCCOP(=O)([O-])OCCCC.CCCC[n+]1ccn(C)c1,313.15,1.39,CCCCOP(=O)([O-])OCCCC.CCCC[n+]1ccn(C)c1,37
Cc1ccccc1,CCCCOP(=O)([O-])OCCCC.CCCC[n+]1ccn(C)c1,323.15,1.35,CCCCOP(=O)([O-])OCCCC.CCCC[n+]1ccn(C)c1,37
Cc1ccccc1,CCCCOP(=O)([O-])OCCCC.CCCC[n+]1ccn(C)c1,333.15,1.32,CCCCOP(=O)([O-])OCCCC.CCCC[n+]1ccn(C)c1,37
Cc1ccccc1,CCCCOP(=O)([O-])OCCCC.CCCC[n+]1ccn(C)c1,343.15,1.3,CCCCOP(=O)([O-])OCCCC.CCCC[n+]1ccn(C)c1,37
Cc1ccccc1,CCCCOP(=O)([O-])OCCCC.CCCC[n+]1ccn(C)c1,353.15,1.29,CCCCOP(=O)([O-])OCCCC.CCCC[n+]1ccn(C)c1,37
Cc1ccccc1,CCCCOP(=O)([O-])OCCCC.CCCC[n+]1ccn(C)c1,363.15,1.27,CCCCOP(=O)([O-])OCCCC.CCCC[n+]1ccn(C)c1,37
Cc1ccccc1,CCCC[n+]1ccn(C)c1.COS(=O)(=O)[O-],313.15,15.3,CCCC[n+]1ccn(C)c1.COS(=O)(=O)[O-],38
Cc1ccccc1,CCCC[n+]1ccn(C)c1.COS(=O)(=O)[O-],323.15,13.8,CCCC[n+]1ccn(C)c1.COS(=O)(=O)[O-],38
Cc1ccccc1,CCCC[n+]1ccn(C)c1.COS(=O)(=O)[O-],333.15,12.5,CCCC[n+]1ccn(C)c1.COS(=O)(=O)[O-],38
Cc1ccccc1,CCCC[n+]1ccn(C)c1.COS(=O)(=O)[O-],343.15,11.3,CCCC[n+]1ccn(C)c1.COS(=O)(=O)[O-],38
Cc1ccccc1,CCCC[n+]1ccn(C)c1.COS(=O)(=O)[O-],353.15,10.2,CCCC[n+]1ccn(C)c1.COS(=O)(=O)[O-],38
Cc1ccccc1,CCCC[n+]1ccn(C)c1.COS(=O)(=O)[O-],363.15,9.32,CCCC[n+]1ccn(C)c1.COS(=O)(=O)[O-],38
Cc1ccccc1,CC[n+]1ccn(C)c1.COP(=O)([O-])OC,313.15,6.45,CC[n+]1ccn(C)c1.COP(=O)([O-])OC,39
Cc1ccccc1,CC[n+]1ccn(C)c1.COP(=O)([O-])OC,323.15,6.14,CC[n+]1ccn(C)c1.COP(=O)([O-])OC,39
Cc1ccccc1,CC[n+]1ccn(C)c1.COP(=O)([O-])OC,333.15,5.94,CC[n+]1ccn(C)c1.COP(=O)([O-])OC,39
Cc1ccccc1,CC[n+]1ccn(C)c1.COP(=O)([O-])OC,343.15,5.73,CC[n+]1ccn(C)c1.COP(=O)([O-])OC,39
Cc1ccccc1,CC[n+]1ccn(C)c1.COP(=O)([O-])OC,353.15,5.56,CC[n+]1ccn(C)c1.COP(=O)([O-])OC,39
Cc1ccccc1,CC[n+]1ccn(C)c1.COP(=O)([O-])OC,363.15,5.4,CC[n+]1ccn(C)c1.COP(=O)([O-])OC,39
Cc1ccccc1,COP(=O)([O-])OC.Cn1cc[n+](C)c1,313.15,7.567,COP(=O)([O-])OC.Cn1cc[n+](C)c1,40
Cc1ccccc1,COP(=O)([O-])OC.Cn1cc[n+](C)c1,323.15,7.538,COP(=O)([O-])OC.Cn1cc[n+](C)c1,40
Cc1ccccc1,COP(=O)([O-])OC.Cn1cc[n+](C)c1,333.15,7.511,COP(=O)([O-])OC.Cn1cc[n+](C)c1,40
Cc1ccccc1,COP(=O)([O-])OC.Cn1cc[n+](C)c1,343.15,7.483,COP(=O)([O-])OC.Cn1cc[n+](C)c1,40
Cc1ccccc1,COP(=O)([O-])OC.Cn1cc[n+](C)c1,353.15,7.468,COP(=O)([O-])OC.Cn1cc[n+](C)c1,40
Cc1ccccc1,COP(=O)([O-])OC.Cn1cc[n+](C)c1,363.15,7.445,COP(=O)([O-])OC.Cn1cc[n+](C)c1,40
Cc1ccccc1,CCCn1cc[n+](C)c1C.O=S(=O)([N-]S(=O)(=O)C(F)(F)F)C(F)(F)F,303.15,1.55,CCCn1cc[n+](C)c1C.O=S(=O)([N-]S(=O)(=O)C(F)(F)F)C(F)(F)F,41
Cc1ccccc1,CCCn1cc[n+](C)c1C.O=S(=O)([N-]S(=O)(=O)C(F)(F)F)C(F)(F)F,313.15,1.6,CCCn1cc[n+](C)c1C.O=S(=O)([N-]S(=O)(=O)C(F)(F)F)C(F)(F)F,41
Cc1ccccc1,CCCn1cc[n+](C)c1C.O=S(=O)([N-]S(=O)(=O)C(F)(F)F)C(F)(F)F,323.15,1.66,CCCn1cc[n+](C)c1C.O=S(=O)([N-]S(=O)(=O)C(F)(F)F)C(F)(F)F,41
Cc1ccccc1,CCCn1cc[n+](C)c1C.O=S(=O)([N-]S(=O)(=O)C(F)(F)F)C(F)(F)F,333.15,1.72,CCCn1cc[n+](C)c1C.O=S(=O)([N-]S(=O)(=O)C(F)(F)F)C(F)(F)F,41
Cc1ccccc1,CCCn1cc[n+](C)c1C.O=S(=O)([N-]S(=O)(=O)C(F)(F)F)C(F)(F)F,343.15,1.78,CCCn1cc[n+](C)c1C.O=S(=O)([N-]S(=O)(=O)C(F)(F)F)C(F)(F)F,41
Cc1ccccc1,CCCn1cc[n+](C)c1C.O=S(=O)([N-]S(=O)(=O)C(F)(F)F)C(F)(F)F,353.15,1.85,CCCn1cc[n+](C)c1C.O=S(=O)([N-]S(=O)(=O)C(F)(F)F)C(F)(F)F,41
Cc1ccccc1,COC(=O)CCC[n+]1ccn(C)c1.N#C[N-]C#N,318.15,4.72,COC(=O)CCC[n+]1ccn(C)c1.N#C[N-]C#N,42
Cc1ccccc1,COC(=O)CCC[n+]1ccn(C)c1.N#C[N-]C#N,328.15,4.87,COC(=O)CCC[n+]1ccn(C)c1.N#C[N-]C#N,42
Cc1ccccc1,COC(=O)CCC[n+]1ccn(C)c1.N#C[N-]C#N,338.15,5,COC(=O)CCC[n+]1ccn(C)c1.N#C[N-]C#N,42
Cc1ccccc1,COC(=O)CCC[n+]1ccn(C)c1.N#C[N-]C#N,348.15,5.15,COC(=O)CCC[n+]1ccn(C)c1.N#C[N-]C#N,42
Cc1ccccc1,COC(=O)CCC[n+]1ccn(C)c1.N#C[N-]C#N,358.15,5.27,COC(=O)CCC[n+]1ccn(C)c1.N#C[N-]C#N,42
Cc1ccccc1,COC(=O)CCC[n+]1ccn(C)c1.N#C[N-]C#N,368.15,5.41,COC(=O)CCC[n+]1ccn(C)c1.N#C[N-]C#N,42
Cc1ccccc1,CC[n+]1ccn(C)c1.N#C[C-](C#N)C#N,318.15,2.59,CC[n+]1ccn(C)c1.N#C[C-](C#N)C#N,43
Cc1ccccc1,CC[n+]1ccn(C)c1.N#C[C-](C#N)C#N,328.15,2.69,CC[n+]1ccn(C)c1.N#C[C-](C#N)C#N,43
Cc1ccccc1,CC[n+]1ccn(C)c1.N#C[C-](C#N)C#N,338.15,2.79,CC[n+]1ccn(C)c1.N#C[C-](C#N)C#N,43
Cc1ccccc1,CC[n+]1ccn(C)c1.N#C[C-](C#N)C#N,348.15,2.89,CC[n+]1ccn(C)c1.N#C[C-](C#N)C#N,43
Cc1ccccc1,CC[n+]1ccn(C)c1.N#C[C-](C#N)C#N,358.15,2.99,CC[n+]1ccn(C)c1.N#C[C-](C#N)C#N,43
Cc1ccccc1,CC[n+]1ccn(C)c1.N#C[C-](C#N)C#N,368.15,3.09,CC[n+]1ccn(C)c1.N#C[C-](C#N)C#N,43
Cc1ccccc1,Cn1cc[n+](CCCO)c1.N#C[N-]C#N,318.15,7.75,Cn1cc[n+](CCCO)c1.N#C[N-]C#N,44
Cc1ccccc1,Cn1cc[n+](CCCO)c1.N#C[N-]C#N,328.15,8,Cn1cc[n+](CCCO)c1.N#C[N-]C#N,44
Cc1ccccc1,Cn1cc[n+](CCCO)c1.N#C[N-]C#N,338.15,8.27,Cn1cc[n+](CCCO)c1.N#C[N-]C#N,44
Cc1ccccc1,Cn1cc[n+](CCCO)c1.N#C[N-]C#N,348.15,8.51,Cn1cc[n+](CCCO)c1.N#C[N-]C#N,44
Cc1ccccc1,Cn1cc[n+](CCCO)c1.N#C[N-]C#N,358.15,8.84,Cn1cc[n+](CCCO)c1.N#C[N-]C#N,44
Cc1ccccc1,Cn1cc[n+](CCCO)c1.N#C[N-]C#N,368.15,9.09,Cn1cc[n+](CCCO)c1.N#C[N-]C#N,44
Cc1ccccc1,C[N+]1(CCCO)CCOCC1.N#C[N-]C#N,318.15,13,C[N+]1(CCCO)CCOCC1.N#C[N-]C#N,45
Cc1ccccc1,C[N+]1(CCCO)CCOCC1.N#C[N-]C#N,328.15,13.1,C[N+]1(CCCO)CCOCC1.N#C[N-]C#N,45
Cc1ccccc1,C[N+]1(CCCO)CCOCC1.N#C[N-]C#N,338.15,13.3,C[N+]1(CCCO)CCOCC1.N#C[N-]C#N,45
Cc1ccccc1,C[N+]1(CCCO)CCOCC1.N#C[N-]C#N,348.15,13.4,C[N+]1(CCCO)CCOCC1.N#C[N-]C#N,45
Cc1ccccc1,C[N+]1(CCCO)CCOCC1.N#C[N-]C#N,358.15,13.6,C[N+]1(CCCO)CCOCC1.N#C[N-]C#N,45
Cc1ccccc1,C[N+]1(CCCO)CCOCC1.N#C[N-]C#N,368.15,13.7,C[N+]1(CCCO)CCOCC1.N#C[N-]C#N,45
Cc1ccccc1,CCCCn1cc[n+](C)c1.Cl[Fe-](Cl)(Cl)Cl,323.15,1.12,CCCCn1cc[n+](C)c1.Cl[Fe-](Cl)(Cl)Cl,46
Cc1ccccc1,CCCCn1cc[n+](C)c1.Cl[Fe-](Cl)(Cl)Cl,333.15,1.14,CCCCn1cc[n+](C)c1.Cl[Fe-](Cl)(Cl)Cl,46
Cc1ccccc1,CCCCn1cc[n+](C)c1.Cl[Fe-](Cl)(Cl)Cl,343.15,1.16,CCCCn1cc[n+](C)c1.Cl[Fe-](Cl)(Cl)Cl,46
Cc1ccccc1,CCCCn1cc[n+](C)c1.Cl[Fe-](Cl)(Cl)Cl,353.15,1.22,CCCCn1cc[n+](C)c1.Cl[Fe-](Cl)(Cl)Cl,46
Cc1ccccc1,CCCCn1cc[n+](C)c1.Cl[Fe-](Cl)(Cl)Cl,363.15,1.24,CCCCn1cc[n+](C)c1.Cl[Fe-](Cl)(Cl)Cl,46
Cc1ccccc1,CCCCn1cc[n+](C)c1.Cl[Fe-](Cl)(Cl)Cl,373.15,1.27,CCCCn1cc[n+](C)c1.Cl[Fe-](Cl)(Cl)Cl,46
Cc1ccccc1,CCCC[n+]1ccn(C)c1.N#C[C-](C#N)C#N,318.15,1.81,CCCC[n+]1ccn(C)c1.N#C[C-](C#N)C#N,47
Cc1ccccc1,CCCC[n+]1ccn(C)c1.N#C[C-](C#N)C#N,328.15,1.85,CCCC[n+]1ccn(C)c1.N#C[C-](C#N)C#N,47
Cc1ccccc1,CCCC[n+]1ccn(C)c1.N#C[C-](C#N)C#N,338.15,1.89,CCCC[n+]1ccn(C)c1.N#C[C-](C#N)C#N,47
Cc1ccccc1,CCCC[n+]1ccn(C)c1.N#C[C-](C#N)C#N,348.15,1.95,CCCC[n+]1ccn(C)c1.N#C[C-](C#N)C#N,47
Cc1ccccc1,CCCC[n+]1ccn(C)c1.N#C[C-](C#N)C#N,358.15,1.97,CCCC[n+]1ccn(C)c1.N#C[C-](C#N)C#N,47
Cc1ccccc1,CCCC[n+]1ccn(C)c1.N#C[C-](C#N)C#N,368.15,2.01,CCCC[n+]1ccn(C)c1.N#C[C-](C#N)C#N,47
Cc1ccccc1,CCCC[n+]1ccc(C)cc1.N#C[C-](C#N)C#N,318.15,1.19,CCCC[n+]1ccc(C)cc1.N#C[C-](C#N)C#N,48
Cc1ccccc1,CCCC[n+]1ccc(C)cc1.N#C[C-](C#N)C#N,328.15,1.23,CCCC[n+]1ccc(C)cc1.N#C[C-](C#N)C#N,48
Cc1ccccc1,CCCC[n+]1ccc(C)cc1.N#C[C-](C#N)C#N,338.15,1.27,CCCC[n+]1ccc(C)cc1.N#C[C-](C#N)C#N,48
Cc1ccccc1,CCCC[n+]1ccc(C)cc1.N#C[C-](C#N)C#N,348.15,1.32,CCCC[n+]1ccc(C)cc1.N#C[C-](C#N)C#N,48
Cc1ccccc1,CCCC[n+]1ccc(C)cc1.N#C[C-](C#N)C#N,358.15,1.36,CCCC[n+]1ccc(C)cc1.N#C[C-](C#N)C#N,48
Cc1ccccc1,CCCC[n+]1ccc(C)cc1.N#C[C-](C#N)C#N,368.15,1.4,CCCC[n+]1ccc(C)cc1.N#C[C-](C#N)C#N,48
Cc1ccccc1,COCC[N+]1(C)CCCC1.O=S(=O)([N-]S(=O)(=O)C(F)(F)F)C(F)(F)F,318.15,1.48,COCC[N+]1(C)CCCC1.O=S(=O)([N-]S(=O)(=O)C(F)(F)F)C(F)(F)F,49
Cc1ccccc1,COCC[N+]1(C)CCCC1.O=S(=O)([N-]S(=O)(=O)C(F)(F)F)C(F)(F)F,328.15,1.5,COCC[N+]1(C)CCCC1.O=S(=O)([N-]S(=O)(=O)C(F)(F)F)C(F)(F)F,49
Cc1ccccc1,COCC[N+]1(C)CCCC1.O=S(=O)([N-]S(=O)(=O)C(F)(F)F)C(F)(F)F,338.15,1.51,COCC[N+]1(C)CCCC1.O=S(=O)([N-]S(=O)(=O)C(F)(F)F)C(F)(F)F,49
Cc1ccccc1,COCC[N+]1(C)CCCC1.O=S(=O)([N-]S(=O)(=O)C(F)(F)F)C(F)(F)F,348.15,1.53,COCC[N+]1(C)CCCC1.O=S(=O)([N-]S(=O)(=O)C(F)(F)F)C(F)(F)F,49
Cc1ccccc1,COCC[N+]1(C)CCCC1.O=S(=O)([N-]S(=O)(=O)C(F)(F)F)C(F)(F)F,358.15,1.55,COCC[N+]1(C)CCCC1.O=S(=O)([N-]S(=O)(=O)C(F)(F)F)C(F)(F)F,49
Cc1ccccc1,COCC[N+]1(C)CCCC1.O=S(=O)([N-]S(=O)(=O)C(F)(F)F)C(F)(F)F,368.15,1.56,COCC[N+]1(C)CCCC1.O=S(=O)([N-]S(=O)(=O)C(F)(F)F)C(F)(F)F,49
Cc1ccccc1,COCC[N+]1(C)CCCCC1.O=S(=O)([N-]S(=O)(=O)C(F)(F)F)C(F)(F)F,318.15,1.29,COCC[N+]1(C)CCCCC1.O=S(=O)([N-]S(=O)(=O)C(F)(F)F)C(F)(F)F,50
Cc1ccccc1,COCC[N+]1(C)CCCCC1.O=S(=O)([N-]S(=O)(=O)C(F)(F)F)C(F)(F)F,328.15,1.3,COCC[N+]1(C)CCCCC1.O=S(=O)([N-]S(=O)(=O)C(F)(F)F)C(F)(F)F,50
Cc1ccccc1,COCC[N+]1(C)CCCCC1.O=S(=O)([N-]S(=O)(=O)C(F)(F)F)C(F)(F)F,338.15,1.32,COCC[N+]1(C)CCCCC1.O=S(=O)([N-]S(=O)(=O)C(F)(F)F)C(F)(F)F,50
Cc1ccccc1,COCC[N+]1(C)CCCCC1.O=S(=O)([N-]S(=O)(=O)C(F)(F)F)C(F)(F)F,348.15,1.33,COCC[N+]1(C)CCCCC1.O=S(=O)([N-]S(=O)(=O)C(F)(F)F)C(F)(F)F,50
Cc1ccccc1,COCC[N+]1(C)CCCCC1.O=S(=O)([N-]S(=O)(=O)C(F)(F)F)C(F)(F)F,358.15,1.34,COCC[N+]1(C)CCCCC1.O=S(=O)([N-]S(=O)(=O)C(F)(F)F)C(F)(F)F,50
Cc1ccccc1,COCC[N+]1(C)CCCCC1.O=S(=O)([N-]S(=O)(=O)C(F)(F)F)C(F)(F)F,368.15,1.35,COCC[N+]1(C)CCCCC1.O=S(=O)([N-]S(=O)(=O)C(F)(F)F)C(F)(F)F,50
Cc1ccccc1,COCC[N+]1(C)CCCCC1.FC(F)(F)C(F)(F)[P-](F)(F)(F)(C(F)(F)C(F)(F)F)C(F)(F)C(F)(F)F,318.15,0.727,COCC[N+]1(C)CCCCC1.FC(F)(F)C(F)(F)[P-](F)(F)(F)(C(F)(F)C(F)(F)F)C(F)(F)C(F)(F)F,51
Cc1ccccc1,COCC[N+]1(C)CCCCC1.FC(F)(F)C(F)(F)[P-](F)(F)(F)(C(F)(F)C(F)(F)F)C(F)(F)C(F)(F)F,328.15,0.775,COCC[N+]1(C)CCCCC1.FC(F)(F)C(F)(F)[P-](F)(F)(F)(C(F)(F)C(F)(F)F)C(F)(F)C(F)(F)F,51
Cc1ccccc1,COCC[N+]1(C)CCCCC1.FC(F)(F)C(F)(F)[P-](F)(F)(F)(C(F)(F)C(F)(F)F)C(F)(F)C(F)(F)F,338.15,0.824,COCC[N+]1(C)CCCCC1.FC(F)(F)C(F)(F)[P-](F)(F)(F)(C(F)(F)C(F)(F)F)C(F)(F)C(F)(F)F,51
Cc1ccccc1,COCC[N+]1(C)CCCCC1.FC(F)(F)C(F)(F)[P-](F)(F)(F)(C(F)(F)C(F)(F)F)C(F)(F)C(F)(F)F,348.15,0.881,COCC[N+]1(C)CCCCC1.FC(F)(F)C(F)(F)[P-](F)(F)(F)(C(F)(F)C(F)(F)F)C(F)(F)C(F)(F)F,51
Cc1ccccc1,COCC[N+]1(C)CCCCC1.FC(F)(F)C(F)(F)[P-](F)(F)(F)(C(F)(F)C(F)(F)F)C(F)(F)C(F)(F)F,358.15,0.926,COCC[N+]1(C)CCCCC1.FC(F)(F)C(F)(F)[P-](F)(F)(F)(C(F)(F)C(F)(F)F)C(F)(F)C(F)(F)F,51
Cc1ccccc1,COCC[N+]1(C)CCCCC1.FC(F)(F)C(F)(F)[P-](F)(F)(F)(C(F)(F)C(F)(F)F)C(F)(F)C(F)(F)F,368.15,0.978,COCC[N+]1(C)CCCCC1.FC(F)(F)C(F)(F)[P-](F)(F)(F)(C(F)(F)C(F)(F)F)C(F)(F)C(F)(F)F,51
Cc1ccccc1,C[n+]1ccn(CCO)c1.FC(F)(F)C(F)(F)[P-](F)(F)(F)(C(F)(F)C(F)(F)F)C(F)(F)C(F)(F)F,318.15,1.65,C[n+]1ccn(CCO)c1.FC(F)(F)C(F)(F)[P-](F)(F)(F)(C(F)(F)C(F)(F)F)C(F)(F)C(F)(F)F,52
Cc1ccccc1,C[n+]1ccn(CCO)c1.FC(F)(F)C(F)(F)[P-](F)(F)(F)(C(F)(F)C(F)(F)F)C(F)(F)C(F)(F)F,328.15,1.72,C[n+]1ccn(CCO)c1.FC(F)(F)C(F)(F)[P-](F)(F)(F)(C(F)(F)C(F)(F)F)C(F)(F)C(F)(F)F,52
Cc1ccccc1,C[n+]1ccn(CCO)c1.FC(F)(F)C(F)(F)[P-](F)(F)(F)(C(F)(F)C(F)(F)F)C(F)(F)C(F)(F)F,338.15,1.8,C[n+]1ccn(CCO)c1.FC(F)(F)C(F)(F)[P-](F)(F)(F)(C(F)(F)C(F)(F)F)C(F)(F)C(F)(F)F,52
Cc1ccccc1,C[n+]1ccn(CCO)c1.FC(F)(F)C(F)(F)[P-](F)(F)(F)(C(F)(F)C(F)(F)F)C(F)(F)C(F)(F)F,348.15,1.86,C[n+]1ccn(CCO)c1.FC(F)(F)C(F)(F)[P-](F)(F)(F)(C(F)(F)C(F)(F)F)C(F)(F)C(F)(F)F,52
Cc1ccccc1,C[n+]1ccn(CCO)c1.FC(F)(F)C(F)(F)[P-](F)(F)(F)(C(F)(F)C(F)(F)F)C(F)(F)C(F)(F)F,358.15,1.93,C[n+]1ccn(CCO)c1.FC(F)(F)C(F)(F)[P-](F)(F)(F)(C(F)(F)C(F)(F)F)C(F)(F)C(F)(F)F,52
Cc1ccccc1,C[n+]1ccn(CCO)c1.FC(F)(F)C(F)(F)[P-](F)(F)(F)(C(F)(F)C(F)(F)F)C(F)(F)C(F)(F)F,368.15,1.99,C[n+]1ccn(CCO)c1.FC(F)(F)C(F)(F)[P-](F)(F)(F)(C(F)(F)C(F)(F)F)C(F)(F)C(F)(F)F,52
Cc1ccccc1,COCC[N+]1(C)CCCC1.FC(F)(F)C(F)(F)[P-](F)(F)(F)(C(F)(F)C(F)(F)F)C(F)(F)C(F)(F)F,318.15,0.851,COCC[N+]1(C)CCCC1.FC(F)(F)C(F)(F)[P-](F)(F)(F)(C(F)(F)C(F)(F)F)C(F)(F)C(F)(F)F,53
Cc1ccccc1,COCC[N+]1(C)CCCC1.FC(F)(F)C(F)(F)[P-](F)(F)(F)(C(F)(F)C(F)(F)F)C(F)(F)C(F)(F)F,328.15,0.909,COCC[N+]1(C)CCCC1.FC(F)(F)C(F)(F)[P-](F)(F)(F)(C(F)(F)C(F)(F)F)C(F)(F)C(F)(F)F,53
Cc1ccccc1,COCC[N+]1(C)CCCC1.FC(F)(F)C(F)(F)[P-](F)(F)(F)(C(F)(F)C(F)(F)F)C(F)(F)C(F)(F)F,338.15,0.955,COCC[N+]1(C)CCCC1.FC(F)(F)C(F)(F)[P-](F)(F)(F)(C(F)(F)C(F)(F)F)C(F)(F)C(F)(F)F,53
Cc1ccccc1,COCC[N+]1(C)CCCC1.FC(F)(F)C(F)(F)[P-](F)(F)(F)(C(F)(F)C(F)(F)F)C(F)(F)C(F)(F)F,348.15,1.01,COCC[N+]1(C)CCCC1.FC(F)(F)C(F)(F)[P-](F)(F)(F)(C(F)(F)C(F)(F)F)C(F)(F)C(F)(F)F,53
Cc1ccccc1,COCC[N+]1(C)CCCC1.FC(F)(F)C(F)(F)[P-](F)(F)(F)(C(F)(F)C(F)(F)F)C(F)(F)C(F)(F)F,358.15,1.06,COCC[N+]1(C)CCCC1.FC(F)(F)C(F)(F)[P-](F)(F)(F)(C(F)(F)C(F)(F)F)C(F)(F)C(F)(F)F,53
Cc1ccccc1,COCC[N+]1(C)CCCC1.FC(F)(F)C(F)(F)[P-](F)(F)(F)(C(F)(F)C(F)(F)F)C(F)(F)C(F)(F)F,368.15,1.11,COCC[N+]1(C)CCCC1.FC(F)(F)C(F)(F)[P-](F)(F)(F)(C(F)(F)C(F)(F)F)C(F)(F)C(F)(F)F,53
Cc1ccccc1,CC[N+](C)(C)CCOC.FC(F)(F)C(F)(F)[P-](F)(F)(F)(C(F)(F)C(F)(F)F)C(F)(F)C(F)(F)F,318.15,1.05,CC[N+](C)(C)CCOC.FC(F)(F)C(F)(F)[P-](F)(F)(F)(C(F)(F)C(F)(F)F)C(F)(F)C(F)(F)F,54
Cc1ccccc1,CC[N+](C)(C)CCOC.FC(F)(F)C(F)(F)[P-](F)(F)(F)(C(F)(F)C(F)(F)F)C(F)(F)C(F)(F)F,328.15,1.12,CC[N+](C)(C)CCOC.FC(F)(F)C(F)(F)[P-](F)(F)(F)(C(F)(F)C(F)(F)F)C(F)(F)C(F)(F)F,54
Cc1ccccc1,CC[N+](C)(C)CCOC.FC(F)(F)C(F)(F)[P-](F)(F)(F)(C(F)(F)C(F)(F)F)C(F)(F)C(F)(F)F,338.15,1.18,CC[N+](C)(C)CCOC.FC(F)(F)C(F)(F)[P-](F)(F)(F)(C(F)(F)C(F)(F)F)C(F)(F)C(F)(F)F,54
Cc1ccccc1,CC[N+](C)(C)CCOC.FC(F)(F)C(F)(F)[P-](F)(F)(F)(C(F)(F)C(F)(F)F)C(F)(F)C(F)(F)F,348.15,1.24,CC[N+](C)(C)CCOC.FC(F)(F)C(F)(F)[P-](F)(F)(F)(C(F)(F)C(F)(F)F)C(F)(F)C(F)(F)F,54
Cc1ccccc1,CC[N+](C)(C)CCOC.FC(F)(F)C(F)(F)[P-](F)(F)(F)(C(F)(F)C(F)(F)F)C(F)(F)C(F)(F)F,358.15,1.31,CC[N+](C)(C)CCOC.FC(F)(F)C(F)(F)[P-](F)(F)(F)(C(F)(F)C(F)(F)F)C(F)(F)C(F)(F)F,54
Cc1ccccc1,CC[N+](C)(C)CCOC.FC(F)(F)C(F)(F)[P-](F)(F)(F)(C(F)(F)C(F)(F)F)C(F)(F)C(F)(F)F,368.15,1.36,CC[N+](C)(C)CCOC.FC(F)(F)C(F)(F)[P-](F)(F)(F)(C(F)(F)C(F)(F)F)C(F)(F)C(F)(F)F,54
Cc1ccccc1,CCCCCC[N+]12CCN(CC1)CC2.O=S(=O)([N-]S(=O)(=O)C(F)(F)F)C(F)(F)F,313.15,1.37,CCCCCC[N+]12CCN(CC1)CC2.O=S(=O)([N-]S(=O)(=O)C(F)(F)F)C(F)(F)F,55
Cc1ccccc1,CCCCCC[N+]12CCN(CC1)CC2.O=S(=O)([N-]S(=O)(=O)C(F)(F)F)C(F)(F)F,323.15,1.38,CCCCCC[N+]12CCN(CC1)CC2.O=S(=O)([N-]S(=O)(=O)C(F)(F)F)C(F)(F)F,55
Cc1ccccc1,CCCCCC[N+]12CCN(CC1)CC2.O=S(=O)([N-]S(=O)(=O)C(F)(F)F)C(F)(F)F,333.15,1.39,CCCCCC[N+]12CCN(CC1)CC2.O=S(=O)([N-]S(=O)(=O)C(F)(F)F)C(F)(F)F,55
Cc1ccccc1,CCCCCC[N+]12CCN(CC1)CC2.O=S(=O)([N-]S(=O)(=O)C(F)(F)F)C(F)(F)F,343.15,1.41,CCCCCC[N+]12CCN(CC1)CC2.O=S(=O)([N-]S(=O)(=O)C(F)(F)F)C(F)(F)F,55
Cc1ccccc1,CCCCCC[N+]12CCN(CC1)CC2.O=S(=O)([N-]S(=O)(=O)C(F)(F)F)C(F)(F)F,353.15,1.42,CCCCCC[N+]12CCN(CC1)CC2.O=S(=O)([N-]S(=O)(=O)C(F)(F)F)C(F)(F)F,55
Cc1ccccc1,CCCCCC[N+]12CCN(CC1)CC2.O=S(=O)([N-]S(=O)(=O)C(F)(F)F)C(F)(F)F,363.15,1.43,CCCCCC[N+]12CCN(CC1)CC2.O=S(=O)([N-]S(=O)(=O)C(F)(F)F)C(F)(F)F,55
Cc1ccccc1,CC(C)[N+](C)(C)CC#N.O=S(=O)([N-]S(=O)(=O)C(F)(F)F)C(F)(F)F,313.15,3.363,CC(C)[N+](C)(C)CC#N.O=S(=O)([N-]S(=O)(=O)C(F)(F)F)C(F)(F)F,56
Cc1ccccc1,CC(C)[N+](C)(C)CC#N.O=S(=O)([N-]S(=O)(=O)C(F)(F)F)C(F)(F)F,323.15,3.357,CC(C)[N+](C)(C)CC#N.O=S(=O)([N-]S(=O)(=O)C(F)(F)F)C(F)(F)F,56
Cc1ccccc1,CC(C)[N+](C)(C)CC#N.O=S(=O)([N-]S(=O)(=O)C(F)(F)F)C(F)(F)F,333.15,3.35,CC(C)[N+](C)(C)CC#N.O=S(=O)([N-]S(=O)(=O)C(F)(F)F)C(F)(F)F,56
Cc1ccccc1,CC(C)[N+](C)(C)CC#N.O=S(=O)([N-]S(=O)(=O)C(F)(F)F)C(F)(F)F,343.15,3.343,CC(C)[N+](C)(C)CC#N.O=S(=O)([N-]S(=O)(=O)C(F)(F)F)C(F)(F)F,56
Cc1ccccc1,CC(C)[N+](C)(C)CC#N.O=S(=O)([N-]S(=O)(=O)C(F)(F)F)C(F)(F)F,353.15,3.337,CC(C)[N+](C)(C)CC#N.O=S(=O)([N-]S(=O)(=O)C(F)(F)F)C(F)(F)F,56
Cc1ccccc1,CC(C)[N+](C)(C)CC#N.O=S(=O)([N-]S(=O)(=O)C(F)(F)F)C(F)(F)F,363.15,3.331,CC(C)[N+](C)(C)CC#N.O=S(=O)([N-]S(=O)(=O)C(F)(F)F)C(F)(F)F,56
Cc1ccccc1,C[n+]1ccn(CC2CCCCC2)c1.O=S(=O)([N-]S(=O)(=O)C(F)(F)F)C(F)(F)F,323.15,1.114,C[n+]1ccn(CC2CCCCC2)c1.O=S(=O)([N-]S(=O)(=O)C(F)(F)F)C(F)(F)F,57
Cc1ccccc1,C[n+]1ccn(CC2CCCCC2)c1.O=S(=O)([N-]S(=O)(=O)C(F)(F)F)C(F)(F)F,333.15,1.137,C[n+]1ccn(CC2CCCCC2)c1.O=S(=O)([N-]S(=O)(=O)C(F)(F)F)C(F)(F)F,57
Cc1ccccc1,C[n+]1ccn(CC2CCCCC2)c1.O=S(=O)([N-]S(=O)(=O)C(F)(F)F)C(F)(F)F,343.15,1.166,C[n+]1ccn(CC2CCCCC2)c1.O=S(=O)([N-]S(=O)(=O)C(F)(F)F)C(F)(F)F,57
Cc1ccccc1,C[n+]1ccn(CC2CCCCC2)c1.O=S(=O)([N-]S(=O)(=O)C(F)(F)F)C(F)(F)F,353.15,1.205,C[n+]1ccn(CC2CCCCC2)c1.O=S(=O)([N-]S(=O)(=O)C(F)(F)F)C(F)(F)F,57
Cc1ccccc1,C[n+]1ccn(CC2CCCCC2)c1.O=S(=O)([N-]S(=O)(=O)C(F)(F)F)C(F)(F)F,363.15,1.246,C[n+]1ccn(CC2CCCCC2)c1.O=S(=O)([N-]S(=O)(=O)C(F)(F)F)C(F)(F)F,57
Cc1ccccc1,C[n+]1ccn(CC2CCCCC2)c1.O=S(=O)([N-]S(=O)(=O)C(F)(F)F)C(F)(F)F,373.15,1.246,C[n+]1ccn(CC2CCCCC2)c1.O=S(=O)([N-]S(=O)(=O)C(F)(F)F)C(F)(F)F,57
Cc1ccccc1,C[N+]1(Cc2ccccc2)CCCC1.O=S(=O)([N-]S(=O)(=O)C(F)(F)F)C(F)(F)F,323.15,1.599,C[N+]1(Cc2ccccc2)CCCC1.O=S(=O)([N-]S(=O)(=O)C(F)(F)F)C(F)(F)F,58
Cc1ccccc1,C[N+]1(Cc2ccccc2)CCCC1.O=S(=O)([N-]S(=O)(=O)C(F)(F)F)C(F)(F)F,333.15,1.6,C[N+]1(Cc2ccccc2)CCCC1.O=S(=O)([N-]S(=O)(=O)C(F)(F)F)C(F)(F)F,58
Cc1ccccc1,C[N+]1(Cc2ccccc2)CCCC1.O=S(=O)([N-]S(=O)(=O)C(F)(F)F)C(F)(F)F,343.15,1.598,C[N+]1(Cc2ccccc2)CCCC1.O=S(=O)([N-]S(=O)(=O)C(F)(F)F)C(F)(F)F,58
Cc1ccccc1,C[N+]1(Cc2ccccc2)CCCC1.O=S(=O)([N-]S(=O)(=O)C(F)(F)F)C(F)(F)F,353.15,1.597,C[N+]1(Cc2ccccc2)CCCC1.O=S(=O)([N-]S(=O)(=O)C(F)(F)F)C(F)(F)F,58
Cc1ccccc1,C[N+]1(Cc2ccccc2)CCCC1.O=S(=O)([N-]S(=O)(=O)C(F)(F)F)C(F)(F)F,363.15,1.597,C[N+]1(Cc2ccccc2)CCCC1.O=S(=O)([N-]S(=O)(=O)C(F)(F)F)C(F)(F)F,58
Cc1ccccc1,C[N+]1(Cc2ccccc2)CCCC1.O=S(=O)([N-]S(=O)(=O)C(F)(F)F)C(F)(F)F,373.15,1.596,C[N+]1(Cc2ccccc2)CCCC1.O=S(=O)([N-]S(=O)(=O)C(F)(F)F)C(F)(F)F,58
Cc1ccccc1,Cn1cc[n+](Cc2ccccc2)c1.O=S(=O)([N-]S(=O)(=O)C(F)(F)F)C(F)(F)F,323.15,1.663,Cn1cc[n+](Cc2ccccc2)c1.O=S(=O)([N-]S(=O)(=O)C(F)(F)F)C(F)(F)F,59
Cc1ccccc1,Cn1cc[n+](Cc2ccccc2)c1.O=S(=O)([N-]S(=O)(=O)C(F)(F)F)C(F)(F)F,333.15,1.662,Cn1cc[n+](Cc2ccccc2)c1.O=S(=O)([N-]S(=O)(=O)C(F)(F)F)C(F)(F)F,59
Cc1ccccc1,Cn1cc[n+](Cc2ccccc2)c1.O=S(=O)([N-]S(=O)(=O)C(F)(F)F)C(F)(F)F,343.15,1.652,Cn1cc[n+](Cc2ccccc2)c1.O=S(=O)([N-]S(=O)(=O)C(F)(F)F)C(F)(F)F,59
Cc1ccccc1,Cn1cc[n+](Cc2ccccc2)c1.O=S(=O)([N-]S(=O)(=O)C(F)(F)F)C(F)(F)F,353.15,1.642,Cn1cc[n+](Cc2ccccc2)c1.O=S(=O)([N-]S(=O)(=O)C(F)(F)F)C(F)(F)F,59
Cc1ccccc1,Cn1cc[n+](Cc2ccccc2)c1.O=S(=O)([N-]S(=O)(=O)C(F)(F)F)C(F)(F)F,363.15,1.639,Cn1cc[n+](Cc2ccccc2)c1.O=S(=O)([N-]S(=O)(=O)C(F)(F)F)C(F)(F)F,59
Cc1ccccc1,Cn1cc[n+](Cc2ccccc2)c1.O=S(=O)([N-]S(=O)(=O)C(F)(F)F)C(F)(F)F,373.15,1.635,Cn1cc[n+](Cc2ccccc2)c1.O=S(=O)([N-]S(=O)(=O)C(F)(F)F)C(F)(F)F,59
Cc1ccccc1,O=S(=O)([N-]S(=O)(=O)C(F)(F)F)C(F)(F)F.c1cc[n+](CC2CCCCC2)cc1,323.15,1.005,O=S(=O)([N-]S(=O)(=O)C(F)(F)F)C(F)(F)F.c1cc[n+](CC2CCCCC2)cc1,60
Cc1ccccc1,O=S(=O)([N-]S(=O)(=O)C(F)(F)F)C(F)(F)F.c1cc[n+](CC2CCCCC2)cc1,333.15,1.028,O=S(=O)([N-]S(=O)(=O)C(F)(F)F)C(F)(F)F.c1cc[n+](CC2CCCCC2)cc1,60
Cc1ccccc1,O=S(=O)([N-]S(=O)(=O)C(F)(F)F)C(F)(F)F.c1cc[n+](CC2CCCCC2)cc1,343.15,1.058,O=S(=O)([N-]S(=O)(=O)C(F)(F)F)C(F)(F)F.c1cc[n+](CC2CCCCC2)cc1,60
Cc1ccccc1,O=S(=O)([N-]S(=O)(=O)C(F)(F)F)C(F)(F)F.c1cc[n+](CC2CCCCC2)cc1,353.15,1.108,O=S(=O)([N-]S(=O)(=O)C(F)(F)F)C(F)(F)F.c1cc[n+](CC2CCCCC2)cc1,60
Cc1ccccc1,O=S(=O)([N-]S(=O)(=O)C(F)(F)F)C(F)(F)F.c1cc[n+](CC2CCCCC2)cc1,363.15,1.131,O=S(=O)([N-]S(=O)(=O)C(F)(F)F)C(F)(F)F.c1cc[n+](CC2CCCCC2)cc1,60
Cc1ccccc1,O=S(=O)([N-]S(=O)(=O)C(F)(F)F)C(F)(F)F.c1cc[n+](CC2CCCCC2)cc1,373.15,1.165,O=S(=O)([N-]S(=O)(=O)C(F)(F)F)C(F)(F)F.c1cc[n+](CC2CCCCC2)cc1,60
Cc1ccccc1,O=S(=O)([N-]S(=O)(=O)C(F)(F)F)C(F)(F)F.c1ccc(C[n+]2ccccc2)cc1,323.15,1.25,O=S(=O)([N-]S(=O)(=O)C(F)(F)F)C(F)(F)F.c1ccc(C[n+]2ccccc2)cc1,61
Cc1ccccc1,O=S(=O)([N-]S(=O)(=O)C(F)(F)F)C(F)(F)F.c1ccc(C[n+]2ccccc2)cc1,333.15,1.27,O=S(=O)([N-]S(=O)(=O)C(F)(F)F)C(F)(F)F.c1ccc(C[n+]2ccccc2)cc1,61
Cc1ccccc1,O=S(=O)([N-]S(=O)(=O)C(F)(F)F)C(F)(F)F.c1ccc(C[n+]2ccccc2)cc1,343.15,1.29,O=S(=O)([N-]S(=O)(=O)C(F)(F)F)C(F)(F)F.c1ccc(C[n+]2ccccc2)cc1,61
Cc1ccccc1,O=S(=O)([N-]S(=O)(=O)C(F)(F)F)C(F)(F)F.c1ccc(C[n+]2ccccc2)cc1,353.15,1.34,O=S(=O)([N-]S(=O)(=O)C(F)(F)F)C(F)(F)F.c1ccc(C[n+]2ccccc2)cc1,61
Cc1ccccc1,O=S(=O)([N-]S(=O)(=O)C(F)(F)F)C(F)(F)F.c1ccc(C[n+]2ccccc2)cc1,363.15,1.38,O=S(=O)([N-]S(=O)(=O)C(F)(F)F)C(F)(F)F.c1ccc(C[n+]2ccccc2)cc1,61
Cc1ccccc1,O=S(=O)([N-]S(=O)(=O)C(F)(F)F)C(F)(F)F.c1ccc(C[n+]2ccccc2)cc1,373.15,1.41,O=S(=O)([N-]S(=O)(=O)C(F)(F)F)C(F)(F)F.c1ccc(C[n+]2ccccc2)cc1,61
Cc1ccccc1,C[N+]1(CC2CCCCC2)CCCC1.O=S(=O)([N-]S(=O)(=O)C(F)(F)F)C(F)(F)F,323.15,0.98,C[N+]1(CC2CCCCC2)CCCC1.O=S(=O)([N-]S(=O)(=O)C(F)(F)F)C(F)(F)F,62
Cc1ccccc1,C[N+]1(CC2CCCCC2)CCCC1.O=S(=O)([N-]S(=O)(=O)C(F)(F)F)C(F)(F)F,333.15,1,C[N+]1(CC2CCCCC2)CCCC1.O=S(=O)([N-]S(=O)(=O)C(F)(F)F)C(F)(F)F,62
Cc1ccccc1,C[N+]1(CC2CCCCC2)CCCC1.O=S(=O)([N-]S(=O)(=O)C(F)(F)F)C(F)(F)F,343.15,1.03,C[N+]1(CC2CCCCC2)CCCC1.O=S(=O)([N-]S(=O)(=O)C(F)(F)F)C(F)(F)F,62
Cc1ccccc1,C[N+]1(CC2CCCCC2)CCCC1.O=S(=O)([N-]S(=O)(=O)C(F)(F)F)C(F)(F)F,353.15,1.08,C[N+]1(CC2CCCCC2)CCCC1.O=S(=O)([N-]S(=O)(=O)C(F)(F)F)C(F)(F)F,62
Cc1ccccc1,C[N+]1(CC2CCCCC2)CCCC1.O=S(=O)([N-]S(=O)(=O)C(F)(F)F)C(F)(F)F,363.15,1.12,C[N+]1(CC2CCCCC2)CCCC1.O=S(=O)([N-]S(=O)(=O)C(F)(F)F)C(F)(F)F,62
Cc1ccccc1,C[N+]1(CC2CCCCC2)CCCC1.O=S(=O)([N-]S(=O)(=O)C(F)(F)F)C(F)(F)F,373.15,1.14,C[N+]1(CC2CCCCC2)CCCC1.O=S(=O)([N-]S(=O)(=O)C(F)(F)F)C(F)(F)F,62
Cc1ccccc1,CC[P+](CC)(CC)CCOC.O=S(=O)([N-]S(=O)(=O)C(F)(F)F)C(F)(F)F,323.15,2.05,CC[P+](CC)(CC)CCOC.O=S(=O)([N-]S(=O)(=O)C(F)(F)F)C(F)(F)F,63
Cc1ccccc1,CC[P+](CC)(CC)CCOC.O=S(=O)([N-]S(=O)(=O)C(F)(F)F)C(F)(F)F,333.15,2.09,CC[P+](CC)(CC)CCOC.O=S(=O)([N-]S(=O)(=O)C(F)(F)F)C(F)(F)F,63
Cc1ccccc1,CC[P+](CC)(CC)CCOC.O=S(=O)([N-]S(=O)(=O)C(F)(F)F)C(F)(F)F,343.15,2.18,CC[P+](CC)(CC)CCOC.O=S(=O)([N-]S(=O)(=O)C(F)(F)F)C(F)(F)F,63
Cc1ccccc1,CC[P+](CC)(CC)CCOC.O=S(=O)([N-]S(=O)(=O)C(F)(F)F)C(F)(F)F,353.15,2.21,CC[P+](CC)(CC)CCOC.O=S(=O)([N-]S(=O)(=O)C(F)(F)F)C(F)(F)F,63
Cc1ccccc1,CC[P+](CC)(CC)CCOC.O=S(=O)([N-]S(=O)(=O)C(F)(F)F)C(F)(F)F,363.15,2.25,CC[P+](CC)(CC)CCOC.O=S(=O)([N-]S(=O)(=O)C(F)(F)F)C(F)(F)F,63
Cc1ccccc1,CC[P+](CC)(CC)CCOC.O=S(=O)([N-]S(=O)(=O)C(F)(F)F)C(F)(F)F,373.15,2.24,CC[P+](CC)(CC)CCOC.O=S(=O)([N-]S(=O)(=O)C(F)(F)F)C(F)(F)F,63
Cc1ccccc1,CCCC[P+](CCCC)(CCCC)CCOC.O=S(=O)([N-]S(=O)(=O)C(F)(F)F)C(F)(F)F,323.15,1.61,CCCC[P+](CCCC)(CCCC)CCOC.O=S(=O)([N-]S(=O)(=O)C(F)(F)F)C(F)(F)F,64
Cc1ccccc1,CCCC[P+](CCCC)(CCCC)CCOC.O=S(=O)([N-]S(=O)(=O)C(F)(F)F)C(F)(F)F,333.15,1.63,CCCC[P+](CCCC)(CCCC)CCOC.O=S(=O)([N-]S(=O)(=O)C(F)(F)F)C(F)(F)F,64
Cc1ccccc1,CCCC[P+](CCCC)(CCCC)CCOC.O=S(=O)([N-]S(=O)(=O)C(F)(F)F)C(F)(F)F,343.15,1.66,CCCC[P+](CCCC)(CCCC)CCOC.O=S(=O)([N-]S(=O)(=O)C(F)(F)F)C(F)(F)F,64
Cc1ccccc1,CCCC[P+](CCCC)(CCCC)CCOC.O=S(=O)([N-]S(=O)(=O)C(F)(F)F)C(F)(F)F,353.15,1.69,CCCC[P+](CCCC)(CCCC)CCOC.O=S(=O)([N-]S(=O)(=O)C(F)(F)F)C(F)(F)F,64
Cc1ccccc1,CCCC[P+](CCCC)(CCCC)CCOC.O=S(=O)([N-]S(=O)(=O)C(F)(F)F)C(F)(F)F,363.15,1.71,CCCC[P+](CCCC)(CCCC)CCOC.O=S(=O)([N-]S(=O)(=O)C(F)(F)F)C(F)(F)F,64
Cc1ccccc1,CCCC[P+](CCCC)(CCCC)CCOC.O=S(=O)([N-]S(=O)(=O)C(F)(F)F)C(F)(F)F,373.15,1.73,CCCC[P+](CCCC)(CCCC)CCOC.O=S(=O)([N-]S(=O)(=O)C(F)(F)F)C(F)(F)F,64
Cc1ccccc1,CC[N+](CC)(CC)CCOC.O=S(=O)([N-]S(=O)(=O)C(F)(F)F)C(F)(F)F,323.15,2.25,CC[N+](CC)(CC)CCOC.O=S(=O)([N-]S(=O)(=O)C(F)(F)F)C(F)(F)F,65
Cc1ccccc1,CC[N+](CC)(CC)CCOC.O=S(=O)([N-]S(=O)(=O)C(F)(F)F)C(F)(F)F,333.15,2.27,CC[N+](CC)(CC)CCOC.O=S(=O)([N-]S(=O)(=O)C(F)(F)F)C(F)(F)F,65
Cc1ccccc1,CC[N+](CC)(CC)CCOC.O=S(=O)([N-]S(=O)(=O)C(F)(F)F)C(F)(F)F,343.15,2.36,CC[N+](CC)(CC)CCOC.O=S(=O)([N-]S(=O)(=O)C(F)(F)F)C(F)(F)F,65
Cc1ccccc1,CC[N+](CC)(CC)CCOC.O=S(=O)([N-]S(=O)(=O)C(F)(F)F)C(F)(F)F,353.15,2.42,CC[N+](CC)(CC)CCOC.O=S(=O)([N-]S(=O)(=O)C(F)(F)F)C(F)(F)F,65
Cc1ccccc1,CC[N+](CC)(CC)CCOC.O=S(=O)([N-]S(=O)(=O)C(F)(F)F)C(F)(F)F,363.15,2.48,CC[N+](CC)(CC)CCOC.O=S(=O)([N-]S(=O)(=O)C(F)(F)F)C(F)(F)F,65
Cc1ccccc1,CC[N+](CC)(CC)CCOC.O=S(=O)([N-]S(=O)(=O)C(F)(F)F)C(F)(F)F,373.15,2.52,CC[N+](CC)(CC)CCOC.O=S(=O)([N-]S(=O)(=O)C(F)(F)F)C(F)(F)F,65
Cc1ccccc1,CC[n+]1ccn(CCOC)c1.O=S(=O)([N-]S(=O)(=O)C(F)(F)F)C(F)(F)F,323.15,2.91,CC[n+]1ccn(CCOC)c1.O=S(=O)([N-]S(=O)(=O)C(F)(F)F)C(F)(F)F,66
Cc1ccccc1,CC[n+]1ccn(CCOC)c1.O=S(=O)([N-]S(=O)(=O)C(F)(F)F)C(F)(F)F,333.15,2.93,CC[n+]1ccn(CCOC)c1.O=S(=O)([N-]S(=O)(=O)C(F)(F)F)C(F)(F)F,66
Cc1ccccc1,CC[n+]1ccn(CCOC)c1.O=S(=O)([N-]S(=O)(=O)C(F)(F)F)C(F)(F)F,343.15,3,CC[n+]1ccn(CCOC)c1.O=S(=O)([N-]S(=O)(=O)C(F)(F)F)C(F)(F)F,66
Cc1ccccc1,CC[n+]1ccn(CCOC)c1.O=S(=O)([N-]S(=O)(=O)C(F)(F)F)C(F)(F)F,353.15,3.09,CC[n+]1ccn(CCOC)c1.O=S(=O)([N-]S(=O)(=O)C(F)(F)F)C(F)(F)F,66
Cc1ccccc1,CC[n+]1ccn(CCOC)c1.O=S(=O)([N-]S(=O)(=O)C(F)(F)F)C(F)(F)F,363.15,3.13,CC[n+]1ccn(CCOC)c1.O=S(=O)([N-]S(=O)(=O)C(F)(F)F)C(F)(F)F,66
Cc1ccccc1,CC[n+]1ccn(CCOC)c1.O=S(=O)([N-]S(=O)(=O)C(F)(F)F)C(F)(F)F,373.15,3.14,CC[n+]1ccn(CCOC)c1.O=S(=O)([N-]S(=O)(=O)C(F)(F)F)C(F)(F)F,66
Cc1ccccc1,COCC[n+]1ccccc1.O=S(=O)([N-]S(=O)(=O)C(F)(F)F)C(F)(F)F,323.15,3.43,COCC[n+]1ccccc1.O=S(=O)([N-]S(=O)(=O)C(F)(F)F)C(F)(F)F,67
Cc1ccccc1,COCC[n+]1ccccc1.O=S(=O)([N-]S(=O)(=O)C(F)(F)F)C(F)(F)F,333.15,3.47,COCC[n+]1ccccc1.O=S(=O)([N-]S(=O)(=O)C(F)(F)F)C(F)(F)F,67
Cc1ccccc1,COCC[n+]1ccccc1.O=S(=O)([N-]S(=O)(=O)C(F)(F)F)C(F)(F)F,343.15,3.49,COCC[n+]1ccccc1.O=S(=O)([N-]S(=O)(=O)C(F)(F)F)C(F)(F)F,67
Cc1ccccc1,COCC[n+]1ccccc1.O=S(=O)([N-]S(=O)(=O)C(F)(F)F)C(F)(F)F,353.15,3.54,COCC[n+]1ccccc1.O=S(=O)([N-]S(=O)(=O)C(F)(F)F)C(F)(F)F,67
Cc1ccccc1,COCC[n+]1ccccc1.O=S(=O)([N-]S(=O)(=O)C(F)(F)F)C(F)(F)F,363.15,3.57,COCC[n+]1ccccc1.O=S(=O)([N-]S(=O)(=O)C(F)(F)F)C(F)(F)F,67
Cc1ccccc1,COCC[n+]1ccccc1.O=S(=O)([N-]S(=O)(=O)C(F)(F)F)C(F)(F)F,373.15,3.6,COCC[n+]1ccccc1.O=S(=O)([N-]S(=O)(=O)C(F)(F)F)C(F)(F)F,67
Cc1ccccc1,CCCC[N+]1(C)CCCCC1.O=S(=O)([N-]S(=O)(=O)C(F)(F)F)C(F)(F)F,308.15,1.07,CCCC[N+]1(C)CCCCC1.O=S(=O)([N-]S(=O)(=O)C(F)(F)F)C(F)(F)F,68
Cc1ccccc1,CCCC[N+]1(C)CCCCC1.O=S(=O)([N-]S(=O)(=O)C(F)(F)F)C(F)(F)F,318.15,1.07,CCCC[N+]1(C)CCCCC1.O=S(=O)([N-]S(=O)(=O)C(F)(F)F)C(F)(F)F,68
Cc1ccccc1,CCCC[N+]1(C)CCCCC1.O=S(=O)([N-]S(=O)(=O)C(F)(F)F)C(F)(F)F,328.15,1.1,CCCC[N+]1(C)CCCCC1.O=S(=O)([N-]S(=O)(=O)C(F)(F)F)C(F)(F)F,68
Cc1ccccc1,CCCC[N+]1(C)CCCCC1.O=S(=O)([N-]S(=O)(=O)C(F)(F)F)C(F)(F)F,338.15,1.11,CCCC[N+]1(C)CCCCC1.O=S(=O)([N-]S(=O)(=O)C(F)(F)F)C(F)(F)F,68
Cc1ccccc1,CCCC[N+]1(C)CCCCC1.O=S(=O)([N-]S(=O)(=O)C(F)(F)F)C(F)(F)F,348.15,1.13,CCCC[N+]1(C)CCCCC1.O=S(=O)([N-]S(=O)(=O)C(F)(F)F)C(F)(F)F,68
Cc1ccccc1,CCCC[N+]1(C)CCCCC1.O=S(=O)([N-]S(=O)(=O)C(F)(F)F)C(F)(F)F,358.15,1.16,CCCC[N+]1(C)CCCCC1.O=S(=O)([N-]S(=O)(=O)C(F)(F)F)C(F)(F)F,68
Cc1ccccc1,CCCCCC[N+]1(C)CCCCC1.O=S(=O)([N-]S(=O)(=O)C(F)(F)F)C(F)(F)F,308.15,0.864,CCCCCC[N+]1(C)CCCCC1.O=S(=O)([N-]S(=O)(=O)C(F)(F)F)C(F)(F)F,69
Cc1ccccc1,CCCCCC[N+]1(C)CCCCC1.O=S(=O)([N-]S(=O)(=O)C(F)(F)F)C(F)(F)F,318.15,0.894,CCCCCC[N+]1(C)CCCCC1.O=S(=O)([N-]S(=O)(=O)C(F)(F)F)C(F)(F)F,69
Cc1ccccc1,CCCCCC[N+]1(C)CCCCC1.O=S(=O)([N-]S(=O)(=O)C(F)(F)F)C(F)(F)F,328.15,0.909,CCCCCC[N+]1(C)CCCCC1.O=S(=O)([N-]S(=O)(=O)C(F)(F)F)C(F)(F)F,69
Cc1ccccc1,CCCCCC[N+]1(C)CCCCC1.O=S(=O)([N-]S(=O)(=O)C(F)(F)F)C(F)(F)F,338.15,0.934,CCCCCC[N+]1(C)CCCCC1.O=S(=O)([N-]S(=O)(=O)C(F)(F)F)C(F)(F)F,69
Cc1ccccc1,CCCCCC[N+]1(C)CCCCC1.O=S(=O)([N-]S(=O)(=O)C(F)(F)F)C(F)(F)F,348.15,0.957,CCCCCC[N+]1(C)CCCCC1.O=S(=O)([N-]S(=O)(=O)C(F)(F)F)C(F)(F)F,69
Cc1ccccc1,CCCCCC[N+]1(C)CCCCC1.O=S(=O)([N-]S(=O)(=O)C(F)(F)F)C(F)(F)F,358.15,0.969,CCCCCC[N+]1(C)CCCCC1.O=S(=O)([N-]S(=O)(=O)C(F)(F)F)C(F)(F)F,69
Cc1ccccc1,CCCCC[N+]1(C)CCCCC1.O=S(=O)([N-]S(=O)(=O)C(F)(F)F)C(F)(F)F,308.15,0.91,CCCCC[N+]1(C)CCCCC1.O=S(=O)([N-]S(=O)(=O)C(F)(F)F)C(F)(F)F,70
Cc1ccccc1,CCCCC[N+]1(C)CCCCC1.O=S(=O)([N-]S(=O)(=O)C(F)(F)F)C(F)(F)F,318.15,0.919,CCCCC[N+]1(C)CCCCC1.O=S(=O)([N-]S(=O)(=O)C(F)(F)F)C(F)(F)F,70
Cc1ccccc1,CCCCC[N+]1(C)CCCCC1.O=S(=O)([N-]S(=O)(=O)C(F)(F)F)C(F)(F)F,328.15,0.955,CCCCC[N+]1(C)CCCCC1.O=S(=O)([N-]S(=O)(=O)C(F)(F)F)C(F)(F)F,70
Cc1ccccc1,CCCCC[N+]1(C)CCCCC1.O=S(=O)([N-]S(=O)(=O)C(F)(F)F)C(F)(F)F,338.15,0.975,CCCCC[N+]1(C)CCCCC1.O=S(=O)([N-]S(=O)(=O)C(F)(F)F)C(F)(F)F,70
Cc1ccccc1,CCCCC[N+]1(C)CCCCC1.O=S(=O)([N-]S(=O)(=O)C(F)(F)F)C(F)(F)F,348.15,1.01,CCCCC[N+]1(C)CCCCC1.O=S(=O)([N-]S(=O)(=O)C(F)(F)F)C(F)(F)F,70
Cc1ccccc1,CCCCC[N+]1(C)CCCCC1.O=S(=O)([N-]S(=O)(=O)C(F)(F)F)C(F)(F)F,358.15,1.05,CCCCC[N+]1(C)CCCCC1.O=S(=O)([N-]S(=O)(=O)C(F)(F)F)C(F)(F)F,70
Cc1ccccc1,COP(=O)([O-])OC.C[N+]1(CCO)CCCC1,318.15,9.19,COP(=O)([O-])OC.C[N+]1(CCO)CCCC1,71
Cc1ccccc1,COP(=O)([O-])OC.C[N+]1(CCO)CCCC1,328.15,9.01,COP(=O)([O-])OC.C[N+]1(CCO)CCCC1,71
Cc1ccccc1,COP(=O)([O-])OC.C[N+]1(CCO)CCCC1,338.15,8.835,COP(=O)([O-])OC.C[N+]1(CCO)CCCC1,71
Cc1ccccc1,COP(=O)([O-])OC.C[N+]1(CCO)CCCC1,348.15,8.68,COP(=O)([O-])OC.C[N+]1(CCO)CCCC1,71
Cc1ccccc1,COP(=O)([O-])OC.C[N+]1(CCO)CCCC1,358.15,8.53,COP(=O)([O-])OC.C[N+]1(CCO)CCCC1,71
Cc1ccccc1,COP(=O)([O-])OC.C[N+]1(CCO)CCCC1,368.15,8.4,COP(=O)([O-])OC.C[N+]1(CCO)CCCC1,71
Cc1ccccc1,CCCC[N+](C)(C)CCOCCN(C)C.O=S(=O)([N-]S(=O)(=O)C(F)(F)F)C(F)(F)F,323.15,2.18,CCCC[N+](C)(C)CCOCCN(C)C.O=S(=O)([N-]S(=O)(=O)C(F)(F)F)C(F)(F)F,72
Cc1ccccc1,CCCC[N+](C)(C)CCOCCN(C)C.O=S(=O)([N-]S(=O)(=O)C(F)(F)F)C(F)(F)F,333.15,2.19,CCCC[N+](C)(C)CCOCCN(C)C.O=S(=O)([N-]S(=O)(=O)C(F)(F)F)C(F)(F)F,72
Cc1ccccc1,CCCC[N+](C)(C)CCOCCN(C)C.O=S(=O)([N-]S(=O)(=O)C(F)(F)F)C(F)(F)F,343.15,2.2,CCCC[N+](C)(C)CCOCCN(C)C.O=S(=O)([N-]S(=O)(=O)C(F)(F)F)C(F)(F)F,72
Cc1ccccc1,CCCC[N+](C)(C)CCOCCN(C)C.O=S(=O)([N-]S(=O)(=O)C(F)(F)F)C(F)(F)F,353.15,2.21,CCCC[N+](C)(C)CCOCCN(C)C.O=S(=O)([N-]S(=O)(=O)C(F)(F)F)C(F)(F)F,72
Cc1ccccc1,CCCC[N+](C)(C)CCOCCN(C)C.O=S(=O)([N-]S(=O)(=O)C(F)(F)F)C(F)(F)F,363.15,2.23,CCCC[N+](C)(C)CCOCCN(C)C.O=S(=O)([N-]S(=O)(=O)C(F)(F)F)C(F)(F)F,72
Cc1ccccc1,CCCC[N+](C)(C)CCOCCN(C)C.O=S(=O)([N-]S(=O)(=O)C(F)(F)F)C(F)(F)F,373.15,2.24,CCCC[N+](C)(C)CCOCCN(C)C.O=S(=O)([N-]S(=O)(=O)C(F)(F)F)C(F)(F)F,72
Cc1ccccc1,CCC[N+](C)(C)CCN(C)C.O=S(=O)([N-]S(=O)(=O)C(F)(F)F)C(F)(F)F,323.15,1.39,CCC[N+](C)(C)CCN(C)C.O=S(=O)([N-]S(=O)(=O)C(F)(F)F)C(F)(F)F,73
Cc1ccccc1,CCC[N+](C)(C)CCN(C)C.O=S(=O)([N-]S(=O)(=O)C(F)(F)F)C(F)(F)F,333.15,1.4,CCC[N+](C)(C)CCN(C)C.O=S(=O)([N-]S(=O)(=O)C(F)(F)F)C(F)(F)F,73
Cc1ccccc1,CCC[N+](C)(C)CCN(C)C.O=S(=O)([N-]S(=O)(=O)C(F)(F)F)C(F)(F)F,343.15,1.41,CCC[N+](C)(C)CCN(C)C.O=S(=O)([N-]S(=O)(=O)C(F)(F)F)C(F)(F)F,73
Cc1ccccc1,CCC[N+](C)(C)CCN(C)C.O=S(=O)([N-]S(=O)(=O)C(F)(F)F)C(F)(F)F,353.15,1.42,CCC[N+](C)(C)CCN(C)C.O=S(=O)([N-]S(=O)(=O)C(F)(F)F)C(F)(F)F,73
Cc1ccccc1,CCC[N+](C)(C)CCN(C)C.O=S(=O)([N-]S(=O)(=O)C(F)(F)F)C(F)(F)F,363.15,1.43,CCC[N+](C)(C)CCN(C)C.O=S(=O)([N-]S(=O)(=O)C(F)(F)F)C(F)(F)F,73
Cc1ccccc1,CCC[N+](C)(C)CCN(C)C.O=S(=O)([N-]S(=O)(=O)C(F)(F)F)C(F)(F)F,373.18,1.44,CCC[N+](C)(C)CCN(C)C.O=S(=O)([N-]S(=O)(=O)C(F)(F)F)C(F)(F)F,73
Cc1ccccc1,CCCC[N+](C)(C)CCN(C)C.O=S(=O)([N-]S(=O)(=O)C(F)(F)F)C(F)(F)F,323.15,1.4,CCCC[N+](C)(C)CCN(C)C.O=S(=O)([N-]S(=O)(=O)C(F)(F)F)C(F)(F)F,74
Cc1ccccc1,CCCC[N+](C)(C)CCN(C)C.O=S(=O)([N-]S(=O)(=O)C(F)(F)F)C(F)(F)F,333.15,1.43,CCCC[N+](C)(C)CCN(C)C.O=S(=O)([N-]S(=O)(=O)C(F)(F)F)C(F)(F)F,74
Cc1ccccc1,CCCC[N+](C)(C)CCN(C)C.O=S(=O)([N-]S(=O)(=O)C(F)(F)F)C(F)(F)F,343.15,1.45,CCCC[N+](C)(C)CCN(C)C.O=S(=O)([N-]S(=O)(=O)C(F)(F)F)C(F)(F)F,74
Cc1ccccc1,CCCC[N+](C)(C)CCN(C)C.O=S(=O)([N-]S(=O)(=O)C(F)(F)F)C(F)(F)F,353.15,1.5,CCCC[N+](C)(C)CCN(C)C.O=S(=O)([N-]S(=O)(=O)C(F)(F)F)C(F)(F)F,74
Cc1ccccc1,CCCC[N+](C)(C)CCN(C)C.O=S(=O)([N-]S(=O)(=O)C(F)(F)F)C(F)(F)F,363.15,1.52,CCCC[N+](C)(C)CCN(C)C.O=S(=O)([N-]S(=O)(=O)C(F)(F)F)C(F)(F)F,74
Cc1ccccc1,CCCC[N+](C)(C)CCN(C)C.O=S(=O)([N-]S(=O)(=O)C(F)(F)F)C(F)(F)F,373.15,1.57,CCCC[N+](C)(C)CCN(C)C.O=S(=O)([N-]S(=O)(=O)C(F)(F)F)C(F)(F)F,74
Cc1ccccc1,CCC[N+](C)(C)CCOCCN(C)C.O=S(=O)([N-]S(=O)(=O)C(F)(F)F)C(F)(F)F,323.15,1.93,CCC[N+](C)(C)CCOCCN(C)C.O=S(=O)([N-]S(=O)(=O)C(F)(F)F)C(F)(F)F,75
Cc1ccccc1,CCC[N+](C)(C)CCOCCN(C)C.O=S(=O)([N-]S(=O)(=O)C(F)(F)F)C(F)(F)F,333.15,1.96,CCC[N+](C)(C)CCOCCN(C)C.O=S(=O)([N-]S(=O)(=O)C(F)(F)F)C(F)(F)F,75
Cc1ccccc1,CCC[N+](C)(C)CCOCCN(C)C.O=S(=O)([N-]S(=O)(=O)C(F)(F)F)C(F)(F)F,343.15,2,CCC[N+](C)(C)CCOCCN(C)C.O=S(=O)([N-]S(=O)(=O)C(F)(F)F)C(F)(F)F,75
Cc1ccccc1,CCC[N+](C)(C)CCOCCN(C)C.O=S(=O)([N-]S(=O)(=O)C(F)(F)F)C(F)(F)F,353.15,2.04,CCC[N+](C)(C)CCOCCN(C)C.O=S(=O)([N-]S(=O)(=O)C(F)(F)F)C(F)(F)F,75
Cc1ccccc1,CCC[N+](C)(C)CCOCCN(C)C.O=S(=O)([N-]S(=O)(=O)C(F)(F)F)C(F)(F)F,363.15,2.11,CCC[N+](C)(C)CCOCCN(C)C.O=S(=O)([N-]S(=O)(=O)C(F)(F)F)C(F)(F)F,75
Cc1ccccc1,CCC[N+](C)(C)CCOCCN(C)C.O=S(=O)([N-]S(=O)(=O)C(F)(F)F)C(F)(F)F,373.15,2.13,CCC[N+](C)(C)CCOCCN(C)C.O=S(=O)([N-]S(=O)(=O)C(F)(F)F)C(F)(F)F,75
Cc1ccccc1,CCCC[N+]1(C)CCCC1.O=S(=O)(F)[N-]S(=O)(=O)F,323.15,1.42,CCCC[N+]1(C)CCCC1.O=S(=O)(F)[N-]S(=O)(=O)F,19
Cc1ccccc1,CCCC[N+]1(C)CCCC1.O=S(=O)(F)[N-]S(=O)(=O)F,333.15,1.48,CCCC[N+]1(C)CCCC1.O=S(=O)(F)[N-]S(=O)(=O)F,19
Cc1ccccc1,CCCC[N+]1(C)CCCC1.O=S(=O)(F)[N-]S(=O)(=O)F,343.15,1.53,CCCC[N+]1(C)CCCC1.O=S(=O)(F)[N-]S(=O)(=O)F,19
Cc1ccccc1,CCCC[N+]1(C)CCCC1.O=S(=O)(F)[N-]S(=O)(=O)F,353.15,1.59,CCCC[N+]1(C)CCCC1.O=S(=O)(F)[N-]S(=O)(=O)F,19
Cc1ccccc1,CCCC[N+]1(C)CCCC1.O=S(=O)(F)[N-]S(=O)(=O)F,363.15,1.64,CCCC[N+]1(C)CCCC1.O=S(=O)(F)[N-]S(=O)(=O)F,19
Cc1ccccc1,CCCC[N+]1(C)CCCC1.O=S(=O)(F)[N-]S(=O)(=O)F,373.15,1.66,CCCC[N+]1(C)CCCC1.O=S(=O)(F)[N-]S(=O)(=O)F,19
Cc1ccccc1,CC[n+]1ccn(C)c1.O=S(=O)(F)[N-]S(=O)(=O)F,323.15,2.32,CC[n+]1ccn(C)c1.O=S(=O)(F)[N-]S(=O)(=O)F,76
Cc1ccccc1,CC[n+]1ccn(C)c1.O=S(=O)(F)[N-]S(=O)(=O)F,333.15,2.32,CC[n+]1ccn(C)c1.O=S(=O)(F)[N-]S(=O)(=O)F,76
Cc1ccccc1,CC[n+]1ccn(C)c1.O=S(=O)(F)[N-]S(=O)(=O)F,343.15,2.32,CC[n+]1ccn(C)c1.O=S(=O)(F)[N-]S(=O)(=O)F,76
Cc1ccccc1,CC[n+]1ccn(C)c1.O=S(=O)(F)[N-]S(=O)(=O)F,353.15,2.33,CC[n+]1ccn(C)c1.O=S(=O)(F)[N-]S(=O)(=O)F,76
Cc1ccccc1,CC[n+]1ccn(C)c1.O=S(=O)(F)[N-]S(=O)(=O)F,363.15,2.35,CC[n+]1ccn(C)c1.O=S(=O)(F)[N-]S(=O)(=O)F,76
Cc1ccccc1,CC[n+]1ccn(C)c1.O=S(=O)(F)[N-]S(=O)(=O)F,373.15,2.35,CC[n+]1ccn(C)c1.O=S(=O)(F)[N-]S(=O)(=O)F,76
Cc1ccccc1,CCC[N+]1(C)CCCC1.O=S(=O)(F)[N-]S(=O)(=O)F,323.15,1.55,CCC[N+]1(C)CCCC1.O=S(=O)(F)[N-]S(=O)(=O)F,77
Cc1ccccc1,CCC[N+]1(C)CCCC1.O=S(=O)(F)[N-]S(=O)(=O)F,333.15,1.59,CCC[N+]1(C)CCCC1.O=S(=O)(F)[N-]S(=O)(=O)F,77
Cc1ccccc1,CCC[N+]1(C)CCCC1.O=S(=O)(F)[N-]S(=O)(=O)F,343.15,1.62,CCC[N+]1(C)CCCC1.O=S(=O)(F)[N-]S(=O)(=O)F,77
Cc1ccccc1,CCC[N+]1(C)CCCC1.O=S(=O)(F)[N-]S(=O)(=O)F,353.15,1.67,CCC[N+]1(C)CCCC1.O=S(=O)(F)[N-]S(=O)(=O)F,77
Cc1ccccc1,CCC[N+]1(C)CCCC1.O=S(=O)(F)[N-]S(=O)(=O)F,363.15,1.71,CCC[N+]1(C)CCCC1.O=S(=O)(F)[N-]S(=O)(=O)F,77
Cc1ccccc1,CCC[N+]1(C)CCCC1.O=S(=O)(F)[N-]S(=O)(=O)F,373.15,1.76,CCC[N+]1(C)CCCC1.O=S(=O)(F)[N-]S(=O)(=O)F,77
Cc1ccccc1,CCC[N+]1(C)CCCCC1.O=S(=O)(F)[N-]S(=O)(=O)F,323.15,1.54,CCC[N+]1(C)CCCCC1.O=S(=O)(F)[N-]S(=O)(=O)F,78
Cc1ccccc1,CCC[N+]1(C)CCCCC1.O=S(=O)(F)[N-]S(=O)(=O)F,333.15,1.54,CCC[N+]1(C)CCCCC1.O=S(=O)(F)[N-]S(=O)(=O)F,78
Cc1ccccc1,CCC[N+]1(C)CCCCC1.O=S(=O)(F)[N-]S(=O)(=O)F,343.15,1.59,CCC[N+]1(C)CCCCC1.O=S(=O)(F)[N-]S(=O)(=O)F,78
Cc1ccccc1,CCC[N+]1(C)CCCCC1.O=S(=O)(F)[N-]S(=O)(=O)F,353.15,1.64,CCC[N+]1(C)CCCCC1.O=S(=O)(F)[N-]S(=O)(=O)F,78
Cc1ccccc1,CCC[N+]1(C)CCCCC1.O=S(=O)(F)[N-]S(=O)(=O)F,363.15,1.64,CCC[N+]1(C)CCCCC1.O=S(=O)(F)[N-]S(=O)(=O)F,78
Cc1ccccc1,CCC[N+]1(C)CCCCC1.O=S(=O)(F)[N-]S(=O)(=O)F,373.15,1.69,CCC[N+]1(C)CCCCC1.O=S(=O)(F)[N-]S(=O)(=O)F,78
Cc1ccccc1,CCCCCCCC[N+](C)(CCCCCCCC)CCCCCCCC.O=C([O-])c1ccccc1S,303.15,0.59,CCCCCCCC[N+](C)(CCCCCCCC)CCCCCCCC.O=C([O-])c1ccccc1S,79
Cc1ccccc1,CCCCCCCC[N+](C)(CCCCCCCC)CCCCCCCC.O=C([O-])c1ccccc1S,303.15,0.62,CCCCCCCC[N+](C)(CCCCCCCC)CCCCCCCC.O=C([O-])c1ccccc1S,79
Cc1ccccc1,CCCCCCCC[N+](C)(CCCCCCCC)CCCCCCCC.O=C([O-])c1ccccc1S,313.15,0.59,CCCCCCCC[N+](C)(CCCCCCCC)CCCCCCCC.O=C([O-])c1ccccc1S,79
Cc1ccccc1,CCCCCCCC[N+](C)(CCCCCCCC)CCCCCCCC.O=C([O-])c1ccccc1S,313.15,0.62,CCCCCCCC[N+](C)(CCCCCCCC)CCCCCCCC.O=C([O-])c1ccccc1S,79
Cc1ccccc1,CCCCCCCC[N+](C)(CCCCCCCC)CCCCCCCC.O=C([O-])c1ccccc1S,323.15,0.58,CCCCCCCC[N+](C)(CCCCCCCC)CCCCCCCC.O=C([O-])c1ccccc1S,79
Cc1ccccc1,CCCCCCCC[N+](C)(CCCCCCCC)CCCCCCCC.O=C([O-])c1ccccc1S,323.15,0.62,CCCCCCCC[N+](C)(CCCCCCCC)CCCCCCCC.O=C([O-])c1ccccc1S,79
Cc1ccccc1,CCCCCCCCCCCCCC[P+](CCCCCC)(CCCCCC)CCCCCC.[Cl-],333.15,0.593,CCCCCCCCCCCCCC[P+](CCCCCC)(CCCCCC)CCCCCC.[Cl-],80
Cc1ccccc1,CCCCCCCCCCCCCC[P+](CCCCCC)(CCCCCC)CCCCCC.[Cl-],343.15,0.595,CCCCCCCCCCCCCC[P+](CCCCCC)(CCCCCC)CCCCCC.[Cl-],80
Cc1ccccc1,CCCCCCCCCCCCCC[P+](CCCCCC)(CCCCCC)CCCCCC.[Cl-],353.15,0.599,CCCCCCCCCCCCCC[P+](CCCCCC)(CCCCCC)CCCCCC.[Cl-],80
Cc1ccccc1,CCCCCCCCCCCCCC[P+](CCCCCC)(CCCCCC)CCCCCC.[Cl-],363.15,0.607,CCCCCCCCCCCCCC[P+](CCCCCC)(CCCCCC)CCCCCC.[Cl-],80
Cc1ccccc1,CCCCCCCCCCCCCC[P+](CCCCCC)(CCCCCC)CCCCCC.[Cl-],373.15,0.605,CCCCCCCCCCCCCC[P+](CCCCCC)(CCCCCC)CCCCCC.[Cl-],80
Cc1ccccc1,CCCCCCCCCCCCCC[P+](CCCCCC)(CCCCCC)CCCCCC.[Cl-],383.15,0.603,CCCCCCCCCCCCCC[P+](CCCCCC)(CCCCCC)CCCCCC.[Cl-],80
Cc1ccccc1,CC(=O)[O-].CCCC[n+]1ccn(C)c1,333.15,4.09,CC(=O)[O-].CCCC[n+]1ccn(C)c1,81
Cc1ccccc1,CC(=O)[O-].CCCC[n+]1ccn(C)c1,343.15,4.22,CC(=O)[O-].CCCC[n+]1ccn(C)c1,81
Cc1ccccc1,CC(=O)[O-].CCCC[n+]1ccn(C)c1,353.15,4.11,CC(=O)[O-].CCCC[n+]1ccn(C)c1,81
Cc1ccccc1,CC(=O)[O-].CCCC[n+]1ccn(C)c1,363.15,4.13,CC(=O)[O-].CCCC[n+]1ccn(C)c1,81
Cc1ccccc1,CC(=O)[O-].CCCC[n+]1ccn(C)c1,373.15,4.11,CC(=O)[O-].CCCC[n+]1ccn(C)c1,81
Cc1ccccc1,CC(=O)[O-].CCCC[n+]1ccn(C)c1,383.15,4.07,CC(=O)[O-].CCCC[n+]1ccn(C)c1,81
Cc1ccccc1,CC(CC(C)(C)C)CP(=O)([O-])CC(C)CC(C)(C)C.CCCCCCCCCCCCCC[P+](CCCCCC)(CCCCCC)CCCCCC,333.15,0.526,CC(CC(C)(C)C)CP(=O)([O-])CC(C)CC(C)(C)C.CCCCCCCCCCCCCC[P+](CCCCCC)(CCCCCC)CCCCCC,82
Cc1ccccc1,CC(CC(C)(C)C)CP(=O)([O-])CC(C)CC(C)(C)C.CCCCCCCCCCCCCC[P+](CCCCCC)(CCCCCC)CCCCCC,343.15,0.524,CC(CC(C)(C)C)CP(=O)([O-])CC(C)CC(C)(C)C.CCCCCCCCCCCCCC[P+](CCCCCC)(CCCCCC)CCCCCC,82
Cc1ccccc1,CC(CC(C)(C)C)CP(=O)([O-])CC(C)CC(C)(C)C.CCCCCCCCCCCCCC[P+](CCCCCC)(CCCCCC)CCCCCC,353.15,0.526,CC(CC(C)(C)C)CP(=O)([O-])CC(C)CC(C)(C)C.CCCCCCCCCCCCCC[P+](CCCCCC)(CCCCCC)CCCCCC,82
Cc1ccccc1,CC(CC(C)(C)C)CP(=O)([O-])CC(C)CC(C)(C)C.CCCCCCCCCCCCCC[P+](CCCCCC)(CCCCCC)CCCCCC,363.15,0.52,CC(CC(C)(C)C)CP(=O)([O-])CC(C)CC(C)(C)C.CCCCCCCCCCCCCC[P+](CCCCCC)(CCCCCC)CCCCCC,82
Cc1ccccc1,CC(CC(C)(C)C)CP(=O)([O-])CC(C)CC(C)(C)C.CCCCCCCCCCCCCC[P+](CCCCCC)(CCCCCC)CCCCCC,373.15,0.526,CC(CC(C)(C)C)CP(=O)([O-])CC(C)CC(C)(C)C.CCCCCCCCCCCCCC[P+](CCCCCC)(CCCCCC)CCCCCC,82
Cc1ccccc1,CC(CC(C)(C)C)CP(=O)([O-])CC(C)CC(C)(C)C.CCCCCCCCCCCCCC[P+](CCCCCC)(CCCCCC)CCCCCC,383.15,0.513,CC(CC(C)(C)C)CP(=O)([O-])CC(C)CC(C)(C)C.CCCCCCCCCCCCCC[P+](CCCCCC)(CCCCCC)CCCCCC,82
Cc1ccccc1,COCC[N+]1(C)CCOCC1.FC(F)(F)C(F)(F)[P-](F)(F)(F)(C(F)(F)C(F)(F)F)C(F)(F)C(F)(F)F,318.15,1.1,COCC[N+]1(C)CCOCC1.FC(F)(F)C(F)(F)[P-](F)(F)(F)(C(F)(F)C(F)(F)F)C(F)(F)C(F)(F)F,83
Cc1ccccc1,COCC[N+]1(C)CCOCC1.FC(F)(F)C(F)(F)[P-](F)(F)(F)(C(F)(F)C(F)(F)F)C(F)(F)C(F)(F)F,328.15,1.16,COCC[N+]1(C)CCOCC1.FC(F)(F)C(F)(F)[P-](F)(F)(F)(C(F)(F)C(F)(F)F)C(F)(F)C(F)(F)F,83
Cc1ccccc1,COCC[N+]1(C)CCOCC1.FC(F)(F)C(F)(F)[P-](F)(F)(F)(C(F)(F)C(F)(F)F)C(F)(F)C(F)(F)F,338.15,1.22,COCC[N+]1(C)CCOCC1.FC(F)(F)C(F)(F)[P-](F)(F)(F)(C(F)(F)C(F)(F)F)C(F)(F)C(F)(F)F,83
Cc1ccccc1,COCC[N+]1(C)CCOCC1.FC(F)(F)C(F)(F)[P-](F)(F)(F)(C(F)(F)C(F)(F)F)C(F)(F)C(F)(F)F,348.15,1.28,COCC[N+]1(C)CCOCC1.FC(F)(F)C(F)(F)[P-](F)(F)(F)(C(F)(F)C(F)(F)F)C(F)(F)C(F)(F)F,83
Cc1ccccc1,COCC[N+]1(C)CCOCC1.FC(F)(F)C(F)(F)[P-](F)(F)(F)(C(F)(F)C(F)(F)F)C(F)(F)C(F)(F)F,358.15,1.34,COCC[N+]1(C)CCOCC1.FC(F)(F)C(F)(F)[P-](F)(F)(F)(C(F)(F)C(F)(F)F)C(F)(F)C(F)(F)F,83
Cc1ccccc1,COCC[N+]1(C)CCOCC1.FC(F)(F)C(F)(F)[P-](F)(F)(F)(C(F)(F)C(F)(F)F)C(F)(F)C(F)(F)F,368.15,1.39,COCC[N+]1(C)CCOCC1.FC(F)(F)C(F)(F)[P-](F)(F)(F)(C(F)(F)C(F)(F)F)C(F)(F)C(F)(F)F,83
Cc1ccccc1,CCn1cc[n+](C)c1.FC(F)(F)C(F)(F)[P-](F)(F)(F)(C(F)(F)C(F)(F)F)C(F)(F)C(F)(F)F,318.15,1.12,CCn1cc[n+](C)c1.FC(F)(F)C(F)(F)[P-](F)(F)(F)(C(F)(F)C(F)(F)F)C(F)(F)C(F)(F)F,84
Cc1ccccc1,CCn1cc[n+](C)c1.FC(F)(F)C(F)(F)[P-](F)(F)(F)(C(F)(F)C(F)(F)F)C(F)(F)C(F)(F)F,328.15,1.2,CCn1cc[n+](C)c1.FC(F)(F)C(F)(F)[P-](F)(F)(F)(C(F)(F)C(F)(F)F)C(F)(F)C(F)(F)F,84
Cc1ccccc1,CCn1cc[n+](C)c1.FC(F)(F)C(F)(F)[P-](F)(F)(F)(C(F)(F)C(F)(F)F)C(F)(F)C(F)(F)F,338.15,1.27,CCn1cc[n+](C)c1.FC(F)(F)C(F)(F)[P-](F)(F)(F)(C(F)(F)C(F)(F)F)C(F)(F)C(F)(F)F,84
Cc1ccccc1,CCn1cc[n+](C)c1.FC(F)(F)C(F)(F)[P-](F)(F)(F)(C(F)(F)C(F)(F)F)C(F)(F)C(F)(F)F,348.15,1.33,CCn1cc[n+](C)c1.FC(F)(F)C(F)(F)[P-](F)(F)(F)(C(F)(F)C(F)(F)F)C(F)(F)C(F)(F)F,84
Cc1ccccc1,CCn1cc[n+](C)c1.FC(F)(F)C(F)(F)[P-](F)(F)(F)(C(F)(F)C(F)(F)F)C(F)(F)C(F)(F)F,358.15,1.41,CCn1cc[n+](C)c1.FC(F)(F)C(F)(F)[P-](F)(F)(F)(C(F)(F)C(F)(F)F)C(F)(F)C(F)(F)F,84
Cc1ccccc1,CCn1cc[n+](C)c1.FC(F)(F)C(F)(F)[P-](F)(F)(F)(C(F)(F)C(F)(F)F)C(F)(F)C(F)(F)F,368.15,1.48,CCn1cc[n+](C)c1.FC(F)(F)C(F)(F)[P-](F)(F)(F)(C(F)(F)C(F)(F)F)C(F)(F)C(F)(F)F,84
Cc1ccccc1,C[N+]1(CCCO)CCOCC1.O=S(=O)([N-]S(=O)(=O)C(F)(F)F)C(F)(F)F,318.15,4.03,C[N+]1(CCCO)CCOCC1.O=S(=O)([N-]S(=O)(=O)C(F)(F)F)C(F)(F)F,85
Cc1ccccc1,C[N+]1(CCCO)CCOCC1.O=S(=O)([N-]S(=O)(=O)C(F)(F)F)C(F)(F)F,328.15,4.08,C[N+]1(CCCO)CCOCC1.O=S(=O)([N-]S(=O)(=O)C(F)(F)F)C(F)(F)F,85
Cc1ccccc1,C[N+]1(CCCO)CCOCC1.O=S(=O)([N-]S(=O)(=O)C(F)(F)F)C(F)(F)F,338.15,4.11,C[N+]1(CCCO)CCOCC1.O=S(=O)([N-]S(=O)(=O)C(F)(F)F)C(F)(F)F,85
Cc1ccccc1,C[N+]1(CCCO)CCOCC1.O=S(=O)([N-]S(=O)(=O)C(F)(F)F)C(F)(F)F,348.15,4.16,C[N+]1(CCCO)CCOCC1.O=S(=O)([N-]S(=O)(=O)C(F)(F)F)C(F)(F)F,85
Cc1ccccc1,C[N+]1(CCCO)CCOCC1.O=S(=O)([N-]S(=O)(=O)C(F)(F)F)C(F)(F)F,358.15,4.19,C[N+]1(CCCO)CCOCC1.O=S(=O)([N-]S(=O)(=O)C(F)(F)F)C(F)(F)F,85
Cc1ccccc1,C[N+]1(CCCO)CCOCC1.O=S(=O)([N-]S(=O)(=O)C(F)(F)F)C(F)(F)F,368.15,4.22,C[N+]1(CCCO)CCOCC1.O=S(=O)([N-]S(=O)(=O)C(F)(F)F)C(F)(F)F,85
Cc1ccccc1,C=CC[n+]1ccn(C)c1.N#C[N-]C#N,308.15,4.89,C=CC[n+]1ccn(C)c1.N#C[N-]C#N,86
Cc1ccccc1,C=CC[n+]1ccn(C)c1.N#C[N-]C#N,318.15,5.04,C=CC[n+]1ccn(C)c1.N#C[N-]C#N,86
Cc1ccccc1,C=CC[n+]1ccn(C)c1.N#C[N-]C#N,328.15,5.2,C=CC[n+]1ccn(C)c1.N#C[N-]C#N,86
Cc1ccccc1,C=CC[n+]1ccn(C)c1.N#C[N-]C#N,338.15,5.34,C=CC[n+]1ccn(C)c1.N#C[N-]C#N,86
Cc1ccccc1,C=CC[n+]1ccn(C)c1.N#C[N-]C#N,348.15,5.48,C=CC[n+]1ccn(C)c1.N#C[N-]C#N,86
Cc1ccccc1,C=CC[n+]1ccn(C)c1.N#C[N-]C#N,358.15,5.62,C=CC[n+]1ccn(C)c1.N#C[N-]C#N,86
Cc1ccccc1,C=CC[n+]1ccn(C)c1.O=S(=O)([N-]S(=O)(=O)C(F)(F)F)C(F)(F)F,318.15,1.72,C=CC[n+]1ccn(C)c1.O=S(=O)([N-]S(=O)(=O)C(F)(F)F)C(F)(F)F,87
Cc1ccccc1,C=CC[n+]1ccn(C)c1.O=S(=O)([N-]S(=O)(=O)C(F)(F)F)C(F)(F)F,328.15,1.8,C=CC[n+]1ccn(C)c1.O=S(=O)([N-]S(=O)(=O)C(F)(F)F)C(F)(F)F,87
Cc1ccccc1,C=CC[n+]1ccn(C)c1.O=S(=O)([N-]S(=O)(=O)C(F)(F)F)C(F)(F)F,338.15,1.88,C=CC[n+]1ccn(C)c1.O=S(=O)([N-]S(=O)(=O)C(F)(F)F)C(F)(F)F,87
Cc1ccccc1,C=CC[n+]1ccn(C)c1.O=S(=O)([N-]S(=O)(=O)C(F)(F)F)C(F)(F)F,348.15,1.95,C=CC[n+]1ccn(C)c1.O=S(=O)([N-]S(=O)(=O)C(F)(F)F)C(F)(F)F,87
Cc1ccccc1,C=CC[n+]1ccn(C)c1.O=S(=O)([N-]S(=O)(=O)C(F)(F)F)C(F)(F)F,358.15,2.03,C=CC[n+]1ccn(C)c1.O=S(=O)([N-]S(=O)(=O)C(F)(F)F)C(F)(F)F,87
Cc1ccccc1,C=CC[n+]1ccn(C)c1.O=S(=O)([N-]S(=O)(=O)C(F)(F)F)C(F)(F)F,368.15,2.11,C=CC[n+]1ccn(C)c1.O=S(=O)([N-]S(=O)(=O)C(F)(F)F)C(F)(F)F,87
Cc1ccccc1,CCCCCCCCCCn1cc[n+](CCCCCCCCCC)c1C.N#C[N-]C#N,358.15,0.939,CCCCCCCCCCn1cc[n+](CCCCCCCCCC)c1C.N#C[N-]C#N,88
Cc1ccccc1,CCCCCCCCCCn1cc[n+](CCCCCCCCCC)c1C.N#C[N-]C#N,368.15,0.973,CCCCCCCCCCn1cc[n+](CCCCCCCCCC)c1C.N#C[N-]C#N,88
Cc1ccccc1,CCCCCCCCCCn1cc[n+](CCCCCCCCCC)c1C.N#C[N-]C#N,378.15,1.01,CCCCCCCCCCn1cc[n+](CCCCCCCCCC)c1C.N#C[N-]C#N,88
Cc1ccccc1,CCCCCCCCCCn1cc[n+](CCCCCCCCCC)c1C.N#C[N-]C#N,388.15,1.04,CCCCCCCCCCn1cc[n+](CCCCCCCCCC)c1C.N#C[N-]C#N,88
Cc1ccccc1,CCCCCCCCCCn1cc[n+](CCCCCCCCCC)c1C.N#C[N-]C#N,398.15,1.08,CCCCCCCCCCn1cc[n+](CCCCCCCCCC)c1C.N#C[N-]C#N,88
Cc1ccccc1,CCCCCCCCCCn1cc[n+](CCCCCCCCCC)c1C.N#C[N-]C#N,408.15,1.11,CCCCCCCCCCn1cc[n+](CCCCCCCCCC)c1C.N#C[N-]C#N,88
Cc1ccccc1,CCn1cc[n+](C)c1.FC(F)(F)C(F)(F)[P-](F)(F)(F)(C(F)(F)C(F)(F)F)C(F)(F)C(F)(F)F,313.1,1.54,CCn1cc[n+](C)c1.FC(F)(F)C(F)(F)[P-](F)(F)(F)(C(F)(F)C(F)(F)F)C(F)(F)C(F)(F)F,84
Cc1ccccc1,CCn1cc[n+](C)c1.FC(F)(F)C(F)(F)[P-](F)(F)(F)(C(F)(F)C(F)(F)F)C(F)(F)C(F)(F)F,322.9,1.59,CCn1cc[n+](C)c1.FC(F)(F)C(F)(F)[P-](F)(F)(F)(C(F)(F)C(F)(F)F)C(F)(F)C(F)(F)F,84
Cc1ccccc1,CCn1cc[n+](C)c1.FC(F)(F)C(F)(F)[P-](F)(F)(F)(C(F)(F)C(F)(F)F)C(F)(F)C(F)(F)F,333.1,1.69,CCn1cc[n+](C)c1.FC(F)(F)C(F)(F)[P-](F)(F)(F)(C(F)(F)C(F)(F)F)C(F)(F)C(F)(F)F,84
Cc1ccccc1,CCn1cc[n+](C)c1.FC(F)(F)C(F)(F)[P-](F)(F)(F)(C(F)(F)C(F)(F)F)C(F)(F)C(F)(F)F,343.5,1.66,CCn1cc[n+](C)c1.FC(F)(F)C(F)(F)[P-](F)(F)(F)(C(F)(F)C(F)(F)F)C(F)(F)C(F)(F)F,84
Cc1ccccc1,CCn1cc[n+](C)c1.FC(F)(F)C(F)(F)[P-](F)(F)(F)(C(F)(F)C(F)(F)F)C(F)(F)C(F)(F)F,353.3,1.66,CCn1cc[n+](C)c1.FC(F)(F)C(F)(F)[P-](F)(F)(F)(C(F)(F)C(F)(F)F)C(F)(F)C(F)(F)F,84
Cc1ccccc1,CCn1cc[n+](C)c1.FC(F)(F)C(F)(F)[P-](F)(F)(F)(C(F)(F)C(F)(F)F)C(F)(F)C(F)(F)F,363.9,1.66,CCn1cc[n+](C)c1.FC(F)(F)C(F)(F)[P-](F)(F)(F)(C(F)(F)C(F)(F)F)C(F)(F)C(F)(F)F,84
Cc1ccccc1,CC[n+]1ccccc1.O=S(=O)([N-]S(=O)(=O)C(F)(F)F)C(F)(F)F,303.6,2.1,CC[n+]1ccccc1.O=S(=O)([N-]S(=O)(=O)C(F)(F)F)C(F)(F)F,89
Cc1ccccc1,CC[n+]1ccccc1.O=S(=O)([N-]S(=O)(=O)C(F)(F)F)C(F)(F)F,313.1,2.1,CC[n+]1ccccc1.O=S(=O)([N-]S(=O)(=O)C(F)(F)F)C(F)(F)F,89
Cc1ccccc1,CC[n+]1ccccc1.O=S(=O)([N-]S(=O)(=O)C(F)(F)F)C(F)(F)F,323.2,2.1,CC[n+]1ccccc1.O=S(=O)([N-]S(=O)(=O)C(F)(F)F)C(F)(F)F,89
Cc1ccccc1,CC[n+]1ccccc1.O=S(=O)([N-]S(=O)(=O)C(F)(F)F)C(F)(F)F,333.2,2.1,CC[n+]1ccccc1.O=S(=O)([N-]S(=O)(=O)C(F)(F)F)C(F)(F)F,89
Cc1ccccc1,CC[n+]1ccccc1.O=S(=O)([N-]S(=O)(=O)C(F)(F)F)C(F)(F)F,343,2.1,CC[n+]1ccccc1.O=S(=O)([N-]S(=O)(=O)C(F)(F)F)C(F)(F)F,89
Cc1ccccc1,CC[n+]1ccccc1.O=S(=O)([N-]S(=O)(=O)C(F)(F)F)C(F)(F)F,353.3,2.1,CC[n+]1ccccc1.O=S(=O)([N-]S(=O)(=O)C(F)(F)F)C(F)(F)F,89
Cc1ccccc1,CCCC[n+]1ccccc1.O=S(=O)([N-]S(=O)(=O)C(F)(F)F)C(F)(F)F,302.8,1.8,CCCC[n+]1ccccc1.O=S(=O)([N-]S(=O)(=O)C(F)(F)F)C(F)(F)F,90
Cc1ccccc1,CCCC[n+]1ccccc1.O=S(=O)([N-]S(=O)(=O)C(F)(F)F)C(F)(F)F,312.6,1.8,CCCC[n+]1ccccc1.O=S(=O)([N-]S(=O)(=O)C(F)(F)F)C(F)(F)F,90
Cc1ccccc1,CCCC[n+]1ccccc1.O=S(=O)([N-]S(=O)(=O)C(F)(F)F)C(F)(F)F,323.3,1.8,CCCC[n+]1ccccc1.O=S(=O)([N-]S(=O)(=O)C(F)(F)F)C(F)(F)F,90
Cc1ccccc1,CCCC[n+]1ccccc1.O=S(=O)([N-]S(=O)(=O)C(F)(F)F)C(F)(F)F,333.2,1.8,CCCC[n+]1ccccc1.O=S(=O)([N-]S(=O)(=O)C(F)(F)F)C(F)(F)F,90
Cc1ccccc1,CCCC[n+]1ccccc1.O=S(=O)([N-]S(=O)(=O)C(F)(F)F)C(F)(F)F,343.2,1.9,CCCC[n+]1ccccc1.O=S(=O)([N-]S(=O)(=O)C(F)(F)F)C(F)(F)F,90
Cc1ccccc1,CCCC[n+]1ccccc1.O=S(=O)([N-]S(=O)(=O)C(F)(F)F)C(F)(F)F,353.3,1.9,CCCC[n+]1ccccc1.O=S(=O)([N-]S(=O)(=O)C(F)(F)F)C(F)(F)F,90
Cc1ccccc1,CCCCC[n+]1ccccc1.O=S(=O)([N-]S(=O)(=O)C(F)(F)F)C(F)(F)F,303.1,1.28,CCCCC[n+]1ccccc1.O=S(=O)([N-]S(=O)(=O)C(F)(F)F)C(F)(F)F,91
Cc1ccccc1,CCCCC[n+]1ccccc1.O=S(=O)([N-]S(=O)(=O)C(F)(F)F)C(F)(F)F,312.8,1.3,CCCCC[n+]1ccccc1.O=S(=O)([N-]S(=O)(=O)C(F)(F)F)C(F)(F)F,91
Cc1ccccc1,CCCCC[n+]1ccccc1.O=S(=O)([N-]S(=O)(=O)C(F)(F)F)C(F)(F)F,323.3,1.3,CCCCC[n+]1ccccc1.O=S(=O)([N-]S(=O)(=O)C(F)(F)F)C(F)(F)F,91
Cc1ccccc1,CCCCC[n+]1ccccc1.O=S(=O)([N-]S(=O)(=O)C(F)(F)F)C(F)(F)F,333.3,1.3,CCCCC[n+]1ccccc1.O=S(=O)([N-]S(=O)(=O)C(F)(F)F)C(F)(F)F,91
Cc1ccccc1,CCCCC[n+]1ccccc1.O=S(=O)([N-]S(=O)(=O)C(F)(F)F)C(F)(F)F,343.3,1.4,CCCCC[n+]1ccccc1.O=S(=O)([N-]S(=O)(=O)C(F)(F)F)C(F)(F)F,91
Cc1ccccc1,CCCCC[n+]1ccccc1.O=S(=O)([N-]S(=O)(=O)C(F)(F)F)C(F)(F)F,353.5,1.4,CCCCC[n+]1ccccc1.O=S(=O)([N-]S(=O)(=O)C(F)(F)F)C(F)(F)F,91
Cc1ccccc1,Cn1cc[n+](CCO)c1.O=S(=O)([O-])C(F)(F)C(F)(F)C(F)(F)C(F)(F)F,303,7.4,Cn1cc[n+](CCO)c1.O=S(=O)([O-])C(F)(F)C(F)(F)C(F)(F)C(F)(F)F,92
Cc1ccccc1,Cn1cc[n+](CCO)c1.O=S(=O)([O-])C(F)(F)C(F)(F)C(F)(F)C(F)(F)F,313,6.83,Cn1cc[n+](CCO)c1.O=S(=O)([O-])C(F)(F)C(F)(F)C(F)(F)C(F)(F)F,92
Cc1ccccc1,Cn1cc[n+](CCO)c1.O=S(=O)([O-])C(F)(F)C(F)(F)C(F)(F)C(F)(F)F,323,6.21,Cn1cc[n+](CCO)c1.O=S(=O)([O-])C(F)(F)C(F)(F)C(F)(F)C(F)(F)F,92
Cc1ccccc1,Cn1cc[n+](CCO)c1.O=S(=O)([O-])C(F)(F)C(F)(F)C(F)(F)C(F)(F)F,333,5.44,Cn1cc[n+](CCO)c1.O=S(=O)([O-])C(F)(F)C(F)(F)C(F)(F)C(F)(F)F,92
Cc1ccccc1,Cn1cc[n+](CCO)c1.O=S(=O)([O-])C(F)(F)C(F)(F)C(F)(F)C(F)(F)F,343,4.94,Cn1cc[n+](CCO)c1.O=S(=O)([O-])C(F)(F)C(F)(F)C(F)(F)C(F)(F)F,92
Cc1ccccc1,Cn1cc[n+](CCO)c1.O=S(=O)([O-])C(F)(F)C(F)(F)C(F)(F)C(F)(F)F,353,4.44,Cn1cc[n+](CCO)c1.O=S(=O)([O-])C(F)(F)C(F)(F)C(F)(F)C(F)(F)F,92
Cc1ccccc1,CCCCCC[n+]1ccn(C)c1.[Cl-],313.15,5.307,CCCCCC[n+]1ccn(C)c1.[Cl-],93
Cc1ccccc1,CCCCCC[n+]1ccn(C)c1.[Cl-],323.15,5.071,CCCCCC[n+]1ccn(C)c1.[Cl-],93
Cc1ccccc1,CCCCCC[n+]1ccn(C)c1.[Cl-],333.15,4.864,CCCCCC[n+]1ccn(C)c1.[Cl-],93
Cc1ccccc1,CCCCCC[n+]1ccn(C)c1.[Cl-],343.15,4.658,CCCCCC[n+]1ccn(C)c1.[Cl-],93
Cc1ccccc1,CCCCCC[n+]1ccn(C)c1.[Cl-],353.15,4.472,CCCCCC[n+]1ccn(C)c1.[Cl-],93
Cc1ccccc1,CCCCCC[n+]1ccn(C)c1.[Cl-],363.15,4.28,CCCCCC[n+]1ccn(C)c1.[Cl-],93
Cc1ccccc1,C[n+]1ccn(CCO)c1.F[P-](F)(F)(F)(F)F,303,14.8,C[n+]1ccn(CCO)c1.F[P-](F)(F)(F)(F)F,94
Cc1ccccc1,C[n+]1ccn(CCO)c1.F[P-](F)(F)(F)(F)F,313,14.1,C[n+]1ccn(CCO)c1.F[P-](F)(F)(F)(F)F,94
Cc1ccccc1,C[n+]1ccn(CCO)c1.F[P-](F)(F)(F)(F)F,323,12.9,C[n+]1ccn(CCO)c1.F[P-](F)(F)(F)(F)F,94
Cc1ccccc1,C[n+]1ccn(CCO)c1.F[P-](F)(F)(F)(F)F,333,11.9,C[n+]1ccn(CCO)c1.F[P-](F)(F)(F)(F)F,94
Cc1ccccc1,C[n+]1ccn(CCO)c1.F[P-](F)(F)(F)(F)F,343,11.3,C[n+]1ccn(CCO)c1.F[P-](F)(F)(F)(F)F,94
Cc1ccccc1,C[n+]1ccn(CCO)c1.F[P-](F)(F)(F)(F)F,353,10.4,C[n+]1ccn(CCO)c1.F[P-](F)(F)(F)(F)F,94
Cc1ccccc1,CCCCCCCCCC[n+]1ccn(C)c1.O=S(=O)([N-]S(=O)(=O)C(F)(F)F)C(F)(F)F,313.15,0.97,CCCCCCCCCC[n+]1ccn(C)c1.O=S(=O)([N-]S(=O)(=O)C(F)(F)F)C(F)(F)F,95
Cc1ccccc1,CCCCCCCCCC[n+]1ccn(C)c1.O=S(=O)([N-]S(=O)(=O)C(F)(F)F)C(F)(F)F,323.15,0.98,CCCCCCCCCC[n+]1ccn(C)c1.O=S(=O)([N-]S(=O)(=O)C(F)(F)F)C(F)(F)F,95
Cc1ccccc1,CCCCCCCCCC[n+]1ccn(C)c1.O=S(=O)([N-]S(=O)(=O)C(F)(F)F)C(F)(F)F,333.15,1,CCCCCCCCCC[n+]1ccn(C)c1.O=S(=O)([N-]S(=O)(=O)C(F)(F)F)C(F)(F)F,95
Cc1ccccc1,CCCCCCCCCC[n+]1ccn(C)c1.O=S(=O)([N-]S(=O)(=O)C(F)(F)F)C(F)(F)F,343.15,1.02,CCCCCCCCCC[n+]1ccn(C)c1.O=S(=O)([N-]S(=O)(=O)C(F)(F)F)C(F)(F)F,95
Cc1ccccc1,CCCCCCCCCC[n+]1ccn(C)c1.O=S(=O)([N-]S(=O)(=O)C(F)(F)F)C(F)(F)F,353.15,1.03,CCCCCCCCCC[n+]1ccn(C)c1.O=S(=O)([N-]S(=O)(=O)C(F)(F)F)C(F)(F)F,95
Cc1ccccc1,CCCCCCCCCC[n+]1ccn(C)c1.O=S(=O)([N-]S(=O)(=O)C(F)(F)F)C(F)(F)F,363.15,1.04,CCCCCCCCCC[n+]1ccn(C)c1.O=S(=O)([N-]S(=O)(=O)C(F)(F)F)C(F)(F)F,95
Cc1ccccc1,CCP(=O)([O-])O.CC[n+]1ccn(C)c1,323.15,8.05,CCP(=O)([O-])O.CC[n+]1ccn(C)c1,96
Cc1ccccc1,CCP(=O)([O-])O.CC[n+]1ccn(C)c1,333.15,8.23,CCP(=O)([O-])O.CC[n+]1ccn(C)c1,96
Cc1ccccc1,CCP(=O)([O-])O.CC[n+]1ccn(C)c1,343.15,8.27,CCP(=O)([O-])O.CC[n+]1ccn(C)c1,96
Cc1ccccc1,CCP(=O)([O-])O.CC[n+]1ccn(C)c1,353.15,8.39,CCP(=O)([O-])O.CC[n+]1ccn(C)c1,96
Cc1ccccc1,CCP(=O)([O-])O.CC[n+]1ccn(C)c1,363.15,8.66,CCP(=O)([O-])O.CC[n+]1ccn(C)c1,96
Cc1ccccc1,CCCCCCCC[N+]12CCC(CC1)CC2.O=S(=O)([N-]S(=O)(=O)C(F)(F)F)C(F)(F)F,313.15,0.66,CCCCCCCC[N+]12CCC(CC1)CC2.O=S(=O)([N-]S(=O)(=O)C(F)(F)F)C(F)(F)F,97
Cc1ccccc1,CCCCCCCC[N+]12CCC(CC1)CC2.O=S(=O)([N-]S(=O)(=O)C(F)(F)F)C(F)(F)F,323.15,0.682,CCCCCCCC[N+]12CCC(CC1)CC2.O=S(=O)([N-]S(=O)(=O)C(F)(F)F)C(F)(F)F,97
Cc1ccccc1,CCCCCCCC[N+]12CCC(CC1)CC2.O=S(=O)([N-]S(=O)(=O)C(F)(F)F)C(F)(F)F,333.15,0.704,CCCCCCCC[N+]12CCC(CC1)CC2.O=S(=O)([N-]S(=O)(=O)C(F)(F)F)C(F)(F)F,97
Cc1ccccc1,CCCCCCCC[N+]12CCC(CC1)CC2.O=S(=O)([N-]S(=O)(=O)C(F)(F)F)C(F)(F)F,343.15,0.73,CCCCCCCC[N+]12CCC(CC1)CC2.O=S(=O)([N-]S(=O)(=O)C(F)(F)F)C(F)(F)F,97
Cc1ccccc1,CCCCCCCC[N+]12CCC(CC1)CC2.O=S(=O)([N-]S(=O)(=O)C(F)(F)F)C(F)(F)F,353.15,0.759,CCCCCCCC[N+]12CCC(CC1)CC2.O=S(=O)([N-]S(=O)(=O)C(F)(F)F)C(F)(F)F,97
Cc1ccccc1,CCCCCC[N+]12CCC(CC1)CC2.O=S(=O)([N-]S(=O)(=O)C(F)(F)F)C(F)(F)F,313.15,0.798,CCCCCC[N+]12CCC(CC1)CC2.O=S(=O)([N-]S(=O)(=O)C(F)(F)F)C(F)(F)F,98
Cc1ccccc1,CCCCCC[N+]12CCC(CC1)CC2.O=S(=O)([N-]S(=O)(=O)C(F)(F)F)C(F)(F)F,323.15,0.824,CCCCCC[N+]12CCC(CC1)CC2.O=S(=O)([N-]S(=O)(=O)C(F)(F)F)C(F)(F)F,98
Cc1ccccc1,CCCCCC[N+]12CCC(CC1)CC2.O=S(=O)([N-]S(=O)(=O)C(F)(F)F)C(F)(F)F,333.15,0.867,CCCCCC[N+]12CCC(CC1)CC2.O=S(=O)([N-]S(=O)(=O)C(F)(F)F)C(F)(F)F,98
Cc1ccccc1,CCCCCC[N+]12CCC(CC1)CC2.O=S(=O)([N-]S(=O)(=O)C(F)(F)F)C(F)(F)F,343.15,0.898,CCCCCC[N+]12CCC(CC1)CC2.O=S(=O)([N-]S(=O)(=O)C(F)(F)F)C(F)(F)F,98
Cc1ccccc1,CCCCCC[N+]12CCC(CC1)CC2.O=S(=O)([N-]S(=O)(=O)C(F)(F)F)C(F)(F)F,353.15,0.93,CCCCCC[N+]12CCC(CC1)CC2.O=S(=O)([N-]S(=O)(=O)C(F)(F)F)C(F)(F)F,98
Cc1ccccc1,CCCCCC[n+]1ccccc1.O=S(=O)([N-]S(=O)(=O)C(F)(F)F)C(F)(F)F,303.2,0.828,CCCCCC[n+]1ccccc1.O=S(=O)([N-]S(=O)(=O)C(F)(F)F)C(F)(F)F,99
Cc1ccccc1,CCCCCC[n+]1ccccc1.O=S(=O)([N-]S(=O)(=O)C(F)(F)F)C(F)(F)F,313.2,0.868,CCCCCC[n+]1ccccc1.O=S(=O)([N-]S(=O)(=O)C(F)(F)F)C(F)(F)F,99
Cc1ccccc1,CCCCCC[n+]1ccccc1.O=S(=O)([N-]S(=O)(=O)C(F)(F)F)C(F)(F)F,323.2,0.82,CCCCCC[n+]1ccccc1.O=S(=O)([N-]S(=O)(=O)C(F)(F)F)C(F)(F)F,99
Cc1ccccc1,CCCCCC[n+]1ccccc1.O=S(=O)([N-]S(=O)(=O)C(F)(F)F)C(F)(F)F,333.2,0.847,CCCCCC[n+]1ccccc1.O=S(=O)([N-]S(=O)(=O)C(F)(F)F)C(F)(F)F,99
Cc1ccccc1,CCCCCC[n+]1ccccc1.O=S(=O)([N-]S(=O)(=O)C(F)(F)F)C(F)(F)F,343.2,0.882,CCCCCC[n+]1ccccc1.O=S(=O)([N-]S(=O)(=O)C(F)(F)F)C(F)(F)F,99
Cc1ccccc1,CCCC[N+]1(C)CCCC1.N#C[N-]C#N,318.15,2.17,CCCC[N+]1(C)CCCC1.N#C[N-]C#N,100
Cc1ccccc1,CCCC[N+]1(C)CCCC1.N#C[N-]C#N,323.15,2.2,CCCC[N+]1(C)CCCC1.N#C[N-]C#N,100
Cc1ccccc1,CCCC[N+]1(C)CCCC1.N#C[N-]C#N,333.15,2.26,CCCC[N+]1(C)CCCC1.N#C[N-]C#N,100
Cc1ccccc1,CCCC[N+]1(C)CCCC1.N#C[N-]C#N,343.15,2.3,CCCC[N+]1(C)CCCC1.N#C[N-]C#N,100
Cc1ccccc1,CCCC[N+]1(C)CCCC1.N#C[N-]C#N,353.15,2.35,CCCC[N+]1(C)CCCC1.N#C[N-]C#N,100
Cc1ccccc1,CCCC[N+]1(C)CCCC1.N#C[B-](C#N)(C#N)C#N,318.15,1.13,CCCC[N+]1(C)CCCC1.N#C[B-](C#N)(C#N)C#N,25
Cc1ccccc1,CCCC[N+]1(C)CCCC1.N#C[B-](C#N)(C#N)C#N,323.15,1.15,CCCC[N+]1(C)CCCC1.N#C[B-](C#N)(C#N)C#N,25
Cc1ccccc1,CCCC[N+]1(C)CCCC1.N#C[B-](C#N)(C#N)C#N,333.15,1.17,CCCC[N+]1(C)CCCC1.N#C[B-](C#N)(C#N)C#N,25
Cc1ccccc1,CCCC[N+]1(C)CCCC1.N#C[B-](C#N)(C#N)C#N,343.15,1.19,CCCC[N+]1(C)CCCC1.N#C[B-](C#N)(C#N)C#N,25
Cc1ccccc1,CCCC[N+]1(C)CCCC1.N#C[B-](C#N)(C#N)C#N,353.15,1.22,CCCC[N+]1(C)CCCC1.N#C[B-](C#N)(C#N)C#N,25
Cc1ccccc1,CCCC[N+]1(C)CCCC1.O=C1O[B-]2(OC1=O)OC(=O)C(=O)O2,333.15,2.57,CCCC[N+]1(C)CCCC1.O=C1O[B-]2(OC1=O)OC(=O)C(=O)O2,101
Cc1ccccc1,CCCC[N+]1(C)CCCC1.O=C1O[B-]2(OC1=O)OC(=O)C(=O)O2,343.15,2.52,CCCC[N+]1(C)CCCC1.O=C1O[B-]2(OC1=O)OC(=O)C(=O)O2,101
Cc1ccccc1,CCCC[N+]1(C)CCCC1.O=C1O[B-]2(OC1=O)OC(=O)C(=O)O2,353.15,2.47,CCCC[N+]1(C)CCCC1.O=C1O[B-]2(OC1=O)OC(=O)C(=O)O2,101
Cc1ccccc1,CCCC[N+]1(C)CCCC1.O=C1O[B-]2(OC1=O)OC(=O)C(=O)O2,363.15,2.43,CCCC[N+]1(C)CCCC1.O=C1O[B-]2(OC1=O)OC(=O)C(=O)O2,101
Cc1ccccc1,CCCC[N+]1(C)CCCC1.O=C1O[B-]2(OC1=O)OC(=O)C(=O)O2,373.15,2.4,CCCC[N+]1(C)CCCC1.O=C1O[B-]2(OC1=O)OC(=O)C(=O)O2,101
Cc1ccccc1,CC[n+]1ccn(C)c1.N#C[B-](C#N)(C#N)C#N,318.15,1.68,CC[n+]1ccn(C)c1.N#C[B-](C#N)(C#N)C#N,102
Cc1ccccc1,CC[n+]1ccn(C)c1.N#C[B-](C#N)(C#N)C#N,323.15,1.69,CC[n+]1ccn(C)c1.N#C[B-](C#N)(C#N)C#N,102
Cc1ccccc1,CC[n+]1ccn(C)c1.N#C[B-](C#N)(C#N)C#N,333.15,1.71,CC[n+]1ccn(C)c1.N#C[B-](C#N)(C#N)C#N,102
Cc1ccccc1,CC[n+]1ccn(C)c1.N#C[B-](C#N)(C#N)C#N,343.15,1.72,CC[n+]1ccn(C)c1.N#C[B-](C#N)(C#N)C#N,102
Cc1ccccc1,CC[n+]1ccn(C)c1.N#C[B-](C#N)(C#N)C#N,353.15,1.74,CC[n+]1ccn(C)c1.N#C[B-](C#N)(C#N)C#N,102
Cc1ccccc1,CCCC[n+]1ccn(C)c1.[O-]Cl(=O)(=O)=O,313.15,2.96,CCCC[n+]1ccn(C)c1.[O-][Cl+3]([O-])([O-])[O-],103
Cc1ccccc1,CCCC[n+]1ccn(C)c1.[O-]Cl(=O)(=O)=O,323.15,3.1,CCCC[n+]1ccn(C)c1.[O-][Cl+3]([O-])([O-])[O-],103
Cc1ccccc1,CCCC[n+]1ccn(C)c1.[O-]Cl(=O)(=O)=O,333.15,3.14,CCCC[n+]1ccn(C)c1.[O-][Cl+3]([O-])([O-])[O-],103
Cc1ccccc1,CCCC[n+]1ccn(C)c1.[O-]Cl(=O)(=O)=O,343.15,3.29,CCCC[n+]1ccn(C)c1.[O-][Cl+3]([O-])([O-])[O-],103
Cc1ccccc1,CCCC[n+]1ccn(C)c1.[O-]Cl(=O)(=O)=O,353.15,3.38,CCCC[n+]1ccn(C)c1.[O-][Cl+3]([O-])([O-])[O-],103
Cc1ccccc1,CCCCCCCC[n+]1ccn(C)c1C.O=S(=O)([N-]S(=O)(=O)C(F)(F)F)C(F)(F)F,313.15,1.03,CCCCCCCC[n+]1ccn(C)c1C.O=S(=O)([N-]S(=O)(=O)C(F)(F)F)C(F)(F)F,104
Cc1ccccc1,CCCCCCCC[n+]1ccn(C)c1C.O=S(=O)([N-]S(=O)(=O)C(F)(F)F)C(F)(F)F,323.15,0.94,CCCCCCCC[n+]1ccn(C)c1C.O=S(=O)([N-]S(=O)(=O)C(F)(F)F)C(F)(F)F,104
Cc1ccccc1,CCCCCCCC[n+]1ccn(C)c1C.O=S(=O)([N-]S(=O)(=O)C(F)(F)F)C(F)(F)F,333.15,0.87,CCCCCCCC[n+]1ccn(C)c1C.O=S(=O)([N-]S(=O)(=O)C(F)(F)F)C(F)(F)F,104
Cc1ccccc1,CCCCCCCC[n+]1ccn(C)c1C.O=S(=O)([N-]S(=O)(=O)C(F)(F)F)C(F)(F)F,343.15,0.82,CCCCCCCC[n+]1ccn(C)c1C.O=S(=O)([N-]S(=O)(=O)C(F)(F)F)C(F)(F)F,104
Cc1ccccc1,CCCCCCCC[n+]1ccn(C)c1C.O=S(=O)([N-]S(=O)(=O)C(F)(F)F)C(F)(F)F,353.15,0.78,CCCCCCCC[n+]1ccn(C)c1C.O=S(=O)([N-]S(=O)(=O)C(F)(F)F)C(F)(F)F,104
Cc1ccccc1,CCCCCCCCCC[n+]1ccn(C)c1.N#C[B-](C#N)(C#N)C#N,328.15,0.736,CCCCCCCCCC[n+]1ccn(C)c1.N#C[B-](C#N)(C#N)C#N,105
Cc1ccccc1,CCCCCCCCCC[n+]1ccn(C)c1.N#C[B-](C#N)(C#N)C#N,338.15,0.753,CCCCCCCCCC[n+]1ccn(C)c1.N#C[B-](C#N)(C#N)C#N,105
Cc1ccccc1,CCCCCCCCCC[n+]1ccn(C)c1.N#C[B-](C#N)(C#N)C#N,348.15,0.767,CCCCCCCCCC[n+]1ccn(C)c1.N#C[B-](C#N)(C#N)C#N,105
Cc1ccccc1,CCCCCCCCCC[n+]1ccn(C)c1.N#C[B-](C#N)(C#N)C#N,358.15,0.782,CCCCCCCCCC[n+]1ccn(C)c1.N#C[B-](C#N)(C#N)C#N,105
Cc1ccccc1,CCCCCCCCCC[n+]1ccn(C)c1.N#C[B-](C#N)(C#N)C#N,368.15,0.796,CCCCCCCCCC[n+]1ccn(C)c1.N#C[B-](C#N)(C#N)C#N,105
Cc1ccccc1,CCCCCCCC[n+]1ccc2ccccc2c1.O=S(=O)([N-]S(=O)(=O)C(F)(F)F)C(F)(F)F,328.15,0.728,CCCCCCCC[n+]1ccc2ccccc2c1.O=S(=O)([N-]S(=O)(=O)C(F)(F)F)C(F)(F)F,106
Cc1ccccc1,CCCCCCCC[n+]1ccc2ccccc2c1.O=S(=O)([N-]S(=O)(=O)C(F)(F)F)C(F)(F)F,338.15,0.745,CCCCCCCC[n+]1ccc2ccccc2c1.O=S(=O)([N-]S(=O)(=O)C(F)(F)F)C(F)(F)F,106
Cc1ccccc1,CCCCCCCC[n+]1ccc2ccccc2c1.O=S(=O)([N-]S(=O)(=O)C(F)(F)F)C(F)(F)F,348.15,0.762,CCCCCCCC[n+]1ccc2ccccc2c1.O=S(=O)([N-]S(=O)(=O)C(F)(F)F)C(F)(F)F,106
Cc1ccccc1,CCCCCCCC[n+]1ccc2ccccc2c1.O=S(=O)([N-]S(=O)(=O)C(F)(F)F)C(F)(F)F,358.15,0.778,CCCCCCCC[n+]1ccc2ccccc2c1.O=S(=O)([N-]S(=O)(=O)C(F)(F)F)C(F)(F)F,106
Cc1ccccc1,CCCCCCCC[n+]1ccc2ccccc2c1.O=S(=O)([N-]S(=O)(=O)C(F)(F)F)C(F)(F)F,368.15,0.796,CCCCCCCC[n+]1ccc2ccccc2c1.O=S(=O)([N-]S(=O)(=O)C(F)(F)F)C(F)(F)F,106
Cc1ccccc1,CN1CCCN2CCC[NH+]=C12.O=S(=O)([N-]S(=O)(=O)C(F)(F)C(F)(F)F)C(F)(F)C(F)(F)F,308.15,1.18,CN1CCCN2CCC[NH+]=C12.O=S(=O)([N-]S(=O)(=O)C(F)(F)C(F)(F)F)C(F)(F)C(F)(F)F,107
Cc1ccccc1,CN1CCCN2CCC[NH+]=C12.O=S(=O)([N-]S(=O)(=O)C(F)(F)C(F)(F)F)C(F)(F)C(F)(F)F,318.15,1.2,CN1CCCN2CCC[NH+]=C12.O=S(=O)([N-]S(=O)(=O)C(F)(F)C(F)(F)F)C(F)(F)C(F)(F)F,107
Cc1ccccc1,CN1CCCN2CCC[NH+]=C12.O=S(=O)([N-]S(=O)(=O)C(F)(F)C(F)(F)F)C(F)(F)C(F)(F)F,328.15,1.23,CN1CCCN2CCC[NH+]=C12.O=S(=O)([N-]S(=O)(=O)C(F)(F)C(F)(F)F)C(F)(F)C(F)(F)F,107
Cc1ccccc1,CN1CCCN2CCC[NH+]=C12.O=S(=O)([N-]S(=O)(=O)C(F)(F)C(F)(F)F)C(F)(F)C(F)(F)F,338.15,1.25,CN1CCCN2CCC[NH+]=C12.O=S(=O)([N-]S(=O)(=O)C(F)(F)C(F)(F)F)C(F)(F)C(F)(F)F,107
Cc1ccccc1,CN1CCCN2CCC[NH+]=C12.O=S(=O)([N-]S(=O)(=O)C(F)(F)C(F)(F)F)C(F)(F)C(F)(F)F,348.15,1.27,CN1CCCN2CCC[NH+]=C12.O=S(=O)([N-]S(=O)(=O)C(F)(F)C(F)(F)F)C(F)(F)C(F)(F)F,107
Cc1ccccc1,CCCC[N+]1(C)CCCC1.N#C[N-]C#N,313.15,2.07,CCCC[N+]1(C)CCCC1.N#C[N-]C#N,100
Cc1ccccc1,CCCC[N+]1(C)CCCC1.N#C[N-]C#N,323.15,2.14,CCCC[N+]1(C)CCCC1.N#C[N-]C#N,100
Cc1ccccc1,CCCC[N+]1(C)CCCC1.N#C[N-]C#N,343.15,2.3,CCCC[N+]1(C)CCCC1.N#C[N-]C#N,100
Cc1ccccc1,CCCC[N+]1(C)CCCC1.N#C[N-]C#N,363.15,2.43,CCCC[N+]1(C)CCCC1.N#C[N-]C#N,100
Cc1ccccc1,CCCC[N+]1(C)CCCC1.N#C[N-]C#N,373.15,2.48,CCCC[N+]1(C)CCCC1.N#C[N-]C#N,100
Cc1ccccc1,CCOP(=O)([O-])OCC.CC[n+]1ccn(C)c1,303.15,4.734,CCOP(=O)([O-])OCC.CC[n+]1ccn(C)c1,108
Cc1ccccc1,CCOP(=O)([O-])OCC.CC[n+]1ccn(C)c1,313.15,4.571,CCOP(=O)([O-])OCC.CC[n+]1ccn(C)c1,108
Cc1ccccc1,CCOP(=O)([O-])OCC.CC[n+]1ccn(C)c1,323.15,4.403,CCOP(=O)([O-])OCC.CC[n+]1ccn(C)c1,108
Cc1ccccc1,CCOP(=O)([O-])OCC.CC[n+]1ccn(C)c1,333.15,4.298,CCOP(=O)([O-])OCC.CC[n+]1ccn(C)c1,108
Cc1ccccc1,CCOP(=O)([O-])OCC.CC[n+]1ccn(C)c1,343.15,4.105,CCOP(=O)([O-])OCC.CC[n+]1ccn(C)c1,108
Cc1ccccc1,CCCCCC[n+]1ccn(C)c1C.O=S(=O)([N-]S(=O)(=O)C(F)(F)F)C(F)(F)F,313.15,0.96,CCCCCC[n+]1ccn(C)c1C.O=S(=O)([N-]S(=O)(=O)C(F)(F)F)C(F)(F)F,109
Cc1ccccc1,CCCCCC[n+]1ccn(C)c1C.O=S(=O)([N-]S(=O)(=O)C(F)(F)F)C(F)(F)F,323.15,0.99,CCCCCC[n+]1ccn(C)c1C.O=S(=O)([N-]S(=O)(=O)C(F)(F)F)C(F)(F)F,109
Cc1ccccc1,CCCCCC[n+]1ccn(C)c1C.O=S(=O)([N-]S(=O)(=O)C(F)(F)F)C(F)(F)F,333.15,1.01,CCCCCC[n+]1ccn(C)c1C.O=S(=O)([N-]S(=O)(=O)C(F)(F)F)C(F)(F)F,109
Cc1ccccc1,CCCCCC[n+]1ccn(C)c1C.O=S(=O)([N-]S(=O)(=O)C(F)(F)F)C(F)(F)F,343.15,1.03,CCCCCC[n+]1ccn(C)c1C.O=S(=O)([N-]S(=O)(=O)C(F)(F)F)C(F)(F)F,109
Cc1ccccc1,CCCCCC[n+]1ccn(C)c1C.O=S(=O)([N-]S(=O)(=O)C(F)(F)F)C(F)(F)F,353.15,1.05,CCCCCC[n+]1ccn(C)c1C.O=S(=O)([N-]S(=O)(=O)C(F)(F)F)C(F)(F)F,109
Cc1ccccc1,CCCCCC[n+]1ccn(C)c1C.F[B-](F)(F)F,313.15,2.21,CCCCCC[n+]1ccn(C)c1C.F[B-](F)(F)F,110
Cc1ccccc1,CCCCCC[n+]1ccn(C)c1C.F[B-](F)(F)F,323.15,2.26,CCCCCC[n+]1ccn(C)c1C.F[B-](F)(F)F,110
Cc1ccccc1,CCCCCC[n+]1ccn(C)c1C.F[B-](F)(F)F,333.15,2.31,CCCCCC[n+]1ccn(C)c1C.F[B-](F)(F)F,110
Cc1ccccc1,CCCCCC[n+]1ccn(C)c1C.F[B-](F)(F)F,343.15,2.35,CCCCCC[n+]1ccn(C)c1C.F[B-](F)(F)F,110
Cc1ccccc1,CCCCCC[n+]1ccn(C)c1C.F[B-](F)(F)F,353.15,2.4,CCCCCC[n+]1ccn(C)c1C.F[B-](F)(F)F,110
Cc1ccccc1,CCCCCCCC[n+]1ccn(C)c1C.F[B-](F)(F)F,313.15,2.84,CCCCCCCC[n+]1ccn(C)c1C.F[B-](F)(F)F,111
Cc1ccccc1,CCCCCCCC[n+]1ccn(C)c1C.F[B-](F)(F)F,323.15,2.89,CCCCCCCC[n+]1ccn(C)c1C.F[B-](F)(F)F,111
Cc1ccccc1,CCCCCCCC[n+]1ccn(C)c1C.F[B-](F)(F)F,333.15,2.95,CCCCCCCC[n+]1ccn(C)c1C.F[B-](F)(F)F,111
Cc1ccccc1,CCCCCCCC[n+]1ccn(C)c1C.F[B-](F)(F)F,343.15,3.02,CCCCCCCC[n+]1ccn(C)c1C.F[B-](F)(F)F,111
Cc1ccccc1,CCCCCCCC[n+]1ccn(C)c1C.F[B-](F)(F)F,353.15,3.09,CCCCCCCC[n+]1ccn(C)c1C.F[B-](F)(F)F,111
Cc1ccccc1,COCCOS(=O)(=O)[O-].Cn1cc[n+](C)c1,303.15,11.4,COCCOS(=O)(=O)[O-].Cn1cc[n+](C)c1,112
Cc1ccccc1,COCCOS(=O)(=O)[O-].Cn1cc[n+](C)c1,313.15,10.7,COCCOS(=O)(=O)[O-].Cn1cc[n+](C)c1,112
Cc1ccccc1,COCCOS(=O)(=O)[O-].Cn1cc[n+](C)c1,323.15,10,COCCOS(=O)(=O)[O-].Cn1cc[n+](C)c1,112
Cc1ccccc1,COCCOS(=O)(=O)[O-].Cn1cc[n+](C)c1,333.15,9.4,COCCOS(=O)(=O)[O-].Cn1cc[n+](C)c1,112
Cc1ccccc1,COCCOS(=O)(=O)[O-].Cn1cc[n+](C)c1,343.15,9,COCCOS(=O)(=O)[O-].Cn1cc[n+](C)c1,112
Cc1ccccc1,CCCC[P+](CC)(CCCC)CCCC.CCOP(=O)([O-])OCC,328.15,1.2,CCCC[P+](CC)(CCCC)CCCC.CCOP(=O)([O-])OCC,113
Cc1ccccc1,CCCC[P+](CC)(CCCC)CCCC.CCOP(=O)([O-])OCC,338.15,1.19,CCCC[P+](CC)(CCCC)CCCC.CCOP(=O)([O-])OCC,113
Cc1ccccc1,CCCC[P+](CC)(CCCC)CCCC.CCOP(=O)([O-])OCC,348.15,1.18,CCCC[P+](CC)(CCCC)CCCC.CCOP(=O)([O-])OCC,113
Cc1ccccc1,CCCC[P+](CC)(CCCC)CCCC.CCOP(=O)([O-])OCC,358.15,1.16,CCCC[P+](CC)(CCCC)CCCC.CCOP(=O)([O-])OCC,113
Cc1ccccc1,CCCC[P+](CC)(CCCC)CCCC.CCOP(=O)([O-])OCC,368.15,1.15,CCCC[P+](CC)(CCCC)CCCC.CCOP(=O)([O-])OCC,113
Cc1ccccc1,CCCCCC[n+]1ccc2ccccc2c1.N#C[S-],328.15,2.05,CCCCCC[n+]1ccc2ccccc2c1.N#C[S-],114
Cc1ccccc1,CCCCCC[n+]1ccc2ccccc2c1.N#C[S-],338.15,2.07,CCCCCC[n+]1ccc2ccccc2c1.N#C[S-],114
Cc1ccccc1,CCCCCC[n+]1ccc2ccccc2c1.N#C[S-],348.15,2.08,CCCCCC[n+]1ccc2ccccc2c1.N#C[S-],114
Cc1ccccc1,CCCCCC[n+]1ccc2ccccc2c1.N#C[S-],358.15,2.1,CCCCCC[n+]1ccc2ccccc2c1.N#C[S-],114
Cc1ccccc1,CCCCCC[n+]1ccc2ccccc2c1.N#C[S-],368.15,2.11,CCCCCC[n+]1ccc2ccccc2c1.N#C[S-],114
Cc1ccccc1,CCCC[n+]1cccc(C)c1.N#C[N-]C#N,328.15,2.01,CCCC[n+]1cccc(C)c1.N#C[N-]C#N,115
Cc1ccccc1,CCCC[n+]1cccc(C)c1.N#C[N-]C#N,338.15,2.05,CCCC[n+]1cccc(C)c1.N#C[N-]C#N,115
Cc1ccccc1,CCCC[n+]1cccc(C)c1.N#C[N-]C#N,348.15,2.1,CCCC[n+]1cccc(C)c1.N#C[N-]C#N,115
Cc1ccccc1,CCCC[n+]1cccc(C)c1.N#C[N-]C#N,358.15,2.15,CCCC[n+]1cccc(C)c1.N#C[N-]C#N,115
Cc1ccccc1,CCCC[n+]1cccc(C)c1.N#C[N-]C#N,368.15,2.2,CCCC[n+]1cccc(C)c1.N#C[N-]C#N,115
Cc1ccccc1,CC[N+](C)(CC)CCOC.O=S(=O)([N-]S(=O)(=O)C(F)(F)F)C(F)(F)F,318.15,1.47,CC[N+](C)(CC)CCOC.O=S(=O)([N-]S(=O)(=O)C(F)(F)F)C(F)(F)F,116
Cc1ccccc1,CC[N+](C)(CC)CCOC.O=S(=O)([N-]S(=O)(=O)C(F)(F)F)C(F)(F)F,328.15,1.48,CC[N+](C)(CC)CCOC.O=S(=O)([N-]S(=O)(=O)C(F)(F)F)C(F)(F)F,116
Cc1ccccc1,CC[N+](C)(CC)CCOC.O=S(=O)([N-]S(=O)(=O)C(F)(F)F)C(F)(F)F,338.15,1.5,CC[N+](C)(CC)CCOC.O=S(=O)([N-]S(=O)(=O)C(F)(F)F)C(F)(F)F,116
Cc1ccccc1,CC[N+](C)(CC)CCOC.O=S(=O)([N-]S(=O)(=O)C(F)(F)F)C(F)(F)F,348.15,1.52,CC[N+](C)(CC)CCOC.O=S(=O)([N-]S(=O)(=O)C(F)(F)F)C(F)(F)F,116
Cc1ccccc1,CC[N+](C)(CC)CCOC.O=S(=O)([N-]S(=O)(=O)C(F)(F)F)C(F)(F)F,358.15,1.53,CC[N+](C)(CC)CCOC.O=S(=O)([N-]S(=O)(=O)C(F)(F)F)C(F)(F)F,116
Cc1ccccc1,Cn1cc[n+](CCCO)c1.N#C[S-],318.15,9.8,Cn1cc[n+](CCCO)c1.N#C[S-],117
Cc1ccccc1,Cn1cc[n+](CCCO)c1.N#C[S-],328.15,9.8,Cn1cc[n+](CCCO)c1.N#C[S-],117
Cc1ccccc1,Cn1cc[n+](CCCO)c1.N#C[S-],338.15,9.8,Cn1cc[n+](CCCO)c1.N#C[S-],117
Cc1ccccc1,Cn1cc[n+](CCCO)c1.N#C[S-],348.15,9.8,Cn1cc[n+](CCCO)c1.N#C[S-],117
Cc1ccccc1,Cn1cc[n+](CCCO)c1.N#C[S-],358.15,9.8,Cn1cc[n+](CCCO)c1.N#C[S-],117
Cc1ccccc1,CCCCCC[n+]1ccccc1.[Br-],333.15,3.071,CCCCCC[n+]1ccccc1.[Br-],118
Cc1ccccc1,CCCCCC[n+]1ccccc1.[Br-],343.15,3.0162,CCCCCC[n+]1ccccc1.[Br-],118
Cc1ccccc1,CCCCCC[n+]1ccccc1.[Br-],353.15,2.9713,CCCCCC[n+]1ccccc1.[Br-],118
Cc1ccccc1,CCCCCC[n+]1ccccc1.[Br-],363.15,2.9271,CCCCCC[n+]1ccccc1.[Br-],118
Cc1ccccc1,CCCCCC[n+]1ccccc1.[Br-],373.15,2.8462,CCCCCC[n+]1ccccc1.[Br-],118
Cc1ccccc1,CCCC[n+]1cccc(C)c1.O=S(=O)([O-])C(F)(F)F,318.15,1.76,CCCC[n+]1cccc(C)c1.O=S(=O)([O-])C(F)(F)F,119
Cc1ccccc1,CCCC[n+]1cccc(C)c1.O=S(=O)([O-])C(F)(F)F,328.15,1.79,CCCC[n+]1cccc(C)c1.O=S(=O)([O-])C(F)(F)F,119
Cc1ccccc1,CCCC[n+]1cccc(C)c1.O=S(=O)([O-])C(F)(F)F,338.15,1.82,CCCC[n+]1cccc(C)c1.O=S(=O)([O-])C(F)(F)F,119
Cc1ccccc1,CCCC[n+]1cccc(C)c1.O=S(=O)([O-])C(F)(F)F,348.15,1.85,CCCC[n+]1cccc(C)c1.O=S(=O)([O-])C(F)(F)F,119
Cc1ccccc1,CCCC[n+]1cccc(C)c1.O=S(=O)([O-])C(F)(F)F,358.15,1.88,CCCC[n+]1cccc(C)c1.O=S(=O)([O-])C(F)(F)F,119
Cc1ccccc1,CCC[N+](C)(C)C(C)C.O=S(=O)([N-]S(=O)(=O)C(F)(F)F)C(F)(F)F,323.15,1.515,CCC[N+](C)(C)C(C)C.O=S(=O)([N-]S(=O)(=O)C(F)(F)F)C(F)(F)F,120
Cc1ccccc1,CCC[N+](C)(C)C(C)C.O=S(=O)([N-]S(=O)(=O)C(F)(F)F)C(F)(F)F,333.15,1.535,CCC[N+](C)(C)C(C)C.O=S(=O)([N-]S(=O)(=O)C(F)(F)F)C(F)(F)F,120
Cc1ccccc1,CCC[N+](C)(C)C(C)C.O=S(=O)([N-]S(=O)(=O)C(F)(F)F)C(F)(F)F,343.15,1.557,CCC[N+](C)(C)C(C)C.O=S(=O)([N-]S(=O)(=O)C(F)(F)F)C(F)(F)F,120
Cc1ccccc1,CCC[N+](C)(C)C(C)C.O=S(=O)([N-]S(=O)(=O)C(F)(F)F)C(F)(F)F,353.15,1.576,CCC[N+](C)(C)C(C)C.O=S(=O)([N-]S(=O)(=O)C(F)(F)F)C(F)(F)F,120
Cc1ccccc1,CCC[N+](C)(C)C(C)C.O=S(=O)([N-]S(=O)(=O)C(F)(F)F)C(F)(F)F,363.15,1.595,CCC[N+](C)(C)C(C)C.O=S(=O)([N-]S(=O)(=O)C(F)(F)F)C(F)(F)F,120
Cc1ccccc1,CCCCCC[N+](C)(C)C(C)C.O=S(=O)([N-]S(=O)(=O)C(F)(F)F)C(F)(F)F,323.15,1.071,CCCCCC[N+](C)(C)C(C)C.O=S(=O)([N-]S(=O)(=O)C(F)(F)F)C(F)(F)F,121
Cc1ccccc1,CCCCCC[N+](C)(C)C(C)C.O=S(=O)([N-]S(=O)(=O)C(F)(F)F)C(F)(F)F,333.15,1.093,CCCCCC[N+](C)(C)C(C)C.O=S(=O)([N-]S(=O)(=O)C(F)(F)F)C(F)(F)F,121
Cc1ccccc1,CCCCCC[N+](C)(C)C(C)C.O=S(=O)([N-]S(=O)(=O)C(F)(F)F)C(F)(F)F,343.15,1.109,CCCCCC[N+](C)(C)C(C)C.O=S(=O)([N-]S(=O)(=O)C(F)(F)F)C(F)(F)F,121
Cc1ccccc1,CCCCCC[N+](C)(C)C(C)C.O=S(=O)([N-]S(=O)(=O)C(F)(F)F)C(F)(F)F,353.15,1.152,CCCCCC[N+](C)(C)C(C)C.O=S(=O)([N-]S(=O)(=O)C(F)(F)F)C(F)(F)F,121
Cc1ccccc1,CCCCCC[N+](C)(C)C(C)C.O=S(=O)([N-]S(=O)(=O)C(F)(F)F)C(F)(F)F,363.15,1.181,CCCCCC[N+](C)(C)C(C)C.O=S(=O)([N-]S(=O)(=O)C(F)(F)F)C(F)(F)F,121
Cc1ccccc1,CC(C)[N+](C)(C)CCCCCCCCC[N+](C)(C)C(C)C.O=S(=O)([N-]S(=O)(=O)C(F)(F)F)C(F)(F)F.O=S(=O)([N-]S(=O)(=O)C(F)(F)F)C(F)(F)F,323.15,1.548,CC(C)[N+](C)(C)CCCCCCCCC[N+](C)(C)C(C)C.O=S(=O)([N-]S(=O)(=O)C(F)(F)F)C(F)(F)F.O=S(=O)([N-]S(=O)(=O)C(F)(F)F)C(F)(F)F,122
Cc1ccccc1,CC(C)[N+](C)(C)CCCCCCCCC[N+](C)(C)C(C)C.O=S(=O)([N-]S(=O)(=O)C(F)(F)F)C(F)(F)F.O=S(=O)([N-]S(=O)(=O)C(F)(F)F)C(F)(F)F,333.15,1.567,CC(C)[N+](C)(C)CCCCCCCCC[N+](C)(C)C(C)C.O=S(=O)([N-]S(=O)(=O)C(F)(F)F)C(F)(F)F.O=S(=O)([N-]S(=O)(=O)C(F)(F)F)C(F)(F)F,122
Cc1ccccc1,CC(C)[N+](C)(C)CCCCCCCCC[N+](C)(C)C(C)C.O=S(=O)([N-]S(=O)(=O)C(F)(F)F)C(F)(F)F.O=S(=O)([N-]S(=O)(=O)C(F)(F)F)C(F)(F)F,343.15,1.608,CC(C)[N+](C)(C)CCCCCCCCC[N+](C)(C)C(C)C.O=S(=O)([N-]S(=O)(=O)C(F)(F)F)C(F)(F)F.O=S(=O)([N-]S(=O)(=O)C(F)(F)F)C(F)(F)F,122
Cc1ccccc1,CC(C)[N+](C)(C)CCCCCCCCC[N+](C)(C)C(C)C.O=S(=O)([N-]S(=O)(=O)C(F)(F)F)C(F)(F)F.O=S(=O)([N-]S(=O)(=O)C(F)(F)F)C(F)(F)F,353.15,1.667,CC(C)[N+](C)(C)CCCCCCCCC[N+](C)(C)C(C)C.O=S(=O)([N-]S(=O)(=O)C(F)(F)F)C(F)(F)F.O=S(=O)([N-]S(=O)(=O)C(F)(F)F)C(F)(F)F,122
Cc1ccccc1,CC(C)[N+](C)(C)CCCCCCCCC[N+](C)(C)C(C)C.O=S(=O)([N-]S(=O)(=O)C(F)(F)F)C(F)(F)F.O=S(=O)([N-]S(=O)(=O)C(F)(F)F)C(F)(F)F,363.15,1.692,CC(C)[N+](C)(C)CCCCCCCCC[N+](C)(C)C(C)C.O=S(=O)([N-]S(=O)(=O)C(F)(F)F)C(F)(F)F.O=S(=O)([N-]S(=O)(=O)C(F)(F)F)C(F)(F)F,122
Cc1ccccc1,CC(C)[N+](C)(C)CCO.O=S(=O)([N-]S(=O)(=O)C(F)(F)F)C(F)(F)F,323.15,2.271,CC(C)[N+](C)(C)CCO.O=S(=O)([N-]S(=O)(=O)C(F)(F)F)C(F)(F)F,123
Cc1ccccc1,CC(C)[N+](C)(C)CCO.O=S(=O)([N-]S(=O)(=O)C(F)(F)F)C(F)(F)F,333.15,2.273,CC(C)[N+](C)(C)CCO.O=S(=O)([N-]S(=O)(=O)C(F)(F)F)C(F)(F)F,123
Cc1ccccc1,CC(C)[N+](C)(C)CCO.O=S(=O)([N-]S(=O)(=O)C(F)(F)F)C(F)(F)F,343.15,2.275,CC(C)[N+](C)(C)CCO.O=S(=O)([N-]S(=O)(=O)C(F)(F)F)C(F)(F)F,123
Cc1ccccc1,CC(C)[N+](C)(C)CCO.O=S(=O)([N-]S(=O)(=O)C(F)(F)F)C(F)(F)F,353.15,2.278,CC(C)[N+](C)(C)CCO.O=S(=O)([N-]S(=O)(=O)C(F)(F)F)C(F)(F)F,123
Cc1ccccc1,CC(C)[N+](C)(C)CCO.O=S(=O)([N-]S(=O)(=O)C(F)(F)F)C(F)(F)F,363.15,2.28,CC(C)[N+](C)(C)CCO.O=S(=O)([N-]S(=O)(=O)C(F)(F)F)C(F)(F)F,123
Cc1ccccc1,COCC[N+]1(C)CCCC1.FC(F)(F)C(F)(F)[P-](F)(F)(F)(C(F)(F)C(F)(F)F)C(F)(F)C(F)(F)F,318.15,0.865,COCC[N+]1(C)CCCC1.FC(F)(F)C(F)(F)[P-](F)(F)(F)(C(F)(F)C(F)(F)F)C(F)(F)C(F)(F)F,53
Cc1ccccc1,COCC[N+]1(C)CCCC1.FC(F)(F)C(F)(F)[P-](F)(F)(F)(C(F)(F)C(F)(F)F)C(F)(F)C(F)(F)F,323.15,0.877,COCC[N+]1(C)CCCC1.FC(F)(F)C(F)(F)[P-](F)(F)(F)(C(F)(F)C(F)(F)F)C(F)(F)C(F)(F)F,53
Cc1ccccc1,COCC[N+]1(C)CCCC1.FC(F)(F)C(F)(F)[P-](F)(F)(F)(C(F)(F)C(F)(F)F)C(F)(F)C(F)(F)F,333.15,0.902,COCC[N+]1(C)CCCC1.FC(F)(F)C(F)(F)[P-](F)(F)(F)(C(F)(F)C(F)(F)F)C(F)(F)C(F)(F)F,53
Cc1ccccc1,COCC[N+]1(C)CCCC1.FC(F)(F)C(F)(F)[P-](F)(F)(F)(C(F)(F)C(F)(F)F)C(F)(F)C(F)(F)F,343.15,0.925,COCC[N+]1(C)CCCC1.FC(F)(F)C(F)(F)[P-](F)(F)(F)(C(F)(F)C(F)(F)F)C(F)(F)C(F)(F)F,53
Cc1ccccc1,COCC[N+]1(C)CCCC1.FC(F)(F)C(F)(F)[P-](F)(F)(F)(C(F)(F)C(F)(F)F)C(F)(F)C(F)(F)F,353.15,0.947,COCC[N+]1(C)CCCC1.FC(F)(F)C(F)(F)[P-](F)(F)(F)(C(F)(F)C(F)(F)F)C(F)(F)C(F)(F)F,53
Cc1ccccc1,C[n+]1ccn(CCO)c1.FC(F)(F)C(F)(F)[P-](F)(F)(F)(C(F)(F)C(F)(F)F)C(F)(F)C(F)(F)F,318.15,1.65,C[n+]1ccn(CCO)c1.FC(F)(F)C(F)(F)[P-](F)(F)(F)(C(F)(F)C(F)(F)F)C(F)(F)C(F)(F)F,52
Cc1ccccc1,C[n+]1ccn(CCO)c1.FC(F)(F)C(F)(F)[P-](F)(F)(F)(C(F)(F)C(F)(F)F)C(F)(F)C(F)(F)F,323.15,1.65,C[n+]1ccn(CCO)c1.FC(F)(F)C(F)(F)[P-](F)(F)(F)(C(F)(F)C(F)(F)F)C(F)(F)C(F)(F)F,52
Cc1ccccc1,C[n+]1ccn(CCO)c1.FC(F)(F)C(F)(F)[P-](F)(F)(F)(C(F)(F)C(F)(F)F)C(F)(F)C(F)(F)F,333.15,1.67,C[n+]1ccn(CCO)c1.FC(F)(F)C(F)(F)[P-](F)(F)(F)(C(F)(F)C(F)(F)F)C(F)(F)C(F)(F)F,52
Cc1ccccc1,C[n+]1ccn(CCO)c1.FC(F)(F)C(F)(F)[P-](F)(F)(F)(C(F)(F)C(F)(F)F)C(F)(F)C(F)(F)F,343.15,1.68,C[n+]1ccn(CCO)c1.FC(F)(F)C(F)(F)[P-](F)(F)(F)(C(F)(F)C(F)(F)F)C(F)(F)C(F)(F)F,52
Cc1ccccc1,C[n+]1ccn(CCO)c1.FC(F)(F)C(F)(F)[P-](F)(F)(F)(C(F)(F)C(F)(F)F)C(F)(F)C(F)(F)F,353.15,1.69,C[n+]1ccn(CCO)c1.FC(F)(F)C(F)(F)[P-](F)(F)(F)(C(F)(F)C(F)(F)F)C(F)(F)C(F)(F)F,52
Cc1ccccc1,Cn1cc[n+](CCO)c1.N#C[N-]C#N,318.15,8.95,Cn1cc[n+](CCO)c1.N#C[N-]C#N,124
Cc1ccccc1,Cn1cc[n+](CCO)c1.N#C[N-]C#N,328.15,8.92,Cn1cc[n+](CCO)c1.N#C[N-]C#N,124
Cc1ccccc1,Cn1cc[n+](CCO)c1.N#C[N-]C#N,338.15,8.9,Cn1cc[n+](CCO)c1.N#C[N-]C#N,124
Cc1ccccc1,Cn1cc[n+](CCO)c1.N#C[N-]C#N,348.15,8.89,Cn1cc[n+](CCO)c1.N#C[N-]C#N,124
Cc1ccccc1,Cn1cc[n+](CCO)c1.N#C[N-]C#N,358.15,8.86,Cn1cc[n+](CCO)c1.N#C[N-]C#N,124
Cc1ccccc1,Cn1cc[n+](CCCl)c1.N#C[N-]C#N,318.15,10.4,Cn1cc[n+](CCCl)c1.N#C[N-]C#N,125
Cc1ccccc1,Cn1cc[n+](CCCl)c1.N#C[N-]C#N,328.15,10.1,Cn1cc[n+](CCCl)c1.N#C[N-]C#N,125
Cc1ccccc1,Cn1cc[n+](CCCl)c1.N#C[N-]C#N,338.15,9.8,Cn1cc[n+](CCCl)c1.N#C[N-]C#N,125
Cc1ccccc1,Cn1cc[n+](CCCl)c1.N#C[N-]C#N,348.15,9.5,Cn1cc[n+](CCCl)c1.N#C[N-]C#N,125
Cc1ccccc1,Cn1cc[n+](CCCl)c1.N#C[N-]C#N,358.15,9.23,Cn1cc[n+](CCCl)c1.N#C[N-]C#N,125
Cc1ccccc1,C=CC[n+]1ccn(C)c1.[Cl-],303.15,13.4,C=CC[n+]1ccn(C)c1.[Cl-],126
Cc1ccccc1,C=CC[n+]1ccn(C)c1.[Cl-],313.15,12.4,C=CC[n+]1ccn(C)c1.[Cl-],126
Cc1ccccc1,C=CC[n+]1ccn(C)c1.[Cl-],323.15,11.7,C=CC[n+]1ccn(C)c1.[Cl-],126
Cc1ccccc1,C=CC[n+]1ccn(C)c1.[Cl-],333.15,11.1,C=CC[n+]1ccn(C)c1.[Cl-],126
Cc1ccccc1,C=CC[n+]1ccn(C)c1.[Cl-],343.15,10.5,C=CC[n+]1ccn(C)c1.[Cl-],126
Cc1ccccc1,CCCC[n+]1ccn(C)c1.[Cl-],313,2.51,CCCC[n+]1ccn(C)c1.[Cl-],127
Cc1ccccc1,CCCC[n+]1ccn(C)c1.[Cl-],323,2.54,CCCC[n+]1ccn(C)c1.[Cl-],127
Cc1ccccc1,CCCC[n+]1ccn(C)c1.[Cl-],333,2.54,CCCC[n+]1ccn(C)c1.[Cl-],127
Cc1ccccc1,CCCC[n+]1ccn(C)c1.[Cl-],343,2.55,CCCC[n+]1ccn(C)c1.[Cl-],127
Cc1ccccc1,CCCC[n+]1ccn(C)c1.[Cl-],353,2.56,CCCC[n+]1ccn(C)c1.[Cl-],127
Cc1ccccc1,CCCC[n+]1ccn(C)c1.O=S(=O)([N-]S(=O)(=O)C(F)(F)F)C(F)(F)F,323.15,1.28,CCCC[n+]1ccn(C)c1.O=S(=O)([N-]S(=O)(=O)C(F)(F)F)C(F)(F)F,128
Cc1ccccc1,CCCC[n+]1ccn(C)c1.O=S(=O)([N-]S(=O)(=O)C(F)(F)F)C(F)(F)F,333.15,1.28,CCCC[n+]1ccn(C)c1.O=S(=O)([N-]S(=O)(=O)C(F)(F)F)C(F)(F)F,128
Cc1ccccc1,CCCC[n+]1ccn(C)c1.O=S(=O)([N-]S(=O)(=O)C(F)(F)F)C(F)(F)F,343.15,1.3,CCCC[n+]1ccn(C)c1.O=S(=O)([N-]S(=O)(=O)C(F)(F)F)C(F)(F)F,128
Cc1ccccc1,CCCC[n+]1ccn(C)c1.O=S(=O)([N-]S(=O)(=O)C(F)(F)F)C(F)(F)F,353.15,1.3,CCCC[n+]1ccn(C)c1.O=S(=O)([N-]S(=O)(=O)C(F)(F)F)C(F)(F)F,128
Cc1ccccc1,CCCC[n+]1ccn(C)c1.O=S(=O)([N-]S(=O)(=O)C(F)(F)F)C(F)(F)F,363.15,1.3,CCCC[n+]1ccn(C)c1.O=S(=O)([N-]S(=O)(=O)C(F)(F)F)C(F)(F)F,128
Cc1ccccc1,CC[n+]1ccn(C)c1.O=[N+]([O-])[O-],318.15,8.87,CC[n+]1ccn(C)c1.O=[N+]([O-])[O-],129
Cc1ccccc1,CC[n+]1ccn(C)c1.O=[N+]([O-])[O-],323.15,8.93,CC[n+]1ccn(C)c1.O=[N+]([O-])[O-],129
Cc1ccccc1,CC[n+]1ccn(C)c1.O=[N+]([O-])[O-],333.15,8.99,CC[n+]1ccn(C)c1.O=[N+]([O-])[O-],129
Cc1ccccc1,CC[n+]1ccn(C)c1.O=[N+]([O-])[O-],343.15,9.05,CC[n+]1ccn(C)c1.O=[N+]([O-])[O-],129
Cc1ccccc1,CC[n+]1ccn(C)c1.O=[N+]([O-])[O-],353.15,9.12,CC[n+]1ccn(C)c1.O=[N+]([O-])[O-],129
Cc1ccccc1,CCCC[n+]1ccn(C)c1.CS(=O)(=O)[O-],333,6.73,CCCC[n+]1ccn(C)c1.CS(=O)(=O)[O-],130
Cc1ccccc1,CCCC[n+]1ccn(C)c1.CS(=O)(=O)[O-],343,6.71,CCCC[n+]1ccn(C)c1.CS(=O)(=O)[O-],130
Cc1ccccc1,CCCC[n+]1ccn(C)c1.CS(=O)(=O)[O-],353,6.68,CCCC[n+]1ccn(C)c1.CS(=O)(=O)[O-],130
Cc1ccccc1,CCCC[n+]1ccn(C)c1.CS(=O)(=O)[O-],363,6.63,CCCC[n+]1ccn(C)c1.CS(=O)(=O)[O-],130
Cc1ccccc1,CCCC[n+]1ccn(C)c1.CS(=O)(=O)[O-],373,6.59,CCCC[n+]1ccn(C)c1.CS(=O)(=O)[O-],130
Cc1ccccc1,CC(=O)[O-].CCCC[n+]1ccn(C)c1,333,5.6,CC(=O)[O-].CCCC[n+]1ccn(C)c1,81
Cc1ccccc1,CC(=O)[O-].CCCC[n+]1ccn(C)c1,343,5.6,CC(=O)[O-].CCCC[n+]1ccn(C)c1,81
Cc1ccccc1,CC(=O)[O-].CCCC[n+]1ccn(C)c1,353,5.6,CC(=O)[O-].CCCC[n+]1ccn(C)c1,81
Cc1ccccc1,CC(=O)[O-].CCCC[n+]1ccn(C)c1,363,5.6,CC(=O)[O-].CCCC[n+]1ccn(C)c1,81
Cc1ccccc1,CC(=O)[O-].CCCC[n+]1ccn(C)c1,373,5.6,CC(=O)[O-].CCCC[n+]1ccn(C)c1,81
Cc1ccccc1,CC[n+]1ccn(C)c1.N#C[B-](C#N)(C#N)C#N,303.6,1.9,CC[n+]1ccn(C)c1.N#C[B-](C#N)(C#N)C#N,102
Cc1ccccc1,CC[n+]1ccn(C)c1.N#C[B-](C#N)(C#N)C#N,313.2,1.92,CC[n+]1ccn(C)c1.N#C[B-](C#N)(C#N)C#N,102
Cc1ccccc1,CC[n+]1ccn(C)c1.N#C[B-](C#N)(C#N)C#N,323.1,1.98,CC[n+]1ccn(C)c1.N#C[B-](C#N)(C#N)C#N,102
Cc1ccccc1,CC[n+]1ccn(C)c1.N#C[B-](C#N)(C#N)C#N,333.2,1.94,CC[n+]1ccn(C)c1.N#C[B-](C#N)(C#N)C#N,102
Cc1ccccc1,CC[n+]1ccn(C)c1.N#C[B-](C#N)(C#N)C#N,343.3,1.92,CC[n+]1ccn(C)c1.N#C[B-](C#N)(C#N)C#N,102
Cc1ccccc1,CCCCn1cc[n+](C)c1.O=C1O[B-]2(OC1=O)OC(=O)C(=O)O2,307.8,5.31,CCCCn1cc[n+](C)c1.O=C1O[B-]2(OC1=O)OC(=O)C(=O)O2,131
Cc1ccccc1,CCCCn1cc[n+](C)c1.O=C1O[B-]2(OC1=O)OC(=O)C(=O)O2,317.5,4.71,CCCCn1cc[n+](C)c1.O=C1O[B-]2(OC1=O)OC(=O)C(=O)O2,131
Cc1ccccc1,CCCCn1cc[n+](C)c1.O=C1O[B-]2(OC1=O)OC(=O)C(=O)O2,328.2,4.36,CCCCn1cc[n+](C)c1.O=C1O[B-]2(OC1=O)OC(=O)C(=O)O2,131
Cc1ccccc1,CCCCn1cc[n+](C)c1.O=C1O[B-]2(OC1=O)OC(=O)C(=O)O2,338.4,3.93,CCCCn1cc[n+](C)c1.O=C1O[B-]2(OC1=O)OC(=O)C(=O)O2,131
Cc1ccccc1,CCCCn1cc[n+](C)c1.O=C1O[B-]2(OC1=O)OC(=O)C(=O)O2,348.5,3.68,CCCCn1cc[n+](C)c1.O=C1O[B-]2(OC1=O)OC(=O)C(=O)O2,131
Cc1ccccc1,CCCCCCn1cc[n+](C)c1.O=C1O[B-]2(OC1=O)OC(=O)C(=O)O2,308.1,3.15,CCCCCCn1cc[n+](C)c1.O=C1O[B-]2(OC1=O)OC(=O)C(=O)O2,132
Cc1ccccc1,CCCCCCn1cc[n+](C)c1.O=C1O[B-]2(OC1=O)OC(=O)C(=O)O2,318.1,2.99,CCCCCCn1cc[n+](C)c1.O=C1O[B-]2(OC1=O)OC(=O)C(=O)O2,132
Cc1ccccc1,CCCCCCn1cc[n+](C)c1.O=C1O[B-]2(OC1=O)OC(=O)C(=O)O2,328.4,2.79,CCCCCCn1cc[n+](C)c1.O=C1O[B-]2(OC1=O)OC(=O)C(=O)O2,132
Cc1ccccc1,CCCCCCn1cc[n+](C)c1.O=C1O[B-]2(OC1=O)OC(=O)C(=O)O2,338.5,2.65,CCCCCCn1cc[n+](C)c1.O=C1O[B-]2(OC1=O)OC(=O)C(=O)O2,132
Cc1ccccc1,CCCCCCn1cc[n+](C)c1.O=C1O[B-]2(OC1=O)OC(=O)C(=O)O2,348.5,2.48,CCCCCCn1cc[n+](C)c1.O=C1O[B-]2(OC1=O)OC(=O)C(=O)O2,132
Cc1ccccc1,CCCn1cc[n+](C)c1.[Br-],323.15,2.95,CCCn1cc[n+](C)c1.[Br-],133
Cc1ccccc1,CCCn1cc[n+](C)c1.[Br-],333.15,3.11,CCCn1cc[n+](C)c1.[Br-],133
Cc1ccccc1,CCCn1cc[n+](C)c1.[Br-],343.15,3.33,CCCn1cc[n+](C)c1.[Br-],133
Cc1ccccc1,CCCn1cc[n+](C)c1.[Br-],353.15,3.5,CCCn1cc[n+](C)c1.[Br-],133
Cc1ccccc1,CCCn1cc[n+](C)c1.[Br-],363.15,3.72,CCCn1cc[n+](C)c1.[Br-],133
Cc1ccccc1,CCCC[n+]1ccn(C)c1.F[B-](F)(F)F,303.15,2.913,CCCC[n+]1ccn(C)c1.F[B-](F)(F)F,134
Cc1ccccc1,CCCC[n+]1ccn(C)c1.F[B-](F)(F)F,313.15,2.935,CCCC[n+]1ccn(C)c1.F[B-](F)(F)F,134
Cc1ccccc1,CCCC[n+]1ccn(C)c1.F[B-](F)(F)F,323.15,2.949,CCCC[n+]1ccn(C)c1.F[B-](F)(F)F,134
Cc1ccccc1,CCCC[n+]1ccn(C)c1.F[B-](F)(F)F,333.15,2.99,CCCC[n+]1ccn(C)c1.F[B-](F)(F)F,134
Cc1ccccc1,CCCC[n+]1ccn(C)c1.F[B-](F)(F)F,343.15,3.03,CCCC[n+]1ccn(C)c1.F[B-](F)(F)F,134
Cc1ccccc1,CC[n+]1ccn(C)c1.CO[PH](=O)[O-],313.15,6.53,CC[n+]1ccn(C)c1.CO[PH](=O)[O-],135
Cc1ccccc1,CC[n+]1ccn(C)c1.CO[PH](=O)[O-],333.15,6.63,CC[n+]1ccn(C)c1.CO[PH](=O)[O-],135
Cc1ccccc1,CC[n+]1ccn(C)c1.CO[PH](=O)[O-],353.15,6.82,CC[n+]1ccn(C)c1.CO[PH](=O)[O-],135
Cc1ccccc1,CC[n+]1ccn(C)c1.CO[PH](=O)[O-],373.15,7.16,CC[n+]1ccn(C)c1.CO[PH](=O)[O-],135
Cc1ccccc1,CO[PH](=O)[O-].Cn1cc[n+](C)c1,313.15,11.47,CO[PH](=O)[O-].Cn1cc[n+](C)c1,136
Cc1ccccc1,CO[PH](=O)[O-].Cn1cc[n+](C)c1,323.15,11.37,CO[PH](=O)[O-].Cn1cc[n+](C)c1,136
Cc1ccccc1,CO[PH](=O)[O-].Cn1cc[n+](C)c1,333.15,11.29,CO[PH](=O)[O-].Cn1cc[n+](C)c1,136
Cc1ccccc1,CO[PH](=O)[O-].Cn1cc[n+](C)c1,343.15,11.25,CO[PH](=O)[O-].Cn1cc[n+](C)c1,136
Cc1ccccc1,CCn1cc[n+](C)c1.COCCOCCOS(=O)(=O)[O-],308.15,4.43,CCn1cc[n+](C)c1.COCCOCCOS(=O)(=O)[O-],137
Cc1ccccc1,CCn1cc[n+](C)c1.COCCOCCOS(=O)(=O)[O-],313.15,4.45,CCn1cc[n+](C)c1.COCCOCCOS(=O)(=O)[O-],137
Cc1ccccc1,CCn1cc[n+](C)c1.COCCOCCOS(=O)(=O)[O-],323.15,4.51,CCn1cc[n+](C)c1.COCCOCCOS(=O)(=O)[O-],137
Cc1ccccc1,CCn1cc[n+](C)c1.COCCOCCOS(=O)(=O)[O-],333.15,4.62,CCn1cc[n+](C)c1.COCCOCCOS(=O)(=O)[O-],137
Cc1ccccc1,CCCCCCCCOS(=O)(=O)[O-].CC[n+]1ccn(C)c1,318.15,1.26,CCCCCCCCOS(=O)(=O)[O-].CC[n+]1ccn(C)c1,138
Cc1ccccc1,CCCCCCCCOS(=O)(=O)[O-].CC[n+]1ccn(C)c1,333.15,1.25,CCCCCCCCOS(=O)(=O)[O-].CC[n+]1ccn(C)c1,138
Cc1ccccc1,CCCCCCCCOS(=O)(=O)[O-].CC[n+]1ccn(C)c1,348.15,1.24,CCCCCCCCOS(=O)(=O)[O-].CC[n+]1ccn(C)c1,138
Cc1ccccc1,CCCCCCCCOS(=O)(=O)[O-].CC[n+]1ccn(C)c1,358.15,1.22,CCCCCCCCOS(=O)(=O)[O-].CC[n+]1ccn(C)c1,138
Cc1ccccc1,CCCCCCCC[n+]1ccn(C)c1.F[P-](F)(F)(F)(F)F,343.15,0.74,CCCCCCCC[n+]1ccn(C)c1.F[P-](F)(F)(F)(F)F,139
Cc1ccccc1,CCCCCCCC[n+]1ccn(C)c1.F[P-](F)(F)(F)(F)F,353.15,0.72,CCCCCCCC[n+]1ccn(C)c1.F[P-](F)(F)(F)(F)F,139
Cc1ccccc1,CCCCCCCC[n+]1ccn(C)c1.F[P-](F)(F)(F)(F)F,363.15,0.72,CCCCCCCC[n+]1ccn(C)c1.F[P-](F)(F)(F)(F)F,139
Cc1ccccc1,CCCCCCCC[n+]1ccn(C)c1.F[P-](F)(F)(F)(F)F,373.15,0.69,CCCCCCCC[n+]1ccn(C)c1.F[P-](F)(F)(F)(F)F,139
Cc1ccccc1,CCCC[n+]1ccn(C)c1.Cc1ccc(S(=O)(=O)[O-])cc1,338.2,3.03,CCCC[n+]1ccn(C)c1.Cc1ccc(S(=O)(=O)[O-])cc1,140
Cc1ccccc1,CCCC[n+]1ccn(C)c1.Cc1ccc(S(=O)(=O)[O-])cc1,348.2,3.01,CCCC[n+]1ccn(C)c1.Cc1ccc(S(=O)(=O)[O-])cc1,140
Cc1ccccc1,CCCC[n+]1ccn(C)c1.Cc1ccc(S(=O)(=O)[O-])cc1,358.2,2.99,CCCC[n+]1ccn(C)c1.Cc1ccc(S(=O)(=O)[O-])cc1,140
Cc1ccccc1,CCCC[n+]1ccn(C)c1.Cc1ccc(S(=O)(=O)[O-])cc1,368.2,2.97,CCCC[n+]1ccn(C)c1.Cc1ccc(S(=O)(=O)[O-])cc1,140
Cc1ccccc1,CCCC[n+]1ccc(C)cc1.F[B-](F)(F)F,313,2.632,CCCC[n+]1ccc(C)cc1.F[B-](F)(F)F,141
Cc1ccccc1,CCCC[n+]1ccc(C)cc1.F[B-](F)(F)F,323,2.652,CCCC[n+]1ccc(C)cc1.F[B-](F)(F)F,141
Cc1ccccc1,CCCC[n+]1ccc(C)cc1.F[B-](F)(F)F,333,2.671,CCCC[n+]1ccc(C)cc1.F[B-](F)(F)F,141
Cc1ccccc1,CCCC[n+]1ccc(C)cc1.F[B-](F)(F)F,343,2.688,CCCC[n+]1ccc(C)cc1.F[B-](F)(F)F,141
Cc1ccccc1,CC[n+]1ccn(C)c1C.O=S(=O)([N-]S(=O)(=O)C(F)(F)F)C(F)(F)F,313,1.647,CC[n+]1ccn(C)c1C.O=S(=O)([N-]S(=O)(=O)C(F)(F)F)C(F)(F)F,142
Cc1ccccc1,CC[n+]1ccn(C)c1C.O=S(=O)([N-]S(=O)(=O)C(F)(F)F)C(F)(F)F,323,1.657,CC[n+]1ccn(C)c1C.O=S(=O)([N-]S(=O)(=O)C(F)(F)F)C(F)(F)F,142
Cc1ccccc1,CC[n+]1ccn(C)c1C.O=S(=O)([N-]S(=O)(=O)C(F)(F)F)C(F)(F)F,333,1.663,CC[n+]1ccn(C)c1C.O=S(=O)([N-]S(=O)(=O)C(F)(F)F)C(F)(F)F,142
Cc1ccccc1,CC[n+]1ccn(C)c1C.O=S(=O)([N-]S(=O)(=O)C(F)(F)F)C(F)(F)F,343,1.672,CC[n+]1ccn(C)c1C.O=S(=O)([N-]S(=O)(=O)C(F)(F)F)C(F)(F)F,142
Cc1ccccc1,CC[n+]1ccn(C)c1.O=S(=O)([N-]S(=O)(=O)C(F)(F)F)C(F)(F)F,313,1.735,CC[n+]1ccn(C)c1.O=S(=O)([N-]S(=O)(=O)C(F)(F)F)C(F)(F)F,143
Cc1ccccc1,CC[n+]1ccn(C)c1.O=S(=O)([N-]S(=O)(=O)C(F)(F)F)C(F)(F)F,323,1.735,CC[n+]1ccn(C)c1.O=S(=O)([N-]S(=O)(=O)C(F)(F)F)C(F)(F)F,143
Cc1ccccc1,CC[n+]1ccn(C)c1.O=S(=O)([N-]S(=O)(=O)C(F)(F)F)C(F)(F)F,333,1.762,CC[n+]1ccn(C)c1.O=S(=O)([N-]S(=O)(=O)C(F)(F)F)C(F)(F)F,143
Cc1ccccc1,CC[n+]1ccn(C)c1.O=S(=O)([N-]S(=O)(=O)C(F)(F)F)C(F)(F)F,343,1.776,CC[n+]1ccn(C)c1.O=S(=O)([N-]S(=O)(=O)C(F)(F)F)C(F)(F)F,143
Cc1ccccc1,CCCCCCCCCCCCCC[P+](CCCCCC)(CCCCCC)CCCCCC.N#C[N-]C#N,313.15,0.419,CCCCCCCCCCCCCC[P+](CCCCCC)(CCCCCC)CCCCCC.N#C[N-]C#N,144
Cc1ccccc1,CCCCCCCCCCCCCC[P+](CCCCCC)(CCCCCC)CCCCCC.N#C[N-]C#N,323.15,0.458,CCCCCCCCCCCCCC[P+](CCCCCC)(CCCCCC)CCCCCC.N#C[N-]C#N,144
Cc1ccccc1,CCCCCCCCCCCCCC[P+](CCCCCC)(CCCCCC)CCCCCC.N#C[N-]C#N,333.15,0.489,CCCCCCCCCCCCCC[P+](CCCCCC)(CCCCCC)CCCCCC.N#C[N-]C#N,144
Cc1ccccc1,CCCCCCCCCCCCCC[P+](CCCCCC)(CCCCCC)CCCCCC.N#C[N-]C#N,343.15,0.523,CCCCCCCCCCCCCC[P+](CCCCCC)(CCCCCC)CCCCCC.N#C[N-]C#N,144
Cc1ccccc1,CC(CC(C)(C)C)CP(=O)([O-])CC(C)CC(C)(C)C.CCCCCCCCCCCCCC[P+](CCCCCC)(CCCCCC)CCCCCC,313.15,0.5,CC(CC(C)(C)C)CP(=O)([O-])CC(C)CC(C)(C)C.CCCCCCCCCCCCCC[P+](CCCCCC)(CCCCCC)CCCCCC,82
Cc1ccccc1,CC(CC(C)(C)C)CP(=O)([O-])CC(C)CC(C)(C)C.CCCCCCCCCCCCCC[P+](CCCCCC)(CCCCCC)CCCCCC,323.15,0.51,CC(CC(C)(C)C)CP(=O)([O-])CC(C)CC(C)(C)C.CCCCCCCCCCCCCC[P+](CCCCCC)(CCCCCC)CCCCCC,82
Cc1ccccc1,CC(CC(C)(C)C)CP(=O)([O-])CC(C)CC(C)(C)C.CCCCCCCCCCCCCC[P+](CCCCCC)(CCCCCC)CCCCCC,333.15,0.56,CC(CC(C)(C)C)CP(=O)([O-])CC(C)CC(C)(C)C.CCCCCCCCCCCCCC[P+](CCCCCC)(CCCCCC)CCCCCC,82
Cc1ccccc1,CC(CC(C)(C)C)CP(=O)([O-])CC(C)CC(C)(C)C.CCCCCCCCCCCCCC[P+](CCCCCC)(CCCCCC)CCCCCC,343.15,0.59,CC(CC(C)(C)C)CP(=O)([O-])CC(C)CC(C)(C)C.CCCCCCCCCCCCCC[P+](CCCCCC)(CCCCCC)CCCCCC,82
Cc1ccccc1,COS(=O)(=O)[O-].Cn1cc[n+](C)c1,303.15,17,COS(=O)(=O)[O-].Cn1cc[n+](C)c1,145
Cc1ccccc1,COS(=O)(=O)[O-].Cn1cc[n+](C)c1,313.15,15,COS(=O)(=O)[O-].Cn1cc[n+](C)c1,145
Cc1ccccc1,COS(=O)(=O)[O-].Cn1cc[n+](C)c1,323.15,14,COS(=O)(=O)[O-].Cn1cc[n+](C)c1,145
Cc1ccccc1,COS(=O)(=O)[O-].Cn1cc[n+](C)c1,333.15,12.6,COS(=O)(=O)[O-].Cn1cc[n+](C)c1,145
Cc1ccccc1,COP(=O)([O-])OC.Cn1cc[n+](C)c1,303.15,7.3,COP(=O)([O-])OC.Cn1cc[n+](C)c1,40
Cc1ccccc1,COP(=O)([O-])OC.Cn1cc[n+](C)c1,313.15,7.3,COP(=O)([O-])OC.Cn1cc[n+](C)c1,40
Cc1ccccc1,COP(=O)([O-])OC.Cn1cc[n+](C)c1,323.15,7.3,COP(=O)([O-])OC.Cn1cc[n+](C)c1,40
Cc1ccccc1,COP(=O)([O-])OC.Cn1cc[n+](C)c1,333.15,7.3,COP(=O)([O-])OC.Cn1cc[n+](C)c1,40
Cc1ccccc1,CC[n+]1ccccc1.O=S(=O)([N-]S(=O)(=O)C(F)(F)F)C(F)(F)F,303.15,1.9,CC[n+]1ccccc1.O=S(=O)([N-]S(=O)(=O)C(F)(F)F)C(F)(F)F,89
Cc1ccccc1,CC[n+]1ccccc1.O=S(=O)([N-]S(=O)(=O)C(F)(F)F)C(F)(F)F,313.15,1.9,CC[n+]1ccccc1.O=S(=O)([N-]S(=O)(=O)C(F)(F)F)C(F)(F)F,89
Cc1ccccc1,CC[n+]1ccccc1.O=S(=O)([N-]S(=O)(=O)C(F)(F)F)C(F)(F)F,323.15,2,CC[n+]1ccccc1.O=S(=O)([N-]S(=O)(=O)C(F)(F)F)C(F)(F)F,89
Cc1ccccc1,CC[n+]1ccccc1.O=S(=O)([N-]S(=O)(=O)C(F)(F)F)C(F)(F)F,333.15,2.1,CC[n+]1ccccc1.O=S(=O)([N-]S(=O)(=O)C(F)(F)F)C(F)(F)F,89
Cc1ccccc1,CCOCCOS(=O)(=O)[O-].c1cc[nH+]cc1,303.15,7,CCOCCOS(=O)(=O)[O-].c1cc[nH+]cc1,146
Cc1ccccc1,CCOCCOS(=O)(=O)[O-].c1cc[nH+]cc1,313.15,6.6,CCOCCOS(=O)(=O)[O-].c1cc[nH+]cc1,146
Cc1ccccc1,CCOCCOS(=O)(=O)[O-].c1cc[nH+]cc1,323.15,5.9,CCOCCOS(=O)(=O)[O-].c1cc[nH+]cc1,146
Cc1ccccc1,CCOCCOS(=O)(=O)[O-].c1cc[nH+]cc1,333.15,5.6,CCOCCOS(=O)(=O)[O-].c1cc[nH+]cc1,146
Cc1ccccc1,Br[Co-2](Br)(Br)Br.CCCCn1cc[n+](C)c1.CCCCn1cc[n+](C)c1,308.15,2.78,Br[Co-2](Br)(Br)Br.CCCCn1cc[n+](C)c1.CCCCn1cc[n+](C)c1,147
Cc1ccccc1,Br[Co-2](Br)(Br)Br.CCCCn1cc[n+](C)c1.CCCCn1cc[n+](C)c1,313.15,2.73,Br[Co-2](Br)(Br)Br.CCCCn1cc[n+](C)c1.CCCCn1cc[n+](C)c1,147
Cc1ccccc1,Br[Co-2](Br)(Br)Br.CCCCn1cc[n+](C)c1.CCCCn1cc[n+](C)c1,323.15,2.67,Br[Co-2](Br)(Br)Br.CCCCn1cc[n+](C)c1.CCCCn1cc[n+](C)c1,147
Cc1ccccc1,Br[Co-2](Br)(Br)Br.CCCCn1cc[n+](C)c1.CCCCn1cc[n+](C)c1,333.15,2.58,Br[Co-2](Br)(Br)Br.CCCCn1cc[n+](C)c1.CCCCn1cc[n+](C)c1,147
Cc1ccccc1,C[N+]1(CCCC#N)CCOCC1.N#C[C-](C#N)C#N,328.15,7.36,C[N+]1(CCCC#N)CCOCC1.N#C[C-](C#N)C#N,148
Cc1ccccc1,C[N+]1(CCCC#N)CCOCC1.N#C[C-](C#N)C#N,338.15,7.2,C[N+]1(CCCC#N)CCOCC1.N#C[C-](C#N)C#N,148
Cc1ccccc1,C[N+]1(CCCC#N)CCOCC1.N#C[C-](C#N)C#N,348.15,7.07,C[N+]1(CCCC#N)CCOCC1.N#C[C-](C#N)C#N,148
Cc1ccccc1,C[N+]1(CCCC#N)CCOCC1.N#C[C-](C#N)C#N,358.15,6.96,C[N+]1(CCCC#N)CCOCC1.N#C[C-](C#N)C#N,148
Cc1ccccc1,C[N+]1(CCCO)CCOCC1.N#C[C-](C#N)C#N,328.15,6.95,C[N+]1(CCCO)CCOCC1.N#C[C-](C#N)C#N,149
Cc1ccccc1,C[N+]1(CCCO)CCOCC1.N#C[C-](C#N)C#N,338.15,6.87,C[N+]1(CCCO)CCOCC1.N#C[C-](C#N)C#N,149
Cc1ccccc1,C[N+]1(CCCO)CCOCC1.N#C[C-](C#N)C#N,348.15,6.78,C[N+]1(CCCO)CCOCC1.N#C[C-](C#N)C#N,149
Cc1ccccc1,C[N+]1(CCCO)CCOCC1.N#C[C-](C#N)C#N,358.15,6.73,C[N+]1(CCCO)CCOCC1.N#C[C-](C#N)C#N,149
Cc1ccccc1,CCCCCC[n+]1ccn(C)c1.O=S(=O)([N-]S(=O)(=O)C(F)(F)F)C(F)(F)F,303.15,0.85,CCCCCC[n+]1ccn(C)c1.O=S(=O)([N-]S(=O)(=O)C(F)(F)F)C(F)(F)F,150
Cc1ccccc1,CCCCCC[n+]1ccn(C)c1.O=S(=O)([N-]S(=O)(=O)C(F)(F)F)C(F)(F)F,313.15,0.95,CCCCCC[n+]1ccn(C)c1.O=S(=O)([N-]S(=O)(=O)C(F)(F)F)C(F)(F)F,150
Cc1ccccc1,CCCCCC[n+]1ccn(C)c1.O=S(=O)([N-]S(=O)(=O)C(F)(F)F)C(F)(F)F,323.15,1.05,CCCCCC[n+]1ccn(C)c1.O=S(=O)([N-]S(=O)(=O)C(F)(F)F)C(F)(F)F,150
Cc1ccccc1,CCCCCC[n+]1ccn(C)c1.O=S(=O)([N-]S(=O)(=O)C(F)(F)F)C(F)(F)F,333.15,1.14,CCCCCC[n+]1ccn(C)c1.O=S(=O)([N-]S(=O)(=O)C(F)(F)F)C(F)(F)F,150
Cc1ccccc1,CCCCCCCC[N+]1(C)CCCC1.O=S(=O)([N-]S(=O)(=O)C(F)(F)F)C(F)(F)F,303.15,0.67,CCCCCCCC[N+]1(C)CCCC1.O=S(=O)([N-]S(=O)(=O)C(F)(F)F)C(F)(F)F,151
Cc1ccccc1,CCCCCCCC[N+]1(C)CCCC1.O=S(=O)([N-]S(=O)(=O)C(F)(F)F)C(F)(F)F,313.15,0.73,CCCCCCCC[N+]1(C)CCCC1.O=S(=O)([N-]S(=O)(=O)C(F)(F)F)C(F)(F)F,151
Cc1ccccc1,CCCCCCCC[N+]1(C)CCCC1.O=S(=O)([N-]S(=O)(=O)C(F)(F)F)C(F)(F)F,323.15,0.8,CCCCCCCC[N+]1(C)CCCC1.O=S(=O)([N-]S(=O)(=O)C(F)(F)F)C(F)(F)F,151
Cc1ccccc1,CCCCCCCC[N+]1(C)CCCC1.O=S(=O)([N-]S(=O)(=O)C(F)(F)F)C(F)(F)F,333.15,0.86,CCCCCCCC[N+]1(C)CCCC1.O=S(=O)([N-]S(=O)(=O)C(F)(F)F)C(F)(F)F,151
Cc1ccccc1,CCCCCC[n+]1ccn(C)c1.O=S(=O)([O-])C(F)(F)F,303.15,1.38,CCCCCC[n+]1ccn(C)c1.O=S(=O)([O-])C(F)(F)F,152
Cc1ccccc1,CCCCCC[n+]1ccn(C)c1.O=S(=O)([O-])C(F)(F)F,313.15,1.52,CCCCCC[n+]1ccn(C)c1.O=S(=O)([O-])C(F)(F)F,152
Cc1ccccc1,CCCCCC[n+]1ccn(C)c1.O=S(=O)([O-])C(F)(F)F,323.15,1.65,CCCCCC[n+]1ccn(C)c1.O=S(=O)([O-])C(F)(F)F,152
Cc1ccccc1,CCCCCC[n+]1ccn(C)c1.O=S(=O)([O-])C(F)(F)F,333.15,1.75,CCCCCC[n+]1ccn(C)c1.O=S(=O)([O-])C(F)(F)F,152
Cc1ccccc1,CCCC[n+]1ccn(C)c1.COP(=O)([O-])OC,358.15,3.86,CCCC[n+]1ccn(C)c1.COP(=O)([O-])OC,153
Cc1ccccc1,CCCC[n+]1ccn(C)c1.COP(=O)([O-])OC,368.15,3.99,CCCC[n+]1ccn(C)c1.COP(=O)([O-])OC,153
Cc1ccccc1,CCCC[n+]1ccn(C)c1.COP(=O)([O-])OC,378.15,4.09,CCCC[n+]1ccn(C)c1.COP(=O)([O-])OC,153
Cc1ccccc1,CCCC[n+]1ccn(C)c1.COP(=O)([O-])OC,388.15,4.29,CCCC[n+]1ccn(C)c1.COP(=O)([O-])OC,153
Cc1ccccc1,CCCC[n+]1ccn(C)c1.CS(=O)(=O)[O-],358.15,5.32,CCCC[n+]1ccn(C)c1.CS(=O)(=O)[O-],130
Cc1ccccc1,CCCC[n+]1ccn(C)c1.CS(=O)(=O)[O-],368.15,5.45,CCCC[n+]1ccn(C)c1.CS(=O)(=O)[O-],130
Cc1ccccc1,CCCC[n+]1ccn(C)c1.CS(=O)(=O)[O-],378.15,5.68,CCCC[n+]1ccn(C)c1.CS(=O)(=O)[O-],130
Cc1ccccc1,CCCC[n+]1ccn(C)c1.CS(=O)(=O)[O-],388.15,5.84,CCCC[n+]1ccn(C)c1.CS(=O)(=O)[O-],130
Cc1ccccc1,CCCC[n+]1ccn(C)c1.[Cl-],358.15,7.78,CCCC[n+]1ccn(C)c1.[Cl-],127
Cc1ccccc1,CCCC[n+]1ccn(C)c1.[Cl-],368.15,7.91,CCCC[n+]1ccn(C)c1.[Cl-],127
Cc1ccccc1,CCCC[n+]1ccn(C)c1.[Cl-],378.15,8.09,CCCC[n+]1ccn(C)c1.[Cl-],127
Cc1ccccc1,CCCC[n+]1ccn(C)c1.[Cl-],388.15,8.36,CCCC[n+]1ccn(C)c1.[Cl-],127
Cc1ccccc1,CCCCCCCCCCCCCCn1cc[n+](C)c1.F[B-](F)(F)F,393.15,1.157,CCCCCCCCCCCCCCn1cc[n+](C)c1.F[B-](F)(F)F,154
Cc1ccccc1,CCCCCCCCCCCCCCn1cc[n+](C)c1.F[B-](F)(F)F,403.15,1.16,CCCCCCCCCCCCCCn1cc[n+](C)c1.F[B-](F)(F)F,154
Cc1ccccc1,CCCCCCCCCCCCCCn1cc[n+](C)c1.F[B-](F)(F)F,418.15,1.168,CCCCCCCCCCCCCCn1cc[n+](C)c1.F[B-](F)(F)F,154
Cc1ccccc1,CCCCCCCCCCCCCCn1cc[n+](C)c1.F[B-](F)(F)F,433.15,1.175,CCCCCCCCCCCCCCn1cc[n+](C)c1.F[B-](F)(F)F,154
Cc1ccccc1,CCCCCCCCCCCCCCn1cc[n+](C)c1.F[B-](F)(F)F,343.15,1.046,CCCCCCCCCCCCCCn1cc[n+](C)c1.F[B-](F)(F)F,154
Cc1ccccc1,CCCCCCCCCCCCCCn1cc[n+](C)c1.F[B-](F)(F)F,358.15,1.084,CCCCCCCCCCCCCCn1cc[n+](C)c1.F[B-](F)(F)F,154
Cc1ccccc1,CCCCCCCCCCCCCCn1cc[n+](C)c1.F[B-](F)(F)F,373.15,1.115,CCCCCCCCCCCCCCn1cc[n+](C)c1.F[B-](F)(F)F,154
Cc1ccccc1,CCCCCCCCCCCCCCn1cc[n+](C)c1.F[B-](F)(F)F,388.15,1.146,CCCCCCCCCCCCCCn1cc[n+](C)c1.F[B-](F)(F)F,154
Cc1ccccc1,CCCCCCCCCCCC[n+]1ccn(C)c1.F[B-](F)(F)F,323.15,1.193,CCCCCCCCCCCC[n+]1ccn(C)c1.F[B-](F)(F)F,155
Cc1ccccc1,CCCCCCCCCCCC[n+]1ccn(C)c1.F[B-](F)(F)F,328.15,1.199,CCCCCCCCCCCC[n+]1ccn(C)c1.F[B-](F)(F)F,155
Cc1ccccc1,CCCCCCCCCCCC[n+]1ccn(C)c1.F[B-](F)(F)F,333.15,1.212,CCCCCCCCCCCC[n+]1ccn(C)c1.F[B-](F)(F)F,155
Cc1ccccc1,CCCCCCCCCCCC[n+]1ccn(C)c1.F[B-](F)(F)F,338.15,1.218,CCCCCCCCCCCC[n+]1ccn(C)c1.F[B-](F)(F)F,155
Cc1ccccc1,Cn1cc[n+](CCCC#N)c1.N#C[N-]C#N,328.15,8.09,Cn1cc[n+](CCCC#N)c1.N#C[N-]C#N,156
Cc1ccccc1,Cn1cc[n+](CCCC#N)c1.N#C[N-]C#N,338.15,7.78,Cn1cc[n+](CCCC#N)c1.N#C[N-]C#N,156
Cc1ccccc1,Cn1cc[n+](CCCC#N)c1.N#C[N-]C#N,348.15,7.49,Cn1cc[n+](CCCC#N)c1.N#C[N-]C#N,156
Cc1ccccc1,Cn1cc[n+](CCCC#N)c1.N#C[N-]C#N,358.15,7.2,Cn1cc[n+](CCCC#N)c1.N#C[N-]C#N,156
Cc1ccccc1,CCCCCCCCCCCCC[N+](C)(CCOCCO)CCOCCOCCO.COS(=O)(=O)[O-],313.15,1.05,CCCCCCCCCCCCC[N+](C)(CCOCCO)CCOCCOCCO.COS(=O)(=O)[O-],157
Cc1ccccc1,CCCCCCCCCCCCC[N+](C)(CCOCCO)CCOCCOCCO.COS(=O)(=O)[O-],323.15,1.06,CCCCCCCCCCCCC[N+](C)(CCOCCO)CCOCCOCCO.COS(=O)(=O)[O-],157
Cc1ccccc1,CCCCCCCCCCCCC[N+](C)(CCOCCO)CCOCCOCCO.COS(=O)(=O)[O-],333.15,1.07,CCCCCCCCCCCCC[N+](C)(CCOCCO)CCOCCOCCO.COS(=O)(=O)[O-],157
Cc1ccccc1,CCCCCCCCCCCCC[N+](C)(CCOCCO)CCOCCOCCO.COS(=O)(=O)[O-],343.15,1.09,CCCCCCCCCCCCC[N+](C)(CCOCCO)CCOCCOCCO.COS(=O)(=O)[O-],157
Cc1ccccc1,CCCC[P+](CC)(CCCC)CCCC.CCOP(=O)([O-])OCC,333,1.45,CCCC[P+](CC)(CCCC)CCCC.CCOP(=O)([O-])OCC,113
Cc1ccccc1,CCCC[P+](CC)(CCCC)CCCC.CCOP(=O)([O-])OCC,343,1.39,CCCC[P+](CC)(CCCC)CCCC.CCOP(=O)([O-])OCC,113
Cc1ccccc1,CCCC[P+](CC)(CCCC)CCCC.CCOP(=O)([O-])OCC,353,1.34,CCCC[P+](CC)(CCCC)CCCC.CCOP(=O)([O-])OCC,113
Cc1ccccc1,CCCC[P+](CC)(CCCC)CCCC.CCOP(=O)([O-])OCC,363,1.3,CCCC[P+](CC)(CCCC)CCCC.CCOP(=O)([O-])OCC,113
Cc1ccccc1,CCCCCCCCn1cc[n+](C)c1.O=S(=O)([N-]S(=O)(=O)C(F)(F)F)C(F)(F)F,333,0.98,CCCCCCCCn1cc[n+](C)c1.O=S(=O)([N-]S(=O)(=O)C(F)(F)F)C(F)(F)F,158
Cc1ccccc1,CCCCCCCCn1cc[n+](C)c1.O=S(=O)([N-]S(=O)(=O)C(F)(F)F)C(F)(F)F,343,1.02,CCCCCCCCn1cc[n+](C)c1.O=S(=O)([N-]S(=O)(=O)C(F)(F)F)C(F)(F)F,158
Cc1ccccc1,CCCCCCCCn1cc[n+](C)c1.O=S(=O)([N-]S(=O)(=O)C(F)(F)F)C(F)(F)F,353,1.06,CCCCCCCCn1cc[n+](C)c1.O=S(=O)([N-]S(=O)(=O)C(F)(F)F)C(F)(F)F,158
Cc1ccccc1,CCCCCCCCn1cc[n+](C)c1.O=S(=O)([N-]S(=O)(=O)C(F)(F)F)C(F)(F)F,363,1.11,CCCCCCCCn1cc[n+](C)c1.O=S(=O)([N-]S(=O)(=O)C(F)(F)F)C(F)(F)F,158
Cc1ccccc1,CCCCn1cc[n+](CCCC)c1.[Br-],333,3.4,CCCCn1cc[n+](CCCC)c1.[Br-],159
Cc1ccccc1,CCCCn1cc[n+](CCCC)c1.[Br-],343,3.46,CCCCn1cc[n+](CCCC)c1.[Br-],159
Cc1ccccc1,CCCCn1cc[n+](CCCC)c1.[Br-],353,3.55,CCCCn1cc[n+](CCCC)c1.[Br-],159
Cc1ccccc1,CCCCn1cc[n+](CCCC)c1.[Br-],363,3.61,CCCCn1cc[n+](CCCC)c1.[Br-],159
Cc1ccccc1,CCCCCCCCCCCCCC[P+](CCCCCC)(CCCCCC)CCCCCC.O=S(=O)([N-]S(=O)(=O)C(F)(F)F)C(F)(F)F,313.15,0.452,CCCCCCCCCCCCCC[P+](CCCCCC)(CCCCCC)CCCCCC.O=S(=O)([N-]S(=O)(=O)C(F)(F)F)C(F)(F)F,160
Cc1ccccc1,CCCCCCCCCCCCCC[P+](CCCCCC)(CCCCCC)CCCCCC.O=S(=O)([N-]S(=O)(=O)C(F)(F)F)C(F)(F)F,333.15,0.472,CCCCCCCCCCCCCC[P+](CCCCCC)(CCCCCC)CCCCCC.O=S(=O)([N-]S(=O)(=O)C(F)(F)F)C(F)(F)F,160
Cc1ccccc1,CCCCCCCCCCCCCC[P+](CCCCCC)(CCCCCC)CCCCCC.O=S(=O)([N-]S(=O)(=O)C(F)(F)F)C(F)(F)F,353.15,0.486,CCCCCCCCCCCCCC[P+](CCCCCC)(CCCCCC)CCCCCC.O=S(=O)([N-]S(=O)(=O)C(F)(F)F)C(F)(F)F,160
Cc1ccccc1,CCCCCCCCCCCCCC[P+](CCCCCC)(CCCCCC)CCCCCC.O=S(=O)([N-]S(=O)(=O)C(F)(F)F)C(F)(F)F,373.15,0.51,CCCCCCCCCCCCCC[P+](CCCCCC)(CCCCCC)CCCCCC.O=S(=O)([N-]S(=O)(=O)C(F)(F)F)C(F)(F)F,160
Cc1ccccc1,CC[n+]1ccn(C)c1C.O=S(=O)([N-]S(=O)(=O)C(F)(F)F)C(F)(F)F,313.7,1.647,CC[n+]1ccn(C)c1C.O=S(=O)([N-]S(=O)(=O)C(F)(F)F)C(F)(F)F,142
Cc1ccccc1,CC[n+]1ccn(C)c1C.O=S(=O)([N-]S(=O)(=O)C(F)(F)F)C(F)(F)F,323,1.657,CC[n+]1ccn(C)c1C.O=S(=O)([N-]S(=O)(=O)C(F)(F)F)C(F)(F)F,142
Cc1ccccc1,CC[n+]1ccn(C)c1C.O=S(=O)([N-]S(=O)(=O)C(F)(F)F)C(F)(F)F,333.4,1.663,CC[n+]1ccn(C)c1C.O=S(=O)([N-]S(=O)(=O)C(F)(F)F)C(F)(F)F,142
Cc1ccccc1,CC[n+]1ccn(C)c1C.O=S(=O)([N-]S(=O)(=O)C(F)(F)F)C(F)(F)F,343.7,1.672,CC[n+]1ccn(C)c1C.O=S(=O)([N-]S(=O)(=O)C(F)(F)F)C(F)(F)F,142
Cc1ccccc1,CCCC[n+]1ccc(C)cc1.F[B-](F)(F)F,313.79,2.632,CCCC[n+]1ccc(C)cc1.F[B-](F)(F)F,141
Cc1ccccc1,CCCC[n+]1ccc(C)cc1.F[B-](F)(F)F,322.99,2.652,CCCC[n+]1ccc(C)cc1.F[B-](F)(F)F,141
Cc1ccccc1,CCCC[n+]1ccc(C)cc1.F[B-](F)(F)F,333.24,2.671,CCCC[n+]1ccc(C)cc1.F[B-](F)(F)F,141
Cc1ccccc1,CCCC[n+]1ccc(C)cc1.F[B-](F)(F)F,343.55,2.688,CCCC[n+]1ccc(C)cc1.F[B-](F)(F)F,141
Cc1ccccc1,CC[n+]1ccn(C)c1.O=S(=O)([N-]S(=O)(=O)C(F)(F)F)C(F)(F)F,313.8,1.735,CC[n+]1ccn(C)c1.O=S(=O)([N-]S(=O)(=O)C(F)(F)F)C(F)(F)F,143
Cc1ccccc1,CC[n+]1ccn(C)c1.O=S(=O)([N-]S(=O)(=O)C(F)(F)F)C(F)(F)F,323,1.753,CC[n+]1ccn(C)c1.O=S(=O)([N-]S(=O)(=O)C(F)(F)F)C(F)(F)F,143
Cc1ccccc1,CC[n+]1ccn(C)c1.O=S(=O)([N-]S(=O)(=O)C(F)(F)F)C(F)(F)F,333.3,1.762,CC[n+]1ccn(C)c1.O=S(=O)([N-]S(=O)(=O)C(F)(F)F)C(F)(F)F,143
Cc1ccccc1,CC[n+]1ccn(C)c1.O=S(=O)([N-]S(=O)(=O)C(F)(F)F)C(F)(F)F,343.7,1.776,CC[n+]1ccn(C)c1.O=S(=O)([N-]S(=O)(=O)C(F)(F)F)C(F)(F)F,143
Cc1ccccc1,C=CC[n+]1ccn(C=C)c1.O=S(=O)([N-]S(=O)(=O)C(F)(F)F)C(F)(F)F,313.15,2.921,C=CC[n+]1ccn(C=C)c1.O=S(=O)([N-]S(=O)(=O)C(F)(F)F)C(F)(F)F,161
Cc1ccccc1,C=CC[n+]1ccn(C=C)c1.O=S(=O)([N-]S(=O)(=O)C(F)(F)F)C(F)(F)F,323.15,2.895,C=CC[n+]1ccn(C=C)c1.O=S(=O)([N-]S(=O)(=O)C(F)(F)F)C(F)(F)F,161
Cc1ccccc1,C=CC[n+]1ccn(C=C)c1.O=S(=O)([N-]S(=O)(=O)C(F)(F)F)C(F)(F)F,333.15,2.883,C=CC[n+]1ccn(C=C)c1.O=S(=O)([N-]S(=O)(=O)C(F)(F)F)C(F)(F)F,161
Cc1ccccc1,C=CC[n+]1ccn(C=C)c1.O=S(=O)([N-]S(=O)(=O)C(F)(F)F)C(F)(F)F,343.15,2.875,C=CC[n+]1ccn(C=C)c1.O=S(=O)([N-]S(=O)(=O)C(F)(F)F)C(F)(F)F,161
Cc1ccccc1,CCCCCCCCCC[N+]1(C)CCCC1.O=S(=O)([N-]S(=O)(=O)C(F)(F)F)C(F)(F)F,322.6,0.77,CCCCCCCCCC[N+]1(C)CCCC1.O=S(=O)([N-]S(=O)(=O)C(F)(F)F)C(F)(F)F,162
Cc1ccccc1,CCCCCCCCCC[N+]1(C)CCCC1.O=S(=O)([N-]S(=O)(=O)C(F)(F)F)C(F)(F)F,332.5,0.78,CCCCCCCCCC[N+]1(C)CCCC1.O=S(=O)([N-]S(=O)(=O)C(F)(F)F)C(F)(F)F,162
Cc1ccccc1,CCCCCCCCCC[N+]1(C)CCCC1.O=S(=O)([N-]S(=O)(=O)C(F)(F)F)C(F)(F)F,342.8,0.8,CCCCCCCCCC[N+]1(C)CCCC1.O=S(=O)([N-]S(=O)(=O)C(F)(F)F)C(F)(F)F,162
Cc1ccccc1,CCCCCC[N+]1(C)CCCC1.O=S(=O)([N-]S(=O)(=O)C(F)(F)F)C(F)(F)F,322.9,1,CCCCCC[N+]1(C)CCCC1.O=S(=O)([N-]S(=O)(=O)C(F)(F)F)C(F)(F)F,163
Cc1ccccc1,CCCCCC[N+]1(C)CCCC1.O=S(=O)([N-]S(=O)(=O)C(F)(F)F)C(F)(F)F,333,1.01,CCCCCC[N+]1(C)CCCC1.O=S(=O)([N-]S(=O)(=O)C(F)(F)F)C(F)(F)F,163
Cc1ccccc1,CCCCCC[N+]1(C)CCCC1.O=S(=O)([N-]S(=O)(=O)C(F)(F)F)C(F)(F)F,343.1,1.04,CCCCCC[N+]1(C)CCCC1.O=S(=O)([N-]S(=O)(=O)C(F)(F)F)C(F)(F)F,163
Cc1ccccc1,CCCCCCCC[N+]1(C)CCCC1.O=S(=O)([N-]S(=O)(=O)C(F)(F)F)C(F)(F)F,323,0.76,CCCCCCCC[N+]1(C)CCCC1.O=S(=O)([N-]S(=O)(=O)C(F)(F)F)C(F)(F)F,151
Cc1ccccc1,CCCCCCCC[N+]1(C)CCCC1.O=S(=O)([N-]S(=O)(=O)C(F)(F)F)C(F)(F)F,333,0.78,CCCCCCCC[N+]1(C)CCCC1.O=S(=O)([N-]S(=O)(=O)C(F)(F)F)C(F)(F)F,151
Cc1ccccc1,CCCCCCCC[N+]1(C)CCCC1.O=S(=O)([N-]S(=O)(=O)C(F)(F)F)C(F)(F)F,343.1,0.74,CCCCCCCC[N+]1(C)CCCC1.O=S(=O)([N-]S(=O)(=O)C(F)(F)F)C(F)(F)F,151
Cc1ccccc1,C[n+]1ccn(CCCCS(=O)(=O)O)c1.O=S(=O)([O-])O,323.15,28.3,C[n+]1ccn(CCCCS(=O)(=O)O)c1.O=S(=O)([O-])O,164
Cc1ccccc1,C[n+]1ccn(CCCCS(=O)(=O)O)c1.O=S(=O)([O-])O,333.15,26.6,C[n+]1ccn(CCCCS(=O)(=O)O)c1.O=S(=O)([O-])O,164
Cc1ccccc1,C[n+]1ccn(CCCCS(=O)(=O)O)c1.O=S(=O)([O-])O,343.15,24.9,C[n+]1ccn(CCCCS(=O)(=O)O)c1.O=S(=O)([O-])O,164
Cc1ccccc1,Cn1cc[n+](CCCCS(=O)(=O)O)c1.O=S(=O)([N-]S(=O)(=O)C(F)(F)F)C(F)(F)F,323.15,3.1,Cn1cc[n+](CCCCS(=O)(=O)O)c1.O=S(=O)([N-]S(=O)(=O)C(F)(F)F)C(F)(F)F,165
Cc1ccccc1,Cn1cc[n+](CCCCS(=O)(=O)O)c1.O=S(=O)([N-]S(=O)(=O)C(F)(F)F)C(F)(F)F,333.15,3.28,Cn1cc[n+](CCCCS(=O)(=O)O)c1.O=S(=O)([N-]S(=O)(=O)C(F)(F)F)C(F)(F)F,165
Cc1ccccc1,Cn1cc[n+](CCCCS(=O)(=O)O)c1.O=S(=O)([N-]S(=O)(=O)C(F)(F)F)C(F)(F)F,343.15,3.31,Cn1cc[n+](CCCCS(=O)(=O)O)c1.O=S(=O)([N-]S(=O)(=O)C(F)(F)F)C(F)(F)F,165
Cc1ccccc1,Cn1cc[n+](CCCCS(=O)(=O)O)c1.O=S(=O)([O-])C(F)(F)F,323.15,5.74,Cn1cc[n+](CCCCS(=O)(=O)O)c1.O=S(=O)([O-])C(F)(F)F,166
Cc1ccccc1,Cn1cc[n+](CCCCS(=O)(=O)O)c1.O=S(=O)([O-])C(F)(F)F,333.15,5.54,Cn1cc[n+](CCCCS(=O)(=O)O)c1.O=S(=O)([O-])C(F)(F)F,166
Cc1ccccc1,Cn1cc[n+](CCCCS(=O)(=O)O)c1.O=S(=O)([O-])C(F)(F)F,343.15,5.54,Cn1cc[n+](CCCCS(=O)(=O)O)c1.O=S(=O)([O-])C(F)(F)F,166
Cc1ccccc1,CCCCCCCCOS(=O)(=O)[O-].CCCC[n+]1ccn(C)c1,298.15,1.98,CCCCCCCCOS(=O)(=O)[O-].CCCC[n+]1ccn(C)c1,167
Cc1ccccc1,CCCCCCCCOS(=O)(=O)[O-].CCCC[n+]1ccn(C)c1,313.15,2.02,CCCCCCCCOS(=O)(=O)[O-].CCCC[n+]1ccn(C)c1,167
Cc1ccccc1,CCCCCCCCOS(=O)(=O)[O-].CCCC[n+]1ccn(C)c1,328.15,2.08,CCCCCCCCOS(=O)(=O)[O-].CCCC[n+]1ccn(C)c1,167
Cc1ccccc1,CCCC[n+]1ccn(C)c1.COCCOCCOS(=O)(=O)[O-],298.15,3.72,CCCC[n+]1ccn(C)c1.COCCOCCOS(=O)(=O)[O-],168
Cc1ccccc1,CCCC[n+]1ccn(C)c1.COCCOCCOS(=O)(=O)[O-],303.15,3.69,CCCC[n+]1ccn(C)c1.COCCOCCOS(=O)(=O)[O-],168
Cc1ccccc1,CCCC[n+]1ccn(C)c1.COCCOCCOS(=O)(=O)[O-],308.15,3.66,CCCC[n+]1ccn(C)c1.COCCOCCOS(=O)(=O)[O-],168
Cc1ccccc1,CCCCCCCCCCCC[n+]1ccn(C)c1.F[B-](F)(F)F,308.15,1.149,CCCCCCCCCCCC[n+]1ccn(C)c1.F[B-](F)(F)F,155
Cc1ccccc1,CCCCCCCCCCCC[n+]1ccn(C)c1.F[B-](F)(F)F,313.15,1.169,CCCCCCCCCCCC[n+]1ccn(C)c1.F[B-](F)(F)F,155
Cc1ccccc1,CCCCCCCCCCCC[n+]1ccn(C)c1.F[B-](F)(F)F,318.15,1.177,CCCCCCCCCCCC[n+]1ccn(C)c1.F[B-](F)(F)F,155
Cc1ccccc1,CCCCCCn1cc[n+](C)c1.FC(F)(F)C(F)(F)[P-](F)(F)(F)(C(F)(F)C(F)(F)F)C(F)(F)C(F)(F)F,312.8,0.674,CCCCCCn1cc[n+](C)c1.FC(F)(F)C(F)(F)[P-](F)(F)(F)(C(F)(F)C(F)(F)F)C(F)(F)C(F)(F)F,169
Cc1ccccc1,CCCCCCn1cc[n+](C)c1.FC(F)(F)C(F)(F)[P-](F)(F)(F)(C(F)(F)C(F)(F)F)C(F)(F)C(F)(F)F,332.85,0.727,CCCCCCn1cc[n+](C)c1.FC(F)(F)C(F)(F)[P-](F)(F)(F)(C(F)(F)C(F)(F)F)C(F)(F)C(F)(F)F,169
Cc1ccccc1,CCCCCCn1cc[n+](C)c1.FC(F)(F)C(F)(F)[P-](F)(F)(F)(C(F)(F)C(F)(F)F)C(F)(F)C(F)(F)F,354.65,0.753,CCCCCCn1cc[n+](C)c1.FC(F)(F)C(F)(F)[P-](F)(F)(F)(C(F)(F)C(F)(F)F)C(F)(F)C(F)(F)F,169
Cc1ccccc1,CCCC[n+]1ccn(C)c1.O=S(=O)([N-]S(=O)(=O)C(F)(F)C(F)(F)F)C(F)(F)C(F)(F)F,322.55,1.397,CCCC[n+]1ccn(C)c1.O=S(=O)([N-]S(=O)(=O)C(F)(F)C(F)(F)F)C(F)(F)C(F)(F)F,170
Cc1ccccc1,CCCC[n+]1ccn(C)c1.O=S(=O)([N-]S(=O)(=O)C(F)(F)C(F)(F)F)C(F)(F)C(F)(F)F,342.75,1.417,CCCC[n+]1ccn(C)c1.O=S(=O)([N-]S(=O)(=O)C(F)(F)C(F)(F)F)C(F)(F)C(F)(F)F,170
Cc1ccccc1,CCCC[n+]1ccn(C)c1.O=S(=O)([N-]S(=O)(=O)C(F)(F)C(F)(F)F)C(F)(F)C(F)(F)F,362.65,1.456,CCCC[n+]1ccn(C)c1.O=S(=O)([N-]S(=O)(=O)C(F)(F)C(F)(F)F)C(F)(F)C(F)(F)F,170
Cc1ccccc1,CC[n+]1ccn(C)c1.CS(=O)(=O)[O-],312.55,13.109,CC[n+]1ccn(C)c1.CS(=O)(=O)[O-],20
Cc1ccccc1,CC[n+]1ccn(C)c1.CS(=O)(=O)[O-],322.45,8.735,CC[n+]1ccn(C)c1.CS(=O)(=O)[O-],20
Cc1ccccc1,CC[n+]1ccn(C)c1.CS(=O)(=O)[O-],332.45,8.569,CC[n+]1ccn(C)c1.CS(=O)(=O)[O-],20
Cc1ccccc1,CCCCCCCCCCn1cc[n+](CCCCCCCCCC)c1C.O=S(=O)([N-]S(=O)(=O)C(F)(F)F)C(F)(F)F,323.1,0.512,CCCCCCCCCCn1cc[n+](CCCCCCCCCC)c1C.O=S(=O)([N-]S(=O)(=O)C(F)(F)F)C(F)(F)F,171
Cc1ccccc1,CCCCCCCCCCn1cc[n+](CCCCCCCCCC)c1C.O=S(=O)([N-]S(=O)(=O)C(F)(F)F)C(F)(F)F,333.15,0.52,CCCCCCCCCCn1cc[n+](CCCCCCCCCC)c1C.O=S(=O)([N-]S(=O)(=O)C(F)(F)F)C(F)(F)F,171
Cc1ccccc1,CCCCCCCCCCn1cc[n+](CCCCCCCCCC)c1C.O=S(=O)([N-]S(=O)(=O)C(F)(F)F)C(F)(F)F,343.15,0.527,CCCCCCCCCCn1cc[n+](CCCCCCCCCC)c1C.O=S(=O)([N-]S(=O)(=O)C(F)(F)F)C(F)(F)F,171
Cc1ccccc1,CCCC[n+]1ccn(C)c1.F[P-](F)(F)(F)(F)F,313.15,2.97,CCCC[n+]1ccn(C)c1.F[P-](F)(F)(F)(F)F,172
Cc1ccccc1,CCCC[n+]1ccn(C)c1.F[P-](F)(F)(F)(F)F,323.15,3.09,CCCC[n+]1ccn(C)c1.F[P-](F)(F)(F)(F)F,172
Cc1ccccc1,CCCC[n+]1ccn(C)c1.F[P-](F)(F)(F)(F)F,333.15,3.37,CCCC[n+]1ccn(C)c1.F[P-](F)(F)(F)(F)F,172
Cc1ccccc1,C[n+]1ccn(COCC(COCn2cc[n+](C)c2)OCn2cc[n+](C)c2)c1.O=S(=O)([N-]S(=O)(=O)C(F)(F)F)C(F)(F)F.O=S(=O)([N-]S(=O)(=O)C(F)(F)F)C(F)(F)F.O=S(=O)([N-]S(=O)(=O)C(F)(F)F)C(F)(F)F,312.45,1.39,C[n+]1ccn(COCC(COCn2cc[n+](C)c2)OCn2cc[n+](C)c2)c1.O=S(=O)([N-]S(=O)(=O)C(F)(F)F)C(F)(F)F.O=S(=O)([N-]S(=O)(=O)C(F)(F)F)C(F)(F)F.O=S(=O)([N-]S(=O)(=O)C(F)(F)F)C(F)(F)F,173
Cc1ccccc1,C[n+]1ccn(COCC(COCn2cc[n+](C)c2)OCn2cc[n+](C)c2)c1.O=S(=O)([N-]S(=O)(=O)C(F)(F)F)C(F)(F)F.O=S(=O)([N-]S(=O)(=O)C(F)(F)F)C(F)(F)F.O=S(=O)([N-]S(=O)(=O)C(F)(F)F)C(F)(F)F,322.45,1.35,C[n+]1ccn(COCC(COCn2cc[n+](C)c2)OCn2cc[n+](C)c2)c1.O=S(=O)([N-]S(=O)(=O)C(F)(F)F)C(F)(F)F.O=S(=O)([N-]S(=O)(=O)C(F)(F)F)C(F)(F)F.O=S(=O)([N-]S(=O)(=O)C(F)(F)F)C(F)(F)F,173
Cc1ccccc1,C[n+]1ccn(COCC(COCn2cc[n+](C)c2)OCn2cc[n+](C)c2)c1.O=S(=O)([N-]S(=O)(=O)C(F)(F)F)C(F)(F)F.O=S(=O)([N-]S(=O)(=O)C(F)(F)F)C(F)(F)F.O=S(=O)([N-]S(=O)(=O)C(F)(F)F)C(F)(F)F,332.45,1.33,C[n+]1ccn(COCC(COCn2cc[n+](C)c2)OCn2cc[n+](C)c2)c1.O=S(=O)([N-]S(=O)(=O)C(F)(F)F)C(F)(F)F.O=S(=O)([N-]S(=O)(=O)C(F)(F)F)C(F)(F)F.O=S(=O)([N-]S(=O)(=O)C(F)(F)F)C(F)(F)F,173
Cc1ccccc1,CN(C)c1cc[n+](COCC(COC[n+]2ccc(N(C)C)cc2)OC[n+]2ccc(N(C)C)cc2)cc1.O=S(=O)([N-]S(=O)(=O)C(F)(F)F)C(F)(F)F.O=S(=O)([N-]S(=O)(=O)C(F)(F)F)C(F)(F)F.O=S(=O)([N-]S(=O)(=O)C(F)(F)F)C(F)(F)F,312.95,0.49,CN(C)c1cc[n+](COCC(COC[n+]2ccc(N(C)C)cc2)OC[n+]2ccc(N(C)C)cc2)cc1.O=S(=O)([N-]S(=O)(=O)C(F)(F)F)C(F)(F)F.O=S(=O)([N-]S(=O)(=O)C(F)(F)F)C(F)(F)F.O=S(=O)([N-]S(=O)(=O)C(F)(F)F)C(F)(F)F,174
Cc1ccccc1,CN(C)c1cc[n+](COCC(COC[n+]2ccc(N(C)C)cc2)OC[n+]2ccc(N(C)C)cc2)cc1.O=S(=O)([N-]S(=O)(=O)C(F)(F)F)C(F)(F)F.O=S(=O)([N-]S(=O)(=O)C(F)(F)F)C(F)(F)F.O=S(=O)([N-]S(=O)(=O)C(F)(F)F)C(F)(F)F,322.85,0.49,CN(C)c1cc[n+](COCC(COC[n+]2ccc(N(C)C)cc2)OC[n+]2ccc(N(C)C)cc2)cc1.O=S(=O)([N-]S(=O)(=O)C(F)(F)F)C(F)(F)F.O=S(=O)([N-]S(=O)(=O)C(F)(F)F)C(F)(F)F.O=S(=O)([N-]S(=O)(=O)C(F)(F)F)C(F)(F)F,174
Cc1ccccc1,CN(C)c1cc[n+](COCC(COC[n+]2ccc(N(C)C)cc2)OC[n+]2ccc(N(C)C)cc2)cc1.O=S(=O)([N-]S(=O)(=O)C(F)(F)F)C(F)(F)F.O=S(=O)([N-]S(=O)(=O)C(F)(F)F)C(F)(F)F.O=S(=O)([N-]S(=O)(=O)C(F)(F)F)C(F)(F)F,332.65,0.51,CN(C)c1cc[n+](COCC(COC[n+]2ccc(N(C)C)cc2)OC[n+]2ccc(N(C)C)cc2)cc1.O=S(=O)([N-]S(=O)(=O)C(F)(F)F)C(F)(F)F.O=S(=O)([N-]S(=O)(=O)C(F)(F)F)C(F)(F)F.O=S(=O)([N-]S(=O)(=O)C(F)(F)F)C(F)(F)F,174
Cc1ccccc1,C[n+]1ccn(COCC(COCn2cc[n+](C)c2)OCn2cc[n+](C)c2)c1.N#C[N-]C#N.N#C[N-]C#N.N#C[N-]C#N,312.45,5.55,C[n+]1ccn(COCC(COCn2cc[n+](C)c2)OCn2cc[n+](C)c2)c1.N#C[N-]C#N.N#C[N-]C#N.N#C[N-]C#N,175
Cc1ccccc1,C[n+]1ccn(COCC(COCn2cc[n+](C)c2)OCn2cc[n+](C)c2)c1.N#C[N-]C#N.N#C[N-]C#N.N#C[N-]C#N,322.45,5.25,C[n+]1ccn(COCC(COCn2cc[n+](C)c2)OCn2cc[n+](C)c2)c1.N#C[N-]C#N.N#C[N-]C#N.N#C[N-]C#N,175
Cc1ccccc1,C[n+]1ccn(COCC(COCn2cc[n+](C)c2)OCn2cc[n+](C)c2)c1.N#C[N-]C#N.N#C[N-]C#N.N#C[N-]C#N,332.45,4.98,C[n+]1ccn(COCC(COCn2cc[n+](C)c2)OCn2cc[n+](C)c2)c1.N#C[N-]C#N.N#C[N-]C#N.N#C[N-]C#N,175
Cc1ccccc1,O=S(=O)([N-]S(=O)(=O)C(F)(F)F)C(F)(F)F.O=S(=O)([N-]S(=O)(=O)C(F)(F)F)C(F)(F)F.O=S(=O)([N-]S(=O)(=O)C(F)(F)F)C(F)(F)F.c1ccc(C[n+]2ccn(COCC(COCn3cc[n+](Cc4ccccc4)c3)OCn3cc[n+](Cc4ccccc4)c3)c2)cc1,312.55,0.82,O=S(=O)([N-]S(=O)(=O)C(F)(F)F)C(F)(F)F.O=S(=O)([N-]S(=O)(=O)C(F)(F)F)C(F)(F)F.O=S(=O)([N-]S(=O)(=O)C(F)(F)F)C(F)(F)F.c1ccc(C[n+]2ccn(COCC(COCn3cc[n+](Cc4ccccc4)c3)OCn3cc[n+](Cc4ccccc4)c3)c2)cc1,176
Cc1ccccc1,O=S(=O)([N-]S(=O)(=O)C(F)(F)F)C(F)(F)F.O=S(=O)([N-]S(=O)(=O)C(F)(F)F)C(F)(F)F.O=S(=O)([N-]S(=O)(=O)C(F)(F)F)C(F)(F)F.c1ccc(C[n+]2ccn(COCC(COCn3cc[n+](Cc4ccccc4)c3)OCn3cc[n+](Cc4ccccc4)c3)c2)cc1,322.85,0.75,O=S(=O)([N-]S(=O)(=O)C(F)(F)F)C(F)(F)F.O=S(=O)([N-]S(=O)(=O)C(F)(F)F)C(F)(F)F.O=S(=O)([N-]S(=O)(=O)C(F)(F)F)C(F)(F)F.c1ccc(C[n+]2ccn(COCC(COCn3cc[n+](Cc4ccccc4)c3)OCn3cc[n+](Cc4ccccc4)c3)c2)cc1,176
Cc1ccccc1,O=S(=O)([N-]S(=O)(=O)C(F)(F)F)C(F)(F)F.O=S(=O)([N-]S(=O)(=O)C(F)(F)F)C(F)(F)F.O=S(=O)([N-]S(=O)(=O)C(F)(F)F)C(F)(F)F.c1ccc(C[n+]2ccn(COCC(COCn3cc[n+](Cc4ccccc4)c3)OCn3cc[n+](Cc4ccccc4)c3)c2)cc1,332.65,0.77,O=S(=O)([N-]S(=O)(=O)C(F)(F)F)C(F)(F)F.O=S(=O)([N-]S(=O)(=O)C(F)(F)F)C(F)(F)F.O=S(=O)([N-]S(=O)(=O)C(F)(F)F)C(F)(F)F.c1ccc(C[n+]2ccn(COCC(COCn3cc[n+](Cc4ccccc4)c3)OCn3cc[n+](Cc4ccccc4)c3)c2)cc1,176
Cc1ccccc1,CCCCCCCC[n+]1ccn(COCC(COCn2cc[n+](CCCCCCCC)c2C)OCn2cc[n+](CCCCCCCC)c2C)c1C.F[B-](F)(F)F.F[B-](F)(F)F.F[B-](F)(F)F,312.55,0.77,CCCCCCCC[n+]1ccn(COCC(COCn2cc[n+](CCCCCCCC)c2C)OCn2cc[n+](CCCCCCCC)c2C)c1C.F[B-](F)(F)F.F[B-](F)(F)F.F[B-](F)(F)F,177
Cc1ccccc1,CCCCCCCC[n+]1ccn(COCC(COCn2cc[n+](CCCCCCCC)c2C)OCn2cc[n+](CCCCCCCC)c2C)c1C.F[B-](F)(F)F.F[B-](F)(F)F.F[B-](F)(F)F,322.45,0.77,CCCCCCCC[n+]1ccn(COCC(COCn2cc[n+](CCCCCCCC)c2C)OCn2cc[n+](CCCCCCCC)c2C)c1C.F[B-](F)(F)F.F[B-](F)(F)F.F[B-](F)(F)F,177
Cc1ccccc1,CCCCCCCC[n+]1ccn(COCC(COCn2cc[n+](CCCCCCCC)c2C)OCn2cc[n+](CCCCCCCC)c2C)c1C.F[B-](F)(F)F.F[B-](F)(F)F.F[B-](F)(F)F,332.95,0.76,CCCCCCCC[n+]1ccn(COCC(COCn2cc[n+](CCCCCCCC)c2C)OCn2cc[n+](CCCCCCCC)c2C)c1C.F[B-](F)(F)F.F[B-](F)(F)F.F[B-](F)(F)F,177
Cc1ccccc1,CCCCCCCC[n+]1ccn(COCC(COCn2cc[n+](CCCCCCCC)c2C)OCn2cc[n+](CCCCCCCC)c2C)c1C.O=S(=O)([N-]S(=O)(=O)C(F)(F)F)C(F)(F)F.O=S(=O)([N-]S(=O)(=O)C(F)(F)F)C(F)(F)F.O=S(=O)([N-]S(=O)(=O)C(F)(F)F)C(F)(F)F,312.55,0.4,CCCCCCCC[n+]1ccn(COCC(COCn2cc[n+](CCCCCCCC)c2C)OCn2cc[n+](CCCCCCCC)c2C)c1C.O=S(=O)([N-]S(=O)(=O)C(F)(F)F)C(F)(F)F.O=S(=O)([N-]S(=O)(=O)C(F)(F)F)C(F)(F)F.O=S(=O)([N-]S(=O)(=O)C(F)(F)F)C(F)(F)F,178
Cc1ccccc1,CCCCCCCC[n+]1ccn(COCC(COCn2cc[n+](CCCCCCCC)c2C)OCn2cc[n+](CCCCCCCC)c2C)c1C.O=S(=O)([N-]S(=O)(=O)C(F)(F)F)C(F)(F)F.O=S(=O)([N-]S(=O)(=O)C(F)(F)F)C(F)(F)F.O=S(=O)([N-]S(=O)(=O)C(F)(F)F)C(F)(F)F,322.45,0.4,CCCCCCCC[n+]1ccn(COCC(COCn2cc[n+](CCCCCCCC)c2C)OCn2cc[n+](CCCCCCCC)c2C)c1C.O=S(=O)([N-]S(=O)(=O)C(F)(F)F)C(F)(F)F.O=S(=O)([N-]S(=O)(=O)C(F)(F)F)C(F)(F)F.O=S(=O)([N-]S(=O)(=O)C(F)(F)F)C(F)(F)F,178
Cc1ccccc1,CCCCCCCC[n+]1ccn(COCC(COCn2cc[n+](CCCCCCCC)c2C)OCn2cc[n+](CCCCCCCC)c2C)c1C.O=S(=O)([N-]S(=O)(=O)C(F)(F)F)C(F)(F)F.O=S(=O)([N-]S(=O)(=O)C(F)(F)F)C(F)(F)F.O=S(=O)([N-]S(=O)(=O)C(F)(F)F)C(F)(F)F,332.45,0.41,CCCCCCCC[n+]1ccn(COCC(COCn2cc[n+](CCCCCCCC)c2C)OCn2cc[n+](CCCCCCCC)c2C)c1C.O=S(=O)([N-]S(=O)(=O)C(F)(F)F)C(F)(F)F.O=S(=O)([N-]S(=O)(=O)C(F)(F)F)C(F)(F)F.O=S(=O)([N-]S(=O)(=O)C(F)(F)F)C(F)(F)F,178
Cc1ccccc1,CCC[N+]1(C)CCCC1.O=S(=O)([N-]S(=O)(=O)C(F)(F)F)C(F)(F)F,323.15,1.37,CCC[N+]1(C)CCCC1.O=S(=O)([N-]S(=O)(=O)C(F)(F)F)C(F)(F)F,179
Cc1ccccc1,CCC[N+]1(C)CCCC1.O=S(=O)([N-]S(=O)(=O)C(F)(F)F)C(F)(F)F,333.15,1.38,CCC[N+]1(C)CCCC1.O=S(=O)([N-]S(=O)(=O)C(F)(F)F)C(F)(F)F,179
Cc1ccccc1,CCC[N+]1(C)CCCC1.O=S(=O)([N-]S(=O)(=O)C(F)(F)F)C(F)(F)F,343.15,1.45,CCC[N+]1(C)CCCC1.O=S(=O)([N-]S(=O)(=O)C(F)(F)F)C(F)(F)F,179
Cc1ccccc1,CCCC[N+]1(C)CCCC1.O=S(=O)([N-]S(=O)(=O)C(F)(F)F)C(F)(F)F,323.15,1.25,CCCC[N+]1(C)CCCC1.O=S(=O)([N-]S(=O)(=O)C(F)(F)F)C(F)(F)F,180
Cc1ccccc1,CCCC[N+]1(C)CCCC1.O=S(=O)([N-]S(=O)(=O)C(F)(F)F)C(F)(F)F,333.15,1.27,CCCC[N+]1(C)CCCC1.O=S(=O)([N-]S(=O)(=O)C(F)(F)F)C(F)(F)F,180
Cc1ccccc1,CCCC[N+]1(C)CCCC1.O=S(=O)([N-]S(=O)(=O)C(F)(F)F)C(F)(F)F,343.15,1.29,CCCC[N+]1(C)CCCC1.O=S(=O)([N-]S(=O)(=O)C(F)(F)F)C(F)(F)F,180
Cc1ccccc1,CCCCC[N+]1(C)CCCC1.O=S(=O)([N-]S(=O)(=O)C(F)(F)F)C(F)(F)F,323.15,1.09,CCCCC[N+]1(C)CCCC1.O=S(=O)([N-]S(=O)(=O)C(F)(F)F)C(F)(F)F,181
Cc1ccccc1,CCCCC[N+]1(C)CCCC1.O=S(=O)([N-]S(=O)(=O)C(F)(F)F)C(F)(F)F,333.15,1.11,CCCCC[N+]1(C)CCCC1.O=S(=O)([N-]S(=O)(=O)C(F)(F)F)C(F)(F)F,181
Cc1ccccc1,CCCCC[N+]1(C)CCCC1.O=S(=O)([N-]S(=O)(=O)C(F)(F)F)C(F)(F)F,343.15,1.14,CCCCC[N+]1(C)CCCC1.O=S(=O)([N-]S(=O)(=O)C(F)(F)F)C(F)(F)F,181
Cc1ccccc1,CCCC[n+]1ccn(C)c1.F[P-](F)(F)(F)(F)F,315.9,1.71,CCCC[n+]1ccn(C)c1.F[P-](F)(F)(F)(F)F,172
Cc1ccccc1,CCCC[n+]1ccn(C)c1.F[P-](F)(F)(F)(F)F,325.3,1.59,CCCC[n+]1ccn(C)c1.F[P-](F)(F)(F)(F)F,172
Cc1ccccc1,CCCC[n+]1ccn(C)c1.F[P-](F)(F)(F)(F)F,334.8,1.71,CCCC[n+]1ccn(C)c1.F[P-](F)(F)(F)(F)F,172
Cc1ccccc1,CCCC[N+]1(C)CCCC1.O=S(=O)([N-]S(=O)(=O)C(F)(F)F)C(F)(F)F,313.1,1.22,CCCC[N+]1(C)CCCC1.O=S(=O)([N-]S(=O)(=O)C(F)(F)F)C(F)(F)F,180
Cc1ccccc1,CCCC[N+]1(C)CCCC1.O=S(=O)([N-]S(=O)(=O)C(F)(F)F)C(F)(F)F,333.1,1.29,CCCC[N+]1(C)CCCC1.O=S(=O)([N-]S(=O)(=O)C(F)(F)F)C(F)(F)F,180
Cc1ccccc1,CCCC[N+]1(C)CCCC1.O=S(=O)([N-]S(=O)(=O)C(F)(F)F)C(F)(F)F,353.1,1.37,CCCC[N+]1(C)CCCC1.O=S(=O)([N-]S(=O)(=O)C(F)(F)F)C(F)(F)F,180
Cc1ccccc1,CCCC[n+]1ccn(C)c1.F[B-](F)(F)F,313.1,3.28,CCCC[n+]1ccn(C)c1.F[B-](F)(F)F,134
Cc1ccccc1,CCCC[n+]1ccn(C)c1.F[B-](F)(F)F,333.1,3.33,CCCC[n+]1ccn(C)c1.F[B-](F)(F)F,134
Cc1ccccc1,CCCC[n+]1ccn(C)c1.F[B-](F)(F)F,353.1,3.4,CCCC[n+]1ccn(C)c1.F[B-](F)(F)F,134
Cc1ccccc1,CCCC[n+]1ccc(C)cc1.F[B-](F)(F)F,313.1,2.66,CCCC[n+]1ccc(C)cc1.F[B-](F)(F)F,141
Cc1ccccc1,CCCC[n+]1ccc(C)cc1.F[B-](F)(F)F,333.1,2.69,CCCC[n+]1ccc(C)cc1.F[B-](F)(F)F,141
Cc1ccccc1,CCCC[n+]1ccc(C)cc1.F[B-](F)(F)F,353.1,2.73,CCCC[n+]1ccc(C)cc1.F[B-](F)(F)F,141
Cc1ccccc1,CCCCCCCCn1cc[n+](C)c1.F[B-](F)(F)F,323,1.75,CCCCCCCCn1cc[n+](C)c1.F[B-](F)(F)F,182
Cc1ccccc1,CCCCCCCCn1cc[n+](C)c1.F[B-](F)(F)F,343,1.82,CCCCCCCCn1cc[n+](C)c1.F[B-](F)(F)F,182
Cc1ccccc1,CCCC[n+]1ccn(C)c1.F[B-](F)(F)F,323,4.14,CCCC[n+]1ccn(C)c1.F[B-](F)(F)F,134
Cc1ccccc1,CCCC[n+]1ccn(C)c1.F[B-](F)(F)F,343,4.13,CCCC[n+]1ccn(C)c1.F[B-](F)(F)F,134
Cc1ccccc1,CCCC[n+]1ccn(C)c1.O=[N+]([O-])[O-],323.15,5.18,CCCC[n+]1ccn(C)c1.O=[N+]([O-])[O-],12
Cc1ccccc1,CCCC[n+]1ccn(C)c1.O=[N+]([O-])[O-],363.15,4.82,CCCC[n+]1ccn(C)c1.O=[N+]([O-])[O-],12
Cc1ccccc1,C=CC(=O)OCCCn1cc[n+](C)c1.[Br-],313.15,12.94,C=CC(=O)OCCCn1cc[n+](C)c1.[Br-],183
Cc1ccccc1,C=CC(=O)OCCCn1cc[n+](C)c1.[Br-],323.15,12.09,C=CC(=O)OCCCn1cc[n+](C)c1.[Br-],183
Cc1ccccc1,CCCC[n+]1ccn(C)c1.O=S(=O)([N-]S(=O)(=O)C(F)(F)F)C(F)(F)F,333,1.56,CCCC[n+]1ccn(C)c1.O=S(=O)([N-]S(=O)(=O)C(F)(F)F)C(F)(F)F,128
Cc1ccccc1,CCCC[n+]1ccn(C)c1.O=S(=O)([N-]S(=O)(=O)C(F)(F)F)C(F)(F)F,343,1.62,CCCC[n+]1ccn(C)c1.O=S(=O)([N-]S(=O)(=O)C(F)(F)F)C(F)(F)F,128
Cc1ccccc1,CCCCCC[n+]1ccn(C)c1.F[B-](F)(F)F,343,2.61,CCCCCC[n+]1ccn(C)c1.F[B-](F)(F)F,184
Cc1ccccc1,CC[n+]1ccn(C)c1.F[B-](F)(F)F,343,4.03,CC[n+]1ccn(C)c1.F[B-](F)(F)F,185
Cc1ccccc1,CC[n+]1ccn(C)c1.O=S(=O)([N-]S(=O)(=O)C(F)(F)F)C(F)(F)F,313.15,1.79,CC[n+]1ccn(C)c1.O=S(=O)([N-]S(=O)(=O)C(F)(F)F)C(F)(F)F,143
Cc1ccccc1,CCCCCCCCn1cc[n+](C)c1.[Cl-],313.15,2.33,CCCCCCCCn1cc[n+](C)c1.[Cl-],186
Cc1ccccc1,C=CC[n+]1ccn(CCCCCCCCCC)c1.[Br-],323.15,1.85,C=CC[n+]1ccn(CCCCCCCCCC)c1.[Br-],187
Cc1ccccc1,C=CC[n+]1ccn(CCCCCCCC)c1.[Br-],323.15,1.92,C=CC[n+]1ccn(CCCCCCCC)c1.[Br-],188
Cc1ccccc1,C=CC[n+]1ccn(C)c1.[Br-],323.15,6.19,C=CC[n+]1ccn(C)c1.[Br-],189
Cc1ccccc1,C[n+]1ccn(CCCB(O)O)c1.[Br-],323.15,38.8,C[n+]1ccn(CCCB(O)O)c1.[Br-],190
Cc1ccccc1,CCCCCCCC[n+]1ccn(CCCB(O)O)c1.[Br-],323.15,2.41,CCCCCCCC[n+]1ccn(CCCB(O)O)c1.[Br-],191
Cc1ccccc1,CCCCCCCCCCCC[n+]1ccn(CCCB(O)O)c1.[Br-],323.15,3.36,CCCCCCCCCCCC[n+]1ccn(CCCB(O)O)c1.[Br-],192
Cc1ccccc1,C=CC[n+]1ccn(CCCCCCCCCCCC)c1.[Br-],323.15,1.38,C=CC[n+]1ccn(CCCCCCCCCCCC)c1.[Br-],193
Cc1ccccc1,CCCCCCCCCC[n+]1ccn(CCCB(O)O)c1.[Br-],323.15,1.8,CCCCCCCCCC[n+]1ccn(CCCB(O)O)c1.[Br-],194
Cc1ccccc1,C=C(C)C(=O)OCCCCCCn1cc[n+](C)c1.[Br-],313.15,3.33,C=C(C)C(=O)OCCCCCCn1cc[n+](C)c1.[Br-],195
Cc1ccccc1,COCC[NH3+].O=[N+]([O-])[O-],298.15,40.6,COCC[NH3+].O=[N+]([O-])[O-],196
Cc1ccccc1,CCCC[NH3+].O=[N+]([O-])[O-],298.15,7.62,CCCC[NH3+].O=[N+]([O-])[O-],197
Cc1ccccc1,C[N+]1(CCCCCCCCC[N+]2(C)CCOCC2)CCOCC1.O=S(=O)([N-]S(=O)(=O)C(F)(F)F)C(F)(F)F.O=S(=O)([N-]S(=O)(=O)C(F)(F)F)C(F)(F)F,308,0.337,C[N+]1(CCCCCCCCC[N+]2(C)CCOCC2)CCOCC1.O=S(=O)([N-]S(=O)(=O)C(F)(F)F)C(F)(F)F.O=S(=O)([N-]S(=O)(=O)C(F)(F)F)C(F)(F)F,198
Cc1ccccc1,C[N+]1(CCCCCCCCC[N+]2(C)CCOCC2)CCOCC1.O=S(=O)([N-]S(=O)(=O)C(F)(F)F)C(F)(F)F.O=S(=O)([N-]S(=O)(=O)C(F)(F)F)C(F)(F)F,308,0.381,C[N+]1(CCCCCCCCC[N+]2(C)CCOCC2)CCOCC1.O=S(=O)([N-]S(=O)(=O)C(F)(F)F)C(F)(F)F.O=S(=O)([N-]S(=O)(=O)C(F)(F)F)C(F)(F)F,198
Cc1ccccc1,C[N+]1(CCCCCCCCC[N+]2(C)CCOCC2)CCOCC1.O=S(=O)([N-]S(=O)(=O)C(F)(F)F)C(F)(F)F.O=S(=O)([N-]S(=O)(=O)C(F)(F)F)C(F)(F)F,308,0.391,C[N+]1(CCCCCCCCC[N+]2(C)CCOCC2)CCOCC1.O=S(=O)([N-]S(=O)(=O)C(F)(F)F)C(F)(F)F.O=S(=O)([N-]S(=O)(=O)C(F)(F)F)C(F)(F)F,198
Cc1ccccc1,C[N+]1(CCCCCCCCC[N+]2(C)CCOCC2)CCOCC1.O=S(=O)([N-]S(=O)(=O)C(F)(F)F)C(F)(F)F.O=S(=O)([N-]S(=O)(=O)C(F)(F)F)C(F)(F)F,313,0.313,C[N+]1(CCCCCCCCC[N+]2(C)CCOCC2)CCOCC1.O=S(=O)([N-]S(=O)(=O)C(F)(F)F)C(F)(F)F.O=S(=O)([N-]S(=O)(=O)C(F)(F)F)C(F)(F)F,198
Cc1ccccc1,C[N+]1(CCCCCCCCC[N+]2(C)CCOCC2)CCOCC1.O=S(=O)([N-]S(=O)(=O)C(F)(F)F)C(F)(F)F.O=S(=O)([N-]S(=O)(=O)C(F)(F)F)C(F)(F)F,313,0.404,C[N+]1(CCCCCCCCC[N+]2(C)CCOCC2)CCOCC1.O=S(=O)([N-]S(=O)(=O)C(F)(F)F)C(F)(F)F.O=S(=O)([N-]S(=O)(=O)C(F)(F)F)C(F)(F)F,198
Cc1ccccc1,C[N+]1(CCCCCCCCC[N+]2(C)CCOCC2)CCOCC1.O=S(=O)([N-]S(=O)(=O)C(F)(F)F)C(F)(F)F.O=S(=O)([N-]S(=O)(=O)C(F)(F)F)C(F)(F)F,313,0.422,C[N+]1(CCCCCCCCC[N+]2(C)CCOCC2)CCOCC1.O=S(=O)([N-]S(=O)(=O)C(F)(F)F)C(F)(F)F.O=S(=O)([N-]S(=O)(=O)C(F)(F)F)C(F)(F)F,198
Cc1ccccc1,C[N+]1(CCCCCCCCC[N+]2(C)CCOCC2)CCOCC1.O=S(=O)([N-]S(=O)(=O)C(F)(F)F)C(F)(F)F.O=S(=O)([N-]S(=O)(=O)C(F)(F)F)C(F)(F)F,318,0.333,C[N+]1(CCCCCCCCC[N+]2(C)CCOCC2)CCOCC1.O=S(=O)([N-]S(=O)(=O)C(F)(F)F)C(F)(F)F.O=S(=O)([N-]S(=O)(=O)C(F)(F)F)C(F)(F)F,198
Cc1ccccc1,C[N+]1(CCCCCCCCC[N+]2(C)CCOCC2)CCOCC1.O=S(=O)([N-]S(=O)(=O)C(F)(F)F)C(F)(F)F.O=S(=O)([N-]S(=O)(=O)C(F)(F)F)C(F)(F)F,318,0.404,C[N+]1(CCCCCCCCC[N+]2(C)CCOCC2)CCOCC1.O=S(=O)([N-]S(=O)(=O)C(F)(F)F)C(F)(F)F.O=S(=O)([N-]S(=O)(=O)C(F)(F)F)C(F)(F)F,198
Cc1ccccc1,C[N+]1(CCCCCCCCC[N+]2(C)CCOCC2)CCOCC1.O=S(=O)([N-]S(=O)(=O)C(F)(F)F)C(F)(F)F.O=S(=O)([N-]S(=O)(=O)C(F)(F)F)C(F)(F)F,318,0.425,C[N+]1(CCCCCCCCC[N+]2(C)CCOCC2)CCOCC1.O=S(=O)([N-]S(=O)(=O)C(F)(F)F)C(F)(F)F.O=S(=O)([N-]S(=O)(=O)C(F)(F)F)C(F)(F)F,198
Cc1ccccc1,C[N+]1(CCCCCCCCC[N+]2(C)CCOCC2)CCOCC1.O=S(=O)([N-]S(=O)(=O)C(F)(F)F)C(F)(F)F.O=S(=O)([N-]S(=O)(=O)C(F)(F)F)C(F)(F)F,323,0.328,C[N+]1(CCCCCCCCC[N+]2(C)CCOCC2)CCOCC1.O=S(=O)([N-]S(=O)(=O)C(F)(F)F)C(F)(F)F.O=S(=O)([N-]S(=O)(=O)C(F)(F)F)C(F)(F)F,198
Cc1ccccc1,C[N+]1(CCCCCCCCC[N+]2(C)CCOCC2)CCOCC1.O=S(=O)([N-]S(=O)(=O)C(F)(F)F)C(F)(F)F.O=S(=O)([N-]S(=O)(=O)C(F)(F)F)C(F)(F)F,323,0.416,C[N+]1(CCCCCCCCC[N+]2(C)CCOCC2)CCOCC1.O=S(=O)([N-]S(=O)(=O)C(F)(F)F)C(F)(F)F.O=S(=O)([N-]S(=O)(=O)C(F)(F)F)C(F)(F)F,198
Cc1ccccc1,C[N+]1(CCCCCCCCC[N+]2(C)CCOCC2)CCOCC1.O=S(=O)([N-]S(=O)(=O)C(F)(F)F)C(F)(F)F.O=S(=O)([N-]S(=O)(=O)C(F)(F)F)C(F)(F)F,323,0.437,C[N+]1(CCCCCCCCC[N+]2(C)CCOCC2)CCOCC1.O=S(=O)([N-]S(=O)(=O)C(F)(F)F)C(F)(F)F.O=S(=O)([N-]S(=O)(=O)C(F)(F)F)C(F)(F)F,198
Cc1ccccc1,CC[N+]1(CCCCCCCCC[N+]2(CC)CCOCC2)CCOCC1.O=S(=O)([N-]S(=O)(=O)C(F)(F)F)C(F)(F)F.O=S(=O)([N-]S(=O)(=O)C(F)(F)F)C(F)(F)F,308,0.245,CC[N+]1(CCCCCCCCC[N+]2(CC)CCOCC2)CCOCC1.O=S(=O)([N-]S(=O)(=O)C(F)(F)F)C(F)(F)F.O=S(=O)([N-]S(=O)(=O)C(F)(F)F)C(F)(F)F,199
Cc1ccccc1,CC[N+]1(CCCCCCCCC[N+]2(CC)CCOCC2)CCOCC1.O=S(=O)([N-]S(=O)(=O)C(F)(F)F)C(F)(F)F.O=S(=O)([N-]S(=O)(=O)C(F)(F)F)C(F)(F)F,308,0.284,CC[N+]1(CCCCCCCCC[N+]2(CC)CCOCC2)CCOCC1.O=S(=O)([N-]S(=O)(=O)C(F)(F)F)C(F)(F)F.O=S(=O)([N-]S(=O)(=O)C(F)(F)F)C(F)(F)F,199
Cc1ccccc1,CC[N+]1(CCCCCCCCC[N+]2(CC)CCOCC2)CCOCC1.O=S(=O)([N-]S(=O)(=O)C(F)(F)F)C(F)(F)F.O=S(=O)([N-]S(=O)(=O)C(F)(F)F)C(F)(F)F,308,0.319,CC[N+]1(CCCCCCCCC[N+]2(CC)CCOCC2)CCOCC1.O=S(=O)([N-]S(=O)(=O)C(F)(F)F)C(F)(F)F.O=S(=O)([N-]S(=O)(=O)C(F)(F)F)C(F)(F)F,199
Cc1ccccc1,CC[N+]1(CCCCCCCCC[N+]2(CC)CCOCC2)CCOCC1.O=S(=O)([N-]S(=O)(=O)C(F)(F)F)C(F)(F)F.O=S(=O)([N-]S(=O)(=O)C(F)(F)F)C(F)(F)F,313,0.252,CC[N+]1(CCCCCCCCC[N+]2(CC)CCOCC2)CCOCC1.O=S(=O)([N-]S(=O)(=O)C(F)(F)F)C(F)(F)F.O=S(=O)([N-]S(=O)(=O)C(F)(F)F)C(F)(F)F,199
Cc1ccccc1,CC[N+]1(CCCCCCCCC[N+]2(CC)CCOCC2)CCOCC1.O=S(=O)([N-]S(=O)(=O)C(F)(F)F)C(F)(F)F.O=S(=O)([N-]S(=O)(=O)C(F)(F)F)C(F)(F)F,313,0.303,CC[N+]1(CCCCCCCCC[N+]2(CC)CCOCC2)CCOCC1.O=S(=O)([N-]S(=O)(=O)C(F)(F)F)C(F)(F)F.O=S(=O)([N-]S(=O)(=O)C(F)(F)F)C(F)(F)F,199
Cc1ccccc1,CC[N+]1(CCCCCCCCC[N+]2(CC)CCOCC2)CCOCC1.O=S(=O)([N-]S(=O)(=O)C(F)(F)F)C(F)(F)F.O=S(=O)([N-]S(=O)(=O)C(F)(F)F)C(F)(F)F,313,0.328,CC[N+]1(CCCCCCCCC[N+]2(CC)CCOCC2)CCOCC1.O=S(=O)([N-]S(=O)(=O)C(F)(F)F)C(F)(F)F.O=S(=O)([N-]S(=O)(=O)C(F)(F)F)C(F)(F)F,199
Cc1ccccc1,CC[N+]1(CCCCCCCCC[N+]2(CC)CCOCC2)CCOCC1.O=S(=O)([N-]S(=O)(=O)C(F)(F)F)C(F)(F)F.O=S(=O)([N-]S(=O)(=O)C(F)(F)F)C(F)(F)F,318,0.263,CC[N+]1(CCCCCCCCC[N+]2(CC)CCOCC2)CCOCC1.O=S(=O)([N-]S(=O)(=O)C(F)(F)F)C(F)(F)F.O=S(=O)([N-]S(=O)(=O)C(F)(F)F)C(F)(F)F,199
Cc1ccccc1,CC[N+]1(CCCCCCCCC[N+]2(CC)CCOCC2)CCOCC1.O=S(=O)([N-]S(=O)(=O)C(F)(F)F)C(F)(F)F.O=S(=O)([N-]S(=O)(=O)C(F)(F)F)C(F)(F)F,318,0.33,CC[N+]1(CCCCCCCCC[N+]2(CC)CCOCC2)CCOCC1.O=S(=O)([N-]S(=O)(=O)C(F)(F)F)C(F)(F)F.O=S(=O)([N-]S(=O)(=O)C(F)(F)F)C(F)(F)F,199
Cc1ccccc1,CC[N+]1(CCCCCCCCC[N+]2(CC)CCOCC2)CCOCC1.O=S(=O)([N-]S(=O)(=O)C(F)(F)F)C(F)(F)F.O=S(=O)([N-]S(=O)(=O)C(F)(F)F)C(F)(F)F,318,0.341,CC[N+]1(CCCCCCCCC[N+]2(CC)CCOCC2)CCOCC1.O=S(=O)([N-]S(=O)(=O)C(F)(F)F)C(F)(F)F.O=S(=O)([N-]S(=O)(=O)C(F)(F)F)C(F)(F)F,199
Cc1ccccc1,CC[N+]1(CCCCCCCCC[N+]2(CC)CCOCC2)CCOCC1.O=S(=O)([N-]S(=O)(=O)C(F)(F)F)C(F)(F)F.O=S(=O)([N-]S(=O)(=O)C(F)(F)F)C(F)(F)F,323,0.279,CC[N+]1(CCCCCCCCC[N+]2(CC)CCOCC2)CCOCC1.O=S(=O)([N-]S(=O)(=O)C(F)(F)F)C(F)(F)F.O=S(=O)([N-]S(=O)(=O)C(F)(F)F)C(F)(F)F,199
Cc1ccccc1,CC[N+]1(CCCCCCCCC[N+]2(CC)CCOCC2)CCOCC1.O=S(=O)([N-]S(=O)(=O)C(F)(F)F)C(F)(F)F.O=S(=O)([N-]S(=O)(=O)C(F)(F)F)C(F)(F)F,323,0.34,CC[N+]1(CCCCCCCCC[N+]2(CC)CCOCC2)CCOCC1.O=S(=O)([N-]S(=O)(=O)C(F)(F)F)C(F)(F)F.O=S(=O)([N-]S(=O)(=O)C(F)(F)F)C(F)(F)F,199
Cc1ccccc1,CC[N+]1(CCCCCCCCC[N+]2(CC)CCOCC2)CCOCC1.O=S(=O)([N-]S(=O)(=O)C(F)(F)F)C(F)(F)F.O=S(=O)([N-]S(=O)(=O)C(F)(F)F)C(F)(F)F,323,0.352,CC[N+]1(CCCCCCCCC[N+]2(CC)CCOCC2)CCOCC1.O=S(=O)([N-]S(=O)(=O)C(F)(F)F)C(F)(F)F.O=S(=O)([N-]S(=O)(=O)C(F)(F)F)C(F)(F)F,199
Cc1ccccc1,CC[N+]1(CCCCCCCCCCCC[N+]2(CC)CCOCC2)CCOCC1.O=S(=O)([N-]S(=O)(=O)C(F)(F)F)C(F)(F)F.O=S(=O)([N-]S(=O)(=O)C(F)(F)F)C(F)(F)F,308,0.308,CC[N+]1(CCCCCCCCCCCC[N+]2(CC)CCOCC2)CCOCC1.O=S(=O)([N-]S(=O)(=O)C(F)(F)F)C(F)(F)F.O=S(=O)([N-]S(=O)(=O)C(F)(F)F)C(F)(F)F,200
Cc1ccccc1,CC[N+]1(CCCCCCCCCCCC[N+]2(CC)CCOCC2)CCOCC1.O=S(=O)([N-]S(=O)(=O)C(F)(F)F)C(F)(F)F.O=S(=O)([N-]S(=O)(=O)C(F)(F)F)C(F)(F)F,308,0.36,CC[N+]1(CCCCCCCCCCCC[N+]2(CC)CCOCC2)CCOCC1.O=S(=O)([N-]S(=O)(=O)C(F)(F)F)C(F)(F)F.O=S(=O)([N-]S(=O)(=O)C(F)(F)F)C(F)(F)F,200
Cc1ccccc1,CC[N+]1(CCCCCCCCCCCC[N+]2(CC)CCOCC2)CCOCC1.O=S(=O)([N-]S(=O)(=O)C(F)(F)F)C(F)(F)F.O=S(=O)([N-]S(=O)(=O)C(F)(F)F)C(F)(F)F,308,0.655,CC[N+]1(CCCCCCCCCCCC[N+]2(CC)CCOCC2)CCOCC1.O=S(=O)([N-]S(=O)(=O)C(F)(F)F)C(F)(F)F.O=S(=O)([N-]S(=O)(=O)C(F)(F)F)C(F)(F)F,200
Cc1ccccc1,CC[N+]1(CCCCCCCCCCCC[N+]2(CC)CCOCC2)CCOCC1.O=S(=O)([N-]S(=O)(=O)C(F)(F)F)C(F)(F)F.O=S(=O)([N-]S(=O)(=O)C(F)(F)F)C(F)(F)F,313,0.329,CC[N+]1(CCCCCCCCCCCC[N+]2(CC)CCOCC2)CCOCC1.O=S(=O)([N-]S(=O)(=O)C(F)(F)F)C(F)(F)F.O=S(=O)([N-]S(=O)(=O)C(F)(F)F)C(F)(F)F,200
Cc1ccccc1,CC[N+]1(CCCCCCCCCCCC[N+]2(CC)CCOCC2)CCOCC1.O=S(=O)([N-]S(=O)(=O)C(F)(F)F)C(F)(F)F.O=S(=O)([N-]S(=O)(=O)C(F)(F)F)C(F)(F)F,313,0.414,CC[N+]1(CCCCCCCCCCCC[N+]2(CC)CCOCC2)CCOCC1.O=S(=O)([N-]S(=O)(=O)C(F)(F)F)C(F)(F)F.O=S(=O)([N-]S(=O)(=O)C(F)(F)F)C(F)(F)F,200
Cc1ccccc1,CC[N+]1(CCCCCCCCCCCC[N+]2(CC)CCOCC2)CCOCC1.O=S(=O)([N-]S(=O)(=O)C(F)(F)F)C(F)(F)F.O=S(=O)([N-]S(=O)(=O)C(F)(F)F)C(F)(F)F,313,0.644,CC[N+]1(CCCCCCCCCCCC[N+]2(CC)CCOCC2)CCOCC1.O=S(=O)([N-]S(=O)(=O)C(F)(F)F)C(F)(F)F.O=S(=O)([N-]S(=O)(=O)C(F)(F)F)C(F)(F)F,200
Cc1ccccc1,CC[N+]1(CCCCCCCCCCCC[N+]2(CC)CCOCC2)CCOCC1.O=S(=O)([N-]S(=O)(=O)C(F)(F)F)C(F)(F)F.O=S(=O)([N-]S(=O)(=O)C(F)(F)F)C(F)(F)F,318,0.326,CC[N+]1(CCCCCCCCCCCC[N+]2(CC)CCOCC2)CCOCC1.O=S(=O)([N-]S(=O)(=O)C(F)(F)F)C(F)(F)F.O=S(=O)([N-]S(=O)(=O)C(F)(F)F)C(F)(F)F,200
Cc1ccccc1,CC[N+]1(CCCCCCCCCCCC[N+]2(CC)CCOCC2)CCOCC1.O=S(=O)([N-]S(=O)(=O)C(F)(F)F)C(F)(F)F.O=S(=O)([N-]S(=O)(=O)C(F)(F)F)C(F)(F)F,318,0.386,CC[N+]1(CCCCCCCCCCCC[N+]2(CC)CCOCC2)CCOCC1.O=S(=O)([N-]S(=O)(=O)C(F)(F)F)C(F)(F)F.O=S(=O)([N-]S(=O)(=O)C(F)(F)F)C(F)(F)F,200
Cc1ccccc1,CC[N+]1(CCCCCCCCCCCC[N+]2(CC)CCOCC2)CCOCC1.O=S(=O)([N-]S(=O)(=O)C(F)(F)F)C(F)(F)F.O=S(=O)([N-]S(=O)(=O)C(F)(F)F)C(F)(F)F,318,0.62,CC[N+]1(CCCCCCCCCCCC[N+]2(CC)CCOCC2)CCOCC1.O=S(=O)([N-]S(=O)(=O)C(F)(F)F)C(F)(F)F.O=S(=O)([N-]S(=O)(=O)C(F)(F)F)C(F)(F)F,200
Cc1ccccc1,CC[N+]1(CCCCCCCCCCCC[N+]2(CC)CCOCC2)CCOCC1.O=S(=O)([N-]S(=O)(=O)C(F)(F)F)C(F)(F)F.O=S(=O)([N-]S(=O)(=O)C(F)(F)F)C(F)(F)F,323,0.324,CC[N+]1(CCCCCCCCCCCC[N+]2(CC)CCOCC2)CCOCC1.O=S(=O)([N-]S(=O)(=O)C(F)(F)F)C(F)(F)F.O=S(=O)([N-]S(=O)(=O)C(F)(F)F)C(F)(F)F,200
Cc1ccccc1,CC[N+]1(CCCCCCCCCCCC[N+]2(CC)CCOCC2)CCOCC1.O=S(=O)([N-]S(=O)(=O)C(F)(F)F)C(F)(F)F.O=S(=O)([N-]S(=O)(=O)C(F)(F)F)C(F)(F)F,323,0.342,CC[N+]1(CCCCCCCCCCCC[N+]2(CC)CCOCC2)CCOCC1.O=S(=O)([N-]S(=O)(=O)C(F)(F)F)C(F)(F)F.O=S(=O)([N-]S(=O)(=O)C(F)(F)F)C(F)(F)F,200
Cc1ccccc1,CC[N+]1(CCCCCCCCCCCC[N+]2(CC)CCOCC2)CCOCC1.O=S(=O)([N-]S(=O)(=O)C(F)(F)F)C(F)(F)F.O=S(=O)([N-]S(=O)(=O)C(F)(F)F)C(F)(F)F,323,0.648,CC[N+]1(CCCCCCCCCCCC[N+]2(CC)CCOCC2)CCOCC1.O=S(=O)([N-]S(=O)(=O)C(F)(F)F)C(F)(F)F.O=S(=O)([N-]S(=O)(=O)C(F)(F)F)C(F)(F)F,200
Cc1ccccc1,C[N+]1(CCCCCCCCCCCC[N+]2(C)CCOCC2)CCOCC1.O=S(=O)([N-]S(=O)(=O)C(F)(F)F)C(F)(F)F.O=S(=O)([N-]S(=O)(=O)C(F)(F)F)C(F)(F)F,308,0.16,C[N+]1(CCCCCCCCCCCC[N+]2(C)CCOCC2)CCOCC1.O=S(=O)([N-]S(=O)(=O)C(F)(F)F)C(F)(F)F.O=S(=O)([N-]S(=O)(=O)C(F)(F)F)C(F)(F)F,201
Cc1ccccc1,C[N+]1(CCCCCCCCCCCC[N+]2(C)CCOCC2)CCOCC1.O=S(=O)([N-]S(=O)(=O)C(F)(F)F)C(F)(F)F.O=S(=O)([N-]S(=O)(=O)C(F)(F)F)C(F)(F)F,308,0.188,C[N+]1(CCCCCCCCCCCC[N+]2(C)CCOCC2)CCOCC1.O=S(=O)([N-]S(=O)(=O)C(F)(F)F)C(F)(F)F.O=S(=O)([N-]S(=O)(=O)C(F)(F)F)C(F)(F)F,201
Cc1ccccc1,C[N+]1(CCCCCCCCCCCC[N+]2(C)CCOCC2)CCOCC1.O=S(=O)([N-]S(=O)(=O)C(F)(F)F)C(F)(F)F.O=S(=O)([N-]S(=O)(=O)C(F)(F)F)C(F)(F)F,308,0.295,C[N+]1(CCCCCCCCCCCC[N+]2(C)CCOCC2)CCOCC1.O=S(=O)([N-]S(=O)(=O)C(F)(F)F)C(F)(F)F.O=S(=O)([N-]S(=O)(=O)C(F)(F)F)C(F)(F)F,201
Cc1ccccc1,C[N+]1(CCCCCCCCCCCC[N+]2(C)CCOCC2)CCOCC1.O=S(=O)([N-]S(=O)(=O)C(F)(F)F)C(F)(F)F.O=S(=O)([N-]S(=O)(=O)C(F)(F)F)C(F)(F)F,313,0.164,C[N+]1(CCCCCCCCCCCC[N+]2(C)CCOCC2)CCOCC1.O=S(=O)([N-]S(=O)(=O)C(F)(F)F)C(F)(F)F.O=S(=O)([N-]S(=O)(=O)C(F)(F)F)C(F)(F)F,201
Cc1ccccc1,C[N+]1(CCCCCCCCCCCC[N+]2(C)CCOCC2)CCOCC1.O=S(=O)([N-]S(=O)(=O)C(F)(F)F)C(F)(F)F.O=S(=O)([N-]S(=O)(=O)C(F)(F)F)C(F)(F)F,313,0.198,C[N+]1(CCCCCCCCCCCC[N+]2(C)CCOCC2)CCOCC1.O=S(=O)([N-]S(=O)(=O)C(F)(F)F)C(F)(F)F.O=S(=O)([N-]S(=O)(=O)C(F)(F)F)C(F)(F)F,201
Cc1ccccc1,C[N+]1(CCCCCCCCCCCC[N+]2(C)CCOCC2)CCOCC1.O=S(=O)([N-]S(=O)(=O)C(F)(F)F)C(F)(F)F.O=S(=O)([N-]S(=O)(=O)C(F)(F)F)C(F)(F)F,313,0.304,C[N+]1(CCCCCCCCCCCC[N+]2(C)CCOCC2)CCOCC1.O=S(=O)([N-]S(=O)(=O)C(F)(F)F)C(F)(F)F.O=S(=O)([N-]S(=O)(=O)C(F)(F)F)C(F)(F)F,201
Cc1ccccc1,C[N+]1(CCCCCCCCCCCC[N+]2(C)CCOCC2)CCOCC1.O=S(=O)([N-]S(=O)(=O)C(F)(F)F)C(F)(F)F.O=S(=O)([N-]S(=O)(=O)C(F)(F)F)C(F)(F)F,318,0.182,C[N+]1(CCCCCCCCCCCC[N+]2(C)CCOCC2)CCOCC1.O=S(=O)([N-]S(=O)(=O)C(F)(F)F)C(F)(F)F.O=S(=O)([N-]S(=O)(=O)C(F)(F)F)C(F)(F)F,201
Cc1ccccc1,C[N+]1(CCCCCCCCCCCC[N+]2(C)CCOCC2)CCOCC1.O=S(=O)([N-]S(=O)(=O)C(F)(F)F)C(F)(F)F.O=S(=O)([N-]S(=O)(=O)C(F)(F)F)C(F)(F)F,318,0.202,C[N+]1(CCCCCCCCCCCC[N+]2(C)CCOCC2)CCOCC1.O=S(=O)([N-]S(=O)(=O)C(F)(F)F)C(F)(F)F.O=S(=O)([N-]S(=O)(=O)C(F)(F)F)C(F)(F)F,201
Cc1ccccc1,C[N+]1(CCCCCCCCCCCC[N+]2(C)CCOCC2)CCOCC1.O=S(=O)([N-]S(=O)(=O)C(F)(F)F)C(F)(F)F.O=S(=O)([N-]S(=O)(=O)C(F)(F)F)C(F)(F)F,318,0.336,C[N+]1(CCCCCCCCCCCC[N+]2(C)CCOCC2)CCOCC1.O=S(=O)([N-]S(=O)(=O)C(F)(F)F)C(F)(F)F.O=S(=O)([N-]S(=O)(=O)C(F)(F)F)C(F)(F)F,201
Cc1ccccc1,C[N+]1(CCCCCCCCCCCC[N+]2(C)CCOCC2)CCOCC1.O=S(=O)([N-]S(=O)(=O)C(F)(F)F)C(F)(F)F.O=S(=O)([N-]S(=O)(=O)C(F)(F)F)C(F)(F)F,323,0.191,C[N+]1(CCCCCCCCCCCC[N+]2(C)CCOCC2)CCOCC1.O=S(=O)([N-]S(=O)(=O)C(F)(F)F)C(F)(F)F.O=S(=O)([N-]S(=O)(=O)C(F)(F)F)C(F)(F)F,201
Cc1ccccc1,C[N+]1(CCCCCCCCCCCC[N+]2(C)CCOCC2)CCOCC1.O=S(=O)([N-]S(=O)(=O)C(F)(F)F)C(F)(F)F.O=S(=O)([N-]S(=O)(=O)C(F)(F)F)C(F)(F)F,323,0.216,C[N+]1(CCCCCCCCCCCC[N+]2(C)CCOCC2)CCOCC1.O=S(=O)([N-]S(=O)(=O)C(F)(F)F)C(F)(F)F.O=S(=O)([N-]S(=O)(=O)C(F)(F)F)C(F)(F)F,201
Cc1ccccc1,C[N+]1(CCCCCCCCCCCC[N+]2(C)CCOCC2)CCOCC1.O=S(=O)([N-]S(=O)(=O)C(F)(F)F)C(F)(F)F.O=S(=O)([N-]S(=O)(=O)C(F)(F)F)C(F)(F)F,323,0.332,C[N+]1(CCCCCCCCCCCC[N+]2(C)CCOCC2)CCOCC1.O=S(=O)([N-]S(=O)(=O)C(F)(F)F)C(F)(F)F.O=S(=O)([N-]S(=O)(=O)C(F)(F)F)C(F)(F)F,201
Cc1ccccc1,CCCC[n+]1ccn(C)c1.N#C[S-],298.15,3.4,CCCC[n+]1ccn(C)c1.N#C[S-],202
Cc1ccccc1,CCCC[n+]1ccn(C)c1.N#C[S-],308.15,3.48,CCCC[n+]1ccn(C)c1.N#C[S-],202
Cc1ccccc1,CCCC[n+]1ccn(C)c1.N#C[S-],318.15,3.52,CCCC[n+]1ccn(C)c1.N#C[S-],202
Cc1ccccc1,CCCC[n+]1ccn(C)c1.N#C[S-],328.15,3.53,CCCC[n+]1ccn(C)c1.N#C[S-],202
Cc1ccccc1,CCCC[n+]1ccn(C)c1.N#C[S-],338.15,3.55,CCCC[n+]1ccn(C)c1.N#C[S-],202
Cc1ccccc1,CCCC[n+]1ccn(C)c1.N#C[S-],348.15,3.59,CCCC[n+]1ccn(C)c1.N#C[S-],202
Cc1ccccc1,CCCC[n+]1ccn(C)c1.N#C[S-],358.15,3.62,CCCC[n+]1ccn(C)c1.N#C[S-],202
Cc1ccccc1,CCCC[n+]1ccn(C)c1.N#C[S-],368.15,3.65,CCCC[n+]1ccn(C)c1.N#C[S-],202
Cc1ccccc1,CC(C)C[P+](C)(CC(C)C)CC(C)C.Cc1ccc(S(=O)(=O)[O-])cc1,298.15,1.94,CC(C)C[P+](C)(CC(C)C)CC(C)C.Cc1ccc(S(=O)(=O)[O-])cc1,203
Cc1ccccc1,CC(C)C[P+](C)(CC(C)C)CC(C)C.Cc1ccc(S(=O)(=O)[O-])cc1,308.15,1.81,CC(C)C[P+](C)(CC(C)C)CC(C)C.Cc1ccc(S(=O)(=O)[O-])cc1,203
Cc1ccccc1,CC(C)C[P+](C)(CC(C)C)CC(C)C.Cc1ccc(S(=O)(=O)[O-])cc1,318.15,1.78,CC(C)C[P+](C)(CC(C)C)CC(C)C.Cc1ccc(S(=O)(=O)[O-])cc1,203
Cc1ccccc1,CC(C)C[P+](C)(CC(C)C)CC(C)C.Cc1ccc(S(=O)(=O)[O-])cc1,328.15,1.69,CC(C)C[P+](C)(CC(C)C)CC(C)C.Cc1ccc(S(=O)(=O)[O-])cc1,203
Cc1ccccc1,CC(C)C[P+](C)(CC(C)C)CC(C)C.Cc1ccc(S(=O)(=O)[O-])cc1,338.15,1.66,CC(C)C[P+](C)(CC(C)C)CC(C)C.Cc1ccc(S(=O)(=O)[O-])cc1,203
Cc1ccccc1,CC(C)C[P+](C)(CC(C)C)CC(C)C.Cc1ccc(S(=O)(=O)[O-])cc1,348.15,1.65,CC(C)C[P+](C)(CC(C)C)CC(C)C.Cc1ccc(S(=O)(=O)[O-])cc1,203
Cc1ccccc1,CC(C)C[P+](C)(CC(C)C)CC(C)C.Cc1ccc(S(=O)(=O)[O-])cc1,358.15,1.64,CC(C)C[P+](C)(CC(C)C)CC(C)C.Cc1ccc(S(=O)(=O)[O-])cc1,203
Cc1ccccc1,CC(C)C[P+](C)(CC(C)C)CC(C)C.Cc1ccc(S(=O)(=O)[O-])cc1,368.15,1.61,CC(C)C[P+](C)(CC(C)C)CC(C)C.Cc1ccc(S(=O)(=O)[O-])cc1,203
Cc1ccccc1,CCCC[N+]1(C)CCCC1.O=S(=O)([O-])C(F)(F)F,298.15,2.16,CCCC[N+]1(C)CCCC1.O=S(=O)([O-])C(F)(F)F,204
Cc1ccccc1,CCCC[N+]1(C)CCCC1.O=S(=O)([O-])C(F)(F)F,308.15,2.19,CCCC[N+]1(C)CCCC1.O=S(=O)([O-])C(F)(F)F,204
Cc1ccccc1,CCCC[N+]1(C)CCCC1.O=S(=O)([O-])C(F)(F)F,318.15,2.22,CCCC[N+]1(C)CCCC1.O=S(=O)([O-])C(F)(F)F,204
Cc1ccccc1,CCCC[N+]1(C)CCCC1.O=S(=O)([O-])C(F)(F)F,328.15,2.25,CCCC[N+]1(C)CCCC1.O=S(=O)([O-])C(F)(F)F,204
Cc1ccccc1,CCCC[N+]1(C)CCCC1.O=S(=O)([O-])C(F)(F)F,338.15,2.27,CCCC[N+]1(C)CCCC1.O=S(=O)([O-])C(F)(F)F,204
Cc1ccccc1,CCCC[N+]1(C)CCCC1.O=S(=O)([O-])C(F)(F)F,348.15,2.3,CCCC[N+]1(C)CCCC1.O=S(=O)([O-])C(F)(F)F,204
Cc1ccccc1,CCCC[N+]1(C)CCCC1.O=S(=O)([O-])C(F)(F)F,358.15,2.32,CCCC[N+]1(C)CCCC1.O=S(=O)([O-])C(F)(F)F,204
Cc1ccccc1,CCCC[N+]1(C)CCCC1.O=S(=O)([O-])C(F)(F)F,368.15,2.35,CCCC[N+]1(C)CCCC1.O=S(=O)([O-])C(F)(F)F,204
Cc1ccccc1,CCCCCCCCCCCCCC[P+](CCCCCC)(CCCCCC)CCCCCC.F[P-](F)(F)(F)(F)F,313.15,0.772,CCCCCCCCCCCCCC[P+](CCCCCC)(CCCCCC)CCCCCC.F[P-](F)(F)(F)(F)F,205
Cc1ccccc1,CCCCCCCCCCCCCC[P+](CCCCCC)(CCCCCC)CCCCCC.F[P-](F)(F)(F)(F)F,313.15,0.814,CCCCCCCCCCCCCC[P+](CCCCCC)(CCCCCC)CCCCCC.F[P-](F)(F)(F)(F)F,205
Cc1ccccc1,CCCCCCCCCCCCCC[P+](CCCCCC)(CCCCCC)CCCCCC.F[P-](F)(F)(F)(F)F,333.15,0.639,CCCCCCCCCCCCCC[P+](CCCCCC)(CCCCCC)CCCCCC.F[P-](F)(F)(F)(F)F,205
Cc1ccccc1,CCCCCCCCCCCCCC[P+](CCCCCC)(CCCCCC)CCCCCC.F[P-](F)(F)(F)(F)F,333.15,0.671,CCCCCCCCCCCCCC[P+](CCCCCC)(CCCCCC)CCCCCC.F[P-](F)(F)(F)(F)F,205
Cc1ccccc1,CCCCCCCCCCCCCC[P+](CCCCCC)(CCCCCC)CCCCCC.F[P-](F)(F)(F)(F)F,353.15,0.535,CCCCCCCCCCCCCC[P+](CCCCCC)(CCCCCC)CCCCCC.F[P-](F)(F)(F)(F)F,205
Cc1ccccc1,CCCCCCCCCCCCCC[P+](CCCCCC)(CCCCCC)CCCCCC.F[P-](F)(F)(F)(F)F,353.15,0.541,CCCCCCCCCCCCCC[P+](CCCCCC)(CCCCCC)CCCCCC.F[P-](F)(F)(F)(F)F,205
Cc1ccccc1,CCCCCCCCCCCCCC[P+](CCCCCC)(CCCCCC)CCCCCC.F[P-](F)(F)(F)(F)F,363.15,0.506,CCCCCCCCCCCCCC[P+](CCCCCC)(CCCCCC)CCCCCC.F[P-](F)(F)(F)(F)F,205
Cc1ccccc1,CCCCCCCCCCCCCC[P+](CCCCCC)(CCCCCC)CCCCCC.F[P-](F)(F)(F)(F)F,363.15,0.516,CCCCCCCCCCCCCC[P+](CCCCCC)(CCCCCC)CCCCCC.F[P-](F)(F)(F)(F)F,205
Cc1ccccc1,CC[n+]1ccn(C)c1.N#C[B-](C#N)(C#N)C#N,298.15,1.65,CC[n+]1ccn(C)c1.N#C[B-](C#N)(C#N)C#N,102
Cc1ccccc1,CC[n+]1ccn(C)c1.N#C[B-](C#N)(C#N)C#N,308.15,1.67,CC[n+]1ccn(C)c1.N#C[B-](C#N)(C#N)C#N,102
Cc1ccccc1,CC[n+]1ccn(C)c1.N#C[B-](C#N)(C#N)C#N,318.15,1.69,CC[n+]1ccn(C)c1.N#C[B-](C#N)(C#N)C#N,102
Cc1ccccc1,CC[n+]1ccn(C)c1.N#C[B-](C#N)(C#N)C#N,328.15,1.71,CC[n+]1ccn(C)c1.N#C[B-](C#N)(C#N)C#N,102
Cc1ccccc1,CC[n+]1ccn(C)c1.N#C[B-](C#N)(C#N)C#N,338.15,1.73,CC[n+]1ccn(C)c1.N#C[B-](C#N)(C#N)C#N,102
Cc1ccccc1,CC[n+]1ccn(C)c1.N#C[B-](C#N)(C#N)C#N,348.15,1.75,CC[n+]1ccn(C)c1.N#C[B-](C#N)(C#N)C#N,102
Cc1ccccc1,CC[n+]1ccn(C)c1.N#C[B-](C#N)(C#N)C#N,358.15,1.76,CC[n+]1ccn(C)c1.N#C[B-](C#N)(C#N)C#N,102
Cc1ccccc1,CCCCCCCCn1cc[n+](C)c1.O=[N+]([O-])[O-],303.15,1.41,CCCCCCCCn1cc[n+](C)c1.O=[N+]([O-])[O-],206
Cc1ccccc1,CCCCCCCCn1cc[n+](C)c1.O=[N+]([O-])[O-],313.15,1.41,CCCCCCCCn1cc[n+](C)c1.O=[N+]([O-])[O-],206
Cc1ccccc1,CCCCCCCCn1cc[n+](C)c1.O=[N+]([O-])[O-],323.15,1.42,CCCCCCCCn1cc[n+](C)c1.O=[N+]([O-])[O-],206
Cc1ccccc1,CCCCCCCCn1cc[n+](C)c1.O=[N+]([O-])[O-],333.15,1.43,CCCCCCCCn1cc[n+](C)c1.O=[N+]([O-])[O-],206
Cc1ccccc1,CCCCCCCCn1cc[n+](C)c1.O=[N+]([O-])[O-],343.15,1.44,CCCCCCCCn1cc[n+](C)c1.O=[N+]([O-])[O-],206
Cc1ccccc1,CCCCCCCCn1cc[n+](C)c1.O=[N+]([O-])[O-],353.15,1.45,CCCCCCCCn1cc[n+](C)c1.O=[N+]([O-])[O-],206
Cc1ccccc1,CCCCCCCCn1cc[n+](C)c1.O=[N+]([O-])[O-],363.15,1.46,CCCCCCCCn1cc[n+](C)c1.O=[N+]([O-])[O-],206
Cc1ccccc1,CC[n+]1ccn(C)c1.F[B-](F)(F)F,303.15,3.678,CC[n+]1ccn(C)c1.F[B-](F)(F)F,185
Cc1ccccc1,CC[n+]1ccn(C)c1.F[B-](F)(F)F,313.15,3.659,CC[n+]1ccn(C)c1.F[B-](F)(F)F,185
Cc1ccccc1,CC[n+]1ccn(C)c1.F[B-](F)(F)F,323.15,3.615,CC[n+]1ccn(C)c1.F[B-](F)(F)F,185
Cc1ccccc1,CC[n+]1ccn(C)c1.F[B-](F)(F)F,333.15,3.56,CC[n+]1ccn(C)c1.F[B-](F)(F)F,185
Cc1ccccc1,CC[n+]1ccn(C)c1.F[B-](F)(F)F,343.15,3.516,CC[n+]1ccn(C)c1.F[B-](F)(F)F,185
Cc1ccccc1,CC[n+]1ccn(C)c1.F[B-](F)(F)F,353.15,3.482,CC[n+]1ccn(C)c1.F[B-](F)(F)F,185
Cc1ccccc1,CC[n+]1ccn(C)c1.F[B-](F)(F)F,363.15,3.399,CC[n+]1ccn(C)c1.F[B-](F)(F)F,185
Cc1ccccc1,CCCn1cc[n+](C)c1C.F[B-](F)(F)F,303.15,7.082,CCCn1cc[n+](C)c1C.F[B-](F)(F)F,207
Cc1ccccc1,CCCn1cc[n+](C)c1C.F[B-](F)(F)F,313.15,6.048,CCCn1cc[n+](C)c1C.F[B-](F)(F)F,207
Cc1ccccc1,CCCn1cc[n+](C)c1C.F[B-](F)(F)F,323.15,5.351,CCCn1cc[n+](C)c1C.F[B-](F)(F)F,207
Cc1ccccc1,CCCn1cc[n+](C)c1C.F[B-](F)(F)F,333.15,4.594,CCCn1cc[n+](C)c1C.F[B-](F)(F)F,207
Cc1ccccc1,CCCn1cc[n+](C)c1C.F[B-](F)(F)F,343.15,4.323,CCCn1cc[n+](C)c1C.F[B-](F)(F)F,207
Cc1ccccc1,CCCn1cc[n+](C)c1C.F[B-](F)(F)F,353.15,3.861,CCCn1cc[n+](C)c1C.F[B-](F)(F)F,207
Cc1ccccc1,CCCn1cc[n+](C)c1C.F[B-](F)(F)F,363.15,3.514,CCCn1cc[n+](C)c1C.F[B-](F)(F)F,207
Cc1ccccc1,CCCCCC[n+]1ccn(C)c1.O=S(=O)([O-])C(F)(F)F,303.15,1.981,CCCCCC[n+]1ccn(C)c1.O=S(=O)([O-])C(F)(F)F,152
Cc1ccccc1,CCCCCC[n+]1ccn(C)c1.O=S(=O)([O-])C(F)(F)F,313.15,2.029,CCCCCC[n+]1ccn(C)c1.O=S(=O)([O-])C(F)(F)F,152
Cc1ccccc1,CCCCCC[n+]1ccn(C)c1.O=S(=O)([O-])C(F)(F)F,323.15,2.065,CCCCCC[n+]1ccn(C)c1.O=S(=O)([O-])C(F)(F)F,152
Cc1ccccc1,CCCCCC[n+]1ccn(C)c1.O=S(=O)([O-])C(F)(F)F,333.15,2.141,CCCCCC[n+]1ccn(C)c1.O=S(=O)([O-])C(F)(F)F,152
Cc1ccccc1,CCCCCC[n+]1ccn(C)c1.O=S(=O)([O-])C(F)(F)F,343.15,2.198,CCCCCC[n+]1ccn(C)c1.O=S(=O)([O-])C(F)(F)F,152
Cc1ccccc1,CCCCCC[n+]1ccn(C)c1.O=S(=O)([O-])C(F)(F)F,353.15,2.249,CCCCCC[n+]1ccn(C)c1.O=S(=O)([O-])C(F)(F)F,152
Cc1ccccc1,CCCCCC[n+]1ccn(C)c1.O=S(=O)([O-])C(F)(F)F,363.15,2.266,CCCCCC[n+]1ccn(C)c1.O=S(=O)([O-])C(F)(F)F,152
Cc1ccccc1,Cn1cc[n+](CCO)c1.F[B-](F)(F)F,303.15,18.3,Cn1cc[n+](CCO)c1.F[B-](F)(F)F,208
Cc1ccccc1,Cn1cc[n+](CCO)c1.F[B-](F)(F)F,313.15,18,Cn1cc[n+](CCO)c1.F[B-](F)(F)F,208
Cc1ccccc1,Cn1cc[n+](CCO)c1.F[B-](F)(F)F,323.15,17.7,Cn1cc[n+](CCO)c1.F[B-](F)(F)F,208
Cc1ccccc1,Cn1cc[n+](CCO)c1.F[B-](F)(F)F,333.15,17.5,Cn1cc[n+](CCO)c1.F[B-](F)(F)F,208
Cc1ccccc1,Cn1cc[n+](CCO)c1.F[B-](F)(F)F,343.15,17.3,Cn1cc[n+](CCO)c1.F[B-](F)(F)F,208
Cc1ccccc1,Cn1cc[n+](CCO)c1.F[B-](F)(F)F,353.15,17.2,Cn1cc[n+](CCO)c1.F[B-](F)(F)F,208
Cc1ccccc1,Cn1cc[n+](CCO)c1.F[B-](F)(F)F,363.15,16.9,Cn1cc[n+](CCO)c1.F[B-](F)(F)F,208
Cc1ccccc1,CCCCCC[n+]1ccn(C)c1.N#C[B-](C#N)(C#N)C#N,318.15,0.975,CCCCCC[n+]1ccn(C)c1.N#C[B-](C#N)(C#N)C#N,209
Cc1ccccc1,CCCCCC[n+]1ccn(C)c1.N#C[B-](C#N)(C#N)C#N,328.15,0.993,CCCCCC[n+]1ccn(C)c1.N#C[B-](C#N)(C#N)C#N,209
Cc1ccccc1,CCCCCC[n+]1ccn(C)c1.N#C[B-](C#N)(C#N)C#N,338.15,1.02,CCCCCC[n+]1ccn(C)c1.N#C[B-](C#N)(C#N)C#N,209
Cc1ccccc1,CCCCCC[n+]1ccn(C)c1.N#C[B-](C#N)(C#N)C#N,348.15,1.04,CCCCCC[n+]1ccn(C)c1.N#C[B-](C#N)(C#N)C#N,209
Cc1ccccc1,CCCCCC[n+]1ccn(C)c1.N#C[B-](C#N)(C#N)C#N,358.15,1.06,CCCCCC[n+]1ccn(C)c1.N#C[B-](C#N)(C#N)C#N,209
Cc1ccccc1,CCCCCC[n+]1ccn(C)c1.N#C[B-](C#N)(C#N)C#N,368.15,1.08,CCCCCC[n+]1ccn(C)c1.N#C[B-](C#N)(C#N)C#N,209
Cc1ccccc1,CCCC[n+]1ccn(C)c1.N#C[N-]C#N,318.15,2.89,CCCC[n+]1ccn(C)c1.N#C[N-]C#N,210
Cc1ccccc1,CCCC[n+]1ccn(C)c1.N#C[N-]C#N,328.15,3.01,CCCC[n+]1ccn(C)c1.N#C[N-]C#N,210
Cc1ccccc1,CCCC[n+]1ccn(C)c1.N#C[N-]C#N,338.15,3.15,CCCC[n+]1ccn(C)c1.N#C[N-]C#N,210
Cc1ccccc1,CCCC[n+]1ccn(C)c1.N#C[N-]C#N,348.15,3.27,CCCC[n+]1ccn(C)c1.N#C[N-]C#N,210
Cc1ccccc1,CCCC[n+]1ccn(C)c1.N#C[N-]C#N,358.15,3.4,CCCC[n+]1ccn(C)c1.N#C[N-]C#N,210
Cc1ccccc1,CCCC[n+]1ccn(C)c1.N#C[N-]C#N,368.15,3.54,CCCC[n+]1ccn(C)c1.N#C[N-]C#N,210
Cc1ccccc1,CCCCCCCC[N+](C)(CCCCCCCC)CCCCCCCC.O=S(=O)([N-]S(=O)(=O)C(F)(F)F)C(F)(F)F,303.15,0.51,CCCCCCCC[N+](C)(CCCCCCCC)CCCCCCCC.O=S(=O)([N-]S(=O)(=O)C(F)(F)F)C(F)(F)F,211
Cc1ccccc1,CCCCCCCC[N+](C)(CCCCCCCC)CCCCCCCC.O=S(=O)([N-]S(=O)(=O)C(F)(F)F)C(F)(F)F,303.15,0.51,CCCCCCCC[N+](C)(CCCCCCCC)CCCCCCCC.O=S(=O)([N-]S(=O)(=O)C(F)(F)F)C(F)(F)F,211
Cc1ccccc1,CCCCCCCC[N+](C)(CCCCCCCC)CCCCCCCC.O=S(=O)([N-]S(=O)(=O)C(F)(F)F)C(F)(F)F,313.15,0.52,CCCCCCCC[N+](C)(CCCCCCCC)CCCCCCCC.O=S(=O)([N-]S(=O)(=O)C(F)(F)F)C(F)(F)F,211
Cc1ccccc1,CCCCCCCC[N+](C)(CCCCCCCC)CCCCCCCC.O=S(=O)([N-]S(=O)(=O)C(F)(F)F)C(F)(F)F,313.15,0.52,CCCCCCCC[N+](C)(CCCCCCCC)CCCCCCCC.O=S(=O)([N-]S(=O)(=O)C(F)(F)F)C(F)(F)F,211
Cc1ccccc1,CCCCCCCC[N+](C)(CCCCCCCC)CCCCCCCC.O=S(=O)([N-]S(=O)(=O)C(F)(F)F)C(F)(F)F,323.15,0.53,CCCCCCCC[N+](C)(CCCCCCCC)CCCCCCCC.O=S(=O)([N-]S(=O)(=O)C(F)(F)F)C(F)(F)F,211
Cc1ccccc1,CCCCCCCC[N+](C)(CCCCCCCC)CCCCCCCC.O=S(=O)([N-]S(=O)(=O)C(F)(F)F)C(F)(F)F,323.15,0.55,CCCCCCCC[N+](C)(CCCCCCCC)CCCCCCCC.O=S(=O)([N-]S(=O)(=O)C(F)(F)F)C(F)(F)F,211
Cc1ccccc1,COCC[N+]1(C)CCOCC1.O=S(=O)([N-]S(=O)(=O)C(F)(F)F)C(F)(F)F,318.15,2.01,COCC[N+]1(C)CCOCC1.O=S(=O)([N-]S(=O)(=O)C(F)(F)F)C(F)(F)F,212
Cc1ccccc1,COCC[N+]1(C)CCOCC1.O=S(=O)([N-]S(=O)(=O)C(F)(F)F)C(F)(F)F,328.15,2.01,COCC[N+]1(C)CCOCC1.O=S(=O)([N-]S(=O)(=O)C(F)(F)F)C(F)(F)F,212
Cc1ccccc1,COCC[N+]1(C)CCOCC1.O=S(=O)([N-]S(=O)(=O)C(F)(F)F)C(F)(F)F,338.15,2,COCC[N+]1(C)CCOCC1.O=S(=O)([N-]S(=O)(=O)C(F)(F)F)C(F)(F)F,212
Cc1ccccc1,COCC[N+]1(C)CCOCC1.O=S(=O)([N-]S(=O)(=O)C(F)(F)F)C(F)(F)F,348.15,1.99,COCC[N+]1(C)CCOCC1.O=S(=O)([N-]S(=O)(=O)C(F)(F)F)C(F)(F)F,212
Cc1ccccc1,COCC[N+]1(C)CCOCC1.O=S(=O)([N-]S(=O)(=O)C(F)(F)F)C(F)(F)F,358.15,1.98,COCC[N+]1(C)CCOCC1.O=S(=O)([N-]S(=O)(=O)C(F)(F)F)C(F)(F)F,212
Cc1ccccc1,COCC[N+]1(C)CCOCC1.O=S(=O)([N-]S(=O)(=O)C(F)(F)F)C(F)(F)F,368.15,1.97,COCC[N+]1(C)CCOCC1.O=S(=O)([N-]S(=O)(=O)C(F)(F)F)C(F)(F)F,212
Cc1ccccc1,CCCCCCCC[n+]1ccn(C)c1.F[P-](F)(F)(F)(F)F,313.15,1.31,CCCCCCCC[n+]1ccn(C)c1.F[P-](F)(F)(F)(F)F,139
Cc1ccccc1,CCCCCCCC[n+]1ccn(C)c1.F[P-](F)(F)(F)(F)F,313.15,1.36,CCCCCCCC[n+]1ccn(C)c1.F[P-](F)(F)(F)(F)F,139
Cc1ccccc1,CCCCCCCC[n+]1ccn(C)c1.F[P-](F)(F)(F)(F)F,323.15,1.35,CCCCCCCC[n+]1ccn(C)c1.F[P-](F)(F)(F)(F)F,139
Cc1ccccc1,CCCCCCCC[n+]1ccn(C)c1.F[P-](F)(F)(F)(F)F,323.15,1.37,CCCCCCCC[n+]1ccn(C)c1.F[P-](F)(F)(F)(F)F,139
Cc1ccccc1,CCCCCCCC[n+]1ccn(C)c1.F[P-](F)(F)(F)(F)F,333.15,1.37,CCCCCCCC[n+]1ccn(C)c1.F[P-](F)(F)(F)(F)F,139
Cc1ccccc1,CCCCCCCC[n+]1ccn(C)c1.F[P-](F)(F)(F)(F)F,333.15,1.41,CCCCCCCC[n+]1ccn(C)c1.F[P-](F)(F)(F)(F)F,139
Cc1ccccc1,CCCC[n+]1ccn(C)c1.F[Sb-](F)(F)(F)(F)F,313.15,1.784,CCCC[n+]1ccn(C)c1.F[Sb-](F)(F)(F)(F)F,213
Cc1ccccc1,CCCC[n+]1ccn(C)c1.F[Sb-](F)(F)(F)(F)F,313.15,1.87,CCCC[n+]1ccn(C)c1.F[Sb-](F)(F)(F)(F)F,213
Cc1ccccc1,CCCC[n+]1ccn(C)c1.F[Sb-](F)(F)(F)(F)F,323.15,1.88,CCCC[n+]1ccn(C)c1.F[Sb-](F)(F)(F)(F)F,213
Cc1ccccc1,CCCC[n+]1ccn(C)c1.F[Sb-](F)(F)(F)(F)F,323.15,1.94,CCCC[n+]1ccn(C)c1.F[Sb-](F)(F)(F)(F)F,213
Cc1ccccc1,CCCC[n+]1ccn(C)c1.F[Sb-](F)(F)(F)(F)F,333.15,1.92,CCCC[n+]1ccn(C)c1.F[Sb-](F)(F)(F)(F)F,213
Cc1ccccc1,CCCC[n+]1ccn(C)c1.F[Sb-](F)(F)(F)(F)F,333.15,1.97,CCCC[n+]1ccn(C)c1.F[Sb-](F)(F)(F)(F)F,213
Cc1ccccc1,CCOS(=O)(=O)[O-].CC[n+]1ccn(C)c1,312.3,5.77,CCOS(=O)(=O)[O-].CC[n+]1ccn(C)c1,214
Cc1ccccc1,CCOS(=O)(=O)[O-].CC[n+]1ccn(C)c1,323,5.62,CCOS(=O)(=O)[O-].CC[n+]1ccn(C)c1,214
Cc1ccccc1,CCOS(=O)(=O)[O-].CC[n+]1ccn(C)c1,333.5,5.45,CCOS(=O)(=O)[O-].CC[n+]1ccn(C)c1,214
Cc1ccccc1,CCOS(=O)(=O)[O-].CC[n+]1ccn(C)c1,343.9,5.29,CCOS(=O)(=O)[O-].CC[n+]1ccn(C)c1,214
Cc1ccccc1,CCOS(=O)(=O)[O-].CC[n+]1ccn(C)c1,354.4,5.08,CCOS(=O)(=O)[O-].CC[n+]1ccn(C)c1,214
Cc1ccccc1,CCOS(=O)(=O)[O-].CC[n+]1ccn(C)c1,364.7,4.88,CCOS(=O)(=O)[O-].CC[n+]1ccn(C)c1,214
Cc1ccccc1,CCCC[n+]1ccn(C)c1.O=S(=O)([O-])O,313,8.51,CCCC[n+]1ccn(C)c1.O=S(=O)([O-])O,215
Cc1ccccc1,CCCC[n+]1ccn(C)c1.O=S(=O)([O-])O,333,9.22,CCCC[n+]1ccn(C)c1.O=S(=O)([O-])O,215
Cc1ccccc1,CCCC[n+]1ccn(C)c1.O=S(=O)([O-])O,353,9.7,CCCC[n+]1ccn(C)c1.O=S(=O)([O-])O,215
Cc1ccccc1,CCCC[n+]1ccn(C)c1.O=S(=O)([O-])O,373,11.1,CCCC[n+]1ccn(C)c1.O=S(=O)([O-])O,215
Cc1ccccc1,CCCC[n+]1ccn(C)c1.O=S(=O)([O-])O,393,13,CCCC[n+]1ccn(C)c1.O=S(=O)([O-])O,215
Cc1ccccc1,CCCC[n+]1ccn(C)c1.O=S(=O)([O-])O,413,13.9,CCCC[n+]1ccn(C)c1.O=S(=O)([O-])O,215
Cc1ccccc1,C[n+]1ccn(C[Si](C)(C)C)c1.[Cl-],313,4.1,C[n+]1ccn(C[Si](C)(C)C)c1.[Cl-],216
Cc1ccccc1,C[n+]1ccn(C[Si](C)(C)C)c1.[Cl-],333,3.8,C[n+]1ccn(C[Si](C)(C)C)c1.[Cl-],216
Cc1ccccc1,C[n+]1ccn(C[Si](C)(C)C)c1.[Cl-],353,4.07,C[n+]1ccn(C[Si](C)(C)C)c1.[Cl-],216
Cc1ccccc1,C[n+]1ccn(C[Si](C)(C)C)c1.[Cl-],373,4.67,C[n+]1ccn(C[Si](C)(C)C)c1.[Cl-],216
Cc1ccccc1,C[n+]1ccn(C[Si](C)(C)C)c1.[Cl-],393,5.46,C[n+]1ccn(C[Si](C)(C)C)c1.[Cl-],216
Cc1ccccc1,C[n+]1ccn(C[Si](C)(C)C)c1.[Cl-],413,6.21,C[n+]1ccn(C[Si](C)(C)C)c1.[Cl-],216
Cc1ccccc1,CC[n+]1ccn(C)c1.CS(=O)(=O)[O-],318.15,9.41,CC[n+]1ccn(C)c1.CS(=O)(=O)[O-],20
Cc1ccccc1,CC[n+]1ccn(C)c1.CS(=O)(=O)[O-],323.15,9.37,CC[n+]1ccn(C)c1.CS(=O)(=O)[O-],20
Cc1ccccc1,CC[n+]1ccn(C)c1.CS(=O)(=O)[O-],333.15,9.23,CC[n+]1ccn(C)c1.CS(=O)(=O)[O-],20
Cc1ccccc1,CC[n+]1ccn(C)c1.CS(=O)(=O)[O-],343.15,9.12,CC[n+]1ccn(C)c1.CS(=O)(=O)[O-],20
Cc1ccccc1,CC[n+]1ccn(C)c1.CS(=O)(=O)[O-],353.15,9,CC[n+]1ccn(C)c1.CS(=O)(=O)[O-],20
Cc1ccccc1,CCCC[N+]1(C)CCCCC1.N#C[S-],318.15,3.14,CCCC[N+]1(C)CCCCC1.N#C[S-],217
Cc1ccccc1,CCCC[N+]1(C)CCCCC1.N#C[S-],328.15,3.16,CCCC[N+]1(C)CCCCC1.N#C[S-],217
Cc1ccccc1,CCCC[N+]1(C)CCCCC1.N#C[S-],338.15,3.19,CCCC[N+]1(C)CCCCC1.N#C[S-],217
Cc1ccccc1,CCCC[N+]1(C)CCCCC1.N#C[S-],348.15,3.21,CCCC[N+]1(C)CCCCC1.N#C[S-],217
Cc1ccccc1,CCCC[N+]1(C)CCCCC1.N#C[S-],358.15,3.23,CCCC[N+]1(C)CCCCC1.N#C[S-],217
Cc1ccccc1,CCCCCC[n+]1ccn(C)c1.O=S(=O)([N-]S(=O)(=O)C(F)(F)F)C(F)(F)F,307.05,1.04,CCCCCC[n+]1ccn(C)c1.O=S(=O)([N-]S(=O)(=O)C(F)(F)F)C(F)(F)F,150
Cc1ccccc1,CCCCCC[n+]1ccn(C)c1.O=S(=O)([N-]S(=O)(=O)C(F)(F)F)C(F)(F)F,312.35,1.04,CCCCCC[n+]1ccn(C)c1.O=S(=O)([N-]S(=O)(=O)C(F)(F)F)C(F)(F)F,150
Cc1ccccc1,CCCCCC[n+]1ccn(C)c1.O=S(=O)([N-]S(=O)(=O)C(F)(F)F)C(F)(F)F,322.85,1.06,CCCCCC[n+]1ccn(C)c1.O=S(=O)([N-]S(=O)(=O)C(F)(F)F)C(F)(F)F,150
Cc1ccccc1,CCCCCC[n+]1ccn(C)c1.O=S(=O)([N-]S(=O)(=O)C(F)(F)F)C(F)(F)F,333.35,1.06,CCCCCC[n+]1ccn(C)c1.O=S(=O)([N-]S(=O)(=O)C(F)(F)F)C(F)(F)F,150
Cc1ccccc1,CCCCCC[n+]1ccn(C)c1.O=S(=O)([N-]S(=O)(=O)C(F)(F)F)C(F)(F)F,343.85,1.08,CCCCCC[n+]1ccn(C)c1.O=S(=O)([N-]S(=O)(=O)C(F)(F)F)C(F)(F)F,150
Cc1ccccc1,Cn1cc[n+](C)c1.O=S(=O)([N-]S(=O)(=O)C(F)(F)F)C(F)(F)F,293.15,2,Cn1cc[n+](C)c1.O=S(=O)([N-]S(=O)(=O)C(F)(F)F)C(F)(F)F,218
Cc1ccccc1,Cn1cc[n+](C)c1.O=S(=O)([N-]S(=O)(=O)C(F)(F)F)C(F)(F)F,303.15,2.01,Cn1cc[n+](C)c1.O=S(=O)([N-]S(=O)(=O)C(F)(F)F)C(F)(F)F,218
Cc1ccccc1,Cn1cc[n+](C)c1.O=S(=O)([N-]S(=O)(=O)C(F)(F)F)C(F)(F)F,313.15,2.02,Cn1cc[n+](C)c1.O=S(=O)([N-]S(=O)(=O)C(F)(F)F)C(F)(F)F,218
Cc1ccccc1,Cn1cc[n+](C)c1.O=S(=O)([N-]S(=O)(=O)C(F)(F)F)C(F)(F)F,323.15,2.04,Cn1cc[n+](C)c1.O=S(=O)([N-]S(=O)(=O)C(F)(F)F)C(F)(F)F,218
Cc1ccccc1,Cn1cc[n+](C)c1.O=S(=O)([N-]S(=O)(=O)C(F)(F)F)C(F)(F)F,333.15,2.08,Cn1cc[n+](C)c1.O=S(=O)([N-]S(=O)(=O)C(F)(F)F)C(F)(F)F,218
Cc1ccccc1,CCOS(=O)(=O)[O-].CC[n+]1ccn(C)c1,293.15,5.21,CCOS(=O)(=O)[O-].CC[n+]1ccn(C)c1,214
Cc1ccccc1,CCOS(=O)(=O)[O-].CC[n+]1ccn(C)c1,303.15,5.28,CCOS(=O)(=O)[O-].CC[n+]1ccn(C)c1,214
Cc1ccccc1,CCOS(=O)(=O)[O-].CC[n+]1ccn(C)c1,313.15,5.35,CCOS(=O)(=O)[O-].CC[n+]1ccn(C)c1,214
Cc1ccccc1,CCOS(=O)(=O)[O-].CC[n+]1ccn(C)c1,323.15,5.41,CCOS(=O)(=O)[O-].CC[n+]1ccn(C)c1,214
Cc1ccccc1,CCOS(=O)(=O)[O-].CC[n+]1ccn(C)c1,333.15,5.48,CCOS(=O)(=O)[O-].CC[n+]1ccn(C)c1,214
Cc1ccccc1,CCCC[n+]1ccn(C)c1.O=S(=O)([N-]S(=O)(=O)C(F)(F)F)C(F)(F)F,313,1.31,CCCC[n+]1ccn(C)c1.O=S(=O)([N-]S(=O)(=O)C(F)(F)F)C(F)(F)F,128
Cc1ccccc1,CCCC[n+]1ccn(C)c1.O=S(=O)([N-]S(=O)(=O)C(F)(F)F)C(F)(F)F,323,1.34,CCCC[n+]1ccn(C)c1.O=S(=O)([N-]S(=O)(=O)C(F)(F)F)C(F)(F)F,128
Cc1ccccc1,CCCC[n+]1ccn(C)c1.O=S(=O)([N-]S(=O)(=O)C(F)(F)F)C(F)(F)F,333,1.37,CCCC[n+]1ccn(C)c1.O=S(=O)([N-]S(=O)(=O)C(F)(F)F)C(F)(F)F,128
Cc1ccccc1,CCCC[n+]1ccn(C)c1.O=S(=O)([N-]S(=O)(=O)C(F)(F)F)C(F)(F)F,343,1.39,CCCC[n+]1ccn(C)c1.O=S(=O)([N-]S(=O)(=O)C(F)(F)F)C(F)(F)F,128
Cc1ccccc1,CCCC[n+]1ccn(C)c1.O=S(=O)([N-]S(=O)(=O)C(F)(F)F)C(F)(F)F,353,1.42,CCCC[n+]1ccn(C)c1.O=S(=O)([N-]S(=O)(=O)C(F)(F)F)C(F)(F)F,128
Cc1ccccc1,CCCC[n+]1ccn(C)c1.[Cl-],313,7.19,CCCC[n+]1ccn(C)c1.[Cl-],127
Cc1ccccc1,CCCC[n+]1ccn(C)c1.[Cl-],323,7.24,CCCC[n+]1ccn(C)c1.[Cl-],127
Cc1ccccc1,CCCC[n+]1ccn(C)c1.[Cl-],333,7.23,CCCC[n+]1ccn(C)c1.[Cl-],127
Cc1ccccc1,CCCC[n+]1ccn(C)c1.[Cl-],343,7.3,CCCC[n+]1ccn(C)c1.[Cl-],127
Cc1ccccc1,CCCC[n+]1ccn(C)c1.[Cl-],353,7.38,CCCC[n+]1ccn(C)c1.[Cl-],127
Cc1ccccc1,CCCC[N+](C)(C)C.O=S(=O)([N-]S(=O)(=O)C(F)(F)F)C(F)(F)F,322.75,1.73,CCCC[N+](C)(C)C.O=S(=O)([N-]S(=O)(=O)C(F)(F)F)C(F)(F)F,219
Cc1ccccc1,CCCC[N+](C)(C)C.O=S(=O)([N-]S(=O)(=O)C(F)(F)F)C(F)(F)F,333.25,1.71,CCCC[N+](C)(C)C.O=S(=O)([N-]S(=O)(=O)C(F)(F)F)C(F)(F)F,219
Cc1ccccc1,CCCC[N+](C)(C)C.O=S(=O)([N-]S(=O)(=O)C(F)(F)F)C(F)(F)F,343.65,1.7,CCCC[N+](C)(C)C.O=S(=O)([N-]S(=O)(=O)C(F)(F)F)C(F)(F)F,219
Cc1ccccc1,CCCC[N+](C)(C)C.O=S(=O)([N-]S(=O)(=O)C(F)(F)F)C(F)(F)F,364.45,1.68,CCCC[N+](C)(C)C.O=S(=O)([N-]S(=O)(=O)C(F)(F)F)C(F)(F)F,219
Cc1ccccc1,CCCCCCCCn1cc[n+](C)c1.O=S(=O)([N-]S(=O)(=O)C(F)(F)F)C(F)(F)F,303.15,0.82,CCCCCCCCn1cc[n+](C)c1.O=S(=O)([N-]S(=O)(=O)C(F)(F)F)C(F)(F)F,158
Cc1ccccc1,CCCCCCCCn1cc[n+](C)c1.O=S(=O)([N-]S(=O)(=O)C(F)(F)F)C(F)(F)F,313.15,0.83,CCCCCCCCn1cc[n+](C)c1.O=S(=O)([N-]S(=O)(=O)C(F)(F)F)C(F)(F)F,158
Cc1ccccc1,CCCCCCCCn1cc[n+](C)c1.O=S(=O)([N-]S(=O)(=O)C(F)(F)F)C(F)(F)F,323.15,0.85,CCCCCCCCn1cc[n+](C)c1.O=S(=O)([N-]S(=O)(=O)C(F)(F)F)C(F)(F)F,158
Cc1ccccc1,CCCCCCCCn1cc[n+](C)c1.O=S(=O)([N-]S(=O)(=O)C(F)(F)F)C(F)(F)F,333.15,0.85,CCCCCCCCn1cc[n+](C)c1.O=S(=O)([N-]S(=O)(=O)C(F)(F)F)C(F)(F)F,158
Cc1ccccc1,CCCCCC[n+]1ccn(C)c1.O=S(=O)([N-]S(=O)(=O)C(F)(F)F)C(F)(F)F,303.15,1.01,CCCCCC[n+]1ccn(C)c1.O=S(=O)([N-]S(=O)(=O)C(F)(F)F)C(F)(F)F,150
Cc1ccccc1,CCCCCC[n+]1ccn(C)c1.O=S(=O)([N-]S(=O)(=O)C(F)(F)F)C(F)(F)F,313.15,1.03,CCCCCC[n+]1ccn(C)c1.O=S(=O)([N-]S(=O)(=O)C(F)(F)F)C(F)(F)F,150
Cc1ccccc1,CCCCCC[n+]1ccn(C)c1.O=S(=O)([N-]S(=O)(=O)C(F)(F)F)C(F)(F)F,323.15,1.05,CCCCCC[n+]1ccn(C)c1.O=S(=O)([N-]S(=O)(=O)C(F)(F)F)C(F)(F)F,150
Cc1ccccc1,CCCCCC[n+]1ccn(C)c1.O=S(=O)([N-]S(=O)(=O)C(F)(F)F)C(F)(F)F,333.15,1.08,CCCCCC[n+]1ccn(C)c1.O=S(=O)([N-]S(=O)(=O)C(F)(F)F)C(F)(F)F,150
Cc1ccccc1,CC[n+]1ccn(C)c1.O=S(=O)([N-]S(=O)(=O)C(F)(F)F)C(F)(F)F,293.15,1.82,CC[n+]1ccn(C)c1.O=S(=O)([N-]S(=O)(=O)C(F)(F)F)C(F)(F)F,143
Cc1ccccc1,CC[n+]1ccn(C)c1.O=S(=O)([N-]S(=O)(=O)C(F)(F)F)C(F)(F)F,303.15,1.81,CC[n+]1ccn(C)c1.O=S(=O)([N-]S(=O)(=O)C(F)(F)F)C(F)(F)F,143
Cc1ccccc1,CC[n+]1ccn(C)c1.O=S(=O)([N-]S(=O)(=O)C(F)(F)F)C(F)(F)F,313.15,1.81,CC[n+]1ccn(C)c1.O=S(=O)([N-]S(=O)(=O)C(F)(F)F)C(F)(F)F,143
Cc1ccccc1,CC[n+]1ccn(C)c1.O=S(=O)([N-]S(=O)(=O)C(F)(F)F)C(F)(F)F,323.15,1.81,CC[n+]1ccn(C)c1.O=S(=O)([N-]S(=O)(=O)C(F)(F)F)C(F)(F)F,143
Cc1ccccc1,CCCC[n+]1ccn(C)c1.O=S(=O)([N-]S(=O)(=O)C(F)(F)F)C(F)(F)F,293.15,1.22,CCCC[n+]1ccn(C)c1.O=S(=O)([N-]S(=O)(=O)C(F)(F)F)C(F)(F)F,128
Cc1ccccc1,CCCC[n+]1ccn(C)c1.O=S(=O)([N-]S(=O)(=O)C(F)(F)F)C(F)(F)F,303.15,1.24,CCCC[n+]1ccn(C)c1.O=S(=O)([N-]S(=O)(=O)C(F)(F)F)C(F)(F)F,128
Cc1ccccc1,CCCC[n+]1ccn(C)c1.O=S(=O)([N-]S(=O)(=O)C(F)(F)F)C(F)(F)F,313.15,1.26,CCCC[n+]1ccn(C)c1.O=S(=O)([N-]S(=O)(=O)C(F)(F)F)C(F)(F)F,128
Cc1ccccc1,CCCC[n+]1ccn(C)c1.O=S(=O)([N-]S(=O)(=O)C(F)(F)F)C(F)(F)F,323.15,1.28,CCCC[n+]1ccn(C)c1.O=S(=O)([N-]S(=O)(=O)C(F)(F)F)C(F)(F)F,128
Cc1ccccc1,CCCC[n+]1ccn(C)c1.F[B-](F)(F)F,303.35,4.37,CCCC[n+]1ccn(C)c1.F[B-](F)(F)F,134
Cc1ccccc1,CCCC[n+]1ccn(C)c1.F[B-](F)(F)F,312.55,3.96,CCCC[n+]1ccn(C)c1.F[B-](F)(F)F,134
Cc1ccccc1,CCCC[n+]1ccn(C)c1.F[B-](F)(F)F,322.55,3.97,CCCC[n+]1ccn(C)c1.F[B-](F)(F)F,134
Cc1ccccc1,CCCC[n+]1ccn(C)c1.F[B-](F)(F)F,332.55,3.84,CCCC[n+]1ccn(C)c1.F[B-](F)(F)F,134
Cc1ccccc1,CCCCCCCC[N+](CCCCCCCC)(CCCCCCCC)CCCCCCCC.O=S(=O)([N-]S(=O)(=O)C(F)(F)F)C(F)(F)F,322.85,0.47,CCCCCCCC[N+](CCCCCCCC)(CCCCCCCC)CCCCCCCC.O=S(=O)([N-]S(=O)(=O)C(F)(F)F)C(F)(F)F,220
Cc1ccccc1,CCCCCCCC[N+](CCCCCCCC)(CCCCCCCC)CCCCCCCC.O=S(=O)([N-]S(=O)(=O)C(F)(F)F)C(F)(F)F,332.65,0.48,CCCCCCCC[N+](CCCCCCCC)(CCCCCCCC)CCCCCCCC.O=S(=O)([N-]S(=O)(=O)C(F)(F)F)C(F)(F)F,220
Cc1ccccc1,CCCCCCCC[N+](CCCCCCCC)(CCCCCCCC)CCCCCCCC.O=S(=O)([N-]S(=O)(=O)C(F)(F)F)C(F)(F)F,343.15,0.49,CCCCCCCC[N+](CCCCCCCC)(CCCCCCCC)CCCCCCCC.O=S(=O)([N-]S(=O)(=O)C(F)(F)F)C(F)(F)F,220
Cc1ccccc1,CCCCCCCCCC[N+](C)(C)C.O=S(=O)([N-]S(=O)(=O)C(F)(F)F)C(F)(F)F,322.85,0.84,CCCCCCCCCC[N+](C)(C)C.O=S(=O)([N-]S(=O)(=O)C(F)(F)F)C(F)(F)F,221
Cc1ccccc1,CCCCCCCCCC[N+](C)(C)C.O=S(=O)([N-]S(=O)(=O)C(F)(F)F)C(F)(F)F,332.65,0.89,CCCCCCCCCC[N+](C)(C)C.O=S(=O)([N-]S(=O)(=O)C(F)(F)F)C(F)(F)F,221
Cc1ccccc1,CCCCCCCCCC[N+](C)(C)C.O=S(=O)([N-]S(=O)(=O)C(F)(F)F)C(F)(F)F,343.15,0.89,CCCCCCCCCC[N+](C)(C)C.O=S(=O)([N-]S(=O)(=O)C(F)(F)F)C(F)(F)F,221
Cc1ccccc1,CCCC[N+](C)(CCCC)CCCC.O=S(=O)([N-]S(=O)(=O)C(F)(F)F)C(F)(F)F,322.85,1.13,CCCC[N+](C)(CCCC)CCCC.O=S(=O)([N-]S(=O)(=O)C(F)(F)F)C(F)(F)F,222
Cc1ccccc1,CCCC[N+](C)(CCCC)CCCC.O=S(=O)([N-]S(=O)(=O)C(F)(F)F)C(F)(F)F,332.65,1.19,CCCC[N+](C)(CCCC)CCCC.O=S(=O)([N-]S(=O)(=O)C(F)(F)F)C(F)(F)F,222
Cc1ccccc1,CCCC[N+](C)(CCCC)CCCC.O=S(=O)([N-]S(=O)(=O)C(F)(F)F)C(F)(F)F,343.15,1.19,CCCC[N+](C)(CCCC)CCCC.O=S(=O)([N-]S(=O)(=O)C(F)(F)F)C(F)(F)F,222
Cc1ccccc1,CCCCCCCC[N+](C)(C)C.O=S(=O)([N-]S(=O)(=O)C(F)(F)F)C(F)(F)F,322.85,0.97,CCCCCCCC[N+](C)(C)C.O=S(=O)([N-]S(=O)(=O)C(F)(F)F)C(F)(F)F,223
Cc1ccccc1,CCCCCCCC[N+](C)(C)C.O=S(=O)([N-]S(=O)(=O)C(F)(F)F)C(F)(F)F,332.65,0.98,CCCCCCCC[N+](C)(C)C.O=S(=O)([N-]S(=O)(=O)C(F)(F)F)C(F)(F)F,223
Cc1ccccc1,CCCCCCCC[N+](C)(C)C.O=S(=O)([N-]S(=O)(=O)C(F)(F)F)C(F)(F)F,343.15,0.98,CCCCCCCC[N+](C)(C)C.O=S(=O)([N-]S(=O)(=O)C(F)(F)F)C(F)(F)F,223
Cc1ccccc1,CCCCCCCCn1cc[n+](C)c1.[Cl-],298.15,2.79,CCCCCCCCn1cc[n+](C)c1.[Cl-],186
Cc1ccccc1,CCCCCCCCn1cc[n+](C)c1.[Cl-],308.15,2.6,CCCCCCCCn1cc[n+](C)c1.[Cl-],186
Cc1ccccc1,CCCCCCCCn1cc[n+](C)c1.[Cl-],318.15,2.55,CCCCCCCCn1cc[n+](C)c1.[Cl-],186
Cc1ccccc1,CCCCCCCCOS(=O)(=O)[O-].CCCC[n+]1ccn(C)c1,323.15,1.34,CCCCCCCCOS(=O)(=O)[O-].CCCC[n+]1ccn(C)c1,167
Cc1ccccc1,CCCCCCCCOS(=O)(=O)[O-].CCCC[n+]1ccn(C)c1,333.15,1.5,CCCCCCCCOS(=O)(=O)[O-].CCCC[n+]1ccn(C)c1,167
Cc1ccccc1,CCCCCCCCOS(=O)(=O)[O-].CCCC[n+]1ccn(C)c1,343.15,1.63,CCCCCCCCOS(=O)(=O)[O-].CCCC[n+]1ccn(C)c1,167
Cc1ccccc1,CCCCCCCCCCCCCCCC[n+]1ccn(C)c1.F[B-](F)(F)F,323.15,0.95,CCCCCCCCCCCCCCCC[n+]1ccn(C)c1.F[B-](F)(F)F,224
Cc1ccccc1,CCCCCCCCCCCCCCCC[n+]1ccn(C)c1.F[B-](F)(F)F,333.15,0.96,CCCCCCCCCCCCCCCC[n+]1ccn(C)c1.F[B-](F)(F)F,224
Cc1ccccc1,CCCCCCCCCCCCCCCC[n+]1ccn(C)c1.F[B-](F)(F)F,343.15,0.98,CCCCCCCCCCCCCCCC[n+]1ccn(C)c1.F[B-](F)(F)F,224
Cc1ccccc1,CC[n+]1ccn(C)c1.N#C[N-]C#N,322.65,4.22,CC[n+]1ccn(C)c1.N#C[N-]C#N,225
Cc1ccccc1,CC[n+]1ccn(C)c1.N#C[N-]C#N,332.85,4.21,CC[n+]1ccn(C)c1.N#C[N-]C#N,225
Cc1ccccc1,CC[n+]1ccn(C)c1.N#C[N-]C#N,343.15,4.21,CC[n+]1ccn(C)c1.N#C[N-]C#N,225
Cc1ccccc1,CCCCCC[N+](C)(C)C.O=S(=O)([N-]S(=O)(=O)C(F)(F)F)C(F)(F)F,322.65,1.309,CCCCCC[N+](C)(C)C.O=S(=O)([N-]S(=O)(=O)C(F)(F)F)C(F)(F)F,226
Cc1ccccc1,CCCCCC[N+](C)(C)C.O=S(=O)([N-]S(=O)(=O)C(F)(F)F)C(F)(F)F,343.85,1.33,CCCCCC[N+](C)(C)C.O=S(=O)([N-]S(=O)(=O)C(F)(F)F)C(F)(F)F,226
Cc1ccccc1,CCCCCC[N+](C)(C)C.O=S(=O)([N-]S(=O)(=O)C(F)(F)F)C(F)(F)F,352.65,1.379,CCCCCC[N+](C)(C)C.O=S(=O)([N-]S(=O)(=O)C(F)(F)F)C(F)(F)F,226
Cc1ccccc1,CCCCCCCCn1cc[n+](COCCCOC[n+]2ccn(CCCCCCCC)c2C)c1C.O=S(=O)([N-]S(=O)(=O)C(F)(F)F)C(F)(F)F.O=S(=O)([N-]S(=O)(=O)C(F)(F)F)C(F)(F)F,323.15,0.54,CCCCCCCCn1cc[n+](COCCCOC[n+]2ccn(CCCCCCCC)c2C)c1C.O=S(=O)([N-]S(=O)(=O)C(F)(F)F)C(F)(F)F.O=S(=O)([N-]S(=O)(=O)C(F)(F)F)C(F)(F)F,227
Cc1ccccc1,CCCCCCCCn1cc[n+](COCCCOC[n+]2ccn(CCCCCCCC)c2C)c1C.O=S(=O)([N-]S(=O)(=O)C(F)(F)F)C(F)(F)F.O=S(=O)([N-]S(=O)(=O)C(F)(F)F)C(F)(F)F,333.15,0.53,CCCCCCCCn1cc[n+](COCCCOC[n+]2ccn(CCCCCCCC)c2C)c1C.O=S(=O)([N-]S(=O)(=O)C(F)(F)F)C(F)(F)F.O=S(=O)([N-]S(=O)(=O)C(F)(F)F)C(F)(F)F,227
Cc1ccccc1,CCCCCCCCn1cc[n+](COCCCOC[n+]2ccn(CCCCCCCC)c2C)c1C.O=S(=O)([N-]S(=O)(=O)C(F)(F)F)C(F)(F)F.O=S(=O)([N-]S(=O)(=O)C(F)(F)F)C(F)(F)F,343.15,0.54,CCCCCCCCn1cc[n+](COCCCOC[n+]2ccn(CCCCCCCC)c2C)c1C.O=S(=O)([N-]S(=O)(=O)C(F)(F)F)C(F)(F)F.O=S(=O)([N-]S(=O)(=O)C(F)(F)F)C(F)(F)F,227
Cc1ccccc1,CCCCCCCCn1cc[n+](COCCCOC[n+]2ccn(CCCCCCCC)c2C)c1C.N#C[N-]C#N.N#C[N-]C#N,323.15,0.94,CCCCCCCCn1cc[n+](COCCCOC[n+]2ccn(CCCCCCCC)c2C)c1C.N#C[N-]C#N.N#C[N-]C#N,228
Cc1ccccc1,CCCCCCCCn1cc[n+](COCCCOC[n+]2ccn(CCCCCCCC)c2C)c1C.N#C[N-]C#N.N#C[N-]C#N,333.15,0.95,CCCCCCCCn1cc[n+](COCCCOC[n+]2ccn(CCCCCCCC)c2C)c1C.N#C[N-]C#N.N#C[N-]C#N,228
Cc1ccccc1,CCCCCCCCn1cc[n+](COCCCOC[n+]2ccn(CCCCCCCC)c2C)c1C.N#C[N-]C#N.N#C[N-]C#N,343.15,0.97,CCCCCCCCn1cc[n+](COCCCOC[n+]2ccn(CCCCCCCC)c2C)c1C.N#C[N-]C#N.N#C[N-]C#N,228
Cc1ccccc1,N#C[N-]C#N.N#C[N-]C#N.c1ccc(Cn2cc[n+](COCCCOC[n+]3ccn(Cc4ccccc4)c3)c2)cc1,323.15,5.08,N#C[N-]C#N.N#C[N-]C#N.c1ccc(Cn2cc[n+](COCCCOC[n+]3ccn(Cc4ccccc4)c3)c2)cc1,229
Cc1ccccc1,N#C[N-]C#N.N#C[N-]C#N.c1ccc(Cn2cc[n+](COCCCOC[n+]3ccn(Cc4ccccc4)c3)c2)cc1,333.15,4.97,N#C[N-]C#N.N#C[N-]C#N.c1ccc(Cn2cc[n+](COCCCOC[n+]3ccn(Cc4ccccc4)c3)c2)cc1,229
Cc1ccccc1,N#C[N-]C#N.N#C[N-]C#N.c1ccc(Cn2cc[n+](COCCCOC[n+]3ccn(Cc4ccccc4)c3)c2)cc1,343.15,4.8,N#C[N-]C#N.N#C[N-]C#N.c1ccc(Cn2cc[n+](COCCCOC[n+]3ccn(Cc4ccccc4)c3)c2)cc1,229
Cc1ccccc1,CCCOCn1cc[n+](Cc2ccccc2)c1.N#C[N-]C#N,323.15,2.29,CCCOCn1cc[n+](Cc2ccccc2)c1.N#C[N-]C#N,230
Cc1ccccc1,CCCOCn1cc[n+](Cc2ccccc2)c1.N#C[N-]C#N,333.15,2.26,CCCOCn1cc[n+](Cc2ccccc2)c1.N#C[N-]C#N,230
Cc1ccccc1,CCCOCn1cc[n+](Cc2ccccc2)c1.N#C[N-]C#N,343.15,2.25,CCCOCn1cc[n+](Cc2ccccc2)c1.N#C[N-]C#N,230
Cc1ccccc1,Cn1cc[n+](COCCCOC[n+]2ccn(C)c2)c1.N#C[N-]C#N.N#C[N-]C#N,323.15,5.63,Cn1cc[n+](COCCCOC[n+]2ccn(C)c2)c1.N#C[N-]C#N.N#C[N-]C#N,231
Cc1ccccc1,Cn1cc[n+](COCCCOC[n+]2ccn(C)c2)c1.N#C[N-]C#N.N#C[N-]C#N,333.15,5.58,Cn1cc[n+](COCCCOC[n+]2ccn(C)c2)c1.N#C[N-]C#N.N#C[N-]C#N,231
Cc1ccccc1,Cn1cc[n+](COCCCOC[n+]2ccn(C)c2)c1.N#C[N-]C#N.N#C[N-]C#N,343.15,5.49,Cn1cc[n+](COCCCOC[n+]2ccn(C)c2)c1.N#C[N-]C#N.N#C[N-]C#N,231
Cc1ccccc1,CCCCCCCCn1cc[n+](COCCCOC[n+]2ccn(CCCCCCCC)c2C)c1C.F[B-](F)(F)F.F[B-](F)(F)F,323.15,1.08,CCCCCCCCn1cc[n+](COCCCOC[n+]2ccn(CCCCCCCC)c2C)c1C.F[B-](F)(F)F.F[B-](F)(F)F,232
Cc1ccccc1,CCCCCCCCn1cc[n+](COCCCOC[n+]2ccn(CCCCCCCC)c2C)c1C.F[B-](F)(F)F.F[B-](F)(F)F,333.15,1.09,CCCCCCCCn1cc[n+](COCCCOC[n+]2ccn(CCCCCCCC)c2C)c1C.F[B-](F)(F)F.F[B-](F)(F)F,232
Cc1ccccc1,CCCCCCCCn1cc[n+](COCCCOC[n+]2ccn(CCCCCCCC)c2C)c1C.F[B-](F)(F)F.F[B-](F)(F)F,343.15,1.13,CCCCCCCCn1cc[n+](COCCCOC[n+]2ccn(CCCCCCCC)c2C)c1C.F[B-](F)(F)F.F[B-](F)(F)F,232
Cc1ccccc1,CCCOCn1cc[n+](Cc2ccccc2)c1.O=S(=O)([N-]S(=O)(=O)C(F)(F)F)C(F)(F)F,323.15,1.09,CCCOCn1cc[n+](Cc2ccccc2)c1.O=S(=O)([N-]S(=O)(=O)C(F)(F)F)C(F)(F)F,233
Cc1ccccc1,CCCOCn1cc[n+](Cc2ccccc2)c1.O=S(=O)([N-]S(=O)(=O)C(F)(F)F)C(F)(F)F,333.15,0.97,CCCOCn1cc[n+](Cc2ccccc2)c1.O=S(=O)([N-]S(=O)(=O)C(F)(F)F)C(F)(F)F,233
Cc1ccccc1,CCCOCn1cc[n+](Cc2ccccc2)c1.O=S(=O)([N-]S(=O)(=O)C(F)(F)F)C(F)(F)F,343.15,0.96,CCCOCn1cc[n+](Cc2ccccc2)c1.O=S(=O)([N-]S(=O)(=O)C(F)(F)F)C(F)(F)F,233
Cc1ccccc1,CCCOCn1cc[n+](C)c1.F[B-](F)(F)F,323.15,6.06,CCCOCn1cc[n+](C)c1.F[B-](F)(F)F,234
Cc1ccccc1,CCCOCn1cc[n+](C)c1.F[B-](F)(F)F,333.15,6.02,CCCOCn1cc[n+](C)c1.F[B-](F)(F)F,234
Cc1ccccc1,CCCOCn1cc[n+](C)c1.F[B-](F)(F)F,343.15,5.98,CCCOCn1cc[n+](C)c1.F[B-](F)(F)F,234
Cc1ccccc1,CCCOCn1cc[n+](C)c1.N#C[N-]C#N,323.15,3.6,CCCOCn1cc[n+](C)c1.N#C[N-]C#N,235
Cc1ccccc1,CCCOCn1cc[n+](C)c1.N#C[N-]C#N,333.15,3.65,CCCOCn1cc[n+](C)c1.N#C[N-]C#N,235
Cc1ccccc1,CCCOCn1cc[n+](C)c1.N#C[N-]C#N,343.15,3.77,CCCOCn1cc[n+](C)c1.N#C[N-]C#N,235
Cc1ccccc1,CCCOC[n+]1ccc(N(C)C)cc1.O=S(=O)([N-]S(=O)(=O)C(F)(F)F)C(F)(F)F,323.15,0.99,CCCOC[n+]1ccc(N(C)C)cc1.O=S(=O)([N-]S(=O)(=O)C(F)(F)F)C(F)(F)F,236
Cc1ccccc1,CCCOC[n+]1ccc(N(C)C)cc1.O=S(=O)([N-]S(=O)(=O)C(F)(F)F)C(F)(F)F,333.15,1.04,CCCOC[n+]1ccc(N(C)C)cc1.O=S(=O)([N-]S(=O)(=O)C(F)(F)F)C(F)(F)F,236
Cc1ccccc1,CCCOC[n+]1ccc(N(C)C)cc1.O=S(=O)([N-]S(=O)(=O)C(F)(F)F)C(F)(F)F,343.15,1.05,CCCOC[n+]1ccc(N(C)C)cc1.O=S(=O)([N-]S(=O)(=O)C(F)(F)F)C(F)(F)F,236
Cc1ccccc1,CN(C)c1cc[n+](COCCCOC[n+]2ccc(N(C)C)cc2)cc1.O=S(=O)([N-]S(=O)(=O)C(F)(F)F)C(F)(F)F.O=S(=O)([N-]S(=O)(=O)C(F)(F)F)C(F)(F)F,323.15,0.92,CN(C)c1cc[n+](COCCCOC[n+]2ccc(N(C)C)cc2)cc1.O=S(=O)([N-]S(=O)(=O)C(F)(F)F)C(F)(F)F.O=S(=O)([N-]S(=O)(=O)C(F)(F)F)C(F)(F)F,237
Cc1ccccc1,CN(C)c1cc[n+](COCCCOC[n+]2ccc(N(C)C)cc2)cc1.O=S(=O)([N-]S(=O)(=O)C(F)(F)F)C(F)(F)F.O=S(=O)([N-]S(=O)(=O)C(F)(F)F)C(F)(F)F,333.15,0.94,CN(C)c1cc[n+](COCCCOC[n+]2ccc(N(C)C)cc2)cc1.O=S(=O)([N-]S(=O)(=O)C(F)(F)F)C(F)(F)F.O=S(=O)([N-]S(=O)(=O)C(F)(F)F)C(F)(F)F,237
Cc1ccccc1,CN(C)c1cc[n+](COCCCOC[n+]2ccc(N(C)C)cc2)cc1.O=S(=O)([N-]S(=O)(=O)C(F)(F)F)C(F)(F)F.O=S(=O)([N-]S(=O)(=O)C(F)(F)F)C(F)(F)F,343.15,0.96,CN(C)c1cc[n+](COCCCOC[n+]2ccc(N(C)C)cc2)cc1.O=S(=O)([N-]S(=O)(=O)C(F)(F)F)C(F)(F)F.O=S(=O)([N-]S(=O)(=O)C(F)(F)F)C(F)(F)F,237
Cc1ccccc1,CCCOCn1cc[n+](Cc2ccccc2)c1.F[B-](F)(F)F,323.15,3.12,CCCOCn1cc[n+](Cc2ccccc2)c1.F[B-](F)(F)F,238
Cc1ccccc1,CCCOCn1cc[n+](Cc2ccccc2)c1.F[B-](F)(F)F,333.15,3.03,CCCOCn1cc[n+](Cc2ccccc2)c1.F[B-](F)(F)F,238
Cc1ccccc1,CCCOCn1cc[n+](Cc2ccccc2)c1.F[B-](F)(F)F,343.15,3.04,CCCOCn1cc[n+](Cc2ccccc2)c1.F[B-](F)(F)F,238
Cc1ccccc1,CCCCCCCC[n+]1ccn(COCCC)c1C.N#C[N-]C#N,323.15,1.43,CCCCCCCC[n+]1ccn(COCCC)c1C.N#C[N-]C#N,239
Cc1ccccc1,CCCCCCCC[n+]1ccn(COCCC)c1C.N#C[N-]C#N,333.15,1.22,CCCCCCCC[n+]1ccn(COCCC)c1C.N#C[N-]C#N,239
Cc1ccccc1,CCCCCCCC[n+]1ccn(COCCC)c1C.N#C[N-]C#N,343.15,1.15,CCCCCCCC[n+]1ccn(COCCC)c1C.N#C[N-]C#N,239
Cc1ccccc1,Cn1cc[n+](COCCCOC[n+]2ccn(C)c2)c1.O=S(=O)([N-]S(=O)(=O)C(F)(F)F)C(F)(F)F.O=S(=O)([N-]S(=O)(=O)C(F)(F)F)C(F)(F)F,323.15,1.46,Cn1cc[n+](COCCCOC[n+]2ccn(C)c2)c1.O=S(=O)([N-]S(=O)(=O)C(F)(F)F)C(F)(F)F.O=S(=O)([N-]S(=O)(=O)C(F)(F)F)C(F)(F)F,240
Cc1ccccc1,Cn1cc[n+](COCCCOC[n+]2ccn(C)c2)c1.O=S(=O)([N-]S(=O)(=O)C(F)(F)F)C(F)(F)F.O=S(=O)([N-]S(=O)(=O)C(F)(F)F)C(F)(F)F,333.15,1.48,Cn1cc[n+](COCCCOC[n+]2ccn(C)c2)c1.O=S(=O)([N-]S(=O)(=O)C(F)(F)F)C(F)(F)F.O=S(=O)([N-]S(=O)(=O)C(F)(F)F)C(F)(F)F,240
Cc1ccccc1,Cn1cc[n+](COCCCOC[n+]2ccn(C)c2)c1.O=S(=O)([N-]S(=O)(=O)C(F)(F)F)C(F)(F)F.O=S(=O)([N-]S(=O)(=O)C(F)(F)F)C(F)(F)F,343.15,1.46,Cn1cc[n+](COCCCOC[n+]2ccn(C)c2)c1.O=S(=O)([N-]S(=O)(=O)C(F)(F)F)C(F)(F)F.O=S(=O)([N-]S(=O)(=O)C(F)(F)F)C(F)(F)F,240
Cc1ccccc1,CCCCCCCC[n+]1ccn(COCCC)c1C.O=S(=O)([N-]S(=O)(=O)C(F)(F)F)C(F)(F)F,323.15,0.76,CCCCCCCC[n+]1ccn(COCCC)c1C.O=S(=O)([N-]S(=O)(=O)C(F)(F)F)C(F)(F)F,241
Cc1ccccc1,CCCCCCCC[n+]1ccn(COCCC)c1C.O=S(=O)([N-]S(=O)(=O)C(F)(F)F)C(F)(F)F,333.15,0.76,CCCCCCCC[n+]1ccn(COCCC)c1C.O=S(=O)([N-]S(=O)(=O)C(F)(F)F)C(F)(F)F,241
Cc1ccccc1,CCCCCCCC[n+]1ccn(COCCC)c1C.O=S(=O)([N-]S(=O)(=O)C(F)(F)F)C(F)(F)F,343.15,0.77,CCCCCCCC[n+]1ccn(COCCC)c1C.O=S(=O)([N-]S(=O)(=O)C(F)(F)F)C(F)(F)F,241
Cc1ccccc1,CCCOCn1cc[n+](C)c1.O=S(=O)([N-]S(=O)(=O)C(F)(F)F)C(F)(F)F,323.15,1.7,CCCOCn1cc[n+](C)c1.O=S(=O)([N-]S(=O)(=O)C(F)(F)F)C(F)(F)F,242
Cc1ccccc1,CCCOCn1cc[n+](C)c1.O=S(=O)([N-]S(=O)(=O)C(F)(F)F)C(F)(F)F,333.15,1.68,CCCOCn1cc[n+](C)c1.O=S(=O)([N-]S(=O)(=O)C(F)(F)F)C(F)(F)F,242
Cc1ccccc1,CCCOCn1cc[n+](C)c1.O=S(=O)([N-]S(=O)(=O)C(F)(F)F)C(F)(F)F,343.15,1.69,CCCOCn1cc[n+](C)c1.O=S(=O)([N-]S(=O)(=O)C(F)(F)F)C(F)(F)F,242
Cc1ccccc1,CC[n+]1ccn(C)c1.O=S(=O)([O-])C(F)(F)F,313.15,3.51,CC[n+]1ccn(C)c1.O=S(=O)([O-])C(F)(F)F,243
Cc1ccccc1,CC[n+]1ccn(C)c1.O=S(=O)([O-])C(F)(F)F,323.15,3.53,CC[n+]1ccn(C)c1.O=S(=O)([O-])C(F)(F)F,243
Cc1ccccc1,CC[n+]1ccn(C)c1.O=S(=O)([O-])C(F)(F)F,333.15,3.64,CC[n+]1ccn(C)c1.O=S(=O)([O-])C(F)(F)F,243
Cc1ccccc1,CC[n+]1ccn(C)c1.O=S(=O)([O-])C(F)(F)F,313.15,3.62,CC[n+]1ccn(C)c1.O=S(=O)([O-])C(F)(F)F,243
Cc1ccccc1,CC[n+]1ccn(C)c1.O=S(=O)([O-])C(F)(F)F,323.15,3.65,CC[n+]1ccn(C)c1.O=S(=O)([O-])C(F)(F)F,243
Cc1ccccc1,CC[n+]1ccn(C)c1.O=S(=O)([O-])C(F)(F)F,333.15,3.67,CC[n+]1ccn(C)c1.O=S(=O)([O-])C(F)(F)F,243
Cc1ccccc1,CCCCCCCCCCCCCC[P+](CCCCCC)(CCCCCC)CCCCCC.O=S(=O)([N-]S(=O)(=O)C(F)(F)F)C(F)(F)F,302.45,0.46,CCCCCCCCCCCCCC[P+](CCCCCC)(CCCCCC)CCCCCC.O=S(=O)([N-]S(=O)(=O)C(F)(F)F)C(F)(F)F,160
Cc1ccccc1,CCCCCCCCCCCCCC[P+](CCCCCC)(CCCCCC)CCCCCC.O=S(=O)([N-]S(=O)(=O)C(F)(F)F)C(F)(F)F,322.35,0.46,CCCCCCCCCCCCCC[P+](CCCCCC)(CCCCCC)CCCCCC.O=S(=O)([N-]S(=O)(=O)C(F)(F)F)C(F)(F)F,160
Cc1ccccc1,CCCCCCCCCCCCCC[P+](CCCCCC)(CCCCCC)CCCCCC.O=S(=O)([N-]S(=O)(=O)C(F)(F)F)C(F)(F)F,342.45,0.47,CCCCCCCCCCCCCC[P+](CCCCCC)(CCCCCC)CCCCCC.O=S(=O)([N-]S(=O)(=O)C(F)(F)F)C(F)(F)F,160
Cc1ccccc1,COn1cc[n+](OC)c1.O=S(=O)([N-]S(=O)(=O)C(F)(F)F)C(F)(F)F,312.45,3.33,COn1cc[n+](OC)c1.O=S(=O)([N-]S(=O)(=O)C(F)(F)F)C(F)(F)F,244
Cc1ccccc1,COn1cc[n+](OC)c1.O=S(=O)([N-]S(=O)(=O)C(F)(F)F)C(F)(F)F,323.15,3.15,COn1cc[n+](OC)c1.O=S(=O)([N-]S(=O)(=O)C(F)(F)F)C(F)(F)F,244
Cc1ccccc1,COn1cc[n+](OC)c1.O=S(=O)([N-]S(=O)(=O)C(F)(F)F)C(F)(F)F,332.7,3.1,COn1cc[n+](OC)c1.O=S(=O)([N-]S(=O)(=O)C(F)(F)F)C(F)(F)F,244
Cc1ccccc1,COCC[n+]1ccn(C)c1.O=S(=O)([N-]S(=O)(=O)C(F)(F)F)C(F)(F)F,332.65,1.76,COCC[n+]1ccn(C)c1.O=S(=O)([N-]S(=O)(=O)C(F)(F)F)C(F)(F)F,245
Cc1ccccc1,COCC[n+]1ccn(C)c1.O=S(=O)([N-]S(=O)(=O)C(F)(F)F)C(F)(F)F,342.75,1.78,COCC[n+]1ccn(C)c1.O=S(=O)([N-]S(=O)(=O)C(F)(F)F)C(F)(F)F,245
Cc1ccccc1,COCC[n+]1ccn(C)c1.O=S(=O)([N-]S(=O)(=O)C(F)(F)F)C(F)(F)F,353.15,1.77,COCC[n+]1ccn(C)c1.O=S(=O)([N-]S(=O)(=O)C(F)(F)F)C(F)(F)F,245
Cc1ccccc1,Cn1cc[n+](CCO)c1.O=S(=O)([N-]S(=O)(=O)C(F)(F)F)C(F)(F)F,322.55,3.36,Cn1cc[n+](CCO)c1.O=S(=O)([N-]S(=O)(=O)C(F)(F)F)C(F)(F)F,246
Cc1ccccc1,Cn1cc[n+](CCO)c1.O=S(=O)([N-]S(=O)(=O)C(F)(F)F)C(F)(F)F,332.55,3.28,Cn1cc[n+](CCO)c1.O=S(=O)([N-]S(=O)(=O)C(F)(F)F)C(F)(F)F,246
Cc1ccccc1,Cn1cc[n+](CCO)c1.O=S(=O)([N-]S(=O)(=O)C(F)(F)F)C(F)(F)F,342.85,3.25,Cn1cc[n+](CCO)c1.O=S(=O)([N-]S(=O)(=O)C(F)(F)F)C(F)(F)F,246
Cc1ccccc1,Cn1cc[n+](CCCC#N)c1.N#C[N-]C#N,312.75,8.12,Cn1cc[n+](CCCC#N)c1.N#C[N-]C#N,156
Cc1ccccc1,Cn1cc[n+](CCCC#N)c1.N#C[N-]C#N,322.55,8,Cn1cc[n+](CCCC#N)c1.N#C[N-]C#N,156
Cc1ccccc1,Cn1cc[n+](CCCC#N)c1.N#C[N-]C#N,332.55,7.87,Cn1cc[n+](CCCC#N)c1.N#C[N-]C#N,156
Cc1ccccc1,C[N+]1(CCCCCCCCCCCC[N+]2(C)CCCC2)CCCC1.O=S(=O)([N-]S(=O)(=O)C(F)(F)F)C(F)(F)F.O=S(=O)([N-]S(=O)(=O)C(F)(F)F)C(F)(F)F,313,0.346,C[N+]1(CCCCCCCCCCCC[N+]2(C)CCCC2)CCCC1.O=S(=O)([N-]S(=O)(=O)C(F)(F)F)C(F)(F)F.O=S(=O)([N-]S(=O)(=O)C(F)(F)F)C(F)(F)F,247
Cc1ccccc1,C[N+]1(CCCCCCCCCCCC[N+]2(C)CCCC2)CCCC1.O=S(=O)([N-]S(=O)(=O)C(F)(F)F)C(F)(F)F.O=S(=O)([N-]S(=O)(=O)C(F)(F)F)C(F)(F)F,323,0.417,C[N+]1(CCCCCCCCCCCC[N+]2(C)CCCC2)CCCC1.O=S(=O)([N-]S(=O)(=O)C(F)(F)F)C(F)(F)F.O=S(=O)([N-]S(=O)(=O)C(F)(F)F)C(F)(F)F,247
Cc1ccccc1,CCCCCCCCn1cc[n+](C)c1.F[B-](F)(F)F,298,1,CCCCCCCCn1cc[n+](C)c1.F[B-](F)(F)F,182
Cc1ccccc1,CCCCCCCCn1cc[n+](C)c1.F[B-](F)(F)F,323,0.9,CCCCCCCCn1cc[n+](C)c1.F[B-](F)(F)F,182
Cc1ccccc1,CCCC[n+]1ccn(C)c1.F[B-](F)(F)F,298,2.5,CCCC[n+]1ccn(C)c1.F[B-](F)(F)F,134
Cc1ccccc1,CCCC[n+]1ccn(C)c1.F[B-](F)(F)F,323,2.4,CCCC[n+]1ccn(C)c1.F[B-](F)(F)F,134
Cc1ccccc1,Cc1n(CCCC#N)cc[n+]1C.N#C[N-]C#N,303,5.3,Cc1n(CCCC#N)cc[n+]1C.N#C[N-]C#N,248
Cc1ccccc1,Cc1n(CCCC#N)cc[n+]1C.N#C[N-]C#N,323,4.6,Cc1n(CCCC#N)cc[n+]1C.N#C[N-]C#N,248
Cc1ccccc1,Cc1n(CCCC#N)cc[n+]1C.O=S(=O)([N-]S(=O)(=O)C(F)(F)F)C(F)(F)F,303,3.3,Cc1n(CCCC#N)cc[n+]1C.O=S(=O)([N-]S(=O)(=O)C(F)(F)F)C(F)(F)F,249
Cc1ccccc1,Cc1n(CCCC#N)cc[n+]1C.O=S(=O)([N-]S(=O)(=O)C(F)(F)F)C(F)(F)F,323,3.1,Cc1n(CCCC#N)cc[n+]1C.O=S(=O)([N-]S(=O)(=O)C(F)(F)F)C(F)(F)F,249
Cc1ccccc1,Cn1cc[n+](CCCC#N)c1.N#C[N-]C#N,303,4.3,Cn1cc[n+](CCCC#N)c1.N#C[N-]C#N,156
Cc1ccccc1,Cn1cc[n+](CCCC#N)c1.N#C[N-]C#N,323,4,Cn1cc[n+](CCCC#N)c1.N#C[N-]C#N,156
Cc1ccccc1,CCCCCCCCCCCCCCCCCC(=O)[O-].CCCC[n+]1ccn(C)c1,323,0.8,CCCCCCCCCCCCCCCCCC(=O)[O-].CCCC[n+]1ccn(C)c1,250
Cc1ccccc1,CCCCCCCCCCCCCCCCCC(=O)[O-].CCCC[n+]1ccn(C)c1,333,0.8,CCCCCCCCCCCCCCCCCC(=O)[O-].CCCC[n+]1ccn(C)c1,250
Cc1ccccc1,C[n+]1ccn(CCCC#N)c1.O=S(=O)([N-]S(=O)(=O)C(F)(F)F)C(F)(F)F,303,3.3,C[n+]1ccn(CCCC#N)c1.O=S(=O)([N-]S(=O)(=O)C(F)(F)F)C(F)(F)F,251
Cc1ccccc1,C[n+]1ccn(CCCC#N)c1.O=S(=O)([N-]S(=O)(=O)C(F)(F)F)C(F)(F)F,323,3.1,C[n+]1ccn(CCCC#N)c1.O=S(=O)([N-]S(=O)(=O)C(F)(F)F)C(F)(F)F,251
Cc1ccccc1,CC[n+]1ccn(C)c1.Cc1ccc(S(=O)(=O)[O-])cc1,323.15,4.72,CC[n+]1ccn(C)c1.Cc1ccc(S(=O)(=O)[O-])cc1,252
Cc1ccccc1,CCCCCCCCCCCCCCCC(=O)[O-].CCCC[n+]1ccn(C)c1,333,0.8,CCCCCCCCCCCCCCCC(=O)[O-].CCCC[n+]1ccn(C)c1,253
Cc1ccccc1,CCCC[n+]1ccn(C)c1.O=S(=O)([N-]S(=O)(=O)C(F)(F)F)C(F)(F)F,323,1.2,CCCC[n+]1ccn(C)c1.O=S(=O)([N-]S(=O)(=O)C(F)(F)F)C(F)(F)F,128
