MaxAbsEStateIndex,MaxEStateIndex,MinAbsEStateIndex,MinEStateIndex,qed,SPS,MolWt,HeavyAtomMolWt,ExactMolWt,NumValenceElectrons,NumRadicalElectrons,MaxPartialCharge,MinPartialCharge,MaxAbsPartialCharge,MinAbsPartialCharge,FpDensityMorgan1,FpDensityMorgan2,FpDensityMorgan3,BCUT2D_MWHI,BCUT2D_MWLOW,BCUT2D_CHGHI,BCUT2D_CHGLO,BCUT2D_LOGPHI,BCUT2D_LOGPLOW,BCUT2D_MRHI,BCUT2D_MRLOW,AvgIpc,BalabanJ,BertzCT,Chi0,Chi0n,Chi0v,Chi1,Chi1n,Chi1v,Chi2n,Chi2v,Chi3n,Chi3v,Chi4n,Chi4v,HallKierAlpha,Ipc,Kappa1,Kappa2,Kappa3,LabuteASA,PEOE_VSA1,PEOE_VSA10,PEOE_VSA11,PEOE_VSA12,PEOE_VSA13,PEOE_VSA14,PEOE_VSA2,PEOE_VSA3,PEOE_VSA4,PEOE_VSA5,PEOE_VSA6,PEOE_VSA7,PEOE_VSA8,PEOE_VSA9,SMR_VSA1,SMR_VSA10,SMR_VSA2,SMR_VSA3,SMR_VSA4,SMR_VSA5,SMR_VSA6,SMR_VSA7,SMR_VSA8,SMR_VSA9,SlogP_VSA1,SlogP_VSA10,SlogP_VSA11,SlogP_VSA12,SlogP_VSA2,SlogP_VSA3,SlogP_VSA4,SlogP_VSA5,SlogP_VSA6,SlogP_VSA7,SlogP_VSA8,SlogP_VSA9,TPSA,EState_VSA1,EState_VSA10,EState_VSA11,EState_VSA2,EState_VSA3,EState_VSA4,EState_VSA5,EState_VSA6,EState_VSA7,EState_VSA8,EState_VSA9,VSA_EState1,VSA_EState10,VSA_EState2,VSA_EState3,VSA_EState4,VSA_EState5,VSA_EState6,VSA_EState7,VSA_EState8,VSA_EState9,FractionCSP3,HeavyAtomCount,NHOHCount,NOCount,NumAliphaticCarbocycles,NumAliphaticHeterocycles,NumAliphaticRings,NumAromaticCarbocycles,NumAromaticHeterocycles,NumAromaticRings,NumHAcceptors,NumHDonors,NumHeteroatoms,NumRotatableBonds,NumSaturatedCarbocycles,NumSaturatedHeterocycles,NumSaturatedRings,RingCount,MolLogP,MolMR,fr_Al_COO,fr_Al_OH,fr_Al_OH_noTert,fr_ArN,fr_Ar_COO,fr_Ar_N,fr_Ar_NH,fr_Ar_OH,fr_COO,fr_COO2,fr_C_O,fr_C_O_noCOO,fr_C_S,fr_HOCCN,fr_Imine,fr_NH0,fr_NH1,fr_NH2,fr_N_O,fr_Ndealkylation1,fr_Ndealkylation2,fr_Nhpyrrole,fr_SH,fr_aldehyde,fr_alkyl_carbamate,fr_alkyl_halide,fr_allylic_oxid,fr_amide,fr_amidine,fr_aniline,fr_aryl_methyl,fr_azide,fr_azo,fr_barbitur,fr_benzene,fr_benzodiazepine,fr_bicyclic,fr_diazo,fr_dihydropyridine,fr_epoxide,fr_ester,fr_ether,fr_furan,fr_guanido,fr_halogen,fr_hdrzine,fr_hdrzone,fr_imidazole,fr_imide,fr_isocyan,fr_isothiocyan,fr_ketone,fr_ketone_Topliss,fr_lactam,fr_lactone,fr_methoxy,fr_morpholine,fr_nitrile,fr_nitro,fr_nitro_arom,fr_nitro_arom_nonortho,fr_nitroso,fr_oxazole,fr_oxime,fr_para_hydroxylation,fr_phenol,fr_phenol_noOrthoHbond,fr_phos_acid,fr_phos_ester,fr_piperdine,fr_piperzine,fr_priamide,fr_prisulfonamd,fr_pyridine,fr_quatN,fr_sulfide,fr_sulfonamd,fr_sulfone,fr_term_acetylene,fr_tetrazole,fr_thiazole,fr_thiocyan,fr_thiophene,fr_unbrch_alkane,fr_urea,index,Normalized SMILES,T/K,lnr
10.66203704,10.66203704,1.150138889,-6.090277778,0.476113751,11.88888889,288.291,273.171,288.075548,106,0,0.485234805,-0.741154773,0.741154773,0.485234805,1.388888889,1.888888889,2.166666667,32.24019366,10.33121447,2.364284301,-2.08125713,2.198790336,-2.300196409,7.861226175,-0.696345189,2.588571201,3.31E-07,453.8680716,14.39734123,10.01468492,10.8311815,8.075698503,5.10774789,6.51599618,3.570326072,4.941484412,1.877072277,2.444018987,0.97467268,0.97467268,-1.09,4884.633856,16.91,6.738687055,6.59817512,103.6008806,4.552749874,12.39368714,10.11812686,6.327320075,0,5.508330501,0,17.55199628,13.17124514,0,13.34455882,6.420821623,0,13.59242839,30.70889165,10.11812686,0,4.567099648,7.047671983,31.81846735,0,18.72100722,0,0,4.567099648,13.17124514,0,0,23.04597701,23.71055525,0,19.76538045,18.72100722,0,0,0,66.01,15.62645736,13.17124514,0,0,0,6.544756406,12.84164325,0,7.047671983,34.77894371,12.97054686,63.17972222,0,0,0,-5.645833333,0,0,8.817018141,3.361944444,-4.046184807,0.666666667,18,0,5,0,0,0,0,1,1,4,0,9,3,0,0,0,1,1.1641,56.2682,0,0,0,0,0,2,0,0,0,0,0,0,0,0,0,2,0,0,0,0,0,0,0,0,0,3,0,0,0,0,2,0,0,0,0,0,0,0,0,0,0,0,0,0,3,0,0,1,0,0,0,0,0,0,0,0,0,0,0,0,0,0,0,0,0,0,0,0,0,0,0,0,0,0,0,0,0,0,0,0,0,0,0,0,0,1,CCCC[n+]1ccn(C)c1.O=S(=O)([O-])C(F)(F)F,303.15,0.89853401
10.66203704,10.66203704,1.150138889,-6.090277778,0.476113751,11.88888889,288.291,273.171,288.075548,106,0,0.485234805,-0.741154773,0.741154773,0.485234805,1.388888889,1.888888889,2.166666667,32.24019366,10.33121447,2.364284301,-2.08125713,2.198790336,-2.300196409,7.861226175,-0.696345189,2.588571201,3.31E-07,453.8680716,14.39734123,10.01468492,10.8311815,8.075698503,5.10774789,6.51599618,3.570326072,4.941484412,1.877072277,2.444018987,0.97467268,0.97467268,-1.09,4884.633856,16.91,6.738687055,6.59817512,103.6008806,4.552749874,12.39368714,10.11812686,6.327320075,0,5.508330501,0,17.55199628,13.17124514,0,13.34455882,6.420821623,0,13.59242839,30.70889165,10.11812686,0,4.567099648,7.047671983,31.81846735,0,18.72100722,0,0,4.567099648,13.17124514,0,0,23.04597701,23.71055525,0,19.76538045,18.72100722,0,0,0,66.01,15.62645736,13.17124514,0,0,0,6.544756406,12.84164325,0,7.047671983,34.77894371,12.97054686,63.17972222,0,0,0,-5.645833333,0,0,8.817018141,3.361944444,-4.046184807,0.666666667,18,0,5,0,0,0,0,1,1,4,0,9,3,0,0,0,1,1.1641,56.2682,0,0,0,0,0,2,0,0,0,0,0,0,0,0,0,2,0,0,0,0,0,0,0,0,0,3,0,0,0,0,2,0,0,0,0,0,0,0,0,0,0,0,0,0,3,0,0,1,0,0,0,0,0,0,0,0,0,0,0,0,0,0,0,0,0,0,0,0,0,0,0,0,0,0,0,0,0,0,0,0,0,0,0,0,0,1,CCCC[n+]1ccn(C)c1.O=S(=O)([O-])C(F)(F)F,313.15,0.906240396
10.66203704,10.66203704,1.150138889,-6.090277778,0.476113751,11.88888889,288.291,273.171,288.075548,106,0,0.485234805,-0.741154773,0.741154773,0.485234805,1.388888889,1.888888889,2.166666667,32.24019366,10.33121447,2.364284301,-2.08125713,2.198790336,-2.300196409,7.861226175,-0.696345189,2.588571201,3.31E-07,453.8680716,14.39734123,10.01468492,10.8311815,8.075698503,5.10774789,6.51599618,3.570326072,4.941484412,1.877072277,2.444018987,0.97467268,0.97467268,-1.09,4884.633856,16.91,6.738687055,6.59817512,103.6008806,4.552749874,12.39368714,10.11812686,6.327320075,0,5.508330501,0,17.55199628,13.17124514,0,13.34455882,6.420821623,0,13.59242839,30.70889165,10.11812686,0,4.567099648,7.047671983,31.81846735,0,18.72100722,0,0,4.567099648,13.17124514,0,0,23.04597701,23.71055525,0,19.76538045,18.72100722,0,0,0,66.01,15.62645736,13.17124514,0,0,0,6.544756406,12.84164325,0,7.047671983,34.77894371,12.97054686,63.17972222,0,0,0,-5.645833333,0,0,8.817018141,3.361944444,-4.046184807,0.666666667,18,0,5,0,0,0,0,1,1,4,0,9,3,0,0,0,1,1.1641,56.2682,0,0,0,0,0,2,0,0,0,0,0,0,0,0,0,2,0,0,0,0,0,0,0,0,0,3,0,0,0,0,2,0,0,0,0,0,0,0,0,0,0,0,0,0,3,0,0,1,0,0,0,0,0,0,0,0,0,0,0,0,0,0,0,0,0,0,0,0,0,0,0,0,0,0,0,0,0,0,0,0,0,0,0,0,0,1,CCCC[n+]1ccn(C)c1.O=S(=O)([O-])C(F)(F)F,323.15,0.91228271
10.66203704,10.66203704,1.150138889,-6.090277778,0.476113751,11.88888889,288.291,273.171,288.075548,106,0,0.485234805,-0.741154773,0.741154773,0.485234805,1.388888889,1.888888889,2.166666667,32.24019366,10.33121447,2.364284301,-2.08125713,2.198790336,-2.300196409,7.861226175,-0.696345189,2.588571201,3.31E-07,453.8680716,14.39734123,10.01468492,10.8311815,8.075698503,5.10774789,6.51599618,3.570326072,4.941484412,1.877072277,2.444018987,0.97467268,0.97467268,-1.09,4884.633856,16.91,6.738687055,6.59817512,103.6008806,4.552749874,12.39368714,10.11812686,6.327320075,0,5.508330501,0,17.55199628,13.17124514,0,13.34455882,6.420821623,0,13.59242839,30.70889165,10.11812686,0,4.567099648,7.047671983,31.81846735,0,18.72100722,0,0,4.567099648,13.17124514,0,0,23.04597701,23.71055525,0,19.76538045,18.72100722,0,0,0,66.01,15.62645736,13.17124514,0,0,0,6.544756406,12.84164325,0,7.047671983,34.77894371,12.97054686,63.17972222,0,0,0,-5.645833333,0,0,8.817018141,3.361944444,-4.046184807,0.666666667,18,0,5,0,0,0,0,1,1,4,0,9,3,0,0,0,1,1.1641,56.2682,0,0,0,0,0,2,0,0,0,0,0,0,0,0,0,2,0,0,0,0,0,0,0,0,0,3,0,0,0,0,2,0,0,0,0,0,0,0,0,0,0,0,0,0,3,0,0,1,0,0,0,0,0,0,0,0,0,0,0,0,0,0,0,0,0,0,0,0,0,0,0,0,0,0,0,0,0,0,0,0,0,0,0,0,0,1,CCCC[n+]1ccn(C)c1.O=S(=O)([O-])C(F)(F)F,333.15,0.92068108
10.66203704,10.66203704,1.150138889,-6.090277778,0.476113751,11.88888889,288.291,273.171,288.075548,106,0,0.485234805,-0.741154773,0.741154773,0.485234805,1.388888889,1.888888889,2.166666667,32.24019366,10.33121447,2.364284301,-2.08125713,2.198790336,-2.300196409,7.861226175,-0.696345189,2.588571201,3.31E-07,453.8680716,14.39734123,10.01468492,10.8311815,8.075698503,5.10774789,6.51599618,3.570326072,4.941484412,1.877072277,2.444018987,0.97467268,0.97467268,-1.09,4884.633856,16.91,6.738687055,6.59817512,103.6008806,4.552749874,12.39368714,10.11812686,6.327320075,0,5.508330501,0,17.55199628,13.17124514,0,13.34455882,6.420821623,0,13.59242839,30.70889165,10.11812686,0,4.567099648,7.047671983,31.81846735,0,18.72100722,0,0,4.567099648,13.17124514,0,0,23.04597701,23.71055525,0,19.76538045,18.72100722,0,0,0,66.01,15.62645736,13.17124514,0,0,0,6.544756406,12.84164325,0,7.047671983,34.77894371,12.97054686,63.17972222,0,0,0,-5.645833333,0,0,8.817018141,3.361944444,-4.046184807,0.666666667,18,0,5,0,0,0,0,1,1,4,0,9,3,0,0,0,1,1.1641,56.2682,0,0,0,0,0,2,0,0,0,0,0,0,0,0,0,2,0,0,0,0,0,0,0,0,0,3,0,0,0,0,2,0,0,0,0,0,0,0,0,0,0,0,0,0,3,0,0,1,0,0,0,0,0,0,0,0,0,0,0,0,0,0,0,0,0,0,0,0,0,0,0,0,0,0,0,0,0,0,0,0,0,0,0,0,0,1,CCCC[n+]1ccn(C)c1.O=S(=O)([O-])C(F)(F)F,343.15,0.928614482
10.66203704,10.66203704,1.150138889,-6.090277778,0.476113751,11.88888889,288.291,273.171,288.075548,106,0,0.485234805,-0.741154773,0.741154773,0.485234805,1.388888889,1.888888889,2.166666667,32.24019366,10.33121447,2.364284301,-2.08125713,2.198790336,-2.300196409,7.861226175,-0.696345189,2.588571201,3.31E-07,453.8680716,14.39734123,10.01468492,10.8311815,8.075698503,5.10774789,6.51599618,3.570326072,4.941484412,1.877072277,2.444018987,0.97467268,0.97467268,-1.09,4884.633856,16.91,6.738687055,6.59817512,103.6008806,4.552749874,12.39368714,10.11812686,6.327320075,0,5.508330501,0,17.55199628,13.17124514,0,13.34455882,6.420821623,0,13.59242839,30.70889165,10.11812686,0,4.567099648,7.047671983,31.81846735,0,18.72100722,0,0,4.567099648,13.17124514,0,0,23.04597701,23.71055525,0,19.76538045,18.72100722,0,0,0,66.01,15.62645736,13.17124514,0,0,0,6.544756406,12.84164325,0,7.047671983,34.77894371,12.97054686,63.17972222,0,0,0,-5.645833333,0,0,8.817018141,3.361944444,-4.046184807,0.666666667,18,0,5,0,0,0,0,1,1,4,0,9,3,0,0,0,1,1.1641,56.2682,0,0,0,0,0,2,0,0,0,0,0,0,0,0,0,2,0,0,0,0,0,0,0,0,0,3,0,0,0,0,2,0,0,0,0,0,0,0,0,0,0,0,0,0,3,0,0,1,0,0,0,0,0,0,0,0,0,0,0,0,0,0,0,0,0,0,0,0,0,0,0,0,0,0,0,0,0,0,0,0,0,0,0,0,0,1,CCCC[n+]1ccn(C)c1.O=S(=O)([O-])C(F)(F)F,353.15,0.933344486
10.66203704,10.66203704,1.150138889,-6.090277778,0.476113751,11.88888889,288.291,273.171,288.075548,106,0,0.485234805,-0.741154773,0.741154773,0.485234805,1.388888889,1.888888889,2.166666667,32.24019366,10.33121447,2.364284301,-2.08125713,2.198790336,-2.300196409,7.861226175,-0.696345189,2.588571201,3.31E-07,453.8680716,14.39734123,10.01468492,10.8311815,8.075698503,5.10774789,6.51599618,3.570326072,4.941484412,1.877072277,2.444018987,0.97467268,0.97467268,-1.09,4884.633856,16.91,6.738687055,6.59817512,103.6008806,4.552749874,12.39368714,10.11812686,6.327320075,0,5.508330501,0,17.55199628,13.17124514,0,13.34455882,6.420821623,0,13.59242839,30.70889165,10.11812686,0,4.567099648,7.047671983,31.81846735,0,18.72100722,0,0,4.567099648,13.17124514,0,0,23.04597701,23.71055525,0,19.76538045,18.72100722,0,0,0,66.01,15.62645736,13.17124514,0,0,0,6.544756406,12.84164325,0,7.047671983,34.77894371,12.97054686,63.17972222,0,0,0,-5.645833333,0,0,8.817018141,3.361944444,-4.046184807,0.666666667,18,0,5,0,0,0,0,1,1,4,0,9,3,0,0,0,1,1.1641,56.2682,0,0,0,0,0,2,0,0,0,0,0,0,0,0,0,2,0,0,0,0,0,0,0,0,0,3,0,0,0,0,2,0,0,0,0,0,0,0,0,0,0,0,0,0,3,0,0,1,0,0,0,0,0,0,0,0,0,0,0,0,0,0,0,0,0,0,0,0,0,0,0,0,0,0,0,0,0,0,0,0,0,0,0,0,0,1,CCCC[n+]1ccn(C)c1.O=S(=O)([O-])C(F)(F)F,363.15,0.943905899
10.5162037,10.5162037,1.1675,-5.194444444,0.600698505,10.78947368,280.29,261.138,280.1398625,110,0,0.430292217,-0.541726828,0.541726828,0.430292217,1.315789474,1.894736842,2.263157895,19.41348679,10.18651591,2.283439199,-2.029745289,2.109999649,-2.371973188,5.7024805,-0.696403573,2.700821183,3.99E-07,375.2965548,14.88890506,11.1124019,11.1124019,8.769074176,6.061872035,6.061872035,4.162784516,4.162784516,2.325053947,2.325053947,1.355138891,1.355138891,-1.53,10182.09586,17.47,8.550866729,9.097011807,110.0228267,9.901064579,18.36299243,0,6.327320075,0,6.176298517,0,9.134199296,13.17124514,0,19.76538045,12.84164325,0,13.59242839,27.63940937,5.969305288,0,4.567099648,7.047671983,45.32807861,0,18.72100722,0,0,9.673627043,13.17124514,0,0,16.71270345,18.38696557,0,32.60702369,18.72100722,0,0,0,48.94,12.14560381,13.17124514,0,0,0,0,32.2280429,0,0,41.8266157,9.901064579,35.87746103,0,8.784722222,8.784722222,0,-3.006944444,0,6.505432886,3.413194444,2.05807831,0.666666667,19,0,4,0,0,0,0,1,1,3,0,7,5,0,0,0,1,1.1915,60.812,1,0,0,0,0,2,0,0,1,1,1,1,0,0,0,2,0,0,0,0,0,0,0,0,0,3,0,0,0,0,2,0,0,0,0,0,0,0,0,0,0,0,0,0,3,0,0,1,0,0,0,0,0,0,0,0,0,0,0,0,0,0,0,0,0,0,0,0,0,0,0,0,0,0,0,0,0,0,0,0,0,0,0,2,0,2,CCCCCC[n+]1ccn(C)c1.O=C([O-])C(F)(F)F,303.15,0.824175443
10.5162037,10.5162037,1.1675,-5.194444444,0.600698505,10.78947368,280.29,261.138,280.1398625,110,0,0.430292217,-0.541726828,0.541726828,0.430292217,1.315789474,1.894736842,2.263157895,19.41348679,10.18651591,2.283439199,-2.029745289,2.109999649,-2.371973188,5.7024805,-0.696403573,2.700821183,3.99E-07,375.2965548,14.88890506,11.1124019,11.1124019,8.769074176,6.061872035,6.061872035,4.162784516,4.162784516,2.325053947,2.325053947,1.355138891,1.355138891,-1.53,10182.09586,17.47,8.550866729,9.097011807,110.0228267,9.901064579,18.36299243,0,6.327320075,0,6.176298517,0,9.134199296,13.17124514,0,19.76538045,12.84164325,0,13.59242839,27.63940937,5.969305288,0,4.567099648,7.047671983,45.32807861,0,18.72100722,0,0,9.673627043,13.17124514,0,0,16.71270345,18.38696557,0,32.60702369,18.72100722,0,0,0,48.94,12.14560381,13.17124514,0,0,0,0,32.2280429,0,0,41.8266157,9.901064579,35.87746103,0,8.784722222,8.784722222,0,-3.006944444,0,6.505432886,3.413194444,2.05807831,0.666666667,19,0,4,0,0,0,0,1,1,3,0,7,5,0,0,0,1,1.1915,60.812,1,0,0,0,0,2,0,0,1,1,1,1,0,0,0,2,0,0,0,0,0,0,0,0,0,3,0,0,0,0,2,0,0,0,0,0,0,0,0,0,0,0,0,0,3,0,0,1,0,0,0,0,0,0,0,0,0,0,0,0,0,0,0,0,0,0,0,0,0,0,0,0,0,0,0,0,0,0,0,0,0,0,0,2,0,2,CCCCCC[n+]1ccn(C)c1.O=C([O-])C(F)(F)F,313.15,0.871293366
10.5162037,10.5162037,1.1675,-5.194444444,0.600698505,10.78947368,280.29,261.138,280.1398625,110,0,0.430292217,-0.541726828,0.541726828,0.430292217,1.315789474,1.894736842,2.263157895,19.41348679,10.18651591,2.283439199,-2.029745289,2.109999649,-2.371973188,5.7024805,-0.696403573,2.700821183,3.99E-07,375.2965548,14.88890506,11.1124019,11.1124019,8.769074176,6.061872035,6.061872035,4.162784516,4.162784516,2.325053947,2.325053947,1.355138891,1.355138891,-1.53,10182.09586,17.47,8.550866729,9.097011807,110.0228267,9.901064579,18.36299243,0,6.327320075,0,6.176298517,0,9.134199296,13.17124514,0,19.76538045,12.84164325,0,13.59242839,27.63940937,5.969305288,0,4.567099648,7.047671983,45.32807861,0,18.72100722,0,0,9.673627043,13.17124514,0,0,16.71270345,18.38696557,0,32.60702369,18.72100722,0,0,0,48.94,12.14560381,13.17124514,0,0,0,0,32.2280429,0,0,41.8266157,9.901064579,35.87746103,0,8.784722222,8.784722222,0,-3.006944444,0,6.505432886,3.413194444,2.05807831,0.666666667,19,0,4,0,0,0,0,1,1,3,0,7,5,0,0,0,1,1.1915,60.812,1,0,0,0,0,2,0,0,1,1,1,1,0,0,0,2,0,0,0,0,0,0,0,0,0,3,0,0,0,0,2,0,0,0,0,0,0,0,0,0,0,0,0,0,3,0,0,1,0,0,0,0,0,0,0,0,0,0,0,0,0,0,0,0,0,0,0,0,0,0,0,0,0,0,0,0,0,0,0,0,0,0,0,2,0,2,CCCCCC[n+]1ccn(C)c1.O=C([O-])C(F)(F)F,323.15,0.90016135
10.5162037,10.5162037,1.1675,-5.194444444,0.600698505,10.78947368,280.29,261.138,280.1398625,110,0,0.430292217,-0.541726828,0.541726828,0.430292217,1.315789474,1.894736842,2.263157895,19.41348679,10.18651591,2.283439199,-2.029745289,2.109999649,-2.371973188,5.7024805,-0.696403573,2.700821183,3.99E-07,375.2965548,14.88890506,11.1124019,11.1124019,8.769074176,6.061872035,6.061872035,4.162784516,4.162784516,2.325053947,2.325053947,1.355138891,1.355138891,-1.53,10182.09586,17.47,8.550866729,9.097011807,110.0228267,9.901064579,18.36299243,0,6.327320075,0,6.176298517,0,9.134199296,13.17124514,0,19.76538045,12.84164325,0,13.59242839,27.63940937,5.969305288,0,4.567099648,7.047671983,45.32807861,0,18.72100722,0,0,9.673627043,13.17124514,0,0,16.71270345,18.38696557,0,32.60702369,18.72100722,0,0,0,48.94,12.14560381,13.17124514,0,0,0,0,32.2280429,0,0,41.8266157,9.901064579,35.87746103,0,8.784722222,8.784722222,0,-3.006944444,0,6.505432886,3.413194444,2.05807831,0.666666667,19,0,4,0,0,0,0,1,1,3,0,7,5,0,0,0,1,1.1915,60.812,1,0,0,0,0,2,0,0,1,1,1,1,0,0,0,2,0,0,0,0,0,0,0,0,0,3,0,0,0,0,2,0,0,0,0,0,0,0,0,0,0,0,0,0,3,0,0,1,0,0,0,0,0,0,0,0,0,0,0,0,0,0,0,0,0,0,0,0,0,0,0,0,0,0,0,0,0,0,0,0,0,0,0,2,0,2,CCCCCC[n+]1ccn(C)c1.O=C([O-])C(F)(F)F,333.15,0.928219303
10.5162037,10.5162037,1.1675,-5.194444444,0.600698505,10.78947368,280.29,261.138,280.1398625,110,0,0.430292217,-0.541726828,0.541726828,0.430292217,1.315789474,1.894736842,2.263157895,19.41348679,10.18651591,2.283439199,-2.029745289,2.109999649,-2.371973188,5.7024805,-0.696403573,2.700821183,3.99E-07,375.2965548,14.88890506,11.1124019,11.1124019,8.769074176,6.061872035,6.061872035,4.162784516,4.162784516,2.325053947,2.325053947,1.355138891,1.355138891,-1.53,10182.09586,17.47,8.550866729,9.097011807,110.0228267,9.901064579,18.36299243,0,6.327320075,0,6.176298517,0,9.134199296,13.17124514,0,19.76538045,12.84164325,0,13.59242839,27.63940937,5.969305288,0,4.567099648,7.047671983,45.32807861,0,18.72100722,0,0,9.673627043,13.17124514,0,0,16.71270345,18.38696557,0,32.60702369,18.72100722,0,0,0,48.94,12.14560381,13.17124514,0,0,0,0,32.2280429,0,0,41.8266157,9.901064579,35.87746103,0,8.784722222,8.784722222,0,-3.006944444,0,6.505432886,3.413194444,2.05807831,0.666666667,19,0,4,0,0,0,0,1,1,3,0,7,5,0,0,0,1,1.1915,60.812,1,0,0,0,0,2,0,0,1,1,1,1,0,0,0,2,0,0,0,0,0,0,0,0,0,3,0,0,0,0,2,0,0,0,0,0,0,0,0,0,0,0,0,0,3,0,0,1,0,0,0,0,0,0,0,0,0,0,0,0,0,0,0,0,0,0,0,0,0,0,0,0,0,0,0,0,0,0,0,0,0,0,0,2,0,2,CCCCCC[n+]1ccn(C)c1.O=C([O-])C(F)(F)F,343.15,0.959350221
10.5162037,10.5162037,1.1675,-5.194444444,0.600698505,10.78947368,280.29,261.138,280.1398625,110,0,0.430292217,-0.541726828,0.541726828,0.430292217,1.315789474,1.894736842,2.263157895,19.41348679,10.18651591,2.283439199,-2.029745289,2.109999649,-2.371973188,5.7024805,-0.696403573,2.700821183,3.99E-07,375.2965548,14.88890506,11.1124019,11.1124019,8.769074176,6.061872035,6.061872035,4.162784516,4.162784516,2.325053947,2.325053947,1.355138891,1.355138891,-1.53,10182.09586,17.47,8.550866729,9.097011807,110.0228267,9.901064579,18.36299243,0,6.327320075,0,6.176298517,0,9.134199296,13.17124514,0,19.76538045,12.84164325,0,13.59242839,27.63940937,5.969305288,0,4.567099648,7.047671983,45.32807861,0,18.72100722,0,0,9.673627043,13.17124514,0,0,16.71270345,18.38696557,0,32.60702369,18.72100722,0,0,0,48.94,12.14560381,13.17124514,0,0,0,0,32.2280429,0,0,41.8266157,9.901064579,35.87746103,0,8.784722222,8.784722222,0,-3.006944444,0,6.505432886,3.413194444,2.05807831,0.666666667,19,0,4,0,0,0,0,1,1,3,0,7,5,0,0,0,1,1.1915,60.812,1,0,0,0,0,2,0,0,1,1,1,1,0,0,0,2,0,0,0,0,0,0,0,0,0,3,0,0,0,0,2,0,0,0,0,0,0,0,0,0,0,0,0,0,3,0,0,1,0,0,0,0,0,0,0,0,0,0,0,0,0,0,0,0,0,0,0,0,0,0,0,0,0,0,0,0,0,0,0,0,0,0,0,2,0,2,CCCCCC[n+]1ccn(C)c1.O=C([O-])C(F)(F)F,353.15,0.985816795
10.5162037,10.5162037,1.1675,-5.194444444,0.600698505,10.78947368,280.29,261.138,280.1398625,110,0,0.430292217,-0.541726828,0.541726828,0.430292217,1.315789474,1.894736842,2.263157895,19.41348679,10.18651591,2.283439199,-2.029745289,2.109999649,-2.371973188,5.7024805,-0.696403573,2.700821183,3.99E-07,375.2965548,14.88890506,11.1124019,11.1124019,8.769074176,6.061872035,6.061872035,4.162784516,4.162784516,2.325053947,2.325053947,1.355138891,1.355138891,-1.53,10182.09586,17.47,8.550866729,9.097011807,110.0228267,9.901064579,18.36299243,0,6.327320075,0,6.176298517,0,9.134199296,13.17124514,0,19.76538045,12.84164325,0,13.59242839,27.63940937,5.969305288,0,4.567099648,7.047671983,45.32807861,0,18.72100722,0,0,9.673627043,13.17124514,0,0,16.71270345,18.38696557,0,32.60702369,18.72100722,0,0,0,48.94,12.14560381,13.17124514,0,0,0,0,32.2280429,0,0,41.8266157,9.901064579,35.87746103,0,8.784722222,8.784722222,0,-3.006944444,0,6.505432886,3.413194444,2.05807831,0.666666667,19,0,4,0,0,0,0,1,1,3,0,7,5,0,0,0,1,1.1915,60.812,1,0,0,0,0,2,0,0,1,1,1,1,0,0,0,2,0,0,0,0,0,0,0,0,0,3,0,0,0,0,2,0,0,0,0,0,0,0,0,0,0,0,0,0,3,0,0,1,0,0,0,0,0,0,0,0,0,0,0,0,0,0,0,0,0,0,0,0,0,0,0,0,0,0,0,0,0,0,0,0,0,0,0,2,0,2,CCCCCC[n+]1ccn(C)c1.O=C([O-])C(F)(F)F,363.15,1.004301609
11.43842593,11.43842593,0.724767101,-6.721527778,0.515501888,12.66666667,441.375,428.271,441.0251672,154,0,0.4802902,-0.420674932,0.4802902,0.420674932,1,1.407407407,1.703703704,32.28904435,10.26291298,2.464345151,-2.224494492,2.356226782,-2.318068971,8.1250136,-0.696948656,2.506370238,5.11E-07,814.3727407,21.51866157,13.48963879,15.12263195,12.07081009,6.831312808,9.711439466,4.706150446,8.128520699,2.571340531,5.311322598,1.235316056,2.94489835,-1.92,205271.7225,25.08,9.329291017,8.095818092,150.8786546,4.127401125,6.544756406,32.44026945,0,0,11.016661,0,21.40269362,31.60438184,0,13.34455882,0,18.55355576,11.6326728,47.7451839,20.04658231,5.261891555,0,0,37.32679785,0,34.2172739,0,6.069221313,4.567099648,26.34249029,0,0,27.85225497,26.59133871,11.33111287,25.32883194,24.52642128,0,4.127401125,0,110.05,31.06324331,43.17808425,0,0,0,16.23560902,12.84164325,0,24.52642128,17.56005816,5.261891555,111.2840278,0,0,8.545297383,-11.68134401,0,5.782761558,6.297614087,3.214698759,-13.44305556,0.5,27,0,7,0,0,0,0,1,1,5,0,15,5,0,0,0,1,2.70518,79.5686,0,0,0,0,0,1,0,0,0,0,0,0,0,0,0,3,0,0,0,0,0,0,0,0,0,6,0,0,0,0,1,0,0,0,0,0,0,0,0,0,0,0,0,0,6,0,0,0,0,0,0,0,0,0,0,0,0,1,0,0,0,0,0,0,0,0,0,0,0,0,0,0,0,1,0,0,2,0,0,0,0,0,0,0,0,3,CCCC[n+]1ccc(C#N)cc1.O=S(=O)([N-]S(=O)(=O)C(F)(F)F)C(F)(F)F,308.15,0.246860078
11.43842593,11.43842593,0.724767101,-6.721527778,0.515501888,12.66666667,441.375,428.271,441.0251672,154,0,0.4802902,-0.420674932,0.4802902,0.420674932,1,1.407407407,1.703703704,32.28904435,10.26291298,2.464345151,-2.224494492,2.356226782,-2.318068971,8.1250136,-0.696948656,2.506370238,5.11E-07,814.3727407,21.51866157,13.48963879,15.12263195,12.07081009,6.831312808,9.711439466,4.706150446,8.128520699,2.571340531,5.311322598,1.235316056,2.94489835,-1.92,205271.7225,25.08,9.329291017,8.095818092,150.8786546,4.127401125,6.544756406,32.44026945,0,0,11.016661,0,21.40269362,31.60438184,0,13.34455882,0,18.55355576,11.6326728,47.7451839,20.04658231,5.261891555,0,0,37.32679785,0,34.2172739,0,6.069221313,4.567099648,26.34249029,0,0,27.85225497,26.59133871,11.33111287,25.32883194,24.52642128,0,4.127401125,0,110.05,31.06324331,43.17808425,0,0,0,16.23560902,12.84164325,0,24.52642128,17.56005816,5.261891555,111.2840278,0,0,8.545297383,-11.68134401,0,5.782761558,6.297614087,3.214698759,-13.44305556,0.5,27,0,7,0,0,0,0,1,1,5,0,15,5,0,0,0,1,2.70518,79.5686,0,0,0,0,0,1,0,0,0,0,0,0,0,0,0,3,0,0,0,0,0,0,0,0,0,6,0,0,0,0,1,0,0,0,0,0,0,0,0,0,0,0,0,0,6,0,0,0,0,0,0,0,0,0,0,0,0,1,0,0,0,0,0,0,0,0,0,0,0,0,0,0,0,1,0,0,2,0,0,0,0,0,0,0,0,3,CCCC[n+]1ccc(C#N)cc1.O=S(=O)([N-]S(=O)(=O)C(F)(F)F)C(F)(F)F,318.15,0.3074847
11.43842593,11.43842593,0.724767101,-6.721527778,0.515501888,12.66666667,441.375,428.271,441.0251672,154,0,0.4802902,-0.420674932,0.4802902,0.420674932,1,1.407407407,1.703703704,32.28904435,10.26291298,2.464345151,-2.224494492,2.356226782,-2.318068971,8.1250136,-0.696948656,2.506370238,5.11E-07,814.3727407,21.51866157,13.48963879,15.12263195,12.07081009,6.831312808,9.711439466,4.706150446,8.128520699,2.571340531,5.311322598,1.235316056,2.94489835,-1.92,205271.7225,25.08,9.329291017,8.095818092,150.8786546,4.127401125,6.544756406,32.44026945,0,0,11.016661,0,21.40269362,31.60438184,0,13.34455882,0,18.55355576,11.6326728,47.7451839,20.04658231,5.261891555,0,0,37.32679785,0,34.2172739,0,6.069221313,4.567099648,26.34249029,0,0,27.85225497,26.59133871,11.33111287,25.32883194,24.52642128,0,4.127401125,0,110.05,31.06324331,43.17808425,0,0,0,16.23560902,12.84164325,0,24.52642128,17.56005816,5.261891555,111.2840278,0,0,8.545297383,-11.68134401,0,5.782761558,6.297614087,3.214698759,-13.44305556,0.5,27,0,7,0,0,0,0,1,1,5,0,15,5,0,0,0,1,2.70518,79.5686,0,0,0,0,0,1,0,0,0,0,0,0,0,0,0,3,0,0,0,0,0,0,0,0,0,6,0,0,0,0,1,0,0,0,0,0,0,0,0,0,0,0,0,0,6,0,0,0,0,0,0,0,0,0,0,0,0,1,0,0,0,0,0,0,0,0,0,0,0,0,0,0,0,1,0,0,2,0,0,0,0,0,0,0,0,3,CCCC[n+]1ccc(C#N)cc1.O=S(=O)([N-]S(=O)(=O)C(F)(F)F)C(F)(F)F,328.15,0.364643114
11.43842593,11.43842593,0.724767101,-6.721527778,0.515501888,12.66666667,441.375,428.271,441.0251672,154,0,0.4802902,-0.420674932,0.4802902,0.420674932,1,1.407407407,1.703703704,32.28904435,10.26291298,2.464345151,-2.224494492,2.356226782,-2.318068971,8.1250136,-0.696948656,2.506370238,5.11E-07,814.3727407,21.51866157,13.48963879,15.12263195,12.07081009,6.831312808,9.711439466,4.706150446,8.128520699,2.571340531,5.311322598,1.235316056,2.94489835,-1.92,205271.7225,25.08,9.329291017,8.095818092,150.8786546,4.127401125,6.544756406,32.44026945,0,0,11.016661,0,21.40269362,31.60438184,0,13.34455882,0,18.55355576,11.6326728,47.7451839,20.04658231,5.261891555,0,0,37.32679785,0,34.2172739,0,6.069221313,4.567099648,26.34249029,0,0,27.85225497,26.59133871,11.33111287,25.32883194,24.52642128,0,4.127401125,0,110.05,31.06324331,43.17808425,0,0,0,16.23560902,12.84164325,0,24.52642128,17.56005816,5.261891555,111.2840278,0,0,8.545297383,-11.68134401,0,5.782761558,6.297614087,3.214698759,-13.44305556,0.5,27,0,7,0,0,0,0,1,1,5,0,15,5,0,0,0,1,2.70518,79.5686,0,0,0,0,0,1,0,0,0,0,0,0,0,0,0,3,0,0,0,0,0,0,0,0,0,6,0,0,0,0,1,0,0,0,0,0,0,0,0,0,0,0,0,0,6,0,0,0,0,0,0,0,0,0,0,0,0,1,0,0,0,0,0,0,0,0,0,0,0,0,0,0,0,1,0,0,2,0,0,0,0,0,0,0,0,3,CCCC[n+]1ccc(C#N)cc1.O=S(=O)([N-]S(=O)(=O)C(F)(F)F)C(F)(F)F,338.15,0.418710335
11.43842593,11.43842593,0.724767101,-6.721527778,0.515501888,12.66666667,441.375,428.271,441.0251672,154,0,0.4802902,-0.420674932,0.4802902,0.420674932,1,1.407407407,1.703703704,32.28904435,10.26291298,2.464345151,-2.224494492,2.356226782,-2.318068971,8.1250136,-0.696948656,2.506370238,5.11E-07,814.3727407,21.51866157,13.48963879,15.12263195,12.07081009,6.831312808,9.711439466,4.706150446,8.128520699,2.571340531,5.311322598,1.235316056,2.94489835,-1.92,205271.7225,25.08,9.329291017,8.095818092,150.8786546,4.127401125,6.544756406,32.44026945,0,0,11.016661,0,21.40269362,31.60438184,0,13.34455882,0,18.55355576,11.6326728,47.7451839,20.04658231,5.261891555,0,0,37.32679785,0,34.2172739,0,6.069221313,4.567099648,26.34249029,0,0,27.85225497,26.59133871,11.33111287,25.32883194,24.52642128,0,4.127401125,0,110.05,31.06324331,43.17808425,0,0,0,16.23560902,12.84164325,0,24.52642128,17.56005816,5.261891555,111.2840278,0,0,8.545297383,-11.68134401,0,5.782761558,6.297614087,3.214698759,-13.44305556,0.5,27,0,7,0,0,0,0,1,1,5,0,15,5,0,0,0,1,2.70518,79.5686,0,0,0,0,0,1,0,0,0,0,0,0,0,0,0,3,0,0,0,0,0,0,0,0,0,6,0,0,0,0,1,0,0,0,0,0,0,0,0,0,0,0,0,0,6,0,0,0,0,0,0,0,0,0,0,0,0,1,0,0,0,0,0,0,0,0,0,0,0,0,0,0,0,1,0,0,2,0,0,0,0,0,0,0,0,3,CCCC[n+]1ccc(C#N)cc1.O=S(=O)([N-]S(=O)(=O)C(F)(F)F)C(F)(F)F,348.15,0.470003629
11.43842593,11.43842593,0.724767101,-6.721527778,0.515501888,12.66666667,441.375,428.271,441.0251672,154,0,0.4802902,-0.420674932,0.4802902,0.420674932,1,1.407407407,1.703703704,32.28904435,10.26291298,2.464345151,-2.224494492,2.356226782,-2.318068971,8.1250136,-0.696948656,2.506370238,5.11E-07,814.3727407,21.51866157,13.48963879,15.12263195,12.07081009,6.831312808,9.711439466,4.706150446,8.128520699,2.571340531,5.311322598,1.235316056,2.94489835,-1.92,205271.7225,25.08,9.329291017,8.095818092,150.8786546,4.127401125,6.544756406,32.44026945,0,0,11.016661,0,21.40269362,31.60438184,0,13.34455882,0,18.55355576,11.6326728,47.7451839,20.04658231,5.261891555,0,0,37.32679785,0,34.2172739,0,6.069221313,4.567099648,26.34249029,0,0,27.85225497,26.59133871,11.33111287,25.32883194,24.52642128,0,4.127401125,0,110.05,31.06324331,43.17808425,0,0,0,16.23560902,12.84164325,0,24.52642128,17.56005816,5.261891555,111.2840278,0,0,8.545297383,-11.68134401,0,5.782761558,6.297614087,3.214698759,-13.44305556,0.5,27,0,7,0,0,0,0,1,1,5,0,15,5,0,0,0,1,2.70518,79.5686,0,0,0,0,0,1,0,0,0,0,0,0,0,0,0,3,0,0,0,0,0,0,0,0,0,6,0,0,0,0,1,0,0,0,0,0,0,0,0,0,0,0,0,0,6,0,0,0,0,0,0,0,0,0,0,0,0,1,0,0,0,0,0,0,0,0,0,0,0,0,0,0,0,1,0,0,2,0,0,0,0,0,0,0,0,3,CCCC[n+]1ccc(C#N)cc1.O=S(=O)([N-]S(=O)(=O)C(F)(F)F)C(F)(F)F,358.15,0.512823626
11.43842593,11.43842593,0.724767101,-6.721527778,0.515501888,12.66666667,441.375,428.271,441.0251672,154,0,0.4802902,-0.420674932,0.4802902,0.420674932,1,1.407407407,1.703703704,32.28904435,10.26291298,2.464345151,-2.224494492,2.356226782,-2.318068971,8.1250136,-0.696948656,2.506370238,5.11E-07,814.3727407,21.51866157,13.48963879,15.12263195,12.07081009,6.831312808,9.711439466,4.706150446,8.128520699,2.571340531,5.311322598,1.235316056,2.94489835,-1.92,205271.7225,25.08,9.329291017,8.095818092,150.8786546,4.127401125,6.544756406,32.44026945,0,0,11.016661,0,21.40269362,31.60438184,0,13.34455882,0,18.55355576,11.6326728,47.7451839,20.04658231,5.261891555,0,0,37.32679785,0,34.2172739,0,6.069221313,4.567099648,26.34249029,0,0,27.85225497,26.59133871,11.33111287,25.32883194,24.52642128,0,4.127401125,0,110.05,31.06324331,43.17808425,0,0,0,16.23560902,12.84164325,0,24.52642128,17.56005816,5.261891555,111.2840278,0,0,8.545297383,-11.68134401,0,5.782761558,6.297614087,3.214698759,-13.44305556,0.5,27,0,7,0,0,0,0,1,1,5,0,15,5,0,0,0,1,2.70518,79.5686,0,0,0,0,0,1,0,0,0,0,0,0,0,0,0,3,0,0,0,0,0,0,0,0,0,6,0,0,0,0,1,0,0,0,0,0,0,0,0,0,0,0,0,0,6,0,0,0,0,0,0,0,0,0,0,0,0,1,0,0,0,0,0,0,0,0,0,0,0,0,0,0,0,1,0,0,2,0,0,0,0,0,0,0,0,3,CCCC[n+]1ccc(C#N)cc1.O=S(=O)([N-]S(=O)(=O)C(F)(F)F)C(F)(F)F,368.15,0.559615788
11.07131944,11.07131944,1.152777778,-5.619791667,0.570797065,18.73684211,322.399,302.239,322.0832556,116,0,0.241254649,-0.379312199,0.379312199,0.241254649,1.052631579,1.473684211,1.736842105,32.31404198,10.27647575,2.246985686,-2.282945445,2.163443212,-2.40879921,8.0721824,-0.897402115,2.579278556,3.44E-07,428.6112802,15.15685425,11.04959335,12.68258651,8.474873734,5.943425413,8.62426889,4.749734443,6.994448413,2.875458472,4.299936399,1.968635633,2.819377336,-0.32,6499.781962,18.68,7.459063674,11.22339348,113.622072,8.610431983,0,0,20.81849155,0,0,0,16.83559397,0,7.771517605,13.34455882,6.420821623,12.84164325,26.6819412,29.09014243,20.81849155,0,0,0,32.60702369,26.6819412,4.127401125,0,0,0,7.771517605,0,0,48.00056603,20.81849155,0,32.60702369,0,0,4.127401125,0,82.38,20.81849155,24.60711157,0,0,0,4.127401125,49.80058657,0,0,13.97140918,0,61.42791667,0,0,0,0,0,0,5.685286281,6.554297052,-8.834166667,1,19,0,6,0,1,1,0,0,0,4,0,10,5,0,1,1,1,1.8156,68.342,0,0,0,0,0,0,0,0,0,0,0,0,0,0,0,2,0,0,0,0,1,0,0,0,0,0,0,0,0,0,0,0,0,0,0,0,0,0,0,0,0,0,0,0,2,0,0,0,0,0,0,0,0,0,0,0,0,0,0,0,0,0,0,0,0,0,0,0,0,0,0,0,0,0,1,0,0,0,0,0,0,0,0,0,0,4,CCCC[N+]1(C)CCCC1.O=S(=O)(F)[N-]S(=O)(=O)F,318.15,0.246860078
11.07131944,11.07131944,1.152777778,-5.619791667,0.570797065,18.73684211,322.399,302.239,322.0832556,116,0,0.241254649,-0.379312199,0.379312199,0.241254649,1.052631579,1.473684211,1.736842105,32.31404198,10.27647575,2.246985686,-2.282945445,2.163443212,-2.40879921,8.0721824,-0.897402115,2.579278556,3.44E-07,428.6112802,15.15685425,11.04959335,12.68258651,8.474873734,5.943425413,8.62426889,4.749734443,6.994448413,2.875458472,4.299936399,1.968635633,2.819377336,-0.32,6499.781962,18.68,7.459063674,11.22339348,113.622072,8.610431983,0,0,20.81849155,0,0,0,16.83559397,0,7.771517605,13.34455882,6.420821623,12.84164325,26.6819412,29.09014243,20.81849155,0,0,0,32.60702369,26.6819412,4.127401125,0,0,0,7.771517605,0,0,48.00056603,20.81849155,0,32.60702369,0,0,4.127401125,0,82.38,20.81849155,24.60711157,0,0,0,4.127401125,49.80058657,0,0,13.97140918,0,61.42791667,0,0,0,0,0,0,5.685286281,6.554297052,-8.834166667,1,19,0,6,0,1,1,0,0,0,4,0,10,5,0,1,1,1,1.8156,68.342,0,0,0,0,0,0,0,0,0,0,0,0,0,0,0,2,0,0,0,0,1,0,0,0,0,0,0,0,0,0,0,0,0,0,0,0,0,0,0,0,0,0,0,0,2,0,0,0,0,0,0,0,0,0,0,0,0,0,0,0,0,0,0,0,0,0,0,0,0,0,0,0,0,0,1,0,0,0,0,0,0,0,0,0,0,4,CCCC[N+]1(C)CCCC1.O=S(=O)(F)[N-]S(=O)(=O)F,328.15,0.31481074
11.07131944,11.07131944,1.152777778,-5.619791667,0.570797065,18.73684211,322.399,302.239,322.0832556,116,0,0.241254649,-0.379312199,0.379312199,0.241254649,1.052631579,1.473684211,1.736842105,32.31404198,10.27647575,2.246985686,-2.282945445,2.163443212,-2.40879921,8.0721824,-0.897402115,2.579278556,3.44E-07,428.6112802,15.15685425,11.04959335,12.68258651,8.474873734,5.943425413,8.62426889,4.749734443,6.994448413,2.875458472,4.299936399,1.968635633,2.819377336,-0.32,6499.781962,18.68,7.459063674,11.22339348,113.622072,8.610431983,0,0,20.81849155,0,0,0,16.83559397,0,7.771517605,13.34455882,6.420821623,12.84164325,26.6819412,29.09014243,20.81849155,0,0,0,32.60702369,26.6819412,4.127401125,0,0,0,7.771517605,0,0,48.00056603,20.81849155,0,32.60702369,0,0,4.127401125,0,82.38,20.81849155,24.60711157,0,0,0,4.127401125,49.80058657,0,0,13.97140918,0,61.42791667,0,0,0,0,0,0,5.685286281,6.554297052,-8.834166667,1,19,0,6,0,1,1,0,0,0,4,0,10,5,0,1,1,1,1.8156,68.342,0,0,0,0,0,0,0,0,0,0,0,0,0,0,0,2,0,0,0,0,1,0,0,0,0,0,0,0,0,0,0,0,0,0,0,0,0,0,0,0,0,0,0,0,2,0,0,0,0,0,0,0,0,0,0,0,0,0,0,0,0,0,0,0,0,0,0,0,0,0,0,0,0,0,1,0,0,0,0,0,0,0,0,0,0,4,CCCC[N+]1(C)CCCC1.O=S(=O)(F)[N-]S(=O)(=O)F,338.15,0.378436436
11.07131944,11.07131944,1.152777778,-5.619791667,0.570797065,18.73684211,322.399,302.239,322.0832556,116,0,0.241254649,-0.379312199,0.379312199,0.241254649,1.052631579,1.473684211,1.736842105,32.31404198,10.27647575,2.246985686,-2.282945445,2.163443212,-2.40879921,8.0721824,-0.897402115,2.579278556,3.44E-07,428.6112802,15.15685425,11.04959335,12.68258651,8.474873734,5.943425413,8.62426889,4.749734443,6.994448413,2.875458472,4.299936399,1.968635633,2.819377336,-0.32,6499.781962,18.68,7.459063674,11.22339348,113.622072,8.610431983,0,0,20.81849155,0,0,0,16.83559397,0,7.771517605,13.34455882,6.420821623,12.84164325,26.6819412,29.09014243,20.81849155,0,0,0,32.60702369,26.6819412,4.127401125,0,0,0,7.771517605,0,0,48.00056603,20.81849155,0,32.60702369,0,0,4.127401125,0,82.38,20.81849155,24.60711157,0,0,0,4.127401125,49.80058657,0,0,13.97140918,0,61.42791667,0,0,0,0,0,0,5.685286281,6.554297052,-8.834166667,1,19,0,6,0,1,1,0,0,0,4,0,10,5,0,1,1,1,1.8156,68.342,0,0,0,0,0,0,0,0,0,0,0,0,0,0,0,2,0,0,0,0,1,0,0,0,0,0,0,0,0,0,0,0,0,0,0,0,0,0,0,0,0,0,0,0,2,0,0,0,0,0,0,0,0,0,0,0,0,0,0,0,0,0,0,0,0,0,0,0,0,0,0,0,0,0,1,0,0,0,0,0,0,0,0,0,0,4,CCCC[N+]1(C)CCCC1.O=S(=O)(F)[N-]S(=O)(=O)F,348.15,0.438254931
11.07131944,11.07131944,1.152777778,-5.619791667,0.570797065,18.73684211,322.399,302.239,322.0832556,116,0,0.241254649,-0.379312199,0.379312199,0.241254649,1.052631579,1.473684211,1.736842105,32.31404198,10.27647575,2.246985686,-2.282945445,2.163443212,-2.40879921,8.0721824,-0.897402115,2.579278556,3.44E-07,428.6112802,15.15685425,11.04959335,12.68258651,8.474873734,5.943425413,8.62426889,4.749734443,6.994448413,2.875458472,4.299936399,1.968635633,2.819377336,-0.32,6499.781962,18.68,7.459063674,11.22339348,113.622072,8.610431983,0,0,20.81849155,0,0,0,16.83559397,0,7.771517605,13.34455882,6.420821623,12.84164325,26.6819412,29.09014243,20.81849155,0,0,0,32.60702369,26.6819412,4.127401125,0,0,0,7.771517605,0,0,48.00056603,20.81849155,0,32.60702369,0,0,4.127401125,0,82.38,20.81849155,24.60711157,0,0,0,4.127401125,49.80058657,0,0,13.97140918,0,61.42791667,0,0,0,0,0,0,5.685286281,6.554297052,-8.834166667,1,19,0,6,0,1,1,0,0,0,4,0,10,5,0,1,1,1,1.8156,68.342,0,0,0,0,0,0,0,0,0,0,0,0,0,0,0,2,0,0,0,0,1,0,0,0,0,0,0,0,0,0,0,0,0,0,0,0,0,0,0,0,0,0,0,0,2,0,0,0,0,0,0,0,0,0,0,0,0,0,0,0,0,0,0,0,0,0,0,0,0,0,0,0,0,0,1,0,0,0,0,0,0,0,0,0,0,4,CCCC[N+]1(C)CCCC1.O=S(=O)(F)[N-]S(=O)(=O)F,358.15,0.494696242
11.07131944,11.07131944,1.152777778,-5.619791667,0.570797065,18.73684211,322.399,302.239,322.0832556,116,0,0.241254649,-0.379312199,0.379312199,0.241254649,1.052631579,1.473684211,1.736842105,32.31404198,10.27647575,2.246985686,-2.282945445,2.163443212,-2.40879921,8.0721824,-0.897402115,2.579278556,3.44E-07,428.6112802,15.15685425,11.04959335,12.68258651,8.474873734,5.943425413,8.62426889,4.749734443,6.994448413,2.875458472,4.299936399,1.968635633,2.819377336,-0.32,6499.781962,18.68,7.459063674,11.22339348,113.622072,8.610431983,0,0,20.81849155,0,0,0,16.83559397,0,7.771517605,13.34455882,6.420821623,12.84164325,26.6819412,29.09014243,20.81849155,0,0,0,32.60702369,26.6819412,4.127401125,0,0,0,7.771517605,0,0,48.00056603,20.81849155,0,32.60702369,0,0,4.127401125,0,82.38,20.81849155,24.60711157,0,0,0,4.127401125,49.80058657,0,0,13.97140918,0,61.42791667,0,0,0,0,0,0,5.685286281,6.554297052,-8.834166667,1,19,0,6,0,1,1,0,0,0,4,0,10,5,0,1,1,1,1.8156,68.342,0,0,0,0,0,0,0,0,0,0,0,0,0,0,0,2,0,0,0,0,1,0,0,0,0,0,0,0,0,0,0,0,0,0,0,0,0,0,0,0,0,0,0,0,2,0,0,0,0,0,0,0,0,0,0,0,0,0,0,0,0,0,0,0,0,0,0,0,0,0,0,0,0,0,1,0,0,0,0,0,0,0,0,0,0,4,CCCC[N+]1(C)CCCC1.O=S(=O)(F)[N-]S(=O)(=O)F,368.15,0.553885113
11.07131944,11.07131944,1.152777778,-5.619791667,0.284374638,12.58333333,394.55,362.294,394.1771559,148,0,0.241254649,-0.379312199,0.379312199,0.241254649,0.708333333,1.083333333,1.375,32.31404276,10.10593999,2.186530612,-2.354475542,2.11835622,-2.476004128,8.072187864,-0.923028467,2.442199871,0,468.6028207,19.27817459,15.17091369,16.80390685,10.94974747,8.433759927,11.1146034,5.680448022,7.925161992,4.176529843,5.60100777,2.479048437,3.32979014,-0.32,49703.65177,25.91488242,12.95994958,16.53472402,146.4526137,8.610431983,0,0,20.81849155,0,0,0,16.83559397,0,7.771517605,32.60702369,33.61285484,0,26.17902562,29.09014243,20.81849155,0,0,0,66.21987854,26.17902562,4.127401125,0,0,0,7.771517605,0,0,47.49765045,20.81849155,0,66.21987854,0,0,4.127401125,0,82.38,20.81849155,24.60711157,0,0,0,4.127401125,69.18698622,0,0,27.6949488,0,61.40007716,0,0,0,0,0,0,8.554866544,14.61797296,-11.23958333,1,24,0,6,0,0,0,0,0,0,4,0,10,12,0,0,0,0,4.0121,93.541,0,0,0,0,0,0,0,0,0,0,0,0,0,0,0,2,0,0,0,0,0,0,0,0,0,0,0,0,0,0,0,0,0,0,0,0,0,0,0,0,0,0,0,0,2,0,0,0,0,0,0,0,0,0,0,0,0,0,0,0,0,0,0,0,0,0,0,0,0,0,0,0,0,0,1,0,0,0,0,0,0,0,0,4,0,5,CCCCCCCC[N+](CC)(CC)CC.O=S(=O)(F)[N-]S(=O)(=O)F,318.15,-0.435408984
11.07131944,11.07131944,1.152777778,-5.619791667,0.284374638,12.58333333,394.55,362.294,394.1771559,148,0,0.241254649,-0.379312199,0.379312199,0.241254649,0.708333333,1.083333333,1.375,32.31404276,10.10593999,2.186530612,-2.354475542,2.11835622,-2.476004128,8.072187864,-0.923028467,2.442199871,0,468.6028207,19.27817459,15.17091369,16.80390685,10.94974747,8.433759927,11.1146034,5.680448022,7.925161992,4.176529843,5.60100777,2.479048437,3.32979014,-0.32,49703.65177,25.91488242,12.95994958,16.53472402,146.4526137,8.610431983,0,0,20.81849155,0,0,0,16.83559397,0,7.771517605,32.60702369,33.61285484,0,26.17902562,29.09014243,20.81849155,0,0,0,66.21987854,26.17902562,4.127401125,0,0,0,7.771517605,0,0,47.49765045,20.81849155,0,66.21987854,0,0,4.127401125,0,82.38,20.81849155,24.60711157,0,0,0,4.127401125,69.18698622,0,0,27.6949488,0,61.40007716,0,0,0,0,0,0,8.554866544,14.61797296,-11.23958333,1,24,0,6,0,0,0,0,0,0,4,0,10,12,0,0,0,0,4.0121,93.541,0,0,0,0,0,0,0,0,0,0,0,0,0,0,0,2,0,0,0,0,0,0,0,0,0,0,0,0,0,0,0,0,0,0,0,0,0,0,0,0,0,0,0,0,2,0,0,0,0,0,0,0,0,0,0,0,0,0,0,0,0,0,0,0,0,0,0,0,0,0,0,0,0,0,1,0,0,0,0,0,0,0,0,4,0,5,CCCCCCCC[N+](CC)(CC)CC.O=S(=O)(F)[N-]S(=O)(=O)F,328.15,-0.355247392
11.07131944,11.07131944,1.152777778,-5.619791667,0.284374638,12.58333333,394.55,362.294,394.1771559,148,0,0.241254649,-0.379312199,0.379312199,0.241254649,0.708333333,1.083333333,1.375,32.31404276,10.10593999,2.186530612,-2.354475542,2.11835622,-2.476004128,8.072187864,-0.923028467,2.442199871,0,468.6028207,19.27817459,15.17091369,16.80390685,10.94974747,8.433759927,11.1146034,5.680448022,7.925161992,4.176529843,5.60100777,2.479048437,3.32979014,-0.32,49703.65177,25.91488242,12.95994958,16.53472402,146.4526137,8.610431983,0,0,20.81849155,0,0,0,16.83559397,0,7.771517605,32.60702369,33.61285484,0,26.17902562,29.09014243,20.81849155,0,0,0,66.21987854,26.17902562,4.127401125,0,0,0,7.771517605,0,0,47.49765045,20.81849155,0,66.21987854,0,0,4.127401125,0,82.38,20.81849155,24.60711157,0,0,0,4.127401125,69.18698622,0,0,27.6949488,0,61.40007716,0,0,0,0,0,0,8.554866544,14.61797296,-11.23958333,1,24,0,6,0,0,0,0,0,0,4,0,10,12,0,0,0,0,4.0121,93.541,0,0,0,0,0,0,0,0,0,0,0,0,0,0,0,2,0,0,0,0,0,0,0,0,0,0,0,0,0,0,0,0,0,0,0,0,0,0,0,0,0,0,0,0,2,0,0,0,0,0,0,0,0,0,0,0,0,0,0,0,0,0,0,0,0,0,0,0,0,0,0,0,0,0,1,0,0,0,0,0,0,0,0,4,0,5,CCCCCCCC[N+](CC)(CC)CC.O=S(=O)(F)[N-]S(=O)(=O)F,338.15,-0.28103753
11.07131944,11.07131944,1.152777778,-5.619791667,0.284374638,12.58333333,394.55,362.294,394.1771559,148,0,0.241254649,-0.379312199,0.379312199,0.241254649,0.708333333,1.083333333,1.375,32.31404276,10.10593999,2.186530612,-2.354475542,2.11835622,-2.476004128,8.072187864,-0.923028467,2.442199871,0,468.6028207,19.27817459,15.17091369,16.80390685,10.94974747,8.433759927,11.1146034,5.680448022,7.925161992,4.176529843,5.60100777,2.479048437,3.32979014,-0.32,49703.65177,25.91488242,12.95994958,16.53472402,146.4526137,8.610431983,0,0,20.81849155,0,0,0,16.83559397,0,7.771517605,32.60702369,33.61285484,0,26.17902562,29.09014243,20.81849155,0,0,0,66.21987854,26.17902562,4.127401125,0,0,0,7.771517605,0,0,47.49765045,20.81849155,0,66.21987854,0,0,4.127401125,0,82.38,20.81849155,24.60711157,0,0,0,4.127401125,69.18698622,0,0,27.6949488,0,61.40007716,0,0,0,0,0,0,8.554866544,14.61797296,-11.23958333,1,24,0,6,0,0,0,0,0,0,4,0,10,12,0,0,0,0,4.0121,93.541,0,0,0,0,0,0,0,0,0,0,0,0,0,0,0,2,0,0,0,0,0,0,0,0,0,0,0,0,0,0,0,0,0,0,0,0,0,0,0,0,0,0,0,0,2,0,0,0,0,0,0,0,0,0,0,0,0,0,0,0,0,0,0,0,0,0,0,0,0,0,0,0,0,0,1,0,0,0,0,0,0,0,0,4,0,5,CCCCCCCC[N+](CC)(CC)CC.O=S(=O)(F)[N-]S(=O)(=O)F,348.15,-0.210721031
11.07131944,11.07131944,1.152777778,-5.619791667,0.284374638,12.58333333,394.55,362.294,394.1771559,148,0,0.241254649,-0.379312199,0.379312199,0.241254649,0.708333333,1.083333333,1.375,32.31404276,10.10593999,2.186530612,-2.354475542,2.11835622,-2.476004128,8.072187864,-0.923028467,2.442199871,0,468.6028207,19.27817459,15.17091369,16.80390685,10.94974747,8.433759927,11.1146034,5.680448022,7.925161992,4.176529843,5.60100777,2.479048437,3.32979014,-0.32,49703.65177,25.91488242,12.95994958,16.53472402,146.4526137,8.610431983,0,0,20.81849155,0,0,0,16.83559397,0,7.771517605,32.60702369,33.61285484,0,26.17902562,29.09014243,20.81849155,0,0,0,66.21987854,26.17902562,4.127401125,0,0,0,7.771517605,0,0,47.49765045,20.81849155,0,66.21987854,0,0,4.127401125,0,82.38,20.81849155,24.60711157,0,0,0,4.127401125,69.18698622,0,0,27.6949488,0,61.40007716,0,0,0,0,0,0,8.554866544,14.61797296,-11.23958333,1,24,0,6,0,0,0,0,0,0,4,0,10,12,0,0,0,0,4.0121,93.541,0,0,0,0,0,0,0,0,0,0,0,0,0,0,0,2,0,0,0,0,0,0,0,0,0,0,0,0,0,0,0,0,0,0,0,0,0,0,0,0,0,0,0,0,2,0,0,0,0,0,0,0,0,0,0,0,0,0,0,0,0,0,0,0,0,0,0,0,0,0,0,0,0,0,1,0,0,0,0,0,0,0,0,4,0,5,CCCCCCCC[N+](CC)(CC)CC.O=S(=O)(F)[N-]S(=O)(=O)F,358.15,-0.142716302
11.07131944,11.07131944,1.152777778,-5.619791667,0.284374638,12.58333333,394.55,362.294,394.1771559,148,0,0.241254649,-0.379312199,0.379312199,0.241254649,0.708333333,1.083333333,1.375,32.31404276,10.10593999,2.186530612,-2.354475542,2.11835622,-2.476004128,8.072187864,-0.923028467,2.442199871,0,468.6028207,19.27817459,15.17091369,16.80390685,10.94974747,8.433759927,11.1146034,5.680448022,7.925161992,4.176529843,5.60100777,2.479048437,3.32979014,-0.32,49703.65177,25.91488242,12.95994958,16.53472402,146.4526137,8.610431983,0,0,20.81849155,0,0,0,16.83559397,0,7.771517605,32.60702369,33.61285484,0,26.17902562,29.09014243,20.81849155,0,0,0,66.21987854,26.17902562,4.127401125,0,0,0,7.771517605,0,0,47.49765045,20.81849155,0,66.21987854,0,0,4.127401125,0,82.38,20.81849155,24.60711157,0,0,0,4.127401125,69.18698622,0,0,27.6949488,0,61.40007716,0,0,0,0,0,0,8.554866544,14.61797296,-11.23958333,1,24,0,6,0,0,0,0,0,0,4,0,10,12,0,0,0,0,4.0121,93.541,0,0,0,0,0,0,0,0,0,0,0,0,0,0,0,2,0,0,0,0,0,0,0,0,0,0,0,0,0,0,0,0,0,0,0,0,0,0,0,0,0,0,0,0,2,0,0,0,0,0,0,0,0,0,0,0,0,0,0,0,0,0,0,0,0,0,0,0,0,0,0,0,0,0,1,0,0,0,0,0,0,0,0,4,0,5,CCCCCCCC[N+](CC)(CC)CC.O=S(=O)(F)[N-]S(=O)(=O)F,368.15,-0.081210055
9.076388889,9.076388889,0.604166667,-3.916666667,0.459092664,10.46153846,206.267,192.155,206.0725133,76,0,0.243018699,-0.748156135,0.748156135,0.243018699,1.538461538,2,2.153846154,32.23961285,10.71759562,1.917419474,-1.898064972,1.739503028,-2.281029194,7.844614631,-0.692549671,2.312410047,2.52E-07,334.3745574,10.48312766,7.966577942,8.783074523,5.825698503,3.744925325,5.561421906,2.61365291,4.021901201,1.188881131,1.188881131,0.688772899,0.688772899,-0.88,497.1681601,12.12,4.981524033,9.030950023,78.37439012,4.552749874,12.39368714,0,6.327320075,0,0,0,17.55199628,0,0,0,6.9237372,6.255769184,23.71055525,17.53764651,10.11812686,0,4.567099648,7.047671983,13.46849361,6.255769184,18.72100722,0,0,4.567099648,0,0,0,23.79341569,23.71055525,0,6.9237372,18.72100722,0,0,0,66.01,10.11812686,0,0,0,6.255769184,6.544756406,0,0,17.8116152,24.01500049,12.97054686,31.38541667,0,0,0,0,0,0,6.746527778,3.181388889,-1.896666667,0.571428571,13,0,5,0,0,0,0,1,1,4,0,6,1,0,0,0,1,-0.5061,46.9032,0,0,0,0,0,2,0,0,0,0,0,0,0,0,0,2,0,0,0,0,0,0,0,0,0,0,0,0,0,0,2,0,0,0,0,0,0,0,0,0,0,0,0,0,0,0,0,1,0,0,0,0,0,0,0,0,0,0,0,0,0,0,0,0,0,0,0,0,0,0,0,0,0,0,0,0,0,0,0,0,0,0,0,0,0,6,CC[n+]1ccn(C)c1.CS(=O)(=O)[O-],308.15,1.736951233
9.076388889,9.076388889,0.604166667,-3.916666667,0.459092664,10.46153846,206.267,192.155,206.0725133,76,0,0.243018699,-0.748156135,0.748156135,0.243018699,1.538461538,2,2.153846154,32.23961285,10.71759562,1.917419474,-1.898064972,1.739503028,-2.281029194,7.844614631,-0.692549671,2.312410047,2.52E-07,334.3745574,10.48312766,7.966577942,8.783074523,5.825698503,3.744925325,5.561421906,2.61365291,4.021901201,1.188881131,1.188881131,0.688772899,0.688772899,-0.88,497.1681601,12.12,4.981524033,9.030950023,78.37439012,4.552749874,12.39368714,0,6.327320075,0,0,0,17.55199628,0,0,0,6.9237372,6.255769184,23.71055525,17.53764651,10.11812686,0,4.567099648,7.047671983,13.46849361,6.255769184,18.72100722,0,0,4.567099648,0,0,0,23.79341569,23.71055525,0,6.9237372,18.72100722,0,0,0,66.01,10.11812686,0,0,0,6.255769184,6.544756406,0,0,17.8116152,24.01500049,12.97054686,31.38541667,0,0,0,0,0,0,6.746527778,3.181388889,-1.896666667,0.571428571,13,0,5,0,0,0,0,1,1,4,0,6,1,0,0,0,1,-0.5061,46.9032,0,0,0,0,0,2,0,0,0,0,0,0,0,0,0,2,0,0,0,0,0,0,0,0,0,0,0,0,0,0,2,0,0,0,0,0,0,0,0,0,0,0,0,0,0,0,0,1,0,0,0,0,0,0,0,0,0,0,0,0,0,0,0,0,0,0,0,0,0,0,0,0,0,0,0,0,0,0,0,0,0,0,0,0,0,6,CC[n+]1ccn(C)c1.CS(=O)(=O)[O-],318.15,1.742219024
9.076388889,9.076388889,0.604166667,-3.916666667,0.459092664,10.46153846,206.267,192.155,206.0725133,76,0,0.243018699,-0.748156135,0.748156135,0.243018699,1.538461538,2,2.153846154,32.23961285,10.71759562,1.917419474,-1.898064972,1.739503028,-2.281029194,7.844614631,-0.692549671,2.312410047,2.52E-07,334.3745574,10.48312766,7.966577942,8.783074523,5.825698503,3.744925325,5.561421906,2.61365291,4.021901201,1.188881131,1.188881131,0.688772899,0.688772899,-0.88,497.1681601,12.12,4.981524033,9.030950023,78.37439012,4.552749874,12.39368714,0,6.327320075,0,0,0,17.55199628,0,0,0,6.9237372,6.255769184,23.71055525,17.53764651,10.11812686,0,4.567099648,7.047671983,13.46849361,6.255769184,18.72100722,0,0,4.567099648,0,0,0,23.79341569,23.71055525,0,6.9237372,18.72100722,0,0,0,66.01,10.11812686,0,0,0,6.255769184,6.544756406,0,0,17.8116152,24.01500049,12.97054686,31.38541667,0,0,0,0,0,0,6.746527778,3.181388889,-1.896666667,0.571428571,13,0,5,0,0,0,0,1,1,4,0,6,1,0,0,0,1,-0.5061,46.9032,0,0,0,0,0,2,0,0,0,0,0,0,0,0,0,2,0,0,0,0,0,0,0,0,0,0,0,0,0,0,2,0,0,0,0,0,0,0,0,0,0,0,0,0,0,0,0,1,0,0,0,0,0,0,0,0,0,0,0,0,0,0,0,0,0,0,0,0,0,0,0,0,0,0,0,0,0,0,0,0,0,0,0,0,0,6,CC[n+]1ccn(C)c1.CS(=O)(=O)[O-],328.15,1.749199855
9.076388889,9.076388889,0.604166667,-3.916666667,0.459092664,10.46153846,206.267,192.155,206.0725133,76,0,0.243018699,-0.748156135,0.748156135,0.243018699,1.538461538,2,2.153846154,32.23961285,10.71759562,1.917419474,-1.898064972,1.739503028,-2.281029194,7.844614631,-0.692549671,2.312410047,2.52E-07,334.3745574,10.48312766,7.966577942,8.783074523,5.825698503,3.744925325,5.561421906,2.61365291,4.021901201,1.188881131,1.188881131,0.688772899,0.688772899,-0.88,497.1681601,12.12,4.981524033,9.030950023,78.37439012,4.552749874,12.39368714,0,6.327320075,0,0,0,17.55199628,0,0,0,6.9237372,6.255769184,23.71055525,17.53764651,10.11812686,0,4.567099648,7.047671983,13.46849361,6.255769184,18.72100722,0,0,4.567099648,0,0,0,23.79341569,23.71055525,0,6.9237372,18.72100722,0,0,0,66.01,10.11812686,0,0,0,6.255769184,6.544756406,0,0,17.8116152,24.01500049,12.97054686,31.38541667,0,0,0,0,0,0,6.746527778,3.181388889,-1.896666667,0.571428571,13,0,5,0,0,0,0,1,1,4,0,6,1,0,0,0,1,-0.5061,46.9032,0,0,0,0,0,2,0,0,0,0,0,0,0,0,0,2,0,0,0,0,0,0,0,0,0,0,0,0,0,0,2,0,0,0,0,0,0,0,0,0,0,0,0,0,0,0,0,1,0,0,0,0,0,0,0,0,0,0,0,0,0,0,0,0,0,0,0,0,0,0,0,0,0,0,0,0,0,0,0,0,0,0,0,0,0,6,CC[n+]1ccn(C)c1.CS(=O)(=O)[O-],338.15,1.756132292
9.076388889,9.076388889,0.604166667,-3.916666667,0.459092664,10.46153846,206.267,192.155,206.0725133,76,0,0.243018699,-0.748156135,0.748156135,0.243018699,1.538461538,2,2.153846154,32.23961285,10.71759562,1.917419474,-1.898064972,1.739503028,-2.281029194,7.844614631,-0.692549671,2.312410047,2.52E-07,334.3745574,10.48312766,7.966577942,8.783074523,5.825698503,3.744925325,5.561421906,2.61365291,4.021901201,1.188881131,1.188881131,0.688772899,0.688772899,-0.88,497.1681601,12.12,4.981524033,9.030950023,78.37439012,4.552749874,12.39368714,0,6.327320075,0,0,0,17.55199628,0,0,0,6.9237372,6.255769184,23.71055525,17.53764651,10.11812686,0,4.567099648,7.047671983,13.46849361,6.255769184,18.72100722,0,0,4.567099648,0,0,0,23.79341569,23.71055525,0,6.9237372,18.72100722,0,0,0,66.01,10.11812686,0,0,0,6.255769184,6.544756406,0,0,17.8116152,24.01500049,12.97054686,31.38541667,0,0,0,0,0,0,6.746527778,3.181388889,-1.896666667,0.571428571,13,0,5,0,0,0,0,1,1,4,0,6,1,0,0,0,1,-0.5061,46.9032,0,0,0,0,0,2,0,0,0,0,0,0,0,0,0,2,0,0,0,0,0,0,0,0,0,0,0,0,0,0,2,0,0,0,0,0,0,0,0,0,0,0,0,0,0,0,0,1,0,0,0,0,0,0,0,0,0,0,0,0,0,0,0,0,0,0,0,0,0,0,0,0,0,0,0,0,0,0,0,0,0,0,0,0,0,6,CC[n+]1ccn(C)c1.CS(=O)(=O)[O-],348.15,1.761300262
9.076388889,9.076388889,0.604166667,-3.916666667,0.459092664,10.46153846,206.267,192.155,206.0725133,76,0,0.243018699,-0.748156135,0.748156135,0.243018699,1.538461538,2,2.153846154,32.23961285,10.71759562,1.917419474,-1.898064972,1.739503028,-2.281029194,7.844614631,-0.692549671,2.312410047,2.52E-07,334.3745574,10.48312766,7.966577942,8.783074523,5.825698503,3.744925325,5.561421906,2.61365291,4.021901201,1.188881131,1.188881131,0.688772899,0.688772899,-0.88,497.1681601,12.12,4.981524033,9.030950023,78.37439012,4.552749874,12.39368714,0,6.327320075,0,0,0,17.55199628,0,0,0,6.9237372,6.255769184,23.71055525,17.53764651,10.11812686,0,4.567099648,7.047671983,13.46849361,6.255769184,18.72100722,0,0,4.567099648,0,0,0,23.79341569,23.71055525,0,6.9237372,18.72100722,0,0,0,66.01,10.11812686,0,0,0,6.255769184,6.544756406,0,0,17.8116152,24.01500049,12.97054686,31.38541667,0,0,0,0,0,0,6.746527778,3.181388889,-1.896666667,0.571428571,13,0,5,0,0,0,0,1,1,4,0,6,1,0,0,0,1,-0.5061,46.9032,0,0,0,0,0,2,0,0,0,0,0,0,0,0,0,2,0,0,0,0,0,0,0,0,0,0,0,0,0,0,2,0,0,0,0,0,0,0,0,0,0,0,0,0,0,0,0,1,0,0,0,0,0,0,0,0,0,0,0,0,0,0,0,0,0,0,0,0,0,0,0,0,0,0,0,0,0,0,0,0,0,0,0,0,0,6,CC[n+]1ccn(C)c1.CS(=O)(=O)[O-],358.15,1.766441661
7.793981481,7.793981481,0.402777778,-0.402777778,0.552632241,15.70588235,232.331,212.171,232.1687966,92,0,0.078627625,-0.326037383,0.326037383,0.078627625,1.058823529,1.529411765,1.823529412,15.33619222,10.23519793,2.246824765,-2.282945195,2.162515944,-2.408799,5.383717913,-0.897402111,2.77287314,3.25E-07,289.5150876,13.14841808,10.73860185,10.73860185,8.113832168,6.023824068,6.023824068,4.561394453,4.561394453,3.032808928,3.032808928,1.93729292,1.93729292,-1.7,5823.033595,15.3,8.451759163,6.460171997,104.2661006,4.483030858,0,0,0,0,0,0,15.78567466,0,0,37.47012881,6.420821623,12.84164325,26.6819412,4.483030858,0,15.78567466,0,0,32.60702369,26.6819412,5.917906046,0,18.20766394,0,0,0,0,31.16497206,0,39.91124465,32.60702369,0,0,0,0,71.37,5.917906046,0,0,0,0,0,68.00825051,0,0,13.97140918,15.78567466,1.355,0,0,23.38194444,0,-0.402777778,4.1875,5.685286281,6.554297052,2.405416667,0.692307692,17,0,4,0,1,1,0,0,0,3,0,4,3,0,1,1,1,2.15853,65.0094,0,0,0,0,0,0,0,0,0,0,0,0,0,0,0,4,0,0,0,0,1,0,0,0,0,0,0,0,0,0,0,0,0,0,0,0,0,0,0,0,0,0,0,0,0,0,0,0,0,0,0,0,0,0,0,0,0,3,0,0,0,0,0,0,0,0,0,0,0,0,0,0,0,0,1,0,0,0,0,0,0,0,0,0,0,7,CCCC[N+]1(C)CCCC1.N#C[C-](C#N)C#N,318.15,0.113328685
7.793981481,7.793981481,0.402777778,-0.402777778,0.552632241,15.70588235,232.331,212.171,232.1687966,92,0,0.078627625,-0.326037383,0.326037383,0.078627625,1.058823529,1.529411765,1.823529412,15.33619222,10.23519793,2.246824765,-2.282945195,2.162515944,-2.408799,5.383717913,-0.897402111,2.77287314,3.25E-07,289.5150876,13.14841808,10.73860185,10.73860185,8.113832168,6.023824068,6.023824068,4.561394453,4.561394453,3.032808928,3.032808928,1.93729292,1.93729292,-1.7,5823.033595,15.3,8.451759163,6.460171997,104.2661006,4.483030858,0,0,0,0,0,0,15.78567466,0,0,37.47012881,6.420821623,12.84164325,26.6819412,4.483030858,0,15.78567466,0,0,32.60702369,26.6819412,5.917906046,0,18.20766394,0,0,0,0,31.16497206,0,39.91124465,32.60702369,0,0,0,0,71.37,5.917906046,0,0,0,0,0,68.00825051,0,0,13.97140918,15.78567466,1.355,0,0,23.38194444,0,-0.402777778,4.1875,5.685286281,6.554297052,2.405416667,0.692307692,17,0,4,0,1,1,0,0,0,3,0,4,3,0,1,1,1,2.15853,65.0094,0,0,0,0,0,0,0,0,0,0,0,0,0,0,0,4,0,0,0,0,1,0,0,0,0,0,0,0,0,0,0,0,0,0,0,0,0,0,0,0,0,0,0,0,0,0,0,0,0,0,0,0,0,0,0,0,0,3,0,0,0,0,0,0,0,0,0,0,0,0,0,0,0,0,1,0,0,0,0,0,0,0,0,0,0,7,CCCC[N+]1(C)CCCC1.N#C[C-](C#N)C#N,328.15,0.148420005
7.793981481,7.793981481,0.402777778,-0.402777778,0.552632241,15.70588235,232.331,212.171,232.1687966,92,0,0.078627625,-0.326037383,0.326037383,0.078627625,1.058823529,1.529411765,1.823529412,15.33619222,10.23519793,2.246824765,-2.282945195,2.162515944,-2.408799,5.383717913,-0.897402111,2.77287314,3.25E-07,289.5150876,13.14841808,10.73860185,10.73860185,8.113832168,6.023824068,6.023824068,4.561394453,4.561394453,3.032808928,3.032808928,1.93729292,1.93729292,-1.7,5823.033595,15.3,8.451759163,6.460171997,104.2661006,4.483030858,0,0,0,0,0,0,15.78567466,0,0,37.47012881,6.420821623,12.84164325,26.6819412,4.483030858,0,15.78567466,0,0,32.60702369,26.6819412,5.917906046,0,18.20766394,0,0,0,0,31.16497206,0,39.91124465,32.60702369,0,0,0,0,71.37,5.917906046,0,0,0,0,0,68.00825051,0,0,13.97140918,15.78567466,1.355,0,0,23.38194444,0,-0.402777778,4.1875,5.685286281,6.554297052,2.405416667,0.692307692,17,0,4,0,1,1,0,0,0,3,0,4,3,0,1,1,1,2.15853,65.0094,0,0,0,0,0,0,0,0,0,0,0,0,0,0,0,4,0,0,0,0,1,0,0,0,0,0,0,0,0,0,0,0,0,0,0,0,0,0,0,0,0,0,0,0,0,0,0,0,0,0,0,0,0,0,0,0,0,3,0,0,0,0,0,0,0,0,0,0,0,0,0,0,0,0,1,0,0,0,0,0,0,0,0,0,0,7,CCCC[N+]1(C)CCCC1.N#C[C-](C#N)C#N,338.15,0.182321557
7.793981481,7.793981481,0.402777778,-0.402777778,0.552632241,15.70588235,232.331,212.171,232.1687966,92,0,0.078627625,-0.326037383,0.326037383,0.078627625,1.058823529,1.529411765,1.823529412,15.33619222,10.23519793,2.246824765,-2.282945195,2.162515944,-2.408799,5.383717913,-0.897402111,2.77287314,3.25E-07,289.5150876,13.14841808,10.73860185,10.73860185,8.113832168,6.023824068,6.023824068,4.561394453,4.561394453,3.032808928,3.032808928,1.93729292,1.93729292,-1.7,5823.033595,15.3,8.451759163,6.460171997,104.2661006,4.483030858,0,0,0,0,0,0,15.78567466,0,0,37.47012881,6.420821623,12.84164325,26.6819412,4.483030858,0,15.78567466,0,0,32.60702369,26.6819412,5.917906046,0,18.20766394,0,0,0,0,31.16497206,0,39.91124465,32.60702369,0,0,0,0,71.37,5.917906046,0,0,0,0,0,68.00825051,0,0,13.97140918,15.78567466,1.355,0,0,23.38194444,0,-0.402777778,4.1875,5.685286281,6.554297052,2.405416667,0.692307692,17,0,4,0,1,1,0,0,0,3,0,4,3,0,1,1,1,2.15853,65.0094,0,0,0,0,0,0,0,0,0,0,0,0,0,0,0,4,0,0,0,0,1,0,0,0,0,0,0,0,0,0,0,0,0,0,0,0,0,0,0,0,0,0,0,0,0,0,0,0,0,0,0,0,0,0,0,0,0,3,0,0,0,0,0,0,0,0,0,0,0,0,0,0,0,0,1,0,0,0,0,0,0,0,0,0,0,7,CCCC[N+]1(C)CCCC1.N#C[C-](C#N)C#N,348.15,0.21511138
7.793981481,7.793981481,0.402777778,-0.402777778,0.552632241,15.70588235,232.331,212.171,232.1687966,92,0,0.078627625,-0.326037383,0.326037383,0.078627625,1.058823529,1.529411765,1.823529412,15.33619222,10.23519793,2.246824765,-2.282945195,2.162515944,-2.408799,5.383717913,-0.897402111,2.77287314,3.25E-07,289.5150876,13.14841808,10.73860185,10.73860185,8.113832168,6.023824068,6.023824068,4.561394453,4.561394453,3.032808928,3.032808928,1.93729292,1.93729292,-1.7,5823.033595,15.3,8.451759163,6.460171997,104.2661006,4.483030858,0,0,0,0,0,0,15.78567466,0,0,37.47012881,6.420821623,12.84164325,26.6819412,4.483030858,0,15.78567466,0,0,32.60702369,26.6819412,5.917906046,0,18.20766394,0,0,0,0,31.16497206,0,39.91124465,32.60702369,0,0,0,0,71.37,5.917906046,0,0,0,0,0,68.00825051,0,0,13.97140918,15.78567466,1.355,0,0,23.38194444,0,-0.402777778,4.1875,5.685286281,6.554297052,2.405416667,0.692307692,17,0,4,0,1,1,0,0,0,3,0,4,3,0,1,1,1,2.15853,65.0094,0,0,0,0,0,0,0,0,0,0,0,0,0,0,0,4,0,0,0,0,1,0,0,0,0,0,0,0,0,0,0,0,0,0,0,0,0,0,0,0,0,0,0,0,0,0,0,0,0,0,0,0,0,0,0,0,0,3,0,0,0,0,0,0,0,0,0,0,0,0,0,0,0,0,1,0,0,0,0,0,0,0,0,0,0,7,CCCC[N+]1(C)CCCC1.N#C[C-](C#N)C#N,358.15,0.2390169
7.793981481,7.793981481,0.402777778,-0.402777778,0.552632241,15.70588235,232.331,212.171,232.1687966,92,0,0.078627625,-0.326037383,0.326037383,0.078627625,1.058823529,1.529411765,1.823529412,15.33619222,10.23519793,2.246824765,-2.282945195,2.162515944,-2.408799,5.383717913,-0.897402111,2.77287314,3.25E-07,289.5150876,13.14841808,10.73860185,10.73860185,8.113832168,6.023824068,6.023824068,4.561394453,4.561394453,3.032808928,3.032808928,1.93729292,1.93729292,-1.7,5823.033595,15.3,8.451759163,6.460171997,104.2661006,4.483030858,0,0,0,0,0,0,15.78567466,0,0,37.47012881,6.420821623,12.84164325,26.6819412,4.483030858,0,15.78567466,0,0,32.60702369,26.6819412,5.917906046,0,18.20766394,0,0,0,0,31.16497206,0,39.91124465,32.60702369,0,0,0,0,71.37,5.917906046,0,0,0,0,0,68.00825051,0,0,13.97140918,15.78567466,1.355,0,0,23.38194444,0,-0.402777778,4.1875,5.685286281,6.554297052,2.405416667,0.692307692,17,0,4,0,1,1,0,0,0,3,0,4,3,0,1,1,1,2.15853,65.0094,0,0,0,0,0,0,0,0,0,0,0,0,0,0,0,4,0,0,0,0,1,0,0,0,0,0,0,0,0,0,0,0,0,0,0,0,0,0,0,0,0,0,0,0,0,0,0,0,0,0,0,0,0,0,0,0,0,3,0,0,0,0,0,0,0,0,0,0,0,0,0,0,0,0,1,0,0,0,0,0,0,0,0,0,0,7,CCCC[N+]1(C)CCCC1.N#C[C-](C#N)C#N,368.15,0.270027137
11.43842593,11.43842593,0.777777778,-6.721527778,0.196429634,12.96969697,531.585,500.337,531.1660178,196,0,0.4802902,-0.420674932,0.4802902,0.420674932,0.757575758,1.151515152,1.484848485,32.2890453,10.06626909,2.464490616,-2.224494499,2.35660212,-2.301590544,8.125020632,-0.696404973,3.061354719,6.33E-07,839.7267316,25.76130226,18.56914277,20.20213593,15.03280528,10.41063378,13.29076044,7.415038069,10.83740832,4.374834786,7.114816853,2.62949685,4.339079144,-1.35,4347570.659,31.65,14.14201776,13.2041739,190.8247438,4.127401125,12.39368714,20.04658231,6.327320075,0,11.016661,0,25.96979326,26.34249029,0,58.29031018,12.84164325,0,13.59242839,47.7451839,20.04658231,0,4.567099648,7.047671983,88.69337084,0,22.84840834,0,0,4.567099648,26.34249029,0,0,32.41935462,33.6390107,0,71.13195343,18.72100722,0,4.127401125,0,91.19,31.06324331,43.17808425,0,0,0,4.127401125,70.75297264,0,0,41.8266157,0,113.5724307,0,0,0,-12.40611111,0,0,20.57124974,3.460404986,-11.36464097,0.833333333,33,0,7,0,0,0,0,1,1,5,0,15,13,0,0,0,1,5.2928,110.7606,0,0,0,0,0,2,0,0,0,0,0,0,0,0,0,3,0,0,0,0,0,0,0,0,0,6,0,0,0,0,2,0,0,0,0,0,0,0,0,0,0,0,0,0,6,0,0,1,0,0,0,0,0,0,0,0,0,0,0,0,0,0,0,0,0,0,0,0,0,0,0,0,0,0,0,0,2,0,0,0,0,0,0,8,0,8,CCCCCCCCCCCC[n+]1ccn(C)c1.O=S(=O)([N-]S(=O)(=O)C(F)(F)F)C(F)(F)F,318.15,-0.458865885
11.43842593,11.43842593,0.777777778,-6.721527778,0.196429634,12.96969697,531.585,500.337,531.1660178,196,0,0.4802902,-0.420674932,0.4802902,0.420674932,0.757575758,1.151515152,1.484848485,32.2890453,10.06626909,2.464490616,-2.224494499,2.35660212,-2.301590544,8.125020632,-0.696404973,3.061354719,6.33E-07,839.7267316,25.76130226,18.56914277,20.20213593,15.03280528,10.41063378,13.29076044,7.415038069,10.83740832,4.374834786,7.114816853,2.62949685,4.339079144,-1.35,4347570.659,31.65,14.14201776,13.2041739,190.8247438,4.127401125,12.39368714,20.04658231,6.327320075,0,11.016661,0,25.96979326,26.34249029,0,58.29031018,12.84164325,0,13.59242839,47.7451839,20.04658231,0,4.567099648,7.047671983,88.69337084,0,22.84840834,0,0,4.567099648,26.34249029,0,0,32.41935462,33.6390107,0,71.13195343,18.72100722,0,4.127401125,0,91.19,31.06324331,43.17808425,0,0,0,4.127401125,70.75297264,0,0,41.8266157,0,113.5724307,0,0,0,-12.40611111,0,0,20.57124974,3.460404986,-11.36464097,0.833333333,33,0,7,0,0,0,0,1,1,5,0,15,13,0,0,0,1,5.2928,110.7606,0,0,0,0,0,2,0,0,0,0,0,0,0,0,0,3,0,0,0,0,0,0,0,0,0,6,0,0,0,0,2,0,0,0,0,0,0,0,0,0,0,0,0,0,6,0,0,1,0,0,0,0,0,0,0,0,0,0,0,0,0,0,0,0,0,0,0,0,0,0,0,0,0,0,0,0,2,0,0,0,0,0,0,8,0,8,CCCCCCCCCCCC[n+]1ccn(C)c1.O=S(=O)([N-]S(=O)(=O)C(F)(F)F)C(F)(F)F,328.15,-0.406465608
11.43842593,11.43842593,0.777777778,-6.721527778,0.196429634,12.96969697,531.585,500.337,531.1660178,196,0,0.4802902,-0.420674932,0.4802902,0.420674932,0.757575758,1.151515152,1.484848485,32.2890453,10.06626909,2.464490616,-2.224494499,2.35660212,-2.301590544,8.125020632,-0.696404973,3.061354719,6.33E-07,839.7267316,25.76130226,18.56914277,20.20213593,15.03280528,10.41063378,13.29076044,7.415038069,10.83740832,4.374834786,7.114816853,2.62949685,4.339079144,-1.35,4347570.659,31.65,14.14201776,13.2041739,190.8247438,4.127401125,12.39368714,20.04658231,6.327320075,0,11.016661,0,25.96979326,26.34249029,0,58.29031018,12.84164325,0,13.59242839,47.7451839,20.04658231,0,4.567099648,7.047671983,88.69337084,0,22.84840834,0,0,4.567099648,26.34249029,0,0,32.41935462,33.6390107,0,71.13195343,18.72100722,0,4.127401125,0,91.19,31.06324331,43.17808425,0,0,0,4.127401125,70.75297264,0,0,41.8266157,0,113.5724307,0,0,0,-12.40611111,0,0,20.57124974,3.460404986,-11.36464097,0.833333333,33,0,7,0,0,0,0,1,1,5,0,15,13,0,0,0,1,5.2928,110.7606,0,0,0,0,0,2,0,0,0,0,0,0,0,0,0,3,0,0,0,0,0,0,0,0,0,6,0,0,0,0,2,0,0,0,0,0,0,0,0,0,0,0,0,0,6,0,0,1,0,0,0,0,0,0,0,0,0,0,0,0,0,0,0,0,0,0,0,0,0,0,0,0,0,0,0,0,2,0,0,0,0,0,0,8,0,8,CCCCCCCCCCCC[n+]1ccn(C)c1.O=S(=O)([N-]S(=O)(=O)C(F)(F)F)C(F)(F)F,338.15,-0.353821875
11.43842593,11.43842593,0.777777778,-6.721527778,0.196429634,12.96969697,531.585,500.337,531.1660178,196,0,0.4802902,-0.420674932,0.4802902,0.420674932,0.757575758,1.151515152,1.484848485,32.2890453,10.06626909,2.464490616,-2.224494499,2.35660212,-2.301590544,8.125020632,-0.696404973,3.061354719,6.33E-07,839.7267316,25.76130226,18.56914277,20.20213593,15.03280528,10.41063378,13.29076044,7.415038069,10.83740832,4.374834786,7.114816853,2.62949685,4.339079144,-1.35,4347570.659,31.65,14.14201776,13.2041739,190.8247438,4.127401125,12.39368714,20.04658231,6.327320075,0,11.016661,0,25.96979326,26.34249029,0,58.29031018,12.84164325,0,13.59242839,47.7451839,20.04658231,0,4.567099648,7.047671983,88.69337084,0,22.84840834,0,0,4.567099648,26.34249029,0,0,32.41935462,33.6390107,0,71.13195343,18.72100722,0,4.127401125,0,91.19,31.06324331,43.17808425,0,0,0,4.127401125,70.75297264,0,0,41.8266157,0,113.5724307,0,0,0,-12.40611111,0,0,20.57124974,3.460404986,-11.36464097,0.833333333,33,0,7,0,0,0,0,1,1,5,0,15,13,0,0,0,1,5.2928,110.7606,0,0,0,0,0,2,0,0,0,0,0,0,0,0,0,3,0,0,0,0,0,0,0,0,0,6,0,0,0,0,2,0,0,0,0,0,0,0,0,0,0,0,0,0,6,0,0,1,0,0,0,0,0,0,0,0,0,0,0,0,0,0,0,0,0,0,0,0,0,0,0,0,0,0,0,0,2,0,0,0,0,0,0,8,0,8,CCCCCCCCCCCC[n+]1ccn(C)c1.O=S(=O)([N-]S(=O)(=O)C(F)(F)F)C(F)(F)F,348.15,-0.30652516
11.43842593,11.43842593,0.777777778,-6.721527778,0.196429634,12.96969697,531.585,500.337,531.1660178,196,0,0.4802902,-0.420674932,0.4802902,0.420674932,0.757575758,1.151515152,1.484848485,32.2890453,10.06626909,2.464490616,-2.224494499,2.35660212,-2.301590544,8.125020632,-0.696404973,3.061354719,6.33E-07,839.7267316,25.76130226,18.56914277,20.20213593,15.03280528,10.41063378,13.29076044,7.415038069,10.83740832,4.374834786,7.114816853,2.62949685,4.339079144,-1.35,4347570.659,31.65,14.14201776,13.2041739,190.8247438,4.127401125,12.39368714,20.04658231,6.327320075,0,11.016661,0,25.96979326,26.34249029,0,58.29031018,12.84164325,0,13.59242839,47.7451839,20.04658231,0,4.567099648,7.047671983,88.69337084,0,22.84840834,0,0,4.567099648,26.34249029,0,0,32.41935462,33.6390107,0,71.13195343,18.72100722,0,4.127401125,0,91.19,31.06324331,43.17808425,0,0,0,4.127401125,70.75297264,0,0,41.8266157,0,113.5724307,0,0,0,-12.40611111,0,0,20.57124974,3.460404986,-11.36464097,0.833333333,33,0,7,0,0,0,0,1,1,5,0,15,13,0,0,0,1,5.2928,110.7606,0,0,0,0,0,2,0,0,0,0,0,0,0,0,0,3,0,0,0,0,0,0,0,0,0,6,0,0,0,0,2,0,0,0,0,0,0,0,0,0,0,0,0,0,6,0,0,1,0,0,0,0,0,0,0,0,0,0,0,0,0,0,0,0,0,0,0,0,0,0,0,0,0,0,0,0,2,0,0,0,0,0,0,8,0,8,CCCCCCCCCCCC[n+]1ccn(C)c1.O=S(=O)([N-]S(=O)(=O)C(F)(F)F)C(F)(F)F,358.15,-0.260066905
11.43842593,11.43842593,0.777777778,-6.721527778,0.196429634,12.96969697,531.585,500.337,531.1660178,196,0,0.4802902,-0.420674932,0.4802902,0.420674932,0.757575758,1.151515152,1.484848485,32.2890453,10.06626909,2.464490616,-2.224494499,2.35660212,-2.301590544,8.125020632,-0.696404973,3.061354719,6.33E-07,839.7267316,25.76130226,18.56914277,20.20213593,15.03280528,10.41063378,13.29076044,7.415038069,10.83740832,4.374834786,7.114816853,2.62949685,4.339079144,-1.35,4347570.659,31.65,14.14201776,13.2041739,190.8247438,4.127401125,12.39368714,20.04658231,6.327320075,0,11.016661,0,25.96979326,26.34249029,0,58.29031018,12.84164325,0,13.59242839,47.7451839,20.04658231,0,4.567099648,7.047671983,88.69337084,0,22.84840834,0,0,4.567099648,26.34249029,0,0,32.41935462,33.6390107,0,71.13195343,18.72100722,0,4.127401125,0,91.19,31.06324331,43.17808425,0,0,0,4.127401125,70.75297264,0,0,41.8266157,0,113.5724307,0,0,0,-12.40611111,0,0,20.57124974,3.460404986,-11.36464097,0.833333333,33,0,7,0,0,0,0,1,1,5,0,15,13,0,0,0,1,5.2928,110.7606,0,0,0,0,0,2,0,0,0,0,0,0,0,0,0,3,0,0,0,0,0,0,0,0,0,6,0,0,0,0,2,0,0,0,0,0,0,0,0,0,0,0,0,0,6,0,0,1,0,0,0,0,0,0,0,0,0,0,0,0,0,0,0,0,0,0,0,0,0,0,0,0,0,0,0,0,2,0,0,0,0,0,0,8,0,8,CCCCCCCCCCCC[n+]1ccn(C)c1.O=S(=O)([N-]S(=O)(=O)C(F)(F)F)C(F)(F)F,368.15,-0.21815601
15.00578704,13.38136574,1.355,-15.00578704,0.165239823,20.57142857,587.27,567.11,587.1045942,216,0,,,,,0.571428571,0.828571429,1.028571429,,,,,,,,,3.037497754,9.52E-07,670.2358216,28.85799576,17.64753517,18.54196236,14.85488426,9.365650168,11.72147606,8.255708632,12.51613812,5.518386361,9.874647335,3.202915811,5.884161593,-0.87,3449625.45,34.13,8.581660084,4.430108985,185.419276,4.483030858,0,0,0,0,120.8430761,0,0,0,0,13.34455882,6.420821623,12.84164325,26.6819412,82.92997347,6.876385235,0,0,0,68.12677196,26.6819412,0,0,0,0,78.44694261,0,6.876385235,66.68472033,0,0,32.60702369,0,0,0,0,0,42.39613351,78.44694261,0,0,0,0,49.80058657,0,0,13.97140918,0,223.7723225,0,0,0,-29.26277778,0,0,-20.4264344,-8.451489985,2.405416667,1,35,0,1,0,1,1,0,0,0,0,0,20,6,0,1,1,1,9.2211,88.1774,0,0,0,0,0,0,0,0,0,0,0,0,0,0,0,1,0,0,0,0,1,0,0,0,0,15,0,0,0,0,0,0,0,0,0,0,0,0,0,0,0,0,0,0,18,0,0,0,0,0,0,0,0,0,0,0,0,0,0,0,0,0,0,0,0,0,0,0,0,0,0,0,0,0,1,0,0,0,0,0,0,0,0,0,0,9,CCCC[N+]1(C)CCCC1.FC(F)(F)C(F)(F)[P-](F)(F)(F)(C(F)(F)C(F)(F)F)C(F)(F)C(F)(F)F,318.15,-0.286349627
15.00578704,13.38136574,1.355,-15.00578704,0.165239823,20.57142857,587.27,567.11,587.1045942,216,0,,,,,0.571428571,0.828571429,1.028571429,,,,,,,,,3.037497754,9.52E-07,670.2358216,28.85799576,17.64753517,18.54196236,14.85488426,9.365650168,11.72147606,8.255708632,12.51613812,5.518386361,9.874647335,3.202915811,5.884161593,-0.87,3449625.45,34.13,8.581660084,4.430108985,185.419276,4.483030858,0,0,0,0,120.8430761,0,0,0,0,13.34455882,6.420821623,12.84164325,26.6819412,82.92997347,6.876385235,0,0,0,68.12677196,26.6819412,0,0,0,0,78.44694261,0,6.876385235,66.68472033,0,0,32.60702369,0,0,0,0,0,42.39613351,78.44694261,0,0,0,0,49.80058657,0,0,13.97140918,0,223.7723225,0,0,0,-29.26277778,0,0,-20.4264344,-8.451489985,2.405416667,1,35,0,1,0,1,1,0,0,0,0,0,20,6,0,1,1,1,9.2211,88.1774,0,0,0,0,0,0,0,0,0,0,0,0,0,0,0,1,0,0,0,0,1,0,0,0,0,15,0,0,0,0,0,0,0,0,0,0,0,0,0,0,0,0,0,0,18,0,0,0,0,0,0,0,0,0,0,0,0,0,0,0,0,0,0,0,0,0,0,0,0,0,0,0,0,0,1,0,0,0,0,0,0,0,0,0,0,9,CCCC[N+]1(C)CCCC1.FC(F)(F)C(F)(F)[P-](F)(F)(F)(C(F)(F)C(F)(F)F)C(F)(F)C(F)(F)F,328.15,-0.262664309
15.00578704,13.38136574,1.355,-15.00578704,0.165239823,20.57142857,587.27,567.11,587.1045942,216,0,,,,,0.571428571,0.828571429,1.028571429,,,,,,,,,3.037497754,9.52E-07,670.2358216,28.85799576,17.64753517,18.54196236,14.85488426,9.365650168,11.72147606,8.255708632,12.51613812,5.518386361,9.874647335,3.202915811,5.884161593,-0.87,3449625.45,34.13,8.581660084,4.430108985,185.419276,4.483030858,0,0,0,0,120.8430761,0,0,0,0,13.34455882,6.420821623,12.84164325,26.6819412,82.92997347,6.876385235,0,0,0,68.12677196,26.6819412,0,0,0,0,78.44694261,0,6.876385235,66.68472033,0,0,32.60702369,0,0,0,0,0,42.39613351,78.44694261,0,0,0,0,49.80058657,0,0,13.97140918,0,223.7723225,0,0,0,-29.26277778,0,0,-20.4264344,-8.451489985,2.405416667,1,35,0,1,0,1,1,0,0,0,0,0,20,6,0,1,1,1,9.2211,88.1774,0,0,0,0,0,0,0,0,0,0,0,0,0,0,0,1,0,0,0,0,1,0,0,0,0,15,0,0,0,0,0,0,0,0,0,0,0,0,0,0,0,0,0,0,18,0,0,0,0,0,0,0,0,0,0,0,0,0,0,0,0,0,0,0,0,0,0,0,0,0,0,0,0,0,1,0,0,0,0,0,0,0,0,0,0,9,CCCC[N+]1(C)CCCC1.FC(F)(F)C(F)(F)[P-](F)(F)(F)(C(F)(F)C(F)(F)F)C(F)(F)C(F)(F)F,338.15,-0.225646682
15.00578704,13.38136574,1.355,-15.00578704,0.165239823,20.57142857,587.27,567.11,587.1045942,216,0,,,,,0.571428571,0.828571429,1.028571429,,,,,,,,,3.037497754,9.52E-07,670.2358216,28.85799576,17.64753517,18.54196236,14.85488426,9.365650168,11.72147606,8.255708632,12.51613812,5.518386361,9.874647335,3.202915811,5.884161593,-0.87,3449625.45,34.13,8.581660084,4.430108985,185.419276,4.483030858,0,0,0,0,120.8430761,0,0,0,0,13.34455882,6.420821623,12.84164325,26.6819412,82.92997347,6.876385235,0,0,0,68.12677196,26.6819412,0,0,0,0,78.44694261,0,6.876385235,66.68472033,0,0,32.60702369,0,0,0,0,0,42.39613351,78.44694261,0,0,0,0,49.80058657,0,0,13.97140918,0,223.7723225,0,0,0,-29.26277778,0,0,-20.4264344,-8.451489985,2.405416667,1,35,0,1,0,1,1,0,0,0,0,0,20,6,0,1,1,1,9.2211,88.1774,0,0,0,0,0,0,0,0,0,0,0,0,0,0,0,1,0,0,0,0,1,0,0,0,0,15,0,0,0,0,0,0,0,0,0,0,0,0,0,0,0,0,0,0,18,0,0,0,0,0,0,0,0,0,0,0,0,0,0,0,0,0,0,0,0,0,0,0,0,0,0,0,0,0,1,0,0,0,0,0,0,0,0,0,0,9,CCCC[N+]1(C)CCCC1.FC(F)(F)C(F)(F)[P-](F)(F)(F)(C(F)(F)C(F)(F)F)C(F)(F)C(F)(F)F,348.15,-0.199671195
15.00578704,13.38136574,1.355,-15.00578704,0.165239823,20.57142857,587.27,567.11,587.1045942,216,0,,,,,0.571428571,0.828571429,1.028571429,,,,,,,,,3.037497754,9.52E-07,670.2358216,28.85799576,17.64753517,18.54196236,14.85488426,9.365650168,11.72147606,8.255708632,12.51613812,5.518386361,9.874647335,3.202915811,5.884161593,-0.87,3449625.45,34.13,8.581660084,4.430108985,185.419276,4.483030858,0,0,0,0,120.8430761,0,0,0,0,13.34455882,6.420821623,12.84164325,26.6819412,82.92997347,6.876385235,0,0,0,68.12677196,26.6819412,0,0,0,0,78.44694261,0,6.876385235,66.68472033,0,0,32.60702369,0,0,0,0,0,42.39613351,78.44694261,0,0,0,0,49.80058657,0,0,13.97140918,0,223.7723225,0,0,0,-29.26277778,0,0,-20.4264344,-8.451489985,2.405416667,1,35,0,1,0,1,1,0,0,0,0,0,20,6,0,1,1,1,9.2211,88.1774,0,0,0,0,0,0,0,0,0,0,0,0,0,0,0,1,0,0,0,0,1,0,0,0,0,15,0,0,0,0,0,0,0,0,0,0,0,0,0,0,0,0,0,0,18,0,0,0,0,0,0,0,0,0,0,0,0,0,0,0,0,0,0,0,0,0,0,0,0,0,0,0,0,0,1,0,0,0,0,0,0,0,0,0,0,9,CCCC[N+]1(C)CCCC1.FC(F)(F)C(F)(F)[P-](F)(F)(F)(C(F)(F)C(F)(F)F)C(F)(F)C(F)(F)F,358.15,-0.168418652
15.00578704,13.38136574,1.355,-15.00578704,0.165239823,20.57142857,587.27,567.11,587.1045942,216,0,,,,,0.571428571,0.828571429,1.028571429,,,,,,,,,3.037497754,9.52E-07,670.2358216,28.85799576,17.64753517,18.54196236,14.85488426,9.365650168,11.72147606,8.255708632,12.51613812,5.518386361,9.874647335,3.202915811,5.884161593,-0.87,3449625.45,34.13,8.581660084,4.430108985,185.419276,4.483030858,0,0,0,0,120.8430761,0,0,0,0,13.34455882,6.420821623,12.84164325,26.6819412,82.92997347,6.876385235,0,0,0,68.12677196,26.6819412,0,0,0,0,78.44694261,0,6.876385235,66.68472033,0,0,32.60702369,0,0,0,0,0,42.39613351,78.44694261,0,0,0,0,49.80058657,0,0,13.97140918,0,223.7723225,0,0,0,-29.26277778,0,0,-20.4264344,-8.451489985,2.405416667,1,35,0,1,0,1,1,0,0,0,0,0,20,6,0,1,1,1,9.2211,88.1774,0,0,0,0,0,0,0,0,0,0,0,0,0,0,0,1,0,0,0,0,1,0,0,0,0,15,0,0,0,0,0,0,0,0,0,0,0,0,0,0,0,0,0,0,18,0,0,0,0,0,0,0,0,0,0,0,0,0,0,0,0,0,0,0,0,0,0,0,0,0,0,0,0,0,1,0,0,0,0,0,0,0,0,0,0,9,CCCC[N+]1(C)CCCC1.FC(F)(F)C(F)(F)[P-](F)(F)(F)(C(F)(F)C(F)(F)F)C(F)(F)C(F)(F)F,368.15,-0.140412154
11.43842593,11.43842593,0.28125,-6.721527778,0.56909936,14.27272727,384.32,370.208,384.0248329,136,0,0.4802902,-0.420674932,0.4802902,0.420674932,0.863636364,1.136363636,1.227272727,32.2890436,10.53912467,2.464250519,-2.224494628,2.356065235,-2.364054514,8.12500463,-0.870213914,2.096938912,0,503.3946555,18.62132034,11.47313093,13.10612409,9.267766953,5.048053066,7.928179724,4.653687437,8.07605769,1.552056257,4.292038324,0.513697787,2.223280081,-0.64,8014.500522,23.62360051,7.287380627,8.718033241,122.7634002,13.71695938,6.544756406,20.04658231,0,0,11.016661,0,16.83559397,26.34249029,0,0,0,0,27.74989791,52.76764251,20.04658231,0,0,0,11.016661,34.29465432,4.127401125,0,0,0,26.34249029,0,0,71.73646754,20.04658231,0,0,0,0,4.127401125,0,102.61,31.06324331,43.17808425,0,6.606881965,0,15.15518839,0,0,0,21.14301595,5.106527395,110.02625,0,0,8.38625,-12.40611111,0,0,0,1.114583333,-7.287638889,1,22,1,7,0,0,0,0,0,0,5,1,15,4,0,0,0,0,0.7442,63.2938,0,1,1,0,0,0,0,0,0,0,0,0,0,0,0,2,0,0,0,1,0,0,0,0,0,6,0,0,0,0,0,0,0,0,0,0,0,0,0,0,0,0,0,0,6,0,0,0,0,0,0,0,0,0,0,0,0,0,0,0,0,0,0,0,0,0,0,0,0,0,0,0,0,0,1,0,2,0,0,0,0,0,0,0,0,10,C[N+](C)(C)CCO.O=S(=O)([N-]S(=O)(=O)C(F)(F)F)C(F)(F)F,318.15,1.430311247
11.43842593,11.43842593,0.28125,-6.721527778,0.56909936,14.27272727,384.32,370.208,384.0248329,136,0,0.4802902,-0.420674932,0.4802902,0.420674932,0.863636364,1.136363636,1.227272727,32.2890436,10.53912467,2.464250519,-2.224494628,2.356065235,-2.364054514,8.12500463,-0.870213914,2.096938912,0,503.3946555,18.62132034,11.47313093,13.10612409,9.267766953,5.048053066,7.928179724,4.653687437,8.07605769,1.552056257,4.292038324,0.513697787,2.223280081,-0.64,8014.500522,23.62360051,7.287380627,8.718033241,122.7634002,13.71695938,6.544756406,20.04658231,0,0,11.016661,0,16.83559397,26.34249029,0,0,0,0,27.74989791,52.76764251,20.04658231,0,0,0,11.016661,34.29465432,4.127401125,0,0,0,26.34249029,0,0,71.73646754,20.04658231,0,0,0,0,4.127401125,0,102.61,31.06324331,43.17808425,0,6.606881965,0,15.15518839,0,0,0,21.14301595,5.106527395,110.02625,0,0,8.38625,-12.40611111,0,0,0,1.114583333,-7.287638889,1,22,1,7,0,0,0,0,0,0,5,1,15,4,0,0,0,0,0.7442,63.2938,0,1,1,0,0,0,0,0,0,0,0,0,0,0,0,2,0,0,0,1,0,0,0,0,0,6,0,0,0,0,0,0,0,0,0,0,0,0,0,0,0,0,0,0,6,0,0,0,0,0,0,0,0,0,0,0,0,0,0,0,0,0,0,0,0,0,0,0,0,0,0,0,0,0,1,0,2,0,0,0,0,0,0,0,0,10,C[N+](C)(C)CCO.O=S(=O)([N-]S(=O)(=O)C(F)(F)F)C(F)(F)F,328.15,1.444563269
11.43842593,11.43842593,0.28125,-6.721527778,0.56909936,14.27272727,384.32,370.208,384.0248329,136,0,0.4802902,-0.420674932,0.4802902,0.420674932,0.863636364,1.136363636,1.227272727,32.2890436,10.53912467,2.464250519,-2.224494628,2.356065235,-2.364054514,8.12500463,-0.870213914,2.096938912,0,503.3946555,18.62132034,11.47313093,13.10612409,9.267766953,5.048053066,7.928179724,4.653687437,8.07605769,1.552056257,4.292038324,0.513697787,2.223280081,-0.64,8014.500522,23.62360051,7.287380627,8.718033241,122.7634002,13.71695938,6.544756406,20.04658231,0,0,11.016661,0,16.83559397,26.34249029,0,0,0,0,27.74989791,52.76764251,20.04658231,0,0,0,11.016661,34.29465432,4.127401125,0,0,0,26.34249029,0,0,71.73646754,20.04658231,0,0,0,0,4.127401125,0,102.61,31.06324331,43.17808425,0,6.606881965,0,15.15518839,0,0,0,21.14301595,5.106527395,110.02625,0,0,8.38625,-12.40611111,0,0,0,1.114583333,-7.287638889,1,22,1,7,0,0,0,0,0,0,5,1,15,4,0,0,0,0,0.7442,63.2938,0,1,1,0,0,0,0,0,0,0,0,0,0,0,0,2,0,0,0,1,0,0,0,0,0,6,0,0,0,0,0,0,0,0,0,0,0,0,0,0,0,0,0,0,6,0,0,0,0,0,0,0,0,0,0,0,0,0,0,0,0,0,0,0,0,0,0,0,0,0,0,0,0,0,1,0,2,0,0,0,0,0,0,0,0,10,C[N+](C)(C)CCO.O=S(=O)([N-]S(=O)(=O)C(F)(F)F)C(F)(F)F,338.15,1.451613827
11.43842593,11.43842593,0.28125,-6.721527778,0.56909936,14.27272727,384.32,370.208,384.0248329,136,0,0.4802902,-0.420674932,0.4802902,0.420674932,0.863636364,1.136363636,1.227272727,32.2890436,10.53912467,2.464250519,-2.224494628,2.356065235,-2.364054514,8.12500463,-0.870213914,2.096938912,0,503.3946555,18.62132034,11.47313093,13.10612409,9.267766953,5.048053066,7.928179724,4.653687437,8.07605769,1.552056257,4.292038324,0.513697787,2.223280081,-0.64,8014.500522,23.62360051,7.287380627,8.718033241,122.7634002,13.71695938,6.544756406,20.04658231,0,0,11.016661,0,16.83559397,26.34249029,0,0,0,0,27.74989791,52.76764251,20.04658231,0,0,0,11.016661,34.29465432,4.127401125,0,0,0,26.34249029,0,0,71.73646754,20.04658231,0,0,0,0,4.127401125,0,102.61,31.06324331,43.17808425,0,6.606881965,0,15.15518839,0,0,0,21.14301595,5.106527395,110.02625,0,0,8.38625,-12.40611111,0,0,0,1.114583333,-7.287638889,1,22,1,7,0,0,0,0,0,0,5,1,15,4,0,0,0,0,0.7442,63.2938,0,1,1,0,0,0,0,0,0,0,0,0,0,0,0,2,0,0,0,1,0,0,0,0,0,6,0,0,0,0,0,0,0,0,0,0,0,0,0,0,0,0,0,0,6,0,0,0,0,0,0,0,0,0,0,0,0,0,0,0,0,0,0,0,0,0,0,0,0,0,0,0,0,0,1,0,2,0,0,0,0,0,0,0,0,10,C[N+](C)(C)CCO.O=S(=O)([N-]S(=O)(=O)C(F)(F)F)C(F)(F)F,348.15,1.465567542
11.43842593,11.43842593,0.28125,-6.721527778,0.56909936,14.27272727,384.32,370.208,384.0248329,136,0,0.4802902,-0.420674932,0.4802902,0.420674932,0.863636364,1.136363636,1.227272727,32.2890436,10.53912467,2.464250519,-2.224494628,2.356065235,-2.364054514,8.12500463,-0.870213914,2.096938912,0,503.3946555,18.62132034,11.47313093,13.10612409,9.267766953,5.048053066,7.928179724,4.653687437,8.07605769,1.552056257,4.292038324,0.513697787,2.223280081,-0.64,8014.500522,23.62360051,7.287380627,8.718033241,122.7634002,13.71695938,6.544756406,20.04658231,0,0,11.016661,0,16.83559397,26.34249029,0,0,0,0,27.74989791,52.76764251,20.04658231,0,0,0,11.016661,34.29465432,4.127401125,0,0,0,26.34249029,0,0,71.73646754,20.04658231,0,0,0,0,4.127401125,0,102.61,31.06324331,43.17808425,0,6.606881965,0,15.15518839,0,0,0,21.14301595,5.106527395,110.02625,0,0,8.38625,-12.40611111,0,0,0,1.114583333,-7.287638889,1,22,1,7,0,0,0,0,0,0,5,1,15,4,0,0,0,0,0.7442,63.2938,0,1,1,0,0,0,0,0,0,0,0,0,0,0,0,2,0,0,0,1,0,0,0,0,0,6,0,0,0,0,0,0,0,0,0,0,0,0,0,0,0,0,0,0,6,0,0,0,0,0,0,0,0,0,0,0,0,0,0,0,0,0,0,0,0,0,0,0,0,0,0,0,0,0,1,0,2,0,0,0,0,0,0,0,0,10,C[N+](C)(C)CCO.O=S(=O)([N-]S(=O)(=O)C(F)(F)F)C(F)(F)F,358.15,1.474763009
11.43842593,11.43842593,0.28125,-6.721527778,0.56909936,14.27272727,384.32,370.208,384.0248329,136,0,0.4802902,-0.420674932,0.4802902,0.420674932,0.863636364,1.136363636,1.227272727,32.2890436,10.53912467,2.464250519,-2.224494628,2.356065235,-2.364054514,8.12500463,-0.870213914,2.096938912,0,503.3946555,18.62132034,11.47313093,13.10612409,9.267766953,5.048053066,7.928179724,4.653687437,8.07605769,1.552056257,4.292038324,0.513697787,2.223280081,-0.64,8014.500522,23.62360051,7.287380627,8.718033241,122.7634002,13.71695938,6.544756406,20.04658231,0,0,11.016661,0,16.83559397,26.34249029,0,0,0,0,27.74989791,52.76764251,20.04658231,0,0,0,11.016661,34.29465432,4.127401125,0,0,0,26.34249029,0,0,71.73646754,20.04658231,0,0,0,0,4.127401125,0,102.61,31.06324331,43.17808425,0,6.606881965,0,15.15518839,0,0,0,21.14301595,5.106527395,110.02625,0,0,8.38625,-12.40611111,0,0,0,1.114583333,-7.287638889,1,22,1,7,0,0,0,0,0,0,5,1,15,4,0,0,0,0,0.7442,63.2938,0,1,1,0,0,0,0,0,0,0,0,0,0,0,0,2,0,0,0,1,0,0,0,0,0,6,0,0,0,0,0,0,0,0,0,0,0,0,0,0,0,0,0,0,6,0,0,0,0,0,0,0,0,0,0,0,0,0,0,0,0,0,0,0,0,0,0,0,0,0,0,0,0,0,1,0,2,0,0,0,0,0,0,0,0,10,C[N+](C)(C)CCO.O=S(=O)([N-]S(=O)(=O)C(F)(F)F)C(F)(F)F,368.15,1.488399584
8.514237528,8.514237528,0.265768141,0.265768141,0.579822417,7.666666667,204.233,192.137,204.101111,78,0,0.168271343,-0.396120687,0.396120687,0.168271343,1.133333333,1.733333333,2.133333333,16.25002384,10.39588846,1.934883766,-1.90939607,1.790805559,-2.320483751,5.122273457,-0.697066833,2.296419669,3.36E-07,313.5158919,11.35552486,8.244139667,8.244139667,7.346065215,4.376613836,4.376613836,2.502282621,2.502282621,1.451732575,1.451732575,0.859034894,0.859034894,-2.11,2278.048311,12.89,9.974104289,8.226417157,88.82081961,15.6303105,0,18.93844355,0,0,0,5.316788604,4.567099648,0,0,6.066367068,0,37.54674992,0,9.673627043,0,10.52378311,0,0,12.96557803,6.606881965,35.90957695,0,12.38631219,4.567099648,0,0,0,11.71340936,6.544756406,22.9100953,6.420821623,30.59278835,0,5.316788604,0,85.79,0,0,0,6.606881965,0,12.96557803,12.38631219,0,30.59278835,9.883888252,15.6303105,2.051805556,0,0,25.95173753,0,0,5.948605442,7.381944444,1.165907029,0,0.3,15,1,5,0,0,0,0,1,1,3,1,5,3,0,0,0,1,0.67876,52.9248,0,1,1,0,0,1,0,0,0,0,0,0,0,0,0,4,0,0,0,0,0,0,0,0,0,0,0,0,0,0,1,0,0,0,0,0,0,0,0,0,0,0,0,0,0,0,0,0,0,0,0,0,0,0,0,0,0,2,0,0,0,0,0,0,0,0,0,0,0,0,0,0,0,1,0,0,0,0,0,0,0,0,0,0,0,11,N#C[N-]C#N.OCCC[n+]1ccccc1,318.15,1.935859813
8.514237528,8.514237528,0.265768141,0.265768141,0.579822417,7.666666667,204.233,192.137,204.101111,78,0,0.168271343,-0.396120687,0.396120687,0.168271343,1.133333333,1.733333333,2.133333333,16.25002384,10.39588846,1.934883766,-1.90939607,1.790805559,-2.320483751,5.122273457,-0.697066833,2.296419669,3.36E-07,313.5158919,11.35552486,8.244139667,8.244139667,7.346065215,4.376613836,4.376613836,2.502282621,2.502282621,1.451732575,1.451732575,0.859034894,0.859034894,-2.11,2278.048311,12.89,9.974104289,8.226417157,88.82081961,15.6303105,0,18.93844355,0,0,0,5.316788604,4.567099648,0,0,6.066367068,0,37.54674992,0,9.673627043,0,10.52378311,0,0,12.96557803,6.606881965,35.90957695,0,12.38631219,4.567099648,0,0,0,11.71340936,6.544756406,22.9100953,6.420821623,30.59278835,0,5.316788604,0,85.79,0,0,0,6.606881965,0,12.96557803,12.38631219,0,30.59278835,9.883888252,15.6303105,2.051805556,0,0,25.95173753,0,0,5.948605442,7.381944444,1.165907029,0,0.3,15,1,5,0,0,0,0,1,1,3,1,5,3,0,0,0,1,0.67876,52.9248,0,1,1,0,0,1,0,0,0,0,0,0,0,0,0,4,0,0,0,0,0,0,0,0,0,0,0,0,0,0,1,0,0,0,0,0,0,0,0,0,0,0,0,0,0,0,0,0,0,0,0,0,0,0,0,0,0,2,0,0,0,0,0,0,0,0,0,0,0,0,0,0,0,1,0,0,0,0,0,0,0,0,0,0,0,11,N#C[N-]C#N.OCCC[n+]1ccccc1,328.15,1.978239036
8.514237528,8.514237528,0.265768141,0.265768141,0.579822417,7.666666667,204.233,192.137,204.101111,78,0,0.168271343,-0.396120687,0.396120687,0.168271343,1.133333333,1.733333333,2.133333333,16.25002384,10.39588846,1.934883766,-1.90939607,1.790805559,-2.320483751,5.122273457,-0.697066833,2.296419669,3.36E-07,313.5158919,11.35552486,8.244139667,8.244139667,7.346065215,4.376613836,4.376613836,2.502282621,2.502282621,1.451732575,1.451732575,0.859034894,0.859034894,-2.11,2278.048311,12.89,9.974104289,8.226417157,88.82081961,15.6303105,0,18.93844355,0,0,0,5.316788604,4.567099648,0,0,6.066367068,0,37.54674992,0,9.673627043,0,10.52378311,0,0,12.96557803,6.606881965,35.90957695,0,12.38631219,4.567099648,0,0,0,11.71340936,6.544756406,22.9100953,6.420821623,30.59278835,0,5.316788604,0,85.79,0,0,0,6.606881965,0,12.96557803,12.38631219,0,30.59278835,9.883888252,15.6303105,2.051805556,0,0,25.95173753,0,0,5.948605442,7.381944444,1.165907029,0,0.3,15,1,5,0,0,0,0,1,1,3,1,5,3,0,0,0,1,0.67876,52.9248,0,1,1,0,0,1,0,0,0,0,0,0,0,0,0,4,0,0,0,0,0,0,0,0,0,0,0,0,0,0,1,0,0,0,0,0,0,0,0,0,0,0,0,0,0,0,0,0,0,0,0,0,0,0,0,0,0,2,0,0,0,0,0,0,0,0,0,0,0,0,0,0,0,1,0,0,0,0,0,0,0,0,0,0,0,11,N#C[N-]C#N.OCCC[n+]1ccccc1,338.15,2.016235466
8.514237528,8.514237528,0.265768141,0.265768141,0.579822417,7.666666667,204.233,192.137,204.101111,78,0,0.168271343,-0.396120687,0.396120687,0.168271343,1.133333333,1.733333333,2.133333333,16.25002384,10.39588846,1.934883766,-1.90939607,1.790805559,-2.320483751,5.122273457,-0.697066833,2.296419669,3.36E-07,313.5158919,11.35552486,8.244139667,8.244139667,7.346065215,4.376613836,4.376613836,2.502282621,2.502282621,1.451732575,1.451732575,0.859034894,0.859034894,-2.11,2278.048311,12.89,9.974104289,8.226417157,88.82081961,15.6303105,0,18.93844355,0,0,0,5.316788604,4.567099648,0,0,6.066367068,0,37.54674992,0,9.673627043,0,10.52378311,0,0,12.96557803,6.606881965,35.90957695,0,12.38631219,4.567099648,0,0,0,11.71340936,6.544756406,22.9100953,6.420821623,30.59278835,0,5.316788604,0,85.79,0,0,0,6.606881965,0,12.96557803,12.38631219,0,30.59278835,9.883888252,15.6303105,2.051805556,0,0,25.95173753,0,0,5.948605442,7.381944444,1.165907029,0,0.3,15,1,5,0,0,0,0,1,1,3,1,5,3,0,0,0,1,0.67876,52.9248,0,1,1,0,0,1,0,0,0,0,0,0,0,0,0,4,0,0,0,0,0,0,0,0,0,0,0,0,0,0,1,0,0,0,0,0,0,0,0,0,0,0,0,0,0,0,0,0,0,0,0,0,0,0,0,0,0,2,0,0,0,0,0,0,0,0,0,0,0,0,0,0,0,1,0,0,0,0,0,0,0,0,0,0,0,11,N#C[N-]C#N.OCCC[n+]1ccccc1,348.15,2.05284086
8.514237528,8.514237528,0.265768141,0.265768141,0.579822417,7.666666667,204.233,192.137,204.101111,78,0,0.168271343,-0.396120687,0.396120687,0.168271343,1.133333333,1.733333333,2.133333333,16.25002384,10.39588846,1.934883766,-1.90939607,1.790805559,-2.320483751,5.122273457,-0.697066833,2.296419669,3.36E-07,313.5158919,11.35552486,8.244139667,8.244139667,7.346065215,4.376613836,4.376613836,2.502282621,2.502282621,1.451732575,1.451732575,0.859034894,0.859034894,-2.11,2278.048311,12.89,9.974104289,8.226417157,88.82081961,15.6303105,0,18.93844355,0,0,0,5.316788604,4.567099648,0,0,6.066367068,0,37.54674992,0,9.673627043,0,10.52378311,0,0,12.96557803,6.606881965,35.90957695,0,12.38631219,4.567099648,0,0,0,11.71340936,6.544756406,22.9100953,6.420821623,30.59278835,0,5.316788604,0,85.79,0,0,0,6.606881965,0,12.96557803,12.38631219,0,30.59278835,9.883888252,15.6303105,2.051805556,0,0,25.95173753,0,0,5.948605442,7.381944444,1.165907029,0,0.3,15,1,5,0,0,0,0,1,1,3,1,5,3,0,0,0,1,0.67876,52.9248,0,1,1,0,0,1,0,0,0,0,0,0,0,0,0,4,0,0,0,0,0,0,0,0,0,0,0,0,0,0,1,0,0,0,0,0,0,0,0,0,0,0,0,0,0,0,0,0,0,0,0,0,0,0,0,0,0,2,0,0,0,0,0,0,0,0,0,0,0,0,0,0,0,1,0,0,0,0,0,0,0,0,0,0,0,11,N#C[N-]C#N.OCCC[n+]1ccccc1,358.15,2.086913557
8.514237528,8.514237528,0.265768141,0.265768141,0.579822417,7.666666667,204.233,192.137,204.101111,78,0,0.168271343,-0.396120687,0.396120687,0.168271343,1.133333333,1.733333333,2.133333333,16.25002384,10.39588846,1.934883766,-1.90939607,1.790805559,-2.320483751,5.122273457,-0.697066833,2.296419669,3.36E-07,313.5158919,11.35552486,8.244139667,8.244139667,7.346065215,4.376613836,4.376613836,2.502282621,2.502282621,1.451732575,1.451732575,0.859034894,0.859034894,-2.11,2278.048311,12.89,9.974104289,8.226417157,88.82081961,15.6303105,0,18.93844355,0,0,0,5.316788604,4.567099648,0,0,6.066367068,0,37.54674992,0,9.673627043,0,10.52378311,0,0,12.96557803,6.606881965,35.90957695,0,12.38631219,4.567099648,0,0,0,11.71340936,6.544756406,22.9100953,6.420821623,30.59278835,0,5.316788604,0,85.79,0,0,0,6.606881965,0,12.96557803,12.38631219,0,30.59278835,9.883888252,15.6303105,2.051805556,0,0,25.95173753,0,0,5.948605442,7.381944444,1.165907029,0,0.3,15,1,5,0,0,0,0,1,1,3,1,5,3,0,0,0,1,0.67876,52.9248,0,1,1,0,0,1,0,0,0,0,0,0,0,0,0,4,0,0,0,0,0,0,0,0,0,0,0,0,0,0,1,0,0,0,0,0,0,0,0,0,0,0,0,0,0,0,0,0,0,0,0,0,0,0,0,0,0,2,0,0,0,0,0,0,0,0,0,0,0,0,0,0,0,1,0,0,0,0,0,0,0,0,0,0,0,11,N#C[N-]C#N.OCCC[n+]1ccccc1,368.15,2.118662255
11.43842593,11.43842593,0.718490611,-6.721527778,0.041428521,13.04166667,764.017,695.473,763.4231576,292,0,0.4802902,-0.420674932,0.4802902,0.420674932,0.375,0.5625,0.75,32.28905116,10.126646,2.465674099,-2.284584286,2.612427174,-2.295778526,8.125082568,-0.044381508,2.985773806,0,850.1504907,37.00609665,30.41069365,32.938114,22.44974747,18.66729494,24.07724372,13.22328555,21.11779175,8.725271554,16.52489788,5.794692906,12.42362475,-0.13,3780404828,49.97995425,28.4553782,25.76453822,290.9373788,4.127401125,0,20.04658231,0,0,11.016661,0,16.83559397,26.34249029,0,130.4280948,51.36657298,7.262479191,24.64764011,43.17808425,27.3090615,0,0,0,192.8113288,24.64764011,4.127401125,0,0,0,26.34249029,0,7.262479191,52.49989508,20.04658231,0,181.7946677,0,0,4.127401125,0,82.38,38.3257225,43.17808425,0,0,0,4.127401125,128.4164325,50.3309266,0,27.6949488,0,109.1825,0,0,0,-12.40611111,0,0,42.14274434,9.381301829,-14.16154617,1,48,0,5,0,0,0,0,0,0,4,0,14,30,0,0,0,0,13.5053,193.2006,0,0,0,0,0,0,0,0,0,0,0,0,0,0,0,1,0,0,0,0,0,0,0,0,0,6,0,0,0,0,0,0,0,0,0,0,0,0,0,0,0,0,0,0,6,0,0,0,0,0,0,0,0,0,0,0,0,0,0,0,0,0,0,0,0,0,0,0,0,0,0,0,0,0,0,0,2,0,0,0,0,0,0,16,0,12,CCCCCCCC[P+](CCCCCCCC)(CCCCCCCC)CCCCCCCC.O=S(=O)([N-]S(=O)(=O)C(F)(F)F)C(F)(F)F,318.15,-0.759286983
11.43842593,11.43842593,0.718490611,-6.721527778,0.041428521,13.04166667,764.017,695.473,763.4231576,292,0,0.4802902,-0.420674932,0.4802902,0.420674932,0.375,0.5625,0.75,32.28905116,10.126646,2.465674099,-2.284584286,2.612427174,-2.295778526,8.125082568,-0.044381508,2.985773806,0,850.1504907,37.00609665,30.41069365,32.938114,22.44974747,18.66729494,24.07724372,13.22328555,21.11779175,8.725271554,16.52489788,5.794692906,12.42362475,-0.13,3780404828,49.97995425,28.4553782,25.76453822,290.9373788,4.127401125,0,20.04658231,0,0,11.016661,0,16.83559397,26.34249029,0,130.4280948,51.36657298,7.262479191,24.64764011,43.17808425,27.3090615,0,0,0,192.8113288,24.64764011,4.127401125,0,0,0,26.34249029,0,7.262479191,52.49989508,20.04658231,0,181.7946677,0,0,4.127401125,0,82.38,38.3257225,43.17808425,0,0,0,4.127401125,128.4164325,50.3309266,0,27.6949488,0,109.1825,0,0,0,-12.40611111,0,0,42.14274434,9.381301829,-14.16154617,1,48,0,5,0,0,0,0,0,0,4,0,14,30,0,0,0,0,13.5053,193.2006,0,0,0,0,0,0,0,0,0,0,0,0,0,0,0,1,0,0,0,0,0,0,0,0,0,6,0,0,0,0,0,0,0,0,0,0,0,0,0,0,0,0,0,0,6,0,0,0,0,0,0,0,0,0,0,0,0,0,0,0,0,0,0,0,0,0,0,0,0,0,0,0,0,0,0,0,2,0,0,0,0,0,0,16,0,12,CCCCCCCC[P+](CCCCCCCC)(CCCCCCCC)CCCCCCCC.O=S(=O)([N-]S(=O)(=O)C(F)(F)F)C(F)(F)F,328.15,-0.71539279
11.43842593,11.43842593,0.718490611,-6.721527778,0.041428521,13.04166667,764.017,695.473,763.4231576,292,0,0.4802902,-0.420674932,0.4802902,0.420674932,0.375,0.5625,0.75,32.28905116,10.126646,2.465674099,-2.284584286,2.612427174,-2.295778526,8.125082568,-0.044381508,2.985773806,0,850.1504907,37.00609665,30.41069365,32.938114,22.44974747,18.66729494,24.07724372,13.22328555,21.11779175,8.725271554,16.52489788,5.794692906,12.42362475,-0.13,3780404828,49.97995425,28.4553782,25.76453822,290.9373788,4.127401125,0,20.04658231,0,0,11.016661,0,16.83559397,26.34249029,0,130.4280948,51.36657298,7.262479191,24.64764011,43.17808425,27.3090615,0,0,0,192.8113288,24.64764011,4.127401125,0,0,0,26.34249029,0,7.262479191,52.49989508,20.04658231,0,181.7946677,0,0,4.127401125,0,82.38,38.3257225,43.17808425,0,0,0,4.127401125,128.4164325,50.3309266,0,27.6949488,0,109.1825,0,0,0,-12.40611111,0,0,42.14274434,9.381301829,-14.16154617,1,48,0,5,0,0,0,0,0,0,4,0,14,30,0,0,0,0,13.5053,193.2006,0,0,0,0,0,0,0,0,0,0,0,0,0,0,0,1,0,0,0,0,0,0,0,0,0,6,0,0,0,0,0,0,0,0,0,0,0,0,0,0,0,0,0,0,6,0,0,0,0,0,0,0,0,0,0,0,0,0,0,0,0,0,0,0,0,0,0,0,0,0,0,0,0,0,0,0,2,0,0,0,0,0,0,16,0,12,CCCCCCCC[P+](CCCCCCCC)(CCCCCCCC)CCCCCCCC.O=S(=O)([N-]S(=O)(=O)C(F)(F)F)C(F)(F)F,338.15,-0.673344553
11.43842593,11.43842593,0.718490611,-6.721527778,0.041428521,13.04166667,764.017,695.473,763.4231576,292,0,0.4802902,-0.420674932,0.4802902,0.420674932,0.375,0.5625,0.75,32.28905116,10.126646,2.465674099,-2.284584286,2.612427174,-2.295778526,8.125082568,-0.044381508,2.985773806,0,850.1504907,37.00609665,30.41069365,32.938114,22.44974747,18.66729494,24.07724372,13.22328555,21.11779175,8.725271554,16.52489788,5.794692906,12.42362475,-0.13,3780404828,49.97995425,28.4553782,25.76453822,290.9373788,4.127401125,0,20.04658231,0,0,11.016661,0,16.83559397,26.34249029,0,130.4280948,51.36657298,7.262479191,24.64764011,43.17808425,27.3090615,0,0,0,192.8113288,24.64764011,4.127401125,0,0,0,26.34249029,0,7.262479191,52.49989508,20.04658231,0,181.7946677,0,0,4.127401125,0,82.38,38.3257225,43.17808425,0,0,0,4.127401125,128.4164325,50.3309266,0,27.6949488,0,109.1825,0,0,0,-12.40611111,0,0,42.14274434,9.381301829,-14.16154617,1,48,0,5,0,0,0,0,0,0,4,0,14,30,0,0,0,0,13.5053,193.2006,0,0,0,0,0,0,0,0,0,0,0,0,0,0,0,1,0,0,0,0,0,0,0,0,0,6,0,0,0,0,0,0,0,0,0,0,0,0,0,0,0,0,0,0,6,0,0,0,0,0,0,0,0,0,0,0,0,0,0,0,0,0,0,0,0,0,0,0,0,0,0,0,0,0,0,0,2,0,0,0,0,0,0,16,0,12,CCCCCCCC[P+](CCCCCCCC)(CCCCCCCC)CCCCCCCC.O=S(=O)([N-]S(=O)(=O)C(F)(F)F)C(F)(F)F,348.15,-0.634878272
11.43842593,11.43842593,0.718490611,-6.721527778,0.041428521,13.04166667,764.017,695.473,763.4231576,292,0,0.4802902,-0.420674932,0.4802902,0.420674932,0.375,0.5625,0.75,32.28905116,10.126646,2.465674099,-2.284584286,2.612427174,-2.295778526,8.125082568,-0.044381508,2.985773806,0,850.1504907,37.00609665,30.41069365,32.938114,22.44974747,18.66729494,24.07724372,13.22328555,21.11779175,8.725271554,16.52489788,5.794692906,12.42362475,-0.13,3780404828,49.97995425,28.4553782,25.76453822,290.9373788,4.127401125,0,20.04658231,0,0,11.016661,0,16.83559397,26.34249029,0,130.4280948,51.36657298,7.262479191,24.64764011,43.17808425,27.3090615,0,0,0,192.8113288,24.64764011,4.127401125,0,0,0,26.34249029,0,7.262479191,52.49989508,20.04658231,0,181.7946677,0,0,4.127401125,0,82.38,38.3257225,43.17808425,0,0,0,4.127401125,128.4164325,50.3309266,0,27.6949488,0,109.1825,0,0,0,-12.40611111,0,0,42.14274434,9.381301829,-14.16154617,1,48,0,5,0,0,0,0,0,0,4,0,14,30,0,0,0,0,13.5053,193.2006,0,0,0,0,0,0,0,0,0,0,0,0,0,0,0,1,0,0,0,0,0,0,0,0,0,6,0,0,0,0,0,0,0,0,0,0,0,0,0,0,0,0,0,0,6,0,0,0,0,0,0,0,0,0,0,0,0,0,0,0,0,0,0,0,0,0,0,0,0,0,0,0,0,0,0,0,2,0,0,0,0,0,0,16,0,12,CCCCCCCC[P+](CCCCCCCC)(CCCCCCCC)CCCCCCCC.O=S(=O)([N-]S(=O)(=O)C(F)(F)F)C(F)(F)F,358.15,-0.597837001
11.43842593,11.43842593,0.718490611,-6.721527778,0.041428521,13.04166667,764.017,695.473,763.4231576,292,0,0.4802902,-0.420674932,0.4802902,0.420674932,0.375,0.5625,0.75,32.28905116,10.126646,2.465674099,-2.284584286,2.612427174,-2.295778526,8.125082568,-0.044381508,2.985773806,0,850.1504907,37.00609665,30.41069365,32.938114,22.44974747,18.66729494,24.07724372,13.22328555,21.11779175,8.725271554,16.52489788,5.794692906,12.42362475,-0.13,3780404828,49.97995425,28.4553782,25.76453822,290.9373788,4.127401125,0,20.04658231,0,0,11.016661,0,16.83559397,26.34249029,0,130.4280948,51.36657298,7.262479191,24.64764011,43.17808425,27.3090615,0,0,0,192.8113288,24.64764011,4.127401125,0,0,0,26.34249029,0,7.262479191,52.49989508,20.04658231,0,181.7946677,0,0,4.127401125,0,82.38,38.3257225,43.17808425,0,0,0,4.127401125,128.4164325,50.3309266,0,27.6949488,0,109.1825,0,0,0,-12.40611111,0,0,42.14274434,9.381301829,-14.16154617,1,48,0,5,0,0,0,0,0,0,4,0,14,30,0,0,0,0,13.5053,193.2006,0,0,0,0,0,0,0,0,0,0,0,0,0,0,0,1,0,0,0,0,0,0,0,0,0,6,0,0,0,0,0,0,0,0,0,0,0,0,0,0,0,0,0,0,6,0,0,0,0,0,0,0,0,0,0,0,0,0,0,0,0,0,0,0,0,0,0,0,0,0,0,0,0,0,0,0,2,0,0,0,0,0,0,16,0,12,CCCCCCCC[P+](CCCCCCCC)(CCCCCCCC)CCCCCCCC.O=S(=O)([N-]S(=O)(=O)C(F)(F)F)C(F)(F)F,368.15,-0.562118918
7.427083333,7.427083333,0.94875,0.94875,0.459854664,18,196.254,180.126,196.1324111,78,0,0.102247449,-0.385181884,0.385181884,0.102247449,1.285714286,1.785714286,2,16.47833532,10.33218987,2.214205659,-2.358645636,2.047477061,-2.510583873,5.122230525,-0.914712959,2.212359905,2.92E-07,209.9469034,10.86396103,8.732636578,8.732636578,6.681980515,4.574781135,4.574781135,3.307120887,3.307120887,2.414359809,2.414359809,1.122326438,1.122326438,-1.3,1132.728271,12.7,7.136943897,5.36396718,85.07715988,19.74367692,13.08951281,0,0,0,0,5.316788604,0,0,0,0,6.9237372,12.38631219,26.80619232,9.219893811,0,10.52378311,0,0,6.9237372,39.89570513,5.316788604,0,12.38631219,0,0,0,0,44.37873599,4.736862954,22.9100953,6.9237372,0,0,5.316788604,0,70.91,0,0,0,0,0,13.21376393,36.50361227,0,0,19.28819779,15.26064606,6.445555556,0,0,17.4375,0,0,0,2.5625,7.760277778,2.294166667,0.777777778,14,0,5,0,1,1,0,0,0,3,0,5,1,0,1,1,1,0.80536,51.8634,0,0,0,0,0,0,0,0,0,0,0,0,0,0,0,4,0,0,0,1,0,0,0,0,0,0,0,0,0,0,0,0,0,0,0,0,0,0,0,0,0,1,0,0,0,0,0,0,0,0,0,0,0,0,0,0,1,2,0,0,0,0,0,0,0,0,0,0,0,0,0,0,0,0,1,0,0,0,0,0,0,0,0,0,0,13,CC[N+]1(C)CCOCC1.N#C[N-]C#N,318.15,1.853168097
7.427083333,7.427083333,0.94875,0.94875,0.459854664,18,196.254,180.126,196.1324111,78,0,0.102247449,-0.385181884,0.385181884,0.102247449,1.285714286,1.785714286,2,16.47833532,10.33218987,2.214205659,-2.358645636,2.047477061,-2.510583873,5.122230525,-0.914712959,2.212359905,2.92E-07,209.9469034,10.86396103,8.732636578,8.732636578,6.681980515,4.574781135,4.574781135,3.307120887,3.307120887,2.414359809,2.414359809,1.122326438,1.122326438,-1.3,1132.728271,12.7,7.136943897,5.36396718,85.07715988,19.74367692,13.08951281,0,0,0,0,5.316788604,0,0,0,0,6.9237372,12.38631219,26.80619232,9.219893811,0,10.52378311,0,0,6.9237372,39.89570513,5.316788604,0,12.38631219,0,0,0,0,44.37873599,4.736862954,22.9100953,6.9237372,0,0,5.316788604,0,70.91,0,0,0,0,0,13.21376393,36.50361227,0,0,19.28819779,15.26064606,6.445555556,0,0,17.4375,0,0,0,2.5625,7.760277778,2.294166667,0.777777778,14,0,5,0,1,1,0,0,0,3,0,5,1,0,1,1,1,0.80536,51.8634,0,0,0,0,0,0,0,0,0,0,0,0,0,0,0,4,0,0,0,1,0,0,0,0,0,0,0,0,0,0,0,0,0,0,0,0,0,0,0,0,0,1,0,0,0,0,0,0,0,0,0,0,0,0,0,0,1,2,0,0,0,0,0,0,0,0,0,0,0,0,0,0,0,0,1,0,0,0,0,0,0,0,0,0,0,13,CC[N+]1(C)CCOCC1.N#C[N-]C#N,328.15,1.885553349
7.427083333,7.427083333,0.94875,0.94875,0.459854664,18,196.254,180.126,196.1324111,78,0,0.102247449,-0.385181884,0.385181884,0.102247449,1.285714286,1.785714286,2,16.47833532,10.33218987,2.214205659,-2.358645636,2.047477061,-2.510583873,5.122230525,-0.914712959,2.212359905,2.92E-07,209.9469034,10.86396103,8.732636578,8.732636578,6.681980515,4.574781135,4.574781135,3.307120887,3.307120887,2.414359809,2.414359809,1.122326438,1.122326438,-1.3,1132.728271,12.7,7.136943897,5.36396718,85.07715988,19.74367692,13.08951281,0,0,0,0,5.316788604,0,0,0,0,6.9237372,12.38631219,26.80619232,9.219893811,0,10.52378311,0,0,6.9237372,39.89570513,5.316788604,0,12.38631219,0,0,0,0,44.37873599,4.736862954,22.9100953,6.9237372,0,0,5.316788604,0,70.91,0,0,0,0,0,13.21376393,36.50361227,0,0,19.28819779,15.26064606,6.445555556,0,0,17.4375,0,0,0,2.5625,7.760277778,2.294166667,0.777777778,14,0,5,0,1,1,0,0,0,3,0,5,1,0,1,1,1,0.80536,51.8634,0,0,0,0,0,0,0,0,0,0,0,0,0,0,0,4,0,0,0,1,0,0,0,0,0,0,0,0,0,0,0,0,0,0,0,0,0,0,0,0,0,1,0,0,0,0,0,0,0,0,0,0,0,0,0,0,1,2,0,0,0,0,0,0,0,0,0,0,0,0,0,0,0,0,1,0,0,0,0,0,0,0,0,0,0,13,CC[N+]1(C)CCOCC1.N#C[N-]C#N,338.15,1.91839212
7.427083333,7.427083333,0.94875,0.94875,0.459854664,18,196.254,180.126,196.1324111,78,0,0.102247449,-0.385181884,0.385181884,0.102247449,1.285714286,1.785714286,2,16.47833532,10.33218987,2.214205659,-2.358645636,2.047477061,-2.510583873,5.122230525,-0.914712959,2.212359905,2.92E-07,209.9469034,10.86396103,8.732636578,8.732636578,6.681980515,4.574781135,4.574781135,3.307120887,3.307120887,2.414359809,2.414359809,1.122326438,1.122326438,-1.3,1132.728271,12.7,7.136943897,5.36396718,85.07715988,19.74367692,13.08951281,0,0,0,0,5.316788604,0,0,0,0,6.9237372,12.38631219,26.80619232,9.219893811,0,10.52378311,0,0,6.9237372,39.89570513,5.316788604,0,12.38631219,0,0,0,0,44.37873599,4.736862954,22.9100953,6.9237372,0,0,5.316788604,0,70.91,0,0,0,0,0,13.21376393,36.50361227,0,0,19.28819779,15.26064606,6.445555556,0,0,17.4375,0,0,0,2.5625,7.760277778,2.294166667,0.777777778,14,0,5,0,1,1,0,0,0,3,0,5,1,0,1,1,1,0.80536,51.8634,0,0,0,0,0,0,0,0,0,0,0,0,0,0,0,4,0,0,0,1,0,0,0,0,0,0,0,0,0,0,0,0,0,0,0,0,0,0,0,0,0,1,0,0,0,0,0,0,0,0,0,0,0,0,0,0,1,2,0,0,0,0,0,0,0,0,0,0,0,0,0,0,0,0,1,0,0,0,0,0,0,0,0,0,0,13,CC[N+]1(C)CCOCC1.N#C[N-]C#N,348.15,1.947337701
7.427083333,7.427083333,0.94875,0.94875,0.459854664,18,196.254,180.126,196.1324111,78,0,0.102247449,-0.385181884,0.385181884,0.102247449,1.285714286,1.785714286,2,16.47833532,10.33218987,2.214205659,-2.358645636,2.047477061,-2.510583873,5.122230525,-0.914712959,2.212359905,2.92E-07,209.9469034,10.86396103,8.732636578,8.732636578,6.681980515,4.574781135,4.574781135,3.307120887,3.307120887,2.414359809,2.414359809,1.122326438,1.122326438,-1.3,1132.728271,12.7,7.136943897,5.36396718,85.07715988,19.74367692,13.08951281,0,0,0,0,5.316788604,0,0,0,0,6.9237372,12.38631219,26.80619232,9.219893811,0,10.52378311,0,0,6.9237372,39.89570513,5.316788604,0,12.38631219,0,0,0,0,44.37873599,4.736862954,22.9100953,6.9237372,0,0,5.316788604,0,70.91,0,0,0,0,0,13.21376393,36.50361227,0,0,19.28819779,15.26064606,6.445555556,0,0,17.4375,0,0,0,2.5625,7.760277778,2.294166667,0.777777778,14,0,5,0,1,1,0,0,0,3,0,5,1,0,1,1,1,0.80536,51.8634,0,0,0,0,0,0,0,0,0,0,0,0,0,0,0,4,0,0,0,1,0,0,0,0,0,0,0,0,0,0,0,0,0,0,0,0,0,0,0,0,0,1,0,0,0,0,0,0,0,0,0,0,0,0,0,0,1,2,0,0,0,0,0,0,0,0,0,0,0,0,0,0,0,0,1,0,0,0,0,0,0,0,0,0,0,13,CC[N+]1(C)CCOCC1.N#C[N-]C#N,358.15,1.976854953
7.427083333,7.427083333,0.94875,0.94875,0.459854664,18,196.254,180.126,196.1324111,78,0,0.102247449,-0.385181884,0.385181884,0.102247449,1.285714286,1.785714286,2,16.47833532,10.33218987,2.214205659,-2.358645636,2.047477061,-2.510583873,5.122230525,-0.914712959,2.212359905,2.92E-07,209.9469034,10.86396103,8.732636578,8.732636578,6.681980515,4.574781135,4.574781135,3.307120887,3.307120887,2.414359809,2.414359809,1.122326438,1.122326438,-1.3,1132.728271,12.7,7.136943897,5.36396718,85.07715988,19.74367692,13.08951281,0,0,0,0,5.316788604,0,0,0,0,6.9237372,12.38631219,26.80619232,9.219893811,0,10.52378311,0,0,6.9237372,39.89570513,5.316788604,0,12.38631219,0,0,0,0,44.37873599,4.736862954,22.9100953,6.9237372,0,0,5.316788604,0,70.91,0,0,0,0,0,13.21376393,36.50361227,0,0,19.28819779,15.26064606,6.445555556,0,0,17.4375,0,0,0,2.5625,7.760277778,2.294166667,0.777777778,14,0,5,0,1,1,0,0,0,3,0,5,1,0,1,1,1,0.80536,51.8634,0,0,0,0,0,0,0,0,0,0,0,0,0,0,0,4,0,0,0,1,0,0,0,0,0,0,0,0,0,0,0,0,0,0,0,0,0,0,0,0,0,1,0,0,0,0,0,0,0,0,0,0,0,0,0,0,1,2,0,0,0,0,0,0,0,0,0,0,0,0,0,0,0,0,1,0,0,0,0,0,0,0,0,0,0,13,CC[N+]1(C)CCOCC1.N#C[N-]C#N,368.15,2.005525859
11.43842593,11.43842593,0.562253086,-6.721527778,0.171786049,13.5625,539.585,503.297,539.1727566,196,0,0.4802902,-0.420674932,0.4802902,0.420674932,0.5625,0.78125,0.9375,32.28904864,10.36360069,2.465105391,-2.275633088,2.608125112,-2.295778526,8.125059855,-0.044377357,2.646033817,0,630.4522051,25.69238816,19.09698515,21.6244055,14.44974747,10.66729494,16.07724372,7.566431297,15.46093751,4.725271554,12.52489788,2.858614499,9.858030216,-0.13,1535030.368,34.03963364,14.98649619,12.93580683,189.098305,4.127401125,0,20.04658231,0,0,11.016661,0,16.83559397,26.34249029,0,53.37823529,25.68328649,7.262479191,24.64764011,43.17808425,27.3090615,0,0,0,90.07818278,24.64764011,4.127401125,0,0,0,26.34249029,0,7.262479191,52.49989508,20.04658231,0,79.06152178,0,0,4.127401125,0,82.38,38.3257225,43.17808425,0,0,0,4.127401125,51.36657298,24.64764011,0,27.6949488,0,109.1825,0,0,0,-12.40611111,0,0,17.94660966,9.42119898,-14.00530864,1,32,0,5,0,0,0,0,0,0,4,0,14,14,0,0,0,0,7.2637,119.3286,0,0,0,0,0,0,0,0,0,0,0,0,0,0,0,1,0,0,0,0,0,0,0,0,0,6,0,0,0,0,0,0,0,0,0,0,0,0,0,0,0,0,0,0,6,0,0,0,0,0,0,0,0,0,0,0,0,0,0,0,0,0,0,0,0,0,0,0,0,0,0,0,0,0,0,0,2,0,0,0,0,0,0,0,0,14,CCCC[P+](CCCC)(CCCC)CCCC.O=S(=O)([N-]S(=O)(=O)C(F)(F)F)C(F)(F)F,358.15,0.009950331
11.43842593,11.43842593,0.562253086,-6.721527778,0.171786049,13.5625,539.585,503.297,539.1727566,196,0,0.4802902,-0.420674932,0.4802902,0.420674932,0.5625,0.78125,0.9375,32.28904864,10.36360069,2.465105391,-2.275633088,2.608125112,-2.295778526,8.125059855,-0.044377357,2.646033817,0,630.4522051,25.69238816,19.09698515,21.6244055,14.44974747,10.66729494,16.07724372,7.566431297,15.46093751,4.725271554,12.52489788,2.858614499,9.858030216,-0.13,1535030.368,34.03963364,14.98649619,12.93580683,189.098305,4.127401125,0,20.04658231,0,0,11.016661,0,16.83559397,26.34249029,0,53.37823529,25.68328649,7.262479191,24.64764011,43.17808425,27.3090615,0,0,0,90.07818278,24.64764011,4.127401125,0,0,0,26.34249029,0,7.262479191,52.49989508,20.04658231,0,79.06152178,0,0,4.127401125,0,82.38,38.3257225,43.17808425,0,0,0,4.127401125,51.36657298,24.64764011,0,27.6949488,0,109.1825,0,0,0,-12.40611111,0,0,17.94660966,9.42119898,-14.00530864,1,32,0,5,0,0,0,0,0,0,4,0,14,14,0,0,0,0,7.2637,119.3286,0,0,0,0,0,0,0,0,0,0,0,0,0,0,0,1,0,0,0,0,0,0,0,0,0,6,0,0,0,0,0,0,0,0,0,0,0,0,0,0,0,0,0,0,6,0,0,0,0,0,0,0,0,0,0,0,0,0,0,0,0,0,0,0,0,0,0,0,0,0,0,0,0,0,0,0,2,0,0,0,0,0,0,0,0,14,CCCC[P+](CCCC)(CCCC)CCCC.O=S(=O)([N-]S(=O)(=O)C(F)(F)F)C(F)(F)F,368.15,0.048790164
11.43842593,11.43842593,0.562253086,-6.721527778,0.171786049,13.5625,539.585,503.297,539.1727566,196,0,0.4802902,-0.420674932,0.4802902,0.420674932,0.5625,0.78125,0.9375,32.28904864,10.36360069,2.465105391,-2.275633088,2.608125112,-2.295778526,8.125059855,-0.044377357,2.646033817,0,630.4522051,25.69238816,19.09698515,21.6244055,14.44974747,10.66729494,16.07724372,7.566431297,15.46093751,4.725271554,12.52489788,2.858614499,9.858030216,-0.13,1535030.368,34.03963364,14.98649619,12.93580683,189.098305,4.127401125,0,20.04658231,0,0,11.016661,0,16.83559397,26.34249029,0,53.37823529,25.68328649,7.262479191,24.64764011,43.17808425,27.3090615,0,0,0,90.07818278,24.64764011,4.127401125,0,0,0,26.34249029,0,7.262479191,52.49989508,20.04658231,0,79.06152178,0,0,4.127401125,0,82.38,38.3257225,43.17808425,0,0,0,4.127401125,51.36657298,24.64764011,0,27.6949488,0,109.1825,0,0,0,-12.40611111,0,0,17.94660966,9.42119898,-14.00530864,1,32,0,5,0,0,0,0,0,0,4,0,14,14,0,0,0,0,7.2637,119.3286,0,0,0,0,0,0,0,0,0,0,0,0,0,0,0,1,0,0,0,0,0,0,0,0,0,6,0,0,0,0,0,0,0,0,0,0,0,0,0,0,0,0,0,0,6,0,0,0,0,0,0,0,0,0,0,0,0,0,0,0,0,0,0,0,0,0,0,0,0,0,0,0,0,0,0,0,2,0,0,0,0,0,0,0,0,14,CCCC[P+](CCCC)(CCCC)CCCC.O=S(=O)([N-]S(=O)(=O)C(F)(F)F)C(F)(F)F,378.15,0.09531018
11.43842593,11.43842593,0.562253086,-6.721527778,0.171786049,13.5625,539.585,503.297,539.1727566,196,0,0.4802902,-0.420674932,0.4802902,0.420674932,0.5625,0.78125,0.9375,32.28904864,10.36360069,2.465105391,-2.275633088,2.608125112,-2.295778526,8.125059855,-0.044377357,2.646033817,0,630.4522051,25.69238816,19.09698515,21.6244055,14.44974747,10.66729494,16.07724372,7.566431297,15.46093751,4.725271554,12.52489788,2.858614499,9.858030216,-0.13,1535030.368,34.03963364,14.98649619,12.93580683,189.098305,4.127401125,0,20.04658231,0,0,11.016661,0,16.83559397,26.34249029,0,53.37823529,25.68328649,7.262479191,24.64764011,43.17808425,27.3090615,0,0,0,90.07818278,24.64764011,4.127401125,0,0,0,26.34249029,0,7.262479191,52.49989508,20.04658231,0,79.06152178,0,0,4.127401125,0,82.38,38.3257225,43.17808425,0,0,0,4.127401125,51.36657298,24.64764011,0,27.6949488,0,109.1825,0,0,0,-12.40611111,0,0,17.94660966,9.42119898,-14.00530864,1,32,0,5,0,0,0,0,0,0,4,0,14,14,0,0,0,0,7.2637,119.3286,0,0,0,0,0,0,0,0,0,0,0,0,0,0,0,1,0,0,0,0,0,0,0,0,0,6,0,0,0,0,0,0,0,0,0,0,0,0,0,0,0,0,0,0,6,0,0,0,0,0,0,0,0,0,0,0,0,0,0,0,0,0,0,0,0,0,0,0,0,0,0,0,0,0,0,0,2,0,0,0,0,0,0,0,0,14,CCCC[P+](CCCC)(CCCC)CCCC.O=S(=O)([N-]S(=O)(=O)C(F)(F)F)C(F)(F)F,388.15,0.131028262
11.43842593,11.43842593,0.562253086,-6.721527778,0.171786049,13.5625,539.585,503.297,539.1727566,196,0,0.4802902,-0.420674932,0.4802902,0.420674932,0.5625,0.78125,0.9375,32.28904864,10.36360069,2.465105391,-2.275633088,2.608125112,-2.295778526,8.125059855,-0.044377357,2.646033817,0,630.4522051,25.69238816,19.09698515,21.6244055,14.44974747,10.66729494,16.07724372,7.566431297,15.46093751,4.725271554,12.52489788,2.858614499,9.858030216,-0.13,1535030.368,34.03963364,14.98649619,12.93580683,189.098305,4.127401125,0,20.04658231,0,0,11.016661,0,16.83559397,26.34249029,0,53.37823529,25.68328649,7.262479191,24.64764011,43.17808425,27.3090615,0,0,0,90.07818278,24.64764011,4.127401125,0,0,0,26.34249029,0,7.262479191,52.49989508,20.04658231,0,79.06152178,0,0,4.127401125,0,82.38,38.3257225,43.17808425,0,0,0,4.127401125,51.36657298,24.64764011,0,27.6949488,0,109.1825,0,0,0,-12.40611111,0,0,17.94660966,9.42119898,-14.00530864,1,32,0,5,0,0,0,0,0,0,4,0,14,14,0,0,0,0,7.2637,119.3286,0,0,0,0,0,0,0,0,0,0,0,0,0,0,0,1,0,0,0,0,0,0,0,0,0,6,0,0,0,0,0,0,0,0,0,0,0,0,0,0,0,0,0,0,6,0,0,0,0,0,0,0,0,0,0,0,0,0,0,0,0,0,0,0,0,0,0,0,0,0,0,0,0,0,0,0,2,0,0,0,0,0,0,0,0,14,CCCC[P+](CCCC)(CCCC)CCCC.O=S(=O)([N-]S(=O)(=O)C(F)(F)F)C(F)(F)F,398.15,0.165514438
11.43842593,11.43842593,0.562253086,-6.721527778,0.171786049,13.5625,539.585,503.297,539.1727566,196,0,0.4802902,-0.420674932,0.4802902,0.420674932,0.5625,0.78125,0.9375,32.28904864,10.36360069,2.465105391,-2.275633088,2.608125112,-2.295778526,8.125059855,-0.044377357,2.646033817,0,630.4522051,25.69238816,19.09698515,21.6244055,14.44974747,10.66729494,16.07724372,7.566431297,15.46093751,4.725271554,12.52489788,2.858614499,9.858030216,-0.13,1535030.368,34.03963364,14.98649619,12.93580683,189.098305,4.127401125,0,20.04658231,0,0,11.016661,0,16.83559397,26.34249029,0,53.37823529,25.68328649,7.262479191,24.64764011,43.17808425,27.3090615,0,0,0,90.07818278,24.64764011,4.127401125,0,0,0,26.34249029,0,7.262479191,52.49989508,20.04658231,0,79.06152178,0,0,4.127401125,0,82.38,38.3257225,43.17808425,0,0,0,4.127401125,51.36657298,24.64764011,0,27.6949488,0,109.1825,0,0,0,-12.40611111,0,0,17.94660966,9.42119898,-14.00530864,1,32,0,5,0,0,0,0,0,0,4,0,14,14,0,0,0,0,7.2637,119.3286,0,0,0,0,0,0,0,0,0,0,0,0,0,0,0,1,0,0,0,0,0,0,0,0,0,6,0,0,0,0,0,0,0,0,0,0,0,0,0,0,0,0,0,0,6,0,0,0,0,0,0,0,0,0,0,0,0,0,0,0,0,0,0,0,0,0,0,0,0,0,0,0,0,0,0,0,2,0,0,0,0,0,0,0,0,14,CCCC[P+](CCCC)(CCCC)CCCC.O=S(=O)([N-]S(=O)(=O)C(F)(F)F)C(F)(F)F,408.15,0.207014169
11.43842593,11.43842593,0.777777778,-6.721527778,0.105866415,13.05128205,614.715,574.395,614.2282837,230,0,0.4802902,-0.487724152,0.487724152,0.4802902,0.692307692,1.102564103,1.512820513,32.28904627,10.06352251,2.46471925,-2.293243687,2.35706112,-2.430289508,8.125030665,-0.890112573,2.790155211,8.30E-07,958.0770864,30.21948589,22.59909156,24.23208473,17.84606521,12.71142913,15.59155579,9.642589568,13.06495982,5.606779092,8.346761159,3.280111474,4.989693768,-1.58,57320379.46,37.42,17.28116077,16.97289759,228.1541691,13.34729494,18.9011502,20.04658231,0,0,11.016661,0,16.83559397,26.34249029,0,76.48941139,24.97437738,0,20.64010037,52.39797807,20.04658231,0,0,0,82.14861443,33.79173874,34.45923647,0,5.749511833,4.736862954,26.34249029,5.749511833,0,66.12702457,20.04658231,0,71.13195343,30.33183534,0,4.127401125,0,91.61,31.06324331,43.17808425,0,0,0,27.51158219,70.75297264,0,30.33183534,21.01908117,4.736862954,116.0677829,0,0,0,-12.40611111,0.98281176,10.13974449,14.09562138,5.420182694,-8.800032128,0.75,39,0,7,0,0,0,1,0,1,5,0,15,17,0,0,0,1,7.122,138.932,0,0,0,0,0,0,0,0,0,0,0,0,0,0,0,2,0,0,0,1,0,0,0,0,0,6,0,0,0,0,0,0,0,0,1,0,0,0,0,0,0,1,0,0,6,0,0,0,0,0,0,0,0,0,0,0,0,0,0,0,0,0,0,0,1,0,0,0,0,0,0,0,0,0,1,0,2,0,0,0,0,0,0,8,0,15,CCCCCCCCCCCC[N+](C)(C)CCOc1ccccc1.O=S(=O)([N-]S(=O)(=O)C(F)(F)F)C(F)(F)F,318.15,-0.458865885
11.43842593,11.43842593,0.777777778,-6.721527778,0.105866415,13.05128205,614.715,574.395,614.2282837,230,0,0.4802902,-0.487724152,0.487724152,0.4802902,0.692307692,1.102564103,1.512820513,32.28904627,10.06352251,2.46471925,-2.293243687,2.35706112,-2.430289508,8.125030665,-0.890112573,2.790155211,8.30E-07,958.0770864,30.21948589,22.59909156,24.23208473,17.84606521,12.71142913,15.59155579,9.642589568,13.06495982,5.606779092,8.346761159,3.280111474,4.989693768,-1.58,57320379.46,37.42,17.28116077,16.97289759,228.1541691,13.34729494,18.9011502,20.04658231,0,0,11.016661,0,16.83559397,26.34249029,0,76.48941139,24.97437738,0,20.64010037,52.39797807,20.04658231,0,0,0,82.14861443,33.79173874,34.45923647,0,5.749511833,4.736862954,26.34249029,5.749511833,0,66.12702457,20.04658231,0,71.13195343,30.33183534,0,4.127401125,0,91.61,31.06324331,43.17808425,0,0,0,27.51158219,70.75297264,0,30.33183534,21.01908117,4.736862954,116.0677829,0,0,0,-12.40611111,0.98281176,10.13974449,14.09562138,5.420182694,-8.800032128,0.75,39,0,7,0,0,0,1,0,1,5,0,15,17,0,0,0,1,7.122,138.932,0,0,0,0,0,0,0,0,0,0,0,0,0,0,0,2,0,0,0,1,0,0,0,0,0,6,0,0,0,0,0,0,0,0,1,0,0,0,0,0,0,1,0,0,6,0,0,0,0,0,0,0,0,0,0,0,0,0,0,0,0,0,0,0,1,0,0,0,0,0,0,0,0,0,1,0,2,0,0,0,0,0,0,8,0,15,CCCCCCCCCCCC[N+](C)(C)CCOc1ccccc1.O=S(=O)([N-]S(=O)(=O)C(F)(F)F)C(F)(F)F,328.15,-0.397496938
11.43842593,11.43842593,0.777777778,-6.721527778,0.105866415,13.05128205,614.715,574.395,614.2282837,230,0,0.4802902,-0.487724152,0.487724152,0.4802902,0.692307692,1.102564103,1.512820513,32.28904627,10.06352251,2.46471925,-2.293243687,2.35706112,-2.430289508,8.125030665,-0.890112573,2.790155211,8.30E-07,958.0770864,30.21948589,22.59909156,24.23208473,17.84606521,12.71142913,15.59155579,9.642589568,13.06495982,5.606779092,8.346761159,3.280111474,4.989693768,-1.58,57320379.46,37.42,17.28116077,16.97289759,228.1541691,13.34729494,18.9011502,20.04658231,0,0,11.016661,0,16.83559397,26.34249029,0,76.48941139,24.97437738,0,20.64010037,52.39797807,20.04658231,0,0,0,82.14861443,33.79173874,34.45923647,0,5.749511833,4.736862954,26.34249029,5.749511833,0,66.12702457,20.04658231,0,71.13195343,30.33183534,0,4.127401125,0,91.61,31.06324331,43.17808425,0,0,0,27.51158219,70.75297264,0,30.33183534,21.01908117,4.736862954,116.0677829,0,0,0,-12.40611111,0.98281176,10.13974449,14.09562138,5.420182694,-8.800032128,0.75,39,0,7,0,0,0,1,0,1,5,0,15,17,0,0,0,1,7.122,138.932,0,0,0,0,0,0,0,0,0,0,0,0,0,0,0,2,0,0,0,1,0,0,0,0,0,6,0,0,0,0,0,0,0,0,1,0,0,0,0,0,0,1,0,0,6,0,0,0,0,0,0,0,0,0,0,0,0,0,0,0,0,0,0,0,1,0,0,0,0,0,0,0,0,0,1,0,2,0,0,0,0,0,0,8,0,15,CCCCCCCCCCCC[N+](C)(C)CCOc1ccccc1.O=S(=O)([N-]S(=O)(=O)C(F)(F)F)C(F)(F)F,338.15,-0.341082849
11.43842593,11.43842593,0.777777778,-6.721527778,0.105866415,13.05128205,614.715,574.395,614.2282837,230,0,0.4802902,-0.487724152,0.487724152,0.4802902,0.692307692,1.102564103,1.512820513,32.28904627,10.06352251,2.46471925,-2.293243687,2.35706112,-2.430289508,8.125030665,-0.890112573,2.790155211,8.30E-07,958.0770864,30.21948589,22.59909156,24.23208473,17.84606521,12.71142913,15.59155579,9.642589568,13.06495982,5.606779092,8.346761159,3.280111474,4.989693768,-1.58,57320379.46,37.42,17.28116077,16.97289759,228.1541691,13.34729494,18.9011502,20.04658231,0,0,11.016661,0,16.83559397,26.34249029,0,76.48941139,24.97437738,0,20.64010037,52.39797807,20.04658231,0,0,0,82.14861443,33.79173874,34.45923647,0,5.749511833,4.736862954,26.34249029,5.749511833,0,66.12702457,20.04658231,0,71.13195343,30.33183534,0,4.127401125,0,91.61,31.06324331,43.17808425,0,0,0,27.51158219,70.75297264,0,30.33183534,21.01908117,4.736862954,116.0677829,0,0,0,-12.40611111,0.98281176,10.13974449,14.09562138,5.420182694,-8.800032128,0.75,39,0,7,0,0,0,1,0,1,5,0,15,17,0,0,0,1,7.122,138.932,0,0,0,0,0,0,0,0,0,0,0,0,0,0,0,2,0,0,0,1,0,0,0,0,0,6,0,0,0,0,0,0,0,0,1,0,0,0,0,0,0,1,0,0,6,0,0,0,0,0,0,0,0,0,0,0,0,0,0,0,0,0,0,0,1,0,0,0,0,0,0,0,0,0,1,0,2,0,0,0,0,0,0,8,0,15,CCCCCCCCCCCC[N+](C)(C)CCOc1ccccc1.O=S(=O)([N-]S(=O)(=O)C(F)(F)F)C(F)(F)F,348.15,-0.287682072
11.43842593,11.43842593,0.777777778,-6.721527778,0.105866415,13.05128205,614.715,574.395,614.2282837,230,0,0.4802902,-0.487724152,0.487724152,0.4802902,0.692307692,1.102564103,1.512820513,32.28904627,10.06352251,2.46471925,-2.293243687,2.35706112,-2.430289508,8.125030665,-0.890112573,2.790155211,8.30E-07,958.0770864,30.21948589,22.59909156,24.23208473,17.84606521,12.71142913,15.59155579,9.642589568,13.06495982,5.606779092,8.346761159,3.280111474,4.989693768,-1.58,57320379.46,37.42,17.28116077,16.97289759,228.1541691,13.34729494,18.9011502,20.04658231,0,0,11.016661,0,16.83559397,26.34249029,0,76.48941139,24.97437738,0,20.64010037,52.39797807,20.04658231,0,0,0,82.14861443,33.79173874,34.45923647,0,5.749511833,4.736862954,26.34249029,5.749511833,0,66.12702457,20.04658231,0,71.13195343,30.33183534,0,4.127401125,0,91.61,31.06324331,43.17808425,0,0,0,27.51158219,70.75297264,0,30.33183534,21.01908117,4.736862954,116.0677829,0,0,0,-12.40611111,0.98281176,10.13974449,14.09562138,5.420182694,-8.800032128,0.75,39,0,7,0,0,0,1,0,1,5,0,15,17,0,0,0,1,7.122,138.932,0,0,0,0,0,0,0,0,0,0,0,0,0,0,0,2,0,0,0,1,0,0,0,0,0,6,0,0,0,0,0,0,0,0,1,0,0,0,0,0,0,1,0,0,6,0,0,0,0,0,0,0,0,0,0,0,0,0,0,0,0,0,0,0,1,0,0,0,0,0,0,0,0,0,1,0,2,0,0,0,0,0,0,8,0,15,CCCCCCCCCCCC[N+](C)(C)CCOc1ccccc1.O=S(=O)([N-]S(=O)(=O)C(F)(F)F)C(F)(F)F,358.15,-0.238257189
11.43842593,11.43842593,0.777777778,-6.721527778,0.105866415,13.05128205,614.715,574.395,614.2282837,230,0,0.4802902,-0.487724152,0.487724152,0.4802902,0.692307692,1.102564103,1.512820513,32.28904627,10.06352251,2.46471925,-2.293243687,2.35706112,-2.430289508,8.125030665,-0.890112573,2.790155211,8.30E-07,958.0770864,30.21948589,22.59909156,24.23208473,17.84606521,12.71142913,15.59155579,9.642589568,13.06495982,5.606779092,8.346761159,3.280111474,4.989693768,-1.58,57320379.46,37.42,17.28116077,16.97289759,228.1541691,13.34729494,18.9011502,20.04658231,0,0,11.016661,0,16.83559397,26.34249029,0,76.48941139,24.97437738,0,20.64010037,52.39797807,20.04658231,0,0,0,82.14861443,33.79173874,34.45923647,0,5.749511833,4.736862954,26.34249029,5.749511833,0,66.12702457,20.04658231,0,71.13195343,30.33183534,0,4.127401125,0,91.61,31.06324331,43.17808425,0,0,0,27.51158219,70.75297264,0,30.33183534,21.01908117,4.736862954,116.0677829,0,0,0,-12.40611111,0.98281176,10.13974449,14.09562138,5.420182694,-8.800032128,0.75,39,0,7,0,0,0,1,0,1,5,0,15,17,0,0,0,1,7.122,138.932,0,0,0,0,0,0,0,0,0,0,0,0,0,0,0,2,0,0,0,1,0,0,0,0,0,6,0,0,0,0,0,0,0,0,1,0,0,0,0,0,0,1,0,0,6,0,0,0,0,0,0,0,0,0,0,0,0,0,0,0,0,0,0,0,1,0,0,0,0,0,0,0,0,0,1,0,2,0,0,0,0,0,0,8,0,15,CCCCCCCCCCCC[N+](C)(C)CCOc1ccccc1.O=S(=O)([N-]S(=O)(=O)C(F)(F)F)C(F)(F)F,368.15,-0.186329578
7.427083333,7.427083333,0.80037037,0.80037037,0.194580479,10.24137931,400.611,360.291,400.3202119,162,0,0.137062304,-0.487724152,0.487724152,0.137062304,0.793103448,1.310344828,1.793103448,16.47782568,10.06352252,2.13806049,-2.293243044,2.121839249,-2.43028889,5.202734125,-0.890112571,2.710124113,1.39E-06,548.4836583,21.63369946,18.77624217,18.77624217,14.053172,11.03189958,11.03189958,8.038243209,8.038243209,4.925543228,4.925543228,3.088774367,3.088774367,-2.24,1631538.078,26.76,19.09278913,18.87121262,178.4245643,19.74367692,18.9011502,0,0,0,0,5.316788604,0,0,0,76.48941139,24.97437738,12.38631219,20.64010037,9.219893811,0,10.52378311,0,0,71.13195343,33.79173874,35.64862395,0,18.13582402,4.736862954,0,5.749511833,0,38.2747696,0,22.9100953,71.13195343,30.33183534,0,5.316788604,0,70.91,0,0,0,0,0,23.38418106,83.13928483,0,30.33183534,26.33586977,15.26064606,6.885282921,0,0,17.4375,0,0.98281176,10.13974449,16.65812138,5.420182694,4.643023428,0.666666667,29,0,5,0,0,0,1,0,1,3,0,5,15,0,0,0,1,6.38496,120.2084,0,0,0,0,0,0,0,0,0,0,0,0,0,0,0,4,0,0,0,1,0,0,0,0,0,0,0,0,0,0,0,0,0,0,1,0,0,0,0,0,0,1,0,0,0,0,0,0,0,0,0,0,0,0,0,0,0,2,0,0,0,0,0,0,1,0,0,0,0,0,0,0,0,0,1,0,0,0,0,0,0,0,0,8,0,16,CCCCCCCCCCCC[N+](C)(C)CCOc1ccccc1.N#C[N-]C#N,328.15,-0.099820335
7.427083333,7.427083333,0.80037037,0.80037037,0.194580479,10.24137931,400.611,360.291,400.3202119,162,0,0.137062304,-0.487724152,0.487724152,0.137062304,0.793103448,1.310344828,1.793103448,16.47782568,10.06352252,2.13806049,-2.293243044,2.121839249,-2.43028889,5.202734125,-0.890112571,2.710124113,1.39E-06,548.4836583,21.63369946,18.77624217,18.77624217,14.053172,11.03189958,11.03189958,8.038243209,8.038243209,4.925543228,4.925543228,3.088774367,3.088774367,-2.24,1631538.078,26.76,19.09278913,18.87121262,178.4245643,19.74367692,18.9011502,0,0,0,0,5.316788604,0,0,0,76.48941139,24.97437738,12.38631219,20.64010037,9.219893811,0,10.52378311,0,0,71.13195343,33.79173874,35.64862395,0,18.13582402,4.736862954,0,5.749511833,0,38.2747696,0,22.9100953,71.13195343,30.33183534,0,5.316788604,0,70.91,0,0,0,0,0,23.38418106,83.13928483,0,30.33183534,26.33586977,15.26064606,6.885282921,0,0,17.4375,0,0.98281176,10.13974449,16.65812138,5.420182694,4.643023428,0.666666667,29,0,5,0,0,0,1,0,1,3,0,5,15,0,0,0,1,6.38496,120.2084,0,0,0,0,0,0,0,0,0,0,0,0,0,0,0,4,0,0,0,1,0,0,0,0,0,0,0,0,0,0,0,0,0,0,1,0,0,0,0,0,0,1,0,0,0,0,0,0,0,0,0,0,0,0,0,0,0,2,0,0,0,0,0,0,1,0,0,0,0,0,0,0,0,0,1,0,0,0,0,0,0,0,0,8,0,16,CCCCCCCCCCCC[N+](C)(C)CCOc1ccccc1.N#C[N-]C#N,338.15,-0.061875404
7.427083333,7.427083333,0.80037037,0.80037037,0.194580479,10.24137931,400.611,360.291,400.3202119,162,0,0.137062304,-0.487724152,0.487724152,0.137062304,0.793103448,1.310344828,1.793103448,16.47782568,10.06352252,2.13806049,-2.293243044,2.121839249,-2.43028889,5.202734125,-0.890112571,2.710124113,1.39E-06,548.4836583,21.63369946,18.77624217,18.77624217,14.053172,11.03189958,11.03189958,8.038243209,8.038243209,4.925543228,4.925543228,3.088774367,3.088774367,-2.24,1631538.078,26.76,19.09278913,18.87121262,178.4245643,19.74367692,18.9011502,0,0,0,0,5.316788604,0,0,0,76.48941139,24.97437738,12.38631219,20.64010037,9.219893811,0,10.52378311,0,0,71.13195343,33.79173874,35.64862395,0,18.13582402,4.736862954,0,5.749511833,0,38.2747696,0,22.9100953,71.13195343,30.33183534,0,5.316788604,0,70.91,0,0,0,0,0,23.38418106,83.13928483,0,30.33183534,26.33586977,15.26064606,6.885282921,0,0,17.4375,0,0.98281176,10.13974449,16.65812138,5.420182694,4.643023428,0.666666667,29,0,5,0,0,0,1,0,1,3,0,5,15,0,0,0,1,6.38496,120.2084,0,0,0,0,0,0,0,0,0,0,0,0,0,0,0,4,0,0,0,1,0,0,0,0,0,0,0,0,0,0,0,0,0,0,1,0,0,0,0,0,0,1,0,0,0,0,0,0,0,0,0,0,0,0,0,0,0,2,0,0,0,0,0,0,1,0,0,0,0,0,0,0,0,0,1,0,0,0,0,0,0,0,0,8,0,16,CCCCCCCCCCCC[N+](C)(C)CCOc1ccccc1.N#C[N-]C#N,348.15,-0.019182819
7.427083333,7.427083333,0.80037037,0.80037037,0.194580479,10.24137931,400.611,360.291,400.3202119,162,0,0.137062304,-0.487724152,0.487724152,0.137062304,0.793103448,1.310344828,1.793103448,16.47782568,10.06352252,2.13806049,-2.293243044,2.121839249,-2.43028889,5.202734125,-0.890112571,2.710124113,1.39E-06,548.4836583,21.63369946,18.77624217,18.77624217,14.053172,11.03189958,11.03189958,8.038243209,8.038243209,4.925543228,4.925543228,3.088774367,3.088774367,-2.24,1631538.078,26.76,19.09278913,18.87121262,178.4245643,19.74367692,18.9011502,0,0,0,0,5.316788604,0,0,0,76.48941139,24.97437738,12.38631219,20.64010037,9.219893811,0,10.52378311,0,0,71.13195343,33.79173874,35.64862395,0,18.13582402,4.736862954,0,5.749511833,0,38.2747696,0,22.9100953,71.13195343,30.33183534,0,5.316788604,0,70.91,0,0,0,0,0,23.38418106,83.13928483,0,30.33183534,26.33586977,15.26064606,6.885282921,0,0,17.4375,0,0.98281176,10.13974449,16.65812138,5.420182694,4.643023428,0.666666667,29,0,5,0,0,0,1,0,1,3,0,5,15,0,0,0,1,6.38496,120.2084,0,0,0,0,0,0,0,0,0,0,0,0,0,0,0,4,0,0,0,1,0,0,0,0,0,0,0,0,0,0,0,0,0,0,1,0,0,0,0,0,0,1,0,0,0,0,0,0,0,0,0,0,0,0,0,0,0,2,0,0,0,0,0,0,1,0,0,0,0,0,0,0,0,0,1,0,0,0,0,0,0,0,0,8,0,16,CCCCCCCCCCCC[N+](C)(C)CCOc1ccccc1.N#C[N-]C#N,358.15,0.019802627
7.427083333,7.427083333,0.80037037,0.80037037,0.194580479,10.24137931,400.611,360.291,400.3202119,162,0,0.137062304,-0.487724152,0.487724152,0.137062304,0.793103448,1.310344828,1.793103448,16.47782568,10.06352252,2.13806049,-2.293243044,2.121839249,-2.43028889,5.202734125,-0.890112571,2.710124113,1.39E-06,548.4836583,21.63369946,18.77624217,18.77624217,14.053172,11.03189958,11.03189958,8.038243209,8.038243209,4.925543228,4.925543228,3.088774367,3.088774367,-2.24,1631538.078,26.76,19.09278913,18.87121262,178.4245643,19.74367692,18.9011502,0,0,0,0,5.316788604,0,0,0,76.48941139,24.97437738,12.38631219,20.64010037,9.219893811,0,10.52378311,0,0,71.13195343,33.79173874,35.64862395,0,18.13582402,4.736862954,0,5.749511833,0,38.2747696,0,22.9100953,71.13195343,30.33183534,0,5.316788604,0,70.91,0,0,0,0,0,23.38418106,83.13928483,0,30.33183534,26.33586977,15.26064606,6.885282921,0,0,17.4375,0,0.98281176,10.13974449,16.65812138,5.420182694,4.643023428,0.666666667,29,0,5,0,0,0,1,0,1,3,0,5,15,0,0,0,1,6.38496,120.2084,0,0,0,0,0,0,0,0,0,0,0,0,0,0,0,4,0,0,0,1,0,0,0,0,0,0,0,0,0,0,0,0,0,0,1,0,0,0,0,0,0,1,0,0,0,0,0,0,0,0,0,0,0,0,0,0,0,2,0,0,0,0,0,0,1,0,0,0,0,0,0,0,0,0,1,0,0,0,0,0,0,0,0,8,0,16,CCCCCCCCCCCC[N+](C)(C)CCOc1ccccc1.N#C[N-]C#N,368.15,0.058268908
7.427083333,7.427083333,0.80037037,0.80037037,0.194580479,10.24137931,400.611,360.291,400.3202119,162,0,0.137062304,-0.487724152,0.487724152,0.137062304,0.793103448,1.310344828,1.793103448,16.47782568,10.06352252,2.13806049,-2.293243044,2.121839249,-2.43028889,5.202734125,-0.890112571,2.710124113,1.39E-06,548.4836583,21.63369946,18.77624217,18.77624217,14.053172,11.03189958,11.03189958,8.038243209,8.038243209,4.925543228,4.925543228,3.088774367,3.088774367,-2.24,1631538.078,26.76,19.09278913,18.87121262,178.4245643,19.74367692,18.9011502,0,0,0,0,5.316788604,0,0,0,76.48941139,24.97437738,12.38631219,20.64010037,9.219893811,0,10.52378311,0,0,71.13195343,33.79173874,35.64862395,0,18.13582402,4.736862954,0,5.749511833,0,38.2747696,0,22.9100953,71.13195343,30.33183534,0,5.316788604,0,70.91,0,0,0,0,0,23.38418106,83.13928483,0,30.33183534,26.33586977,15.26064606,6.885282921,0,0,17.4375,0,0.98281176,10.13974449,16.65812138,5.420182694,4.643023428,0.666666667,29,0,5,0,0,0,1,0,1,3,0,5,15,0,0,0,1,6.38496,120.2084,0,0,0,0,0,0,0,0,0,0,0,0,0,0,0,4,0,0,0,1,0,0,0,0,0,0,0,0,0,0,0,0,0,0,1,0,0,0,0,0,0,1,0,0,0,0,0,0,0,0,0,0,0,0,0,0,0,2,0,0,0,0,0,0,1,0,0,0,0,0,0,0,0,0,1,0,0,0,0,0,0,0,0,8,0,16,CCCCCCCCCCCC[N+](C)(C)CCOc1ccccc1.N#C[N-]C#N,378.15,0.09531018
8.285009133,8.285009133,0.640768141,0.640768141,0.433545074,7.3125,213.244,202.156,213.1014454,80,0,0.168270195,-0.385181884,0.385181884,0.168270195,1,1.625,2.0625,14.91573795,10.30740328,1.946010143,-1.904093274,1.85355746,-2.314606673,5.122292862,-0.696809369,2.326727412,3.85E-07,381.1135906,12.06263164,8.744139667,8.744139667,7.846065215,4.637546258,4.637546258,2.686789707,2.686789707,1.582198786,1.582198786,0.946438098,0.946438098,-2.58,3722.763859,13.42,10.5005153,8.03819153,94.78410765,10.52378311,6.544756406,12.39368714,0,0,0,5.316788604,4.567099648,5.261891555,0,6.066367068,0,37.36068957,6.069221313,4.567099648,0,15.78567466,0,0,19.38639965,0,35.90957695,0,18.4555335,4.567099648,0,0,0,0,6.544756406,34.24120817,12.84164325,30.59278835,0,5.316788604,0,89.35,0,0,0,0,6.420821623,12.96557803,12.38631219,0,30.59278835,15.95310956,15.78567466,2.080694444,0,0,25.72250913,0,0,8.096376921,8.161530612,0.938888889,0,0.272727273,16,0,5,0,0,0,0,1,1,3,0,5,3,0,0,0,1,1.60014,56.069,0,0,0,0,0,1,0,0,0,0,0,0,0,0,0,5,0,0,0,0,0,0,0,0,0,0,0,0,0,0,1,0,0,0,0,0,0,0,0,0,0,0,0,0,0,0,0,0,0,0,0,0,0,0,0,0,0,3,0,0,0,0,0,0,0,0,0,0,0,0,0,0,0,1,0,0,0,0,0,0,0,0,0,1,0,17,N#CCCC[n+]1ccccc1.N#C[N-]C#N,318.15,2.18492705
8.285009133,8.285009133,0.640768141,0.640768141,0.433545074,7.3125,213.244,202.156,213.1014454,80,0,0.168270195,-0.385181884,0.385181884,0.168270195,1,1.625,2.0625,14.91573795,10.30740328,1.946010143,-1.904093274,1.85355746,-2.314606673,5.122292862,-0.696809369,2.326727412,3.85E-07,381.1135906,12.06263164,8.744139667,8.744139667,7.846065215,4.637546258,4.637546258,2.686789707,2.686789707,1.582198786,1.582198786,0.946438098,0.946438098,-2.58,3722.763859,13.42,10.5005153,8.03819153,94.78410765,10.52378311,6.544756406,12.39368714,0,0,0,5.316788604,4.567099648,5.261891555,0,6.066367068,0,37.36068957,6.069221313,4.567099648,0,15.78567466,0,0,19.38639965,0,35.90957695,0,18.4555335,4.567099648,0,0,0,0,6.544756406,34.24120817,12.84164325,30.59278835,0,5.316788604,0,89.35,0,0,0,0,6.420821623,12.96557803,12.38631219,0,30.59278835,15.95310956,15.78567466,2.080694444,0,0,25.72250913,0,0,8.096376921,8.161530612,0.938888889,0,0.272727273,16,0,5,0,0,0,0,1,1,3,0,5,3,0,0,0,1,1.60014,56.069,0,0,0,0,0,1,0,0,0,0,0,0,0,0,0,5,0,0,0,0,0,0,0,0,0,0,0,0,0,0,1,0,0,0,0,0,0,0,0,0,0,0,0,0,0,0,0,0,0,0,0,0,0,0,0,0,0,3,0,0,0,0,0,0,0,0,0,0,0,0,0,0,0,1,0,0,0,0,0,0,0,0,0,1,0,17,N#CCCC[n+]1ccccc1.N#C[N-]C#N,328.15,2.201659174
8.285009133,8.285009133,0.640768141,0.640768141,0.433545074,7.3125,213.244,202.156,213.1014454,80,0,0.168270195,-0.385181884,0.385181884,0.168270195,1,1.625,2.0625,14.91573795,10.30740328,1.946010143,-1.904093274,1.85355746,-2.314606673,5.122292862,-0.696809369,2.326727412,3.85E-07,381.1135906,12.06263164,8.744139667,8.744139667,7.846065215,4.637546258,4.637546258,2.686789707,2.686789707,1.582198786,1.582198786,0.946438098,0.946438098,-2.58,3722.763859,13.42,10.5005153,8.03819153,94.78410765,10.52378311,6.544756406,12.39368714,0,0,0,5.316788604,4.567099648,5.261891555,0,6.066367068,0,37.36068957,6.069221313,4.567099648,0,15.78567466,0,0,19.38639965,0,35.90957695,0,18.4555335,4.567099648,0,0,0,0,6.544756406,34.24120817,12.84164325,30.59278835,0,5.316788604,0,89.35,0,0,0,0,6.420821623,12.96557803,12.38631219,0,30.59278835,15.95310956,15.78567466,2.080694444,0,0,25.72250913,0,0,8.096376921,8.161530612,0.938888889,0,0.272727273,16,0,5,0,0,0,0,1,1,3,0,5,3,0,0,0,1,1.60014,56.069,0,0,0,0,0,1,0,0,0,0,0,0,0,0,0,5,0,0,0,0,0,0,0,0,0,0,0,0,0,0,1,0,0,0,0,0,0,0,0,0,0,0,0,0,0,0,0,0,0,0,0,0,0,0,0,0,0,3,0,0,0,0,0,0,0,0,0,0,0,0,0,0,0,1,0,0,0,0,0,0,0,0,0,1,0,17,N#CCCC[n+]1ccccc1.N#C[N-]C#N,338.15,2.215937286
8.285009133,8.285009133,0.640768141,0.640768141,0.433545074,7.3125,213.244,202.156,213.1014454,80,0,0.168270195,-0.385181884,0.385181884,0.168270195,1,1.625,2.0625,14.91573795,10.30740328,1.946010143,-1.904093274,1.85355746,-2.314606673,5.122292862,-0.696809369,2.326727412,3.85E-07,381.1135906,12.06263164,8.744139667,8.744139667,7.846065215,4.637546258,4.637546258,2.686789707,2.686789707,1.582198786,1.582198786,0.946438098,0.946438098,-2.58,3722.763859,13.42,10.5005153,8.03819153,94.78410765,10.52378311,6.544756406,12.39368714,0,0,0,5.316788604,4.567099648,5.261891555,0,6.066367068,0,37.36068957,6.069221313,4.567099648,0,15.78567466,0,0,19.38639965,0,35.90957695,0,18.4555335,4.567099648,0,0,0,0,6.544756406,34.24120817,12.84164325,30.59278835,0,5.316788604,0,89.35,0,0,0,0,6.420821623,12.96557803,12.38631219,0,30.59278835,15.95310956,15.78567466,2.080694444,0,0,25.72250913,0,0,8.096376921,8.161530612,0.938888889,0,0.272727273,16,0,5,0,0,0,0,1,1,3,0,5,3,0,0,0,1,1.60014,56.069,0,0,0,0,0,1,0,0,0,0,0,0,0,0,0,5,0,0,0,0,0,0,0,0,0,0,0,0,0,0,1,0,0,0,0,0,0,0,0,0,0,0,0,0,0,0,0,0,0,0,0,0,0,0,0,0,0,3,0,0,0,0,0,0,0,0,0,0,0,0,0,0,0,1,0,0,0,0,0,0,0,0,0,1,0,17,N#CCCC[n+]1ccccc1.N#C[N-]C#N,348.15,2.231089091
8.285009133,8.285009133,0.640768141,0.640768141,0.433545074,7.3125,213.244,202.156,213.1014454,80,0,0.168270195,-0.385181884,0.385181884,0.168270195,1,1.625,2.0625,14.91573795,10.30740328,1.946010143,-1.904093274,1.85355746,-2.314606673,5.122292862,-0.696809369,2.326727412,3.85E-07,381.1135906,12.06263164,8.744139667,8.744139667,7.846065215,4.637546258,4.637546258,2.686789707,2.686789707,1.582198786,1.582198786,0.946438098,0.946438098,-2.58,3722.763859,13.42,10.5005153,8.03819153,94.78410765,10.52378311,6.544756406,12.39368714,0,0,0,5.316788604,4.567099648,5.261891555,0,6.066367068,0,37.36068957,6.069221313,4.567099648,0,15.78567466,0,0,19.38639965,0,35.90957695,0,18.4555335,4.567099648,0,0,0,0,6.544756406,34.24120817,12.84164325,30.59278835,0,5.316788604,0,89.35,0,0,0,0,6.420821623,12.96557803,12.38631219,0,30.59278835,15.95310956,15.78567466,2.080694444,0,0,25.72250913,0,0,8.096376921,8.161530612,0.938888889,0,0.272727273,16,0,5,0,0,0,0,1,1,3,0,5,3,0,0,0,1,1.60014,56.069,0,0,0,0,0,1,0,0,0,0,0,0,0,0,0,5,0,0,0,0,0,0,0,0,0,0,0,0,0,0,1,0,0,0,0,0,0,0,0,0,0,0,0,0,0,0,0,0,0,0,0,0,0,0,0,0,0,3,0,0,0,0,0,0,0,0,0,0,0,0,0,0,0,1,0,0,0,0,0,0,0,0,0,1,0,17,N#CCCC[n+]1ccccc1.N#C[N-]C#N,358.15,2.24495598
8.285009133,8.285009133,0.640768141,0.640768141,0.433545074,7.3125,213.244,202.156,213.1014454,80,0,0.168270195,-0.385181884,0.385181884,0.168270195,1,1.625,2.0625,14.91573795,10.30740328,1.946010143,-1.904093274,1.85355746,-2.314606673,5.122292862,-0.696809369,2.326727412,3.85E-07,381.1135906,12.06263164,8.744139667,8.744139667,7.846065215,4.637546258,4.637546258,2.686789707,2.686789707,1.582198786,1.582198786,0.946438098,0.946438098,-2.58,3722.763859,13.42,10.5005153,8.03819153,94.78410765,10.52378311,6.544756406,12.39368714,0,0,0,5.316788604,4.567099648,5.261891555,0,6.066367068,0,37.36068957,6.069221313,4.567099648,0,15.78567466,0,0,19.38639965,0,35.90957695,0,18.4555335,4.567099648,0,0,0,0,6.544756406,34.24120817,12.84164325,30.59278835,0,5.316788604,0,89.35,0,0,0,0,6.420821623,12.96557803,12.38631219,0,30.59278835,15.95310956,15.78567466,2.080694444,0,0,25.72250913,0,0,8.096376921,8.161530612,0.938888889,0,0.272727273,16,0,5,0,0,0,0,1,1,3,0,5,3,0,0,0,1,1.60014,56.069,0,0,0,0,0,1,0,0,0,0,0,0,0,0,0,5,0,0,0,0,0,0,0,0,0,0,0,0,0,0,1,0,0,0,0,0,0,0,0,0,0,0,0,0,0,0,0,0,0,0,0,0,0,0,0,0,0,3,0,0,0,0,0,0,0,0,0,0,0,0,0,0,0,1,0,0,0,0,0,0,0,0,0,1,0,17,N#CCCC[n+]1ccccc1.N#C[N-]C#N,368.15,2.259677592
8.367181122,8.367181122,0.73,0.73,0.412122732,15.875,219.292,202.156,219.1483955,86,0,0.079405098,-0.385181884,0.385181884,0.079405098,1.125,1.6875,2.0625,15.33625511,10.26963793,2.249503055,-2.280906909,2.162635342,-2.409158848,5.122259474,-0.897346363,2.680749653,3.85E-07,285.8072867,12.27817459,9.685815446,9.685815446,7.681980515,5.367484273,5.367484273,4.070901538,4.070901538,2.732425434,2.732425434,1.884653599,1.884653599,-1.77,3624.373531,14.23,8.531255557,6.649456709,97.08607856,15.00681397,0,0,0,0,0,5.316788604,0,5.261891555,0,0,0,38.06959868,32.75116251,4.483030858,0,15.78567466,0,0,25.68328649,26.6819412,5.316788604,0,18.4555335,0,0,0,0,31.16497206,0,34.24120817,25.68328649,0,0,5.316788604,0,85.47,0,0,0,0,0,12.84164325,49.34525551,0,0,18.4336819,15.78567466,1.21,0,0,25.80468112,0,0,2.198871882,7.124947562,3.851604308,2.309895125,0.727272727,16,0,5,0,1,1,0,0,0,3,0,5,3,0,1,1,1,1.85284,59.4514,0,0,0,0,0,0,0,0,0,0,0,0,0,0,0,5,0,0,0,0,1,0,0,0,0,0,0,0,0,0,0,0,0,0,0,0,0,0,0,0,0,0,0,0,0,0,0,0,0,0,0,0,0,0,0,0,0,3,0,0,0,0,0,0,0,0,0,0,0,0,0,0,0,0,1,0,0,0,0,0,0,0,0,1,0,18,C[N+]1(CCCC#N)CCCC1.N#C[N-]C#N,318.15,1.646733697
8.367181122,8.367181122,0.73,0.73,0.412122732,15.875,219.292,202.156,219.1483955,86,0,0.079405098,-0.385181884,0.385181884,0.079405098,1.125,1.6875,2.0625,15.33625511,10.26963793,2.249503055,-2.280906909,2.162635342,-2.409158848,5.122259474,-0.897346363,2.680749653,3.85E-07,285.8072867,12.27817459,9.685815446,9.685815446,7.681980515,5.367484273,5.367484273,4.070901538,4.070901538,2.732425434,2.732425434,1.884653599,1.884653599,-1.77,3624.373531,14.23,8.531255557,6.649456709,97.08607856,15.00681397,0,0,0,0,0,5.316788604,0,5.261891555,0,0,0,38.06959868,32.75116251,4.483030858,0,15.78567466,0,0,25.68328649,26.6819412,5.316788604,0,18.4555335,0,0,0,0,31.16497206,0,34.24120817,25.68328649,0,0,5.316788604,0,85.47,0,0,0,0,0,12.84164325,49.34525551,0,0,18.4336819,15.78567466,1.21,0,0,25.80468112,0,0,2.198871882,7.124947562,3.851604308,2.309895125,0.727272727,16,0,5,0,1,1,0,0,0,3,0,5,3,0,1,1,1,1.85284,59.4514,0,0,0,0,0,0,0,0,0,0,0,0,0,0,0,5,0,0,0,0,1,0,0,0,0,0,0,0,0,0,0,0,0,0,0,0,0,0,0,0,0,0,0,0,0,0,0,0,0,0,0,0,0,0,0,0,0,3,0,0,0,0,0,0,0,0,0,0,0,0,0,0,0,0,1,0,0,0,0,0,0,0,0,1,0,18,C[N+]1(CCCC#N)CCCC1.N#C[N-]C#N,328.15,1.688249093
8.367181122,8.367181122,0.73,0.73,0.412122732,15.875,219.292,202.156,219.1483955,86,0,0.079405098,-0.385181884,0.385181884,0.079405098,1.125,1.6875,2.0625,15.33625511,10.26963793,2.249503055,-2.280906909,2.162635342,-2.409158848,5.122259474,-0.897346363,2.680749653,3.85E-07,285.8072867,12.27817459,9.685815446,9.685815446,7.681980515,5.367484273,5.367484273,4.070901538,4.070901538,2.732425434,2.732425434,1.884653599,1.884653599,-1.77,3624.373531,14.23,8.531255557,6.649456709,97.08607856,15.00681397,0,0,0,0,0,5.316788604,0,5.261891555,0,0,0,38.06959868,32.75116251,4.483030858,0,15.78567466,0,0,25.68328649,26.6819412,5.316788604,0,18.4555335,0,0,0,0,31.16497206,0,34.24120817,25.68328649,0,0,5.316788604,0,85.47,0,0,0,0,0,12.84164325,49.34525551,0,0,18.4336819,15.78567466,1.21,0,0,25.80468112,0,0,2.198871882,7.124947562,3.851604308,2.309895125,0.727272727,16,0,5,0,1,1,0,0,0,3,0,5,3,0,1,1,1,1.85284,59.4514,0,0,0,0,0,0,0,0,0,0,0,0,0,0,0,5,0,0,0,0,1,0,0,0,0,0,0,0,0,0,0,0,0,0,0,0,0,0,0,0,0,0,0,0,0,0,0,0,0,0,0,0,0,0,0,0,0,3,0,0,0,0,0,0,0,0,0,0,0,0,0,0,0,0,1,0,0,0,0,0,0,0,0,1,0,18,C[N+]1(CCCC#N)CCCC1.N#C[N-]C#N,338.15,1.72455072
8.367181122,8.367181122,0.73,0.73,0.412122732,15.875,219.292,202.156,219.1483955,86,0,0.079405098,-0.385181884,0.385181884,0.079405098,1.125,1.6875,2.0625,15.33625511,10.26963793,2.249503055,-2.280906909,2.162635342,-2.409158848,5.122259474,-0.897346363,2.680749653,3.85E-07,285.8072867,12.27817459,9.685815446,9.685815446,7.681980515,5.367484273,5.367484273,4.070901538,4.070901538,2.732425434,2.732425434,1.884653599,1.884653599,-1.77,3624.373531,14.23,8.531255557,6.649456709,97.08607856,15.00681397,0,0,0,0,0,5.316788604,0,5.261891555,0,0,0,38.06959868,32.75116251,4.483030858,0,15.78567466,0,0,25.68328649,26.6819412,5.316788604,0,18.4555335,0,0,0,0,31.16497206,0,34.24120817,25.68328649,0,0,5.316788604,0,85.47,0,0,0,0,0,12.84164325,49.34525551,0,0,18.4336819,15.78567466,1.21,0,0,25.80468112,0,0,2.198871882,7.124947562,3.851604308,2.309895125,0.727272727,16,0,5,0,1,1,0,0,0,3,0,5,3,0,1,1,1,1.85284,59.4514,0,0,0,0,0,0,0,0,0,0,0,0,0,0,0,5,0,0,0,0,1,0,0,0,0,0,0,0,0,0,0,0,0,0,0,0,0,0,0,0,0,0,0,0,0,0,0,0,0,0,0,0,0,0,0,0,0,3,0,0,0,0,0,0,0,0,0,0,0,0,0,0,0,0,1,0,0,0,0,0,0,0,0,1,0,18,C[N+]1(CCCC#N)CCCC1.N#C[N-]C#N,348.15,1.759580571
8.367181122,8.367181122,0.73,0.73,0.412122732,15.875,219.292,202.156,219.1483955,86,0,0.079405098,-0.385181884,0.385181884,0.079405098,1.125,1.6875,2.0625,15.33625511,10.26963793,2.249503055,-2.280906909,2.162635342,-2.409158848,5.122259474,-0.897346363,2.680749653,3.85E-07,285.8072867,12.27817459,9.685815446,9.685815446,7.681980515,5.367484273,5.367484273,4.070901538,4.070901538,2.732425434,2.732425434,1.884653599,1.884653599,-1.77,3624.373531,14.23,8.531255557,6.649456709,97.08607856,15.00681397,0,0,0,0,0,5.316788604,0,5.261891555,0,0,0,38.06959868,32.75116251,4.483030858,0,15.78567466,0,0,25.68328649,26.6819412,5.316788604,0,18.4555335,0,0,0,0,31.16497206,0,34.24120817,25.68328649,0,0,5.316788604,0,85.47,0,0,0,0,0,12.84164325,49.34525551,0,0,18.4336819,15.78567466,1.21,0,0,25.80468112,0,0,2.198871882,7.124947562,3.851604308,2.309895125,0.727272727,16,0,5,0,1,1,0,0,0,3,0,5,3,0,1,1,1,1.85284,59.4514,0,0,0,0,0,0,0,0,0,0,0,0,0,0,0,5,0,0,0,0,1,0,0,0,0,0,0,0,0,0,0,0,0,0,0,0,0,0,0,0,0,0,0,0,0,0,0,0,0,0,0,0,0,0,0,0,0,3,0,0,0,0,0,0,0,0,0,0,0,0,0,0,0,0,1,0,0,0,0,0,0,0,0,1,0,18,C[N+]1(CCCC#N)CCCC1.N#C[N-]C#N,358.15,1.793424749
8.367181122,8.367181122,0.73,0.73,0.412122732,15.875,219.292,202.156,219.1483955,86,0,0.079405098,-0.385181884,0.385181884,0.079405098,1.125,1.6875,2.0625,15.33625511,10.26963793,2.249503055,-2.280906909,2.162635342,-2.409158848,5.122259474,-0.897346363,2.680749653,3.85E-07,285.8072867,12.27817459,9.685815446,9.685815446,7.681980515,5.367484273,5.367484273,4.070901538,4.070901538,2.732425434,2.732425434,1.884653599,1.884653599,-1.77,3624.373531,14.23,8.531255557,6.649456709,97.08607856,15.00681397,0,0,0,0,0,5.316788604,0,5.261891555,0,0,0,38.06959868,32.75116251,4.483030858,0,15.78567466,0,0,25.68328649,26.6819412,5.316788604,0,18.4555335,0,0,0,0,31.16497206,0,34.24120817,25.68328649,0,0,5.316788604,0,85.47,0,0,0,0,0,12.84164325,49.34525551,0,0,18.4336819,15.78567466,1.21,0,0,25.80468112,0,0,2.198871882,7.124947562,3.851604308,2.309895125,0.727272727,16,0,5,0,1,1,0,0,0,3,0,5,3,0,1,1,1,1.85284,59.4514,0,0,0,0,0,0,0,0,0,0,0,0,0,0,0,5,0,0,0,0,1,0,0,0,0,0,0,0,0,0,0,0,0,0,0,0,0,0,0,0,0,0,0,0,0,0,0,0,0,0,0,0,0,0,0,0,0,3,0,0,0,0,0,0,0,0,0,0,0,0,0,0,0,0,1,0,0,0,0,0,0,0,0,1,0,18,C[N+]1(CCCC#N)CCCC1.N#C[N-]C#N,368.15,1.827769907
10.96352608,10.96352608,0.225597994,-4.001929012,0.349815811,11.17391304,348.424,315.16,348.2177942,136,0,0.267364483,-0.756121291,0.756121291,0.267364483,1.043478261,1.565217391,1.956521739,31.20469371,10.33121446,2.069269163,-2.217446416,2.378792657,-2.300196412,7.453961005,-0.696345384,2.915467872,4.33E-07,423.4696554,17.55419547,15.07064579,15.96507298,10.94701885,8.55853761,10.0191311,5.491228744,6.902053715,3.08818279,4.085786694,1.653321857,2.433269942,-0.68,88023.806,22.32,13.73115928,13.45470882,140.601168,13.94090593,12.39368714,0,6.327320075,7.822697123,0,4.565048285,9.134199296,0,0,40.03367647,19.26246487,0,26.80619232,23.07305386,7.822697123,0,4.567099648,7.047671983,65.84089774,13.21376393,18.72100722,0,0,9.460511251,0,0,7.822697123,17.78086358,27.204971,0,59.29614134,18.72100722,0,0,0,67.4,7.822697123,9.458459888,0,13.21376393,0,32.2280429,12.84164325,0,20.89514638,43.82643804,0,24.42891723,0,10.96352608,0,0,0,0,12.11925579,7.751692492,-1.957836042,0.8125,23,0,6,0,0,0,0,1,1,5,0,7,11,0,0,0,1,3.2009,89.8425,0,0,0,0,0,2,0,0,0,0,0,0,0,0,0,2,0,0,0,0,0,0,0,0,0,0,0,0,0,0,2,0,0,0,0,0,0,0,0,0,0,0,0,0,0,0,0,1,0,0,0,0,0,0,0,0,0,0,0,0,0,0,0,0,0,0,0,1,1,0,0,0,0,0,0,0,0,0,0,0,0,0,0,2,0,19,CCCCOP(=O)([O-])OCCCC.CCCC[n+]1ccn(C)c1,313.15,0.173953307
10.96352608,10.96352608,0.225597994,-4.001929012,0.349815811,11.17391304,348.424,315.16,348.2177942,136,0,0.267364483,-0.756121291,0.756121291,0.267364483,1.043478261,1.565217391,1.956521739,31.20469371,10.33121446,2.069269163,-2.217446416,2.378792657,-2.300196412,7.453961005,-0.696345384,2.915467872,4.33E-07,423.4696554,17.55419547,15.07064579,15.96507298,10.94701885,8.55853761,10.0191311,5.491228744,6.902053715,3.08818279,4.085786694,1.653321857,2.433269942,-0.68,88023.806,22.32,13.73115928,13.45470882,140.601168,13.94090593,12.39368714,0,6.327320075,7.822697123,0,4.565048285,9.134199296,0,0,40.03367647,19.26246487,0,26.80619232,23.07305386,7.822697123,0,4.567099648,7.047671983,65.84089774,13.21376393,18.72100722,0,0,9.460511251,0,0,7.822697123,17.78086358,27.204971,0,59.29614134,18.72100722,0,0,0,67.4,7.822697123,9.458459888,0,13.21376393,0,32.2280429,12.84164325,0,20.89514638,43.82643804,0,24.42891723,0,10.96352608,0,0,0,0,12.11925579,7.751692492,-1.957836042,0.8125,23,0,6,0,0,0,0,1,1,5,0,7,11,0,0,0,1,3.2009,89.8425,0,0,0,0,0,2,0,0,0,0,0,0,0,0,0,2,0,0,0,0,0,0,0,0,0,0,0,0,0,0,2,0,0,0,0,0,0,0,0,0,0,0,0,0,0,0,0,1,0,0,0,0,0,0,0,0,0,0,0,0,0,0,0,0,0,0,0,1,1,0,0,0,0,0,0,0,0,0,0,0,0,0,0,2,0,19,CCCCOP(=O)([O-])OCCCC.CCCC[n+]1ccn(C)c1,323.15,0.139761942
10.96352608,10.96352608,0.225597994,-4.001929012,0.349815811,11.17391304,348.424,315.16,348.2177942,136,0,0.267364483,-0.756121291,0.756121291,0.267364483,1.043478261,1.565217391,1.956521739,31.20469371,10.33121446,2.069269163,-2.217446416,2.378792657,-2.300196412,7.453961005,-0.696345384,2.915467872,4.33E-07,423.4696554,17.55419547,15.07064579,15.96507298,10.94701885,8.55853761,10.0191311,5.491228744,6.902053715,3.08818279,4.085786694,1.653321857,2.433269942,-0.68,88023.806,22.32,13.73115928,13.45470882,140.601168,13.94090593,12.39368714,0,6.327320075,7.822697123,0,4.565048285,9.134199296,0,0,40.03367647,19.26246487,0,26.80619232,23.07305386,7.822697123,0,4.567099648,7.047671983,65.84089774,13.21376393,18.72100722,0,0,9.460511251,0,0,7.822697123,17.78086358,27.204971,0,59.29614134,18.72100722,0,0,0,67.4,7.822697123,9.458459888,0,13.21376393,0,32.2280429,12.84164325,0,20.89514638,43.82643804,0,24.42891723,0,10.96352608,0,0,0,0,12.11925579,7.751692492,-1.957836042,0.8125,23,0,6,0,0,0,0,1,1,5,0,7,11,0,0,0,1,3.2009,89.8425,0,0,0,0,0,2,0,0,0,0,0,0,0,0,0,2,0,0,0,0,0,0,0,0,0,0,0,0,0,0,2,0,0,0,0,0,0,0,0,0,0,0,0,0,0,0,0,1,0,0,0,0,0,0,0,0,0,0,0,0,0,0,0,0,0,0,0,1,1,0,0,0,0,0,0,0,0,0,0,0,0,0,0,2,0,19,CCCCOP(=O)([O-])OCCCC.CCCC[n+]1ccn(C)c1,333.15,0.086177696
10.96352608,10.96352608,0.225597994,-4.001929012,0.349815811,11.17391304,348.424,315.16,348.2177942,136,0,0.267364483,-0.756121291,0.756121291,0.267364483,1.043478261,1.565217391,1.956521739,31.20469371,10.33121446,2.069269163,-2.217446416,2.378792657,-2.300196412,7.453961005,-0.696345384,2.915467872,4.33E-07,423.4696554,17.55419547,15.07064579,15.96507298,10.94701885,8.55853761,10.0191311,5.491228744,6.902053715,3.08818279,4.085786694,1.653321857,2.433269942,-0.68,88023.806,22.32,13.73115928,13.45470882,140.601168,13.94090593,12.39368714,0,6.327320075,7.822697123,0,4.565048285,9.134199296,0,0,40.03367647,19.26246487,0,26.80619232,23.07305386,7.822697123,0,4.567099648,7.047671983,65.84089774,13.21376393,18.72100722,0,0,9.460511251,0,0,7.822697123,17.78086358,27.204971,0,59.29614134,18.72100722,0,0,0,67.4,7.822697123,9.458459888,0,13.21376393,0,32.2280429,12.84164325,0,20.89514638,43.82643804,0,24.42891723,0,10.96352608,0,0,0,0,12.11925579,7.751692492,-1.957836042,0.8125,23,0,6,0,0,0,0,1,1,5,0,7,11,0,0,0,1,3.2009,89.8425,0,0,0,0,0,2,0,0,0,0,0,0,0,0,0,2,0,0,0,0,0,0,0,0,0,0,0,0,0,0,2,0,0,0,0,0,0,0,0,0,0,0,0,0,0,0,0,1,0,0,0,0,0,0,0,0,0,0,0,0,0,0,0,0,0,0,0,1,1,0,0,0,0,0,0,0,0,0,0,0,0,0,0,2,0,19,CCCCOP(=O)([O-])OCCCC.CCCC[n+]1ccn(C)c1,343.15,0.067658648
10.96352608,10.96352608,0.225597994,-4.001929012,0.349815811,11.17391304,348.424,315.16,348.2177942,136,0,0.267364483,-0.756121291,0.756121291,0.267364483,1.043478261,1.565217391,1.956521739,31.20469371,10.33121446,2.069269163,-2.217446416,2.378792657,-2.300196412,7.453961005,-0.696345384,2.915467872,4.33E-07,423.4696554,17.55419547,15.07064579,15.96507298,10.94701885,8.55853761,10.0191311,5.491228744,6.902053715,3.08818279,4.085786694,1.653321857,2.433269942,-0.68,88023.806,22.32,13.73115928,13.45470882,140.601168,13.94090593,12.39368714,0,6.327320075,7.822697123,0,4.565048285,9.134199296,0,0,40.03367647,19.26246487,0,26.80619232,23.07305386,7.822697123,0,4.567099648,7.047671983,65.84089774,13.21376393,18.72100722,0,0,9.460511251,0,0,7.822697123,17.78086358,27.204971,0,59.29614134,18.72100722,0,0,0,67.4,7.822697123,9.458459888,0,13.21376393,0,32.2280429,12.84164325,0,20.89514638,43.82643804,0,24.42891723,0,10.96352608,0,0,0,0,12.11925579,7.751692492,-1.957836042,0.8125,23,0,6,0,0,0,0,1,1,5,0,7,11,0,0,0,1,3.2009,89.8425,0,0,0,0,0,2,0,0,0,0,0,0,0,0,0,2,0,0,0,0,0,0,0,0,0,0,0,0,0,0,2,0,0,0,0,0,0,0,0,0,0,0,0,0,0,0,0,1,0,0,0,0,0,0,0,0,0,0,0,0,0,0,0,0,0,0,0,1,1,0,0,0,0,0,0,0,0,0,0,0,0,0,0,2,0,19,CCCCOP(=O)([O-])OCCCC.CCCC[n+]1ccn(C)c1,353.15,0.029558802
10.96352608,10.96352608,0.225597994,-4.001929012,0.349815811,11.17391304,348.424,315.16,348.2177942,136,0,0.267364483,-0.756121291,0.756121291,0.267364483,1.043478261,1.565217391,1.956521739,31.20469371,10.33121446,2.069269163,-2.217446416,2.378792657,-2.300196412,7.453961005,-0.696345384,2.915467872,4.33E-07,423.4696554,17.55419547,15.07064579,15.96507298,10.94701885,8.55853761,10.0191311,5.491228744,6.902053715,3.08818279,4.085786694,1.653321857,2.433269942,-0.68,88023.806,22.32,13.73115928,13.45470882,140.601168,13.94090593,12.39368714,0,6.327320075,7.822697123,0,4.565048285,9.134199296,0,0,40.03367647,19.26246487,0,26.80619232,23.07305386,7.822697123,0,4.567099648,7.047671983,65.84089774,13.21376393,18.72100722,0,0,9.460511251,0,0,7.822697123,17.78086358,27.204971,0,59.29614134,18.72100722,0,0,0,67.4,7.822697123,9.458459888,0,13.21376393,0,32.2280429,12.84164325,0,20.89514638,43.82643804,0,24.42891723,0,10.96352608,0,0,0,0,12.11925579,7.751692492,-1.957836042,0.8125,23,0,6,0,0,0,0,1,1,5,0,7,11,0,0,0,1,3.2009,89.8425,0,0,0,0,0,2,0,0,0,0,0,0,0,0,0,2,0,0,0,0,0,0,0,0,0,0,0,0,0,0,2,0,0,0,0,0,0,0,0,0,0,0,0,0,0,0,0,1,0,0,0,0,0,0,0,0,0,0,0,0,0,0,0,0,0,0,0,1,1,0,0,0,0,0,0,0,0,0,0,0,0,0,0,2,0,19,CCCCOP(=O)([O-])OCCCC.CCCC[n+]1ccn(C)c1,363.15,-0.020202707
9.222222222,9.222222222,0.80787037,-4.412037037,0.434587442,10.75,250.32,232.176,250.0987281,94,0,0.243028824,-0.725526876,0.725526876,0.243028824,1.5,2.0625,2.375,32.25181177,10.33121447,1.959762302,-1.97711352,1.853725934,-2.300196409,7.803300265,-0.696345056,2.609993054,3.25E-07,385.9681783,12.60444801,9.789039794,10.60553638,7.386358674,4.911591992,6.244925325,3.245376144,4.395206059,1.797723068,2.205971358,0.97467268,0.97467268,-0.92,2607.383061,15.08,7.36921607,8.393419499,96.42682345,4.552749874,12.39368714,0,16.72632066,0,0,4.183085433,17.55199628,0,0,13.34455882,6.420821623,0,20.70222593,21.72073194,10.39900058,0,4.567099648,7.047671983,26.31013685,7.109797541,18.72100722,0,0,4.567099648,0,0,0,24.64744405,28.1745144,0,19.76538045,18.72100722,0,0,0,75.24,10.39900058,12.97054686,0,0,0,13.65455395,12.84164325,0,7.047671983,38.96202915,0,35.29777778,0,0,0,0,0,0,8.817018141,3.361944444,-1.560073696,0.666666667,16,0,6,0,0,0,0,1,1,5,0,7,4,0,0,0,1,0.2057,57.2222,0,0,0,0,0,2,0,0,0,0,0,0,0,0,0,2,0,0,0,0,0,0,0,0,0,0,0,0,0,0,2,0,0,0,0,0,0,0,0,0,0,0,0,0,0,0,0,1,0,0,0,0,0,0,0,0,0,0,0,0,0,0,0,0,0,0,0,0,0,0,0,0,0,0,0,0,0,0,0,0,0,0,0,0,0,20,CCCC[n+]1ccn(C)c1.COS(=O)(=O)[O-],313.15,2.272125886
9.222222222,9.222222222,0.80787037,-4.412037037,0.434587442,10.75,250.32,232.176,250.0987281,94,0,0.243028824,-0.725526876,0.725526876,0.243028824,1.5,2.0625,2.375,32.25181177,10.33121447,1.959762302,-1.97711352,1.853725934,-2.300196409,7.803300265,-0.696345056,2.609993054,3.25E-07,385.9681783,12.60444801,9.789039794,10.60553638,7.386358674,4.911591992,6.244925325,3.245376144,4.395206059,1.797723068,2.205971358,0.97467268,0.97467268,-0.92,2607.383061,15.08,7.36921607,8.393419499,96.42682345,4.552749874,12.39368714,0,16.72632066,0,0,4.183085433,17.55199628,0,0,13.34455882,6.420821623,0,20.70222593,21.72073194,10.39900058,0,4.567099648,7.047671983,26.31013685,7.109797541,18.72100722,0,0,4.567099648,0,0,0,24.64744405,28.1745144,0,19.76538045,18.72100722,0,0,0,75.24,10.39900058,12.97054686,0,0,0,13.65455395,12.84164325,0,7.047671983,38.96202915,0,35.29777778,0,0,0,0,0,0,8.817018141,3.361944444,-1.560073696,0.666666667,16,0,6,0,0,0,0,1,1,5,0,7,4,0,0,0,1,0.2057,57.2222,0,0,0,0,0,2,0,0,0,0,0,0,0,0,0,2,0,0,0,0,0,0,0,0,0,0,0,0,0,0,2,0,0,0,0,0,0,0,0,0,0,0,0,0,0,0,0,1,0,0,0,0,0,0,0,0,0,0,0,0,0,0,0,0,0,0,0,0,0,0,0,0,0,0,0,0,0,0,0,0,0,0,0,0,0,20,CCCC[n+]1ccn(C)c1.COS(=O)(=O)[O-],323.15,2.223541886
9.222222222,9.222222222,0.80787037,-4.412037037,0.434587442,10.75,250.32,232.176,250.0987281,94,0,0.243028824,-0.725526876,0.725526876,0.243028824,1.5,2.0625,2.375,32.25181177,10.33121447,1.959762302,-1.97711352,1.853725934,-2.300196409,7.803300265,-0.696345056,2.609993054,3.25E-07,385.9681783,12.60444801,9.789039794,10.60553638,7.386358674,4.911591992,6.244925325,3.245376144,4.395206059,1.797723068,2.205971358,0.97467268,0.97467268,-0.92,2607.383061,15.08,7.36921607,8.393419499,96.42682345,4.552749874,12.39368714,0,16.72632066,0,0,4.183085433,17.55199628,0,0,13.34455882,6.420821623,0,20.70222593,21.72073194,10.39900058,0,4.567099648,7.047671983,26.31013685,7.109797541,18.72100722,0,0,4.567099648,0,0,0,24.64744405,28.1745144,0,19.76538045,18.72100722,0,0,0,75.24,10.39900058,12.97054686,0,0,0,13.65455395,12.84164325,0,7.047671983,38.96202915,0,35.29777778,0,0,0,0,0,0,8.817018141,3.361944444,-1.560073696,0.666666667,16,0,6,0,0,0,0,1,1,5,0,7,4,0,0,0,1,0.2057,57.2222,0,0,0,0,0,2,0,0,0,0,0,0,0,0,0,2,0,0,0,0,0,0,0,0,0,0,0,0,0,0,2,0,0,0,0,0,0,0,0,0,0,0,0,0,0,0,0,1,0,0,0,0,0,0,0,0,0,0,0,0,0,0,0,0,0,0,0,0,0,0,0,0,0,0,0,0,0,0,0,0,0,0,0,0,0,20,CCCC[n+]1ccn(C)c1.COS(=O)(=O)[O-],333.15,2.171336806
9.222222222,9.222222222,0.80787037,-4.412037037,0.434587442,10.75,250.32,232.176,250.0987281,94,0,0.243028824,-0.725526876,0.725526876,0.243028824,1.5,2.0625,2.375,32.25181177,10.33121447,1.959762302,-1.97711352,1.853725934,-2.300196409,7.803300265,-0.696345056,2.609993054,3.25E-07,385.9681783,12.60444801,9.789039794,10.60553638,7.386358674,4.911591992,6.244925325,3.245376144,4.395206059,1.797723068,2.205971358,0.97467268,0.97467268,-0.92,2607.383061,15.08,7.36921607,8.393419499,96.42682345,4.552749874,12.39368714,0,16.72632066,0,0,4.183085433,17.55199628,0,0,13.34455882,6.420821623,0,20.70222593,21.72073194,10.39900058,0,4.567099648,7.047671983,26.31013685,7.109797541,18.72100722,0,0,4.567099648,0,0,0,24.64744405,28.1745144,0,19.76538045,18.72100722,0,0,0,75.24,10.39900058,12.97054686,0,0,0,13.65455395,12.84164325,0,7.047671983,38.96202915,0,35.29777778,0,0,0,0,0,0,8.817018141,3.361944444,-1.560073696,0.666666667,16,0,6,0,0,0,0,1,1,5,0,7,4,0,0,0,1,0.2057,57.2222,0,0,0,0,0,2,0,0,0,0,0,0,0,0,0,2,0,0,0,0,0,0,0,0,0,0,0,0,0,0,2,0,0,0,0,0,0,0,0,0,0,0,0,0,0,0,0,1,0,0,0,0,0,0,0,0,0,0,0,0,0,0,0,0,0,0,0,0,0,0,0,0,0,0,0,0,0,0,0,0,0,0,0,0,0,20,CCCC[n+]1ccn(C)c1.COS(=O)(=O)[O-],343.15,2.117459609
9.222222222,9.222222222,0.80787037,-4.412037037,0.434587442,10.75,250.32,232.176,250.0987281,94,0,0.243028824,-0.725526876,0.725526876,0.243028824,1.5,2.0625,2.375,32.25181177,10.33121447,1.959762302,-1.97711352,1.853725934,-2.300196409,7.803300265,-0.696345056,2.609993054,3.25E-07,385.9681783,12.60444801,9.789039794,10.60553638,7.386358674,4.911591992,6.244925325,3.245376144,4.395206059,1.797723068,2.205971358,0.97467268,0.97467268,-0.92,2607.383061,15.08,7.36921607,8.393419499,96.42682345,4.552749874,12.39368714,0,16.72632066,0,0,4.183085433,17.55199628,0,0,13.34455882,6.420821623,0,20.70222593,21.72073194,10.39900058,0,4.567099648,7.047671983,26.31013685,7.109797541,18.72100722,0,0,4.567099648,0,0,0,24.64744405,28.1745144,0,19.76538045,18.72100722,0,0,0,75.24,10.39900058,12.97054686,0,0,0,13.65455395,12.84164325,0,7.047671983,38.96202915,0,35.29777778,0,0,0,0,0,0,8.817018141,3.361944444,-1.560073696,0.666666667,16,0,6,0,0,0,0,1,1,5,0,7,4,0,0,0,1,0.2057,57.2222,0,0,0,0,0,2,0,0,0,0,0,0,0,0,0,2,0,0,0,0,0,0,0,0,0,0,0,0,0,0,2,0,0,0,0,0,0,0,0,0,0,0,0,0,0,0,0,1,0,0,0,0,0,0,0,0,0,0,0,0,0,0,0,0,0,0,0,0,0,0,0,0,0,0,0,0,0,0,0,0,0,0,0,0,0,20,CCCC[n+]1ccn(C)c1.COS(=O)(=O)[O-],353.15,2.056684555
9.222222222,9.222222222,0.80787037,-4.412037037,0.434587442,10.75,250.32,232.176,250.0987281,94,0,0.243028824,-0.725526876,0.725526876,0.243028824,1.5,2.0625,2.375,32.25181177,10.33121447,1.959762302,-1.97711352,1.853725934,-2.300196409,7.803300265,-0.696345056,2.609993054,3.25E-07,385.9681783,12.60444801,9.789039794,10.60553638,7.386358674,4.911591992,6.244925325,3.245376144,4.395206059,1.797723068,2.205971358,0.97467268,0.97467268,-0.92,2607.383061,15.08,7.36921607,8.393419499,96.42682345,4.552749874,12.39368714,0,16.72632066,0,0,4.183085433,17.55199628,0,0,13.34455882,6.420821623,0,20.70222593,21.72073194,10.39900058,0,4.567099648,7.047671983,26.31013685,7.109797541,18.72100722,0,0,4.567099648,0,0,0,24.64744405,28.1745144,0,19.76538045,18.72100722,0,0,0,75.24,10.39900058,12.97054686,0,0,0,13.65455395,12.84164325,0,7.047671983,38.96202915,0,35.29777778,0,0,0,0,0,0,8.817018141,3.361944444,-1.560073696,0.666666667,16,0,6,0,0,0,0,1,1,5,0,7,4,0,0,0,1,0.2057,57.2222,0,0,0,0,0,2,0,0,0,0,0,0,0,0,0,2,0,0,0,0,0,0,0,0,0,0,0,0,0,0,2,0,0,0,0,0,0,0,0,0,0,0,0,0,0,0,0,1,0,0,0,0,0,0,0,0,0,0,0,0,0,0,0,0,0,0,0,0,0,0,0,0,0,0,0,0,0,0,0,0,0,0,0,0,0,20,CCCC[n+]1ccn(C)c1.COS(=O)(=O)[O-],363.15,1.996059933
9.951388889,9.951388889,1.038966049,-3.904320988,0.55028619,10.73333333,236.208,219.072,236.0925937,88,0,0.266824377,-0.756134961,0.756134961,0.266824377,1.466666667,2,2.133333333,31.20469079,10.71759561,1.980351262,-2.157121951,2.342279964,-2.281029197,7.453400655,-0.692549912,2.650534788,2.65E-07,318.1965003,11.89734123,9.413791537,10.30821873,6.947018846,4.383470359,5.844063846,2.721890732,4.346614667,1.636094726,2.530521917,0.763308498,0.912379696,-0.68,1823.567934,14.32,6.739533946,6.408505623,89.68163111,13.94090593,12.39368714,0,6.327320075,7.822697123,0,4.565048285,9.134199296,0,0,0,6.9237372,14.21959508,13.59242839,23.07305386,7.822697123,0,4.567099648,7.047671983,13.46849361,14.21959508,18.72100722,0,0,9.460511251,0,0,7.822697123,18.78669473,27.204971,0,6.9237372,18.72100722,0,0,0,67.4,7.822697123,9.458459888,0,0,0,20.76435149,0,0,17.8116152,33.06249482,0,21.83680556,0,9.951388889,0,0,0,0,6.142361111,3.181388889,0.193611111,0.625,15,0,6,0,0,0,0,1,1,5,0,7,3,0,0,0,1,0.0801,52.9065,0,0,0,0,0,2,0,0,0,0,0,0,0,0,0,2,0,0,0,0,0,0,0,0,0,0,0,0,0,0,2,0,0,0,0,0,0,0,0,0,0,0,0,0,0,0,0,1,0,0,0,0,0,0,0,0,0,0,0,0,0,0,0,0,0,0,0,1,1,0,0,0,0,0,0,0,0,0,0,0,0,0,0,0,0,21,CC[n+]1ccn(C)c1.COP(=O)([O-])OC,313.15,1.695615609
9.951388889,9.951388889,1.038966049,-3.904320988,0.55028619,10.73333333,236.208,219.072,236.0925937,88,0,0.266824377,-0.756134961,0.756134961,0.266824377,1.466666667,2,2.133333333,31.20469079,10.71759561,1.980351262,-2.157121951,2.342279964,-2.281029197,7.453400655,-0.692549912,2.650534788,2.65E-07,318.1965003,11.89734123,9.413791537,10.30821873,6.947018846,4.383470359,5.844063846,2.721890732,4.346614667,1.636094726,2.530521917,0.763308498,0.912379696,-0.68,1823.567934,14.32,6.739533946,6.408505623,89.68163111,13.94090593,12.39368714,0,6.327320075,7.822697123,0,4.565048285,9.134199296,0,0,0,6.9237372,14.21959508,13.59242839,23.07305386,7.822697123,0,4.567099648,7.047671983,13.46849361,14.21959508,18.72100722,0,0,9.460511251,0,0,7.822697123,18.78669473,27.204971,0,6.9237372,18.72100722,0,0,0,67.4,7.822697123,9.458459888,0,0,0,20.76435149,0,0,17.8116152,33.06249482,0,21.83680556,0,9.951388889,0,0,0,0,6.142361111,3.181388889,0.193611111,0.625,15,0,6,0,0,0,0,1,1,5,0,7,3,0,0,0,1,0.0801,52.9065,0,0,0,0,0,2,0,0,0,0,0,0,0,0,0,2,0,0,0,0,0,0,0,0,0,0,0,0,0,0,2,0,0,0,0,0,0,0,0,0,0,0,0,0,0,0,0,1,0,0,0,0,0,0,0,0,0,0,0,0,0,0,0,0,0,0,0,1,1,0,0,0,0,0,0,0,0,0,0,0,0,0,0,0,0,21,CC[n+]1ccn(C)c1.COP(=O)([O-])OC,323.15,1.665818246
9.951388889,9.951388889,1.038966049,-3.904320988,0.55028619,10.73333333,236.208,219.072,236.0925937,88,0,0.266824377,-0.756134961,0.756134961,0.266824377,1.466666667,2,2.133333333,31.20469079,10.71759561,1.980351262,-2.157121951,2.342279964,-2.281029197,7.453400655,-0.692549912,2.650534788,2.65E-07,318.1965003,11.89734123,9.413791537,10.30821873,6.947018846,4.383470359,5.844063846,2.721890732,4.346614667,1.636094726,2.530521917,0.763308498,0.912379696,-0.68,1823.567934,14.32,6.739533946,6.408505623,89.68163111,13.94090593,12.39368714,0,6.327320075,7.822697123,0,4.565048285,9.134199296,0,0,0,6.9237372,14.21959508,13.59242839,23.07305386,7.822697123,0,4.567099648,7.047671983,13.46849361,14.21959508,18.72100722,0,0,9.460511251,0,0,7.822697123,18.78669473,27.204971,0,6.9237372,18.72100722,0,0,0,67.4,7.822697123,9.458459888,0,0,0,20.76435149,0,0,17.8116152,33.06249482,0,21.83680556,0,9.951388889,0,0,0,0,6.142361111,3.181388889,0.193611111,0.625,15,0,6,0,0,0,0,1,1,5,0,7,3,0,0,0,1,0.0801,52.9065,0,0,0,0,0,2,0,0,0,0,0,0,0,0,0,2,0,0,0,0,0,0,0,0,0,0,0,0,0,0,2,0,0,0,0,0,0,0,0,0,0,0,0,0,0,0,0,1,0,0,0,0,0,0,0,0,0,0,0,0,0,0,0,0,0,0,0,1,1,0,0,0,0,0,0,0,0,0,0,0,0,0,0,0,0,21,CC[n+]1ccn(C)c1.COP(=O)([O-])OC,333.15,1.640936579
9.951388889,9.951388889,1.038966049,-3.904320988,0.55028619,10.73333333,236.208,219.072,236.0925937,88,0,0.266824377,-0.756134961,0.756134961,0.266824377,1.466666667,2,2.133333333,31.20469079,10.71759561,1.980351262,-2.157121951,2.342279964,-2.281029197,7.453400655,-0.692549912,2.650534788,2.65E-07,318.1965003,11.89734123,9.413791537,10.30821873,6.947018846,4.383470359,5.844063846,2.721890732,4.346614667,1.636094726,2.530521917,0.763308498,0.912379696,-0.68,1823.567934,14.32,6.739533946,6.408505623,89.68163111,13.94090593,12.39368714,0,6.327320075,7.822697123,0,4.565048285,9.134199296,0,0,0,6.9237372,14.21959508,13.59242839,23.07305386,7.822697123,0,4.567099648,7.047671983,13.46849361,14.21959508,18.72100722,0,0,9.460511251,0,0,7.822697123,18.78669473,27.204971,0,6.9237372,18.72100722,0,0,0,67.4,7.822697123,9.458459888,0,0,0,20.76435149,0,0,17.8116152,33.06249482,0,21.83680556,0,9.951388889,0,0,0,0,6.142361111,3.181388889,0.193611111,0.625,15,0,6,0,0,0,0,1,1,5,0,7,3,0,0,0,1,0.0801,52.9065,0,0,0,0,0,2,0,0,0,0,0,0,0,0,0,2,0,0,0,0,0,0,0,0,0,0,0,0,0,0,2,0,0,0,0,0,0,0,0,0,0,0,0,0,0,0,0,1,0,0,0,0,0,0,0,0,0,0,0,0,0,0,0,0,0,0,0,1,1,0,0,0,0,0,0,0,0,0,0,0,0,0,0,0,0,21,CC[n+]1ccn(C)c1.COP(=O)([O-])OC,343.15,1.611435915
9.951388889,9.951388889,1.038966049,-3.904320988,0.55028619,10.73333333,236.208,219.072,236.0925937,88,0,0.266824377,-0.756134961,0.756134961,0.266824377,1.466666667,2,2.133333333,31.20469079,10.71759561,1.980351262,-2.157121951,2.342279964,-2.281029197,7.453400655,-0.692549912,2.650534788,2.65E-07,318.1965003,11.89734123,9.413791537,10.30821873,6.947018846,4.383470359,5.844063846,2.721890732,4.346614667,1.636094726,2.530521917,0.763308498,0.912379696,-0.68,1823.567934,14.32,6.739533946,6.408505623,89.68163111,13.94090593,12.39368714,0,6.327320075,7.822697123,0,4.565048285,9.134199296,0,0,0,6.9237372,14.21959508,13.59242839,23.07305386,7.822697123,0,4.567099648,7.047671983,13.46849361,14.21959508,18.72100722,0,0,9.460511251,0,0,7.822697123,18.78669473,27.204971,0,6.9237372,18.72100722,0,0,0,67.4,7.822697123,9.458459888,0,0,0,20.76435149,0,0,17.8116152,33.06249482,0,21.83680556,0,9.951388889,0,0,0,0,6.142361111,3.181388889,0.193611111,0.625,15,0,6,0,0,0,0,1,1,5,0,7,3,0,0,0,1,0.0801,52.9065,0,0,0,0,0,2,0,0,0,0,0,0,0,0,0,2,0,0,0,0,0,0,0,0,0,0,0,0,0,0,2,0,0,0,0,0,0,0,0,0,0,0,0,0,0,0,0,1,0,0,0,0,0,0,0,0,0,0,0,0,0,0,0,0,0,0,0,1,1,0,0,0,0,0,0,0,0,0,0,0,0,0,0,0,0,21,CC[n+]1ccn(C)c1.COP(=O)([O-])OC,353.15,1.581038438
9.951388889,9.951388889,1.038966049,-3.904320988,0.55028619,10.73333333,236.208,219.072,236.0925937,88,0,0.266824377,-0.756134961,0.756134961,0.266824377,1.466666667,2,2.133333333,31.20469079,10.71759561,1.980351262,-2.157121951,2.342279964,-2.281029197,7.453400655,-0.692549912,2.650534788,2.65E-07,318.1965003,11.89734123,9.413791537,10.30821873,6.947018846,4.383470359,5.844063846,2.721890732,4.346614667,1.636094726,2.530521917,0.763308498,0.912379696,-0.68,1823.567934,14.32,6.739533946,6.408505623,89.68163111,13.94090593,12.39368714,0,6.327320075,7.822697123,0,4.565048285,9.134199296,0,0,0,6.9237372,14.21959508,13.59242839,23.07305386,7.822697123,0,4.567099648,7.047671983,13.46849361,14.21959508,18.72100722,0,0,9.460511251,0,0,7.822697123,18.78669473,27.204971,0,6.9237372,18.72100722,0,0,0,67.4,7.822697123,9.458459888,0,0,0,20.76435149,0,0,17.8116152,33.06249482,0,21.83680556,0,9.951388889,0,0,0,0,6.142361111,3.181388889,0.193611111,0.625,15,0,6,0,0,0,0,1,1,5,0,7,3,0,0,0,1,0.0801,52.9065,0,0,0,0,0,2,0,0,0,0,0,0,0,0,0,2,0,0,0,0,0,0,0,0,0,0,0,0,0,0,2,0,0,0,0,0,0,0,0,0,0,0,0,0,0,0,0,1,0,0,0,0,0,0,0,0,0,0,0,0,0,0,0,0,0,0,0,1,1,0,0,0,0,0,0,0,0,0,0,0,0,0,0,0,0,21,CC[n+]1ccn(C)c1.COP(=O)([O-])OC,363.15,1.549687908
10.77053225,10.77053225,0.142100813,-0.142100813,0.442761307,8.222222222,249.274,234.154,249.1225747,96,0,0.305156565,-0.468993564,0.468993564,0.305156565,1.5,2.166666667,2.555555556,16.52296447,10.29541475,2.026564706,-1.96110258,1.909720794,-2.306541849,5.68432022,-0.696239749,2.765196772,4.94E-07,429.0214286,13.80311862,10.40593571,10.40593571,8.633758915,5.194047416,5.194047416,3.308397199,3.308397199,1.948617273,1.948617273,1.164376059,1.164376059,-2.54,9423.7906,15.46,9.669382737,7.71296717,105.8156114,15.26064606,12.39368714,0,6.327320075,0,5.969305288,10.11132579,9.134199296,0,0,0,6.420821623,18.80713381,20.70222593,14.09849979,5.969305288,10.52378311,4.567099648,7.047671983,19.38639965,7.109797541,24.03779582,0,12.38631219,4.567099648,0,0,0,17.64620248,23.12382853,22.9100953,12.84164325,18.72100722,0,5.316788604,0,96.79,0,4.794537184,0,5.969305288,6.420821623,12.96557803,19.49610973,0,34.9028785,10.05365156,10.52378311,8.554913785,0,10.77053225,17.4375,0,-0.142100813,0,9.805007795,0.857083333,3.383730316,0.454545455,18,0,7,0,0,0,0,1,1,5,0,7,4,0,0,0,1,0.58806,61.443,0,0,0,0,0,2,0,0,0,0,1,1,0,0,0,5,0,0,0,0,0,0,0,0,0,0,0,0,0,0,2,0,0,0,0,0,0,0,0,0,1,1,0,0,0,0,0,1,0,0,0,0,0,0,0,1,0,2,0,0,0,0,0,0,0,0,0,0,0,0,0,0,0,0,0,0,0,0,0,0,0,0,0,0,0,22,COC(=O)CCC[n+]1ccn(C)c1.N#C[N-]C#N,318.15,1.266947603
10.77053225,10.77053225,0.142100813,-0.142100813,0.442761307,8.222222222,249.274,234.154,249.1225747,96,0,0.305156565,-0.468993564,0.468993564,0.305156565,1.5,2.166666667,2.555555556,16.52296447,10.29541475,2.026564706,-1.96110258,1.909720794,-2.306541849,5.68432022,-0.696239749,2.765196772,4.94E-07,429.0214286,13.80311862,10.40593571,10.40593571,8.633758915,5.194047416,5.194047416,3.308397199,3.308397199,1.948617273,1.948617273,1.164376059,1.164376059,-2.54,9423.7906,15.46,9.669382737,7.71296717,105.8156114,15.26064606,12.39368714,0,6.327320075,0,5.969305288,10.11132579,9.134199296,0,0,0,6.420821623,18.80713381,20.70222593,14.09849979,5.969305288,10.52378311,4.567099648,7.047671983,19.38639965,7.109797541,24.03779582,0,12.38631219,4.567099648,0,0,0,17.64620248,23.12382853,22.9100953,12.84164325,18.72100722,0,5.316788604,0,96.79,0,4.794537184,0,5.969305288,6.420821623,12.96557803,19.49610973,0,34.9028785,10.05365156,10.52378311,8.554913785,0,10.77053225,17.4375,0,-0.142100813,0,9.805007795,0.857083333,3.383730316,0.454545455,18,0,7,0,0,0,0,1,1,5,0,7,4,0,0,0,1,0.58806,61.443,0,0,0,0,0,2,0,0,0,0,1,1,0,0,0,5,0,0,0,0,0,0,0,0,0,0,0,0,0,0,2,0,0,0,0,0,0,0,0,0,1,1,0,0,0,0,0,1,0,0,0,0,0,0,0,1,0,2,0,0,0,0,0,0,0,0,0,0,0,0,0,0,0,0,0,0,0,0,0,0,0,0,0,0,0,22,COC(=O)CCC[n+]1ccn(C)c1.N#C[N-]C#N,328.15,1.30833282
10.77053225,10.77053225,0.142100813,-0.142100813,0.442761307,8.222222222,249.274,234.154,249.1225747,96,0,0.305156565,-0.468993564,0.468993564,0.305156565,1.5,2.166666667,2.555555556,16.52296447,10.29541475,2.026564706,-1.96110258,1.909720794,-2.306541849,5.68432022,-0.696239749,2.765196772,4.94E-07,429.0214286,13.80311862,10.40593571,10.40593571,8.633758915,5.194047416,5.194047416,3.308397199,3.308397199,1.948617273,1.948617273,1.164376059,1.164376059,-2.54,9423.7906,15.46,9.669382737,7.71296717,105.8156114,15.26064606,12.39368714,0,6.327320075,0,5.969305288,10.11132579,9.134199296,0,0,0,6.420821623,18.80713381,20.70222593,14.09849979,5.969305288,10.52378311,4.567099648,7.047671983,19.38639965,7.109797541,24.03779582,0,12.38631219,4.567099648,0,0,0,17.64620248,23.12382853,22.9100953,12.84164325,18.72100722,0,5.316788604,0,96.79,0,4.794537184,0,5.969305288,6.420821623,12.96557803,19.49610973,0,34.9028785,10.05365156,10.52378311,8.554913785,0,10.77053225,17.4375,0,-0.142100813,0,9.805007795,0.857083333,3.383730316,0.454545455,18,0,7,0,0,0,0,1,1,5,0,7,4,0,0,0,1,0.58806,61.443,0,0,0,0,0,2,0,0,0,0,1,1,0,0,0,5,0,0,0,0,0,0,0,0,0,0,0,0,0,0,2,0,0,0,0,0,0,0,0,0,1,1,0,0,0,0,0,1,0,0,0,0,0,0,0,1,0,2,0,0,0,0,0,0,0,0,0,0,0,0,0,0,0,0,0,0,0,0,0,0,0,0,0,0,0,22,COC(=O)CCC[n+]1ccn(C)c1.N#C[N-]C#N,338.15,1.345472367
10.77053225,10.77053225,0.142100813,-0.142100813,0.442761307,8.222222222,249.274,234.154,249.1225747,96,0,0.305156565,-0.468993564,0.468993564,0.305156565,1.5,2.166666667,2.555555556,16.52296447,10.29541475,2.026564706,-1.96110258,1.909720794,-2.306541849,5.68432022,-0.696239749,2.765196772,4.94E-07,429.0214286,13.80311862,10.40593571,10.40593571,8.633758915,5.194047416,5.194047416,3.308397199,3.308397199,1.948617273,1.948617273,1.164376059,1.164376059,-2.54,9423.7906,15.46,9.669382737,7.71296717,105.8156114,15.26064606,12.39368714,0,6.327320075,0,5.969305288,10.11132579,9.134199296,0,0,0,6.420821623,18.80713381,20.70222593,14.09849979,5.969305288,10.52378311,4.567099648,7.047671983,19.38639965,7.109797541,24.03779582,0,12.38631219,4.567099648,0,0,0,17.64620248,23.12382853,22.9100953,12.84164325,18.72100722,0,5.316788604,0,96.79,0,4.794537184,0,5.969305288,6.420821623,12.96557803,19.49610973,0,34.9028785,10.05365156,10.52378311,8.554913785,0,10.77053225,17.4375,0,-0.142100813,0,9.805007795,0.857083333,3.383730316,0.454545455,18,0,7,0,0,0,0,1,1,5,0,7,4,0,0,0,1,0.58806,61.443,0,0,0,0,0,2,0,0,0,0,1,1,0,0,0,5,0,0,0,0,0,0,0,0,0,0,0,0,0,0,2,0,0,0,0,0,0,0,0,0,1,1,0,0,0,0,0,1,0,0,0,0,0,0,0,1,0,2,0,0,0,0,0,0,0,0,0,0,0,0,0,0,0,0,0,0,0,0,0,0,0,0,0,0,0,22,COC(=O)CCC[n+]1ccn(C)c1.N#C[N-]C#N,348.15,1.378766095
10.77053225,10.77053225,0.142100813,-0.142100813,0.442761307,8.222222222,249.274,234.154,249.1225747,96,0,0.305156565,-0.468993564,0.468993564,0.305156565,1.5,2.166666667,2.555555556,16.52296447,10.29541475,2.026564706,-1.96110258,1.909720794,-2.306541849,5.68432022,-0.696239749,2.765196772,4.94E-07,429.0214286,13.80311862,10.40593571,10.40593571,8.633758915,5.194047416,5.194047416,3.308397199,3.308397199,1.948617273,1.948617273,1.164376059,1.164376059,-2.54,9423.7906,15.46,9.669382737,7.71296717,105.8156114,15.26064606,12.39368714,0,6.327320075,0,5.969305288,10.11132579,9.134199296,0,0,0,6.420821623,18.80713381,20.70222593,14.09849979,5.969305288,10.52378311,4.567099648,7.047671983,19.38639965,7.109797541,24.03779582,0,12.38631219,4.567099648,0,0,0,17.64620248,23.12382853,22.9100953,12.84164325,18.72100722,0,5.316788604,0,96.79,0,4.794537184,0,5.969305288,6.420821623,12.96557803,19.49610973,0,34.9028785,10.05365156,10.52378311,8.554913785,0,10.77053225,17.4375,0,-0.142100813,0,9.805007795,0.857083333,3.383730316,0.454545455,18,0,7,0,0,0,0,1,1,5,0,7,4,0,0,0,1,0.58806,61.443,0,0,0,0,0,2,0,0,0,0,1,1,0,0,0,5,0,0,0,0,0,0,0,0,0,0,0,0,0,0,2,0,0,0,0,0,0,0,0,0,1,1,0,0,0,0,0,1,0,0,0,0,0,0,0,1,0,2,0,0,0,0,0,0,0,0,0,0,0,0,0,0,0,0,0,0,0,0,0,0,0,0,0,0,0,22,COC(=O)CCC[n+]1ccn(C)c1.N#C[N-]C#N,358.15,1.415853163
10.77053225,10.77053225,0.142100813,-0.142100813,0.442761307,8.222222222,249.274,234.154,249.1225747,96,0,0.305156565,-0.468993564,0.468993564,0.305156565,1.5,2.166666667,2.555555556,16.52296447,10.29541475,2.026564706,-1.96110258,1.909720794,-2.306541849,5.68432022,-0.696239749,2.765196772,4.94E-07,429.0214286,13.80311862,10.40593571,10.40593571,8.633758915,5.194047416,5.194047416,3.308397199,3.308397199,1.948617273,1.948617273,1.164376059,1.164376059,-2.54,9423.7906,15.46,9.669382737,7.71296717,105.8156114,15.26064606,12.39368714,0,6.327320075,0,5.969305288,10.11132579,9.134199296,0,0,0,6.420821623,18.80713381,20.70222593,14.09849979,5.969305288,10.52378311,4.567099648,7.047671983,19.38639965,7.109797541,24.03779582,0,12.38631219,4.567099648,0,0,0,17.64620248,23.12382853,22.9100953,12.84164325,18.72100722,0,5.316788604,0,96.79,0,4.794537184,0,5.969305288,6.420821623,12.96557803,19.49610973,0,34.9028785,10.05365156,10.52378311,8.554913785,0,10.77053225,17.4375,0,-0.142100813,0,9.805007795,0.857083333,3.383730316,0.454545455,18,0,7,0,0,0,0,1,1,5,0,7,4,0,0,0,1,0.58806,61.443,0,0,0,0,0,2,0,0,0,0,1,1,0,0,0,5,0,0,0,0,0,0,0,0,0,0,0,0,0,0,2,0,0,0,0,0,0,0,0,0,1,1,0,0,0,0,0,1,0,0,0,0,0,0,0,1,0,2,0,0,0,0,0,0,0,0,0,0,0,0,0,0,0,0,0,0,0,0,0,0,0,0,0,0,0,22,COC(=O)CCC[n+]1ccn(C)c1.N#C[N-]C#N,368.15,1.446918983
7.793981481,7.793981481,0.402777778,-0.402777778,0.488779243,7.4,201.233,190.145,201.1014454,76,0,0.243018699,-0.239534146,0.243018699,0.239534146,1.266666667,1.8,1.933333333,15.08540921,10.23519823,1.917523378,-1.911860976,1.866910879,-2.281029192,5.383708222,-0.692549568,2.676978509,2.65E-07,378.9625394,11.68179828,8.675225566,8.675225566,7.171763718,4.257497428,4.257497428,2.619938962,2.619938962,1.524291327,1.524291327,0.763772899,0.763772899,-2.45,2302.201518,12.55,7.001777617,4.975797995,89.01831949,0,12.39368714,0,6.327320075,0,0,0,24.91987396,0,0,24.12556998,6.9237372,0,13.59242839,4.567099648,0,15.78567466,4.567099648,7.047671983,13.46849361,0,24.63891326,0,18.20766394,4.567099648,0,0,0,4.567099648,13.59242839,39.91124465,6.9237372,18.72100722,0,0,0,80.18,5.917906046,0,0,0,0,6.544756406,18.20766394,0,17.8116152,24.01500049,15.78567466,4.15625,0,0,23.38194444,0,-0.402777778,4.1875,6.142361111,3.181388889,2.02,0.3,15,0,5,0,0,0,0,1,1,4,0,5,1,0,0,0,1,0.46413,51.364,0,0,0,0,0,2,0,0,0,0,0,0,0,0,0,5,0,0,0,0,0,0,0,0,0,0,0,0,0,0,2,0,0,0,0,0,0,0,0,0,0,0,0,0,0,0,0,1,0,0,0,0,0,0,0,0,0,3,0,0,0,0,0,0,0,0,0,0,0,0,0,0,0,0,0,0,0,0,0,0,0,0,0,0,0,23,CC[n+]1ccn(C)c1.N#C[C-](C#N)C#N,318.15,0.703097511
7.793981481,7.793981481,0.402777778,-0.402777778,0.488779243,7.4,201.233,190.145,201.1014454,76,0,0.243018699,-0.239534146,0.243018699,0.239534146,1.266666667,1.8,1.933333333,15.08540921,10.23519823,1.917523378,-1.911860976,1.866910879,-2.281029192,5.383708222,-0.692549568,2.676978509,2.65E-07,378.9625394,11.68179828,8.675225566,8.675225566,7.171763718,4.257497428,4.257497428,2.619938962,2.619938962,1.524291327,1.524291327,0.763772899,0.763772899,-2.45,2302.201518,12.55,7.001777617,4.975797995,89.01831949,0,12.39368714,0,6.327320075,0,0,0,24.91987396,0,0,24.12556998,6.9237372,0,13.59242839,4.567099648,0,15.78567466,4.567099648,7.047671983,13.46849361,0,24.63891326,0,18.20766394,4.567099648,0,0,0,4.567099648,13.59242839,39.91124465,6.9237372,18.72100722,0,0,0,80.18,5.917906046,0,0,0,0,6.544756406,18.20766394,0,17.8116152,24.01500049,15.78567466,4.15625,0,0,23.38194444,0,-0.402777778,4.1875,6.142361111,3.181388889,2.02,0.3,15,0,5,0,0,0,0,1,1,4,0,5,1,0,0,0,1,0.46413,51.364,0,0,0,0,0,2,0,0,0,0,0,0,0,0,0,5,0,0,0,0,0,0,0,0,0,0,0,0,0,0,2,0,0,0,0,0,0,0,0,0,0,0,0,0,0,0,0,1,0,0,0,0,0,0,0,0,0,3,0,0,0,0,0,0,0,0,0,0,0,0,0,0,0,0,0,0,0,0,0,0,0,0,0,0,0,23,CC[n+]1ccn(C)c1.N#C[C-](C#N)C#N,328.15,0.746687947
7.793981481,7.793981481,0.402777778,-0.402777778,0.488779243,7.4,201.233,190.145,201.1014454,76,0,0.243018699,-0.239534146,0.243018699,0.239534146,1.266666667,1.8,1.933333333,15.08540921,10.23519823,1.917523378,-1.911860976,1.866910879,-2.281029192,5.383708222,-0.692549568,2.676978509,2.65E-07,378.9625394,11.68179828,8.675225566,8.675225566,7.171763718,4.257497428,4.257497428,2.619938962,2.619938962,1.524291327,1.524291327,0.763772899,0.763772899,-2.45,2302.201518,12.55,7.001777617,4.975797995,89.01831949,0,12.39368714,0,6.327320075,0,0,0,24.91987396,0,0,24.12556998,6.9237372,0,13.59242839,4.567099648,0,15.78567466,4.567099648,7.047671983,13.46849361,0,24.63891326,0,18.20766394,4.567099648,0,0,0,4.567099648,13.59242839,39.91124465,6.9237372,18.72100722,0,0,0,80.18,5.917906046,0,0,0,0,6.544756406,18.20766394,0,17.8116152,24.01500049,15.78567466,4.15625,0,0,23.38194444,0,-0.402777778,4.1875,6.142361111,3.181388889,2.02,0.3,15,0,5,0,0,0,0,1,1,4,0,5,1,0,0,0,1,0.46413,51.364,0,0,0,0,0,2,0,0,0,0,0,0,0,0,0,5,0,0,0,0,0,0,0,0,0,0,0,0,0,0,2,0,0,0,0,0,0,0,0,0,0,0,0,0,0,0,0,1,0,0,0,0,0,0,0,0,0,3,0,0,0,0,0,0,0,0,0,0,0,0,0,0,0,0,0,0,0,0,0,0,0,0,0,0,0,23,CC[n+]1ccn(C)c1.N#C[C-](C#N)C#N,338.15,0.792992516
7.793981481,7.793981481,0.402777778,-0.402777778,0.488779243,7.4,201.233,190.145,201.1014454,76,0,0.243018699,-0.239534146,0.243018699,0.239534146,1.266666667,1.8,1.933333333,15.08540921,10.23519823,1.917523378,-1.911860976,1.866910879,-2.281029192,5.383708222,-0.692549568,2.676978509,2.65E-07,378.9625394,11.68179828,8.675225566,8.675225566,7.171763718,4.257497428,4.257497428,2.619938962,2.619938962,1.524291327,1.524291327,0.763772899,0.763772899,-2.45,2302.201518,12.55,7.001777617,4.975797995,89.01831949,0,12.39368714,0,6.327320075,0,0,0,24.91987396,0,0,24.12556998,6.9237372,0,13.59242839,4.567099648,0,15.78567466,4.567099648,7.047671983,13.46849361,0,24.63891326,0,18.20766394,4.567099648,0,0,0,4.567099648,13.59242839,39.91124465,6.9237372,18.72100722,0,0,0,80.18,5.917906046,0,0,0,0,6.544756406,18.20766394,0,17.8116152,24.01500049,15.78567466,4.15625,0,0,23.38194444,0,-0.402777778,4.1875,6.142361111,3.181388889,2.02,0.3,15,0,5,0,0,0,0,1,1,4,0,5,1,0,0,0,1,0.46413,51.364,0,0,0,0,0,2,0,0,0,0,0,0,0,0,0,5,0,0,0,0,0,0,0,0,0,0,0,0,0,0,2,0,0,0,0,0,0,0,0,0,0,0,0,0,0,0,0,1,0,0,0,0,0,0,0,0,0,3,0,0,0,0,0,0,0,0,0,0,0,0,0,0,0,0,0,0,0,0,0,0,0,0,0,0,0,23,CC[n+]1ccn(C)c1.N#C[C-](C#N)C#N,348.15,0.841567186
7.793981481,7.793981481,0.402777778,-0.402777778,0.488779243,7.4,201.233,190.145,201.1014454,76,0,0.243018699,-0.239534146,0.243018699,0.239534146,1.266666667,1.8,1.933333333,15.08540921,10.23519823,1.917523378,-1.911860976,1.866910879,-2.281029192,5.383708222,-0.692549568,2.676978509,2.65E-07,378.9625394,11.68179828,8.675225566,8.675225566,7.171763718,4.257497428,4.257497428,2.619938962,2.619938962,1.524291327,1.524291327,0.763772899,0.763772899,-2.45,2302.201518,12.55,7.001777617,4.975797995,89.01831949,0,12.39368714,0,6.327320075,0,0,0,24.91987396,0,0,24.12556998,6.9237372,0,13.59242839,4.567099648,0,15.78567466,4.567099648,7.047671983,13.46849361,0,24.63891326,0,18.20766394,4.567099648,0,0,0,4.567099648,13.59242839,39.91124465,6.9237372,18.72100722,0,0,0,80.18,5.917906046,0,0,0,0,6.544756406,18.20766394,0,17.8116152,24.01500049,15.78567466,4.15625,0,0,23.38194444,0,-0.402777778,4.1875,6.142361111,3.181388889,2.02,0.3,15,0,5,0,0,0,0,1,1,4,0,5,1,0,0,0,1,0.46413,51.364,0,0,0,0,0,2,0,0,0,0,0,0,0,0,0,5,0,0,0,0,0,0,0,0,0,0,0,0,0,0,2,0,0,0,0,0,0,0,0,0,0,0,0,0,0,0,0,1,0,0,0,0,0,0,0,0,0,3,0,0,0,0,0,0,0,0,0,0,0,0,0,0,0,0,0,0,0,0,0,0,0,0,0,0,0,23,CC[n+]1ccn(C)c1.N#C[C-](C#N)C#N,358.15,0.88376754
7.793981481,7.793981481,0.402777778,-0.402777778,0.488779243,7.4,201.233,190.145,201.1014454,76,0,0.243018699,-0.239534146,0.243018699,0.239534146,1.266666667,1.8,1.933333333,15.08540921,10.23519823,1.917523378,-1.911860976,1.866910879,-2.281029192,5.383708222,-0.692549568,2.676978509,2.65E-07,378.9625394,11.68179828,8.675225566,8.675225566,7.171763718,4.257497428,4.257497428,2.619938962,2.619938962,1.524291327,1.524291327,0.763772899,0.763772899,-2.45,2302.201518,12.55,7.001777617,4.975797995,89.01831949,0,12.39368714,0,6.327320075,0,0,0,24.91987396,0,0,24.12556998,6.9237372,0,13.59242839,4.567099648,0,15.78567466,4.567099648,7.047671983,13.46849361,0,24.63891326,0,18.20766394,4.567099648,0,0,0,4.567099648,13.59242839,39.91124465,6.9237372,18.72100722,0,0,0,80.18,5.917906046,0,0,0,0,6.544756406,18.20766394,0,17.8116152,24.01500049,15.78567466,4.15625,0,0,23.38194444,0,-0.402777778,4.1875,6.142361111,3.181388889,2.02,0.3,15,0,5,0,0,0,0,1,1,4,0,5,1,0,0,0,1,0.46413,51.364,0,0,0,0,0,2,0,0,0,0,0,0,0,0,0,5,0,0,0,0,0,0,0,0,0,0,0,0,0,0,2,0,0,0,0,0,0,0,0,0,0,0,0,0,0,0,0,1,0,0,0,0,0,0,0,0,0,3,0,0,0,0,0,0,0,0,0,0,0,0,0,0,0,0,0,0,0,0,0,0,0,0,0,0,0,23,CC[n+]1ccn(C)c1.N#C[C-](C#N)C#N,368.15,0.920282753
8.67009708,8.67009708,0.314183673,0.314183673,0.548141642,17.25,226.28,208.136,226.1429758,90,0,0.1022563,-0.396143886,0.396143886,0.1022563,1.3125,1.875,2.25,16.47837848,10.27224704,2.233440429,-2.369283551,2.071843811,-2.520369625,5.122241566,-0.916642494,2.294657921,3.85E-07,238.5250942,12.27817459,9.594063736,9.594063736,7.681980515,5.18390212,5.18390212,3.791660107,3.791660107,2.506980778,2.506980778,1.482136828,1.482136828,-1.34,3010.591192,14.66,8.927597364,7.01854827,96.23633574,24.85020432,13.08951281,0,0,0,0,5.316788604,0,0,0,0,0,25.41401578,26.80619232,14.32642121,0,10.52378311,0,0,6.420821623,46.50258709,5.316788604,0,12.38631219,0,0,0,0,56.09214535,4.736862954,22.9100953,6.420821623,0,0,5.316788604,0,91.14,0,0,0,0,6.606881965,43.75188563,12.38631219,0,0,12.36446059,20.36717346,6.336753827,0,0,26.10759708,0,0,0,3.475694444,5.345649093,2.234305556,0.8,16,1,6,0,1,1,0,0,0,4,1,6,3,0,1,1,1,0.16786,57.8922,0,1,1,0,0,0,0,0,0,0,0,0,0,0,0,4,0,0,0,1,0,0,0,0,0,0,0,0,0,0,0,0,0,0,0,0,0,0,0,0,0,1,0,0,0,0,0,0,0,0,0,0,0,0,0,0,1,2,0,0,0,0,0,0,0,0,0,0,0,0,0,0,0,0,1,0,0,0,0,0,0,0,0,0,0,24,C[N+]1(CCCO)CCOCC1.N#C[N-]C#N,318.15,2.298577072
8.67009708,8.67009708,0.314183673,0.314183673,0.548141642,17.25,226.28,208.136,226.1429758,90,0,0.1022563,-0.396143886,0.396143886,0.1022563,1.3125,1.875,2.25,16.47837848,10.27224704,2.233440429,-2.369283551,2.071843811,-2.520369625,5.122241566,-0.916642494,2.294657921,3.85E-07,238.5250942,12.27817459,9.594063736,9.594063736,7.681980515,5.18390212,5.18390212,3.791660107,3.791660107,2.506980778,2.506980778,1.482136828,1.482136828,-1.34,3010.591192,14.66,8.927597364,7.01854827,96.23633574,24.85020432,13.08951281,0,0,0,0,5.316788604,0,0,0,0,0,25.41401578,26.80619232,14.32642121,0,10.52378311,0,0,6.420821623,46.50258709,5.316788604,0,12.38631219,0,0,0,0,56.09214535,4.736862954,22.9100953,6.420821623,0,0,5.316788604,0,91.14,0,0,0,0,6.606881965,43.75188563,12.38631219,0,0,12.36446059,20.36717346,6.336753827,0,0,26.10759708,0,0,0,3.475694444,5.345649093,2.234305556,0.8,16,1,6,0,1,1,0,0,0,4,1,6,3,0,1,1,1,0.16786,57.8922,0,1,1,0,0,0,0,0,0,0,0,0,0,0,0,4,0,0,0,1,0,0,0,0,0,0,0,0,0,0,0,0,0,0,0,0,0,0,0,0,0,1,0,0,0,0,0,0,0,0,0,0,0,0,0,0,1,2,0,0,0,0,0,0,0,0,0,0,0,0,0,0,0,0,1,0,0,0,0,0,0,0,0,0,0,24,C[N+]1(CCCO)CCOCC1.N#C[N-]C#N,328.15,2.332143895
8.67009708,8.67009708,0.314183673,0.314183673,0.548141642,17.25,226.28,208.136,226.1429758,90,0,0.1022563,-0.396143886,0.396143886,0.1022563,1.3125,1.875,2.25,16.47837848,10.27224704,2.233440429,-2.369283551,2.071843811,-2.520369625,5.122241566,-0.916642494,2.294657921,3.85E-07,238.5250942,12.27817459,9.594063736,9.594063736,7.681980515,5.18390212,5.18390212,3.791660107,3.791660107,2.506980778,2.506980778,1.482136828,1.482136828,-1.34,3010.591192,14.66,8.927597364,7.01854827,96.23633574,24.85020432,13.08951281,0,0,0,0,5.316788604,0,0,0,0,0,25.41401578,26.80619232,14.32642121,0,10.52378311,0,0,6.420821623,46.50258709,5.316788604,0,12.38631219,0,0,0,0,56.09214535,4.736862954,22.9100953,6.420821623,0,0,5.316788604,0,91.14,0,0,0,0,6.606881965,43.75188563,12.38631219,0,0,12.36446059,20.36717346,6.336753827,0,0,26.10759708,0,0,0,3.475694444,5.345649093,2.234305556,0.8,16,1,6,0,1,1,0,0,0,4,1,6,3,0,1,1,1,0.16786,57.8922,0,1,1,0,0,0,0,0,0,0,0,0,0,0,0,4,0,0,0,1,0,0,0,0,0,0,0,0,0,0,0,0,0,0,0,0,0,0,0,0,0,1,0,0,0,0,0,0,0,0,0,0,0,0,0,0,1,2,0,0,0,0,0,0,0,0,0,0,0,0,0,0,0,0,1,0,0,0,0,0,0,0,0,0,0,24,C[N+]1(CCCO)CCOCC1.N#C[N-]C#N,338.15,2.351375257
8.67009708,8.67009708,0.314183673,0.314183673,0.548141642,17.25,226.28,208.136,226.1429758,90,0,0.1022563,-0.396143886,0.396143886,0.1022563,1.3125,1.875,2.25,16.47837848,10.27224704,2.233440429,-2.369283551,2.071843811,-2.520369625,5.122241566,-0.916642494,2.294657921,3.85E-07,238.5250942,12.27817459,9.594063736,9.594063736,7.681980515,5.18390212,5.18390212,3.791660107,3.791660107,2.506980778,2.506980778,1.482136828,1.482136828,-1.34,3010.591192,14.66,8.927597364,7.01854827,96.23633574,24.85020432,13.08951281,0,0,0,0,5.316788604,0,0,0,0,0,25.41401578,26.80619232,14.32642121,0,10.52378311,0,0,6.420821623,46.50258709,5.316788604,0,12.38631219,0,0,0,0,56.09214535,4.736862954,22.9100953,6.420821623,0,0,5.316788604,0,91.14,0,0,0,0,6.606881965,43.75188563,12.38631219,0,0,12.36446059,20.36717346,6.336753827,0,0,26.10759708,0,0,0,3.475694444,5.345649093,2.234305556,0.8,16,1,6,0,1,1,0,0,0,4,1,6,3,0,1,1,1,0.16786,57.8922,0,1,1,0,0,0,0,0,0,0,0,0,0,0,0,4,0,0,0,1,0,0,0,0,0,0,0,0,0,0,0,0,0,0,0,0,0,0,0,0,0,1,0,0,0,0,0,0,0,0,0,0,0,0,0,0,1,2,0,0,0,0,0,0,0,0,0,0,0,0,0,0,0,0,1,0,0,0,0,0,0,0,0,0,0,24,C[N+]1(CCCO)CCOCC1.N#C[N-]C#N,348.15,2.379546134
8.67009708,8.67009708,0.314183673,0.314183673,0.548141642,17.25,226.28,208.136,226.1429758,90,0,0.1022563,-0.396143886,0.396143886,0.1022563,1.3125,1.875,2.25,16.47837848,10.27224704,2.233440429,-2.369283551,2.071843811,-2.520369625,5.122241566,-0.916642494,2.294657921,3.85E-07,238.5250942,12.27817459,9.594063736,9.594063736,7.681980515,5.18390212,5.18390212,3.791660107,3.791660107,2.506980778,2.506980778,1.482136828,1.482136828,-1.34,3010.591192,14.66,8.927597364,7.01854827,96.23633574,24.85020432,13.08951281,0,0,0,0,5.316788604,0,0,0,0,0,25.41401578,26.80619232,14.32642121,0,10.52378311,0,0,6.420821623,46.50258709,5.316788604,0,12.38631219,0,0,0,0,56.09214535,4.736862954,22.9100953,6.420821623,0,0,5.316788604,0,91.14,0,0,0,0,6.606881965,43.75188563,12.38631219,0,0,12.36446059,20.36717346,6.336753827,0,0,26.10759708,0,0,0,3.475694444,5.345649093,2.234305556,0.8,16,1,6,0,1,1,0,0,0,4,1,6,3,0,1,1,1,0.16786,57.8922,0,1,1,0,0,0,0,0,0,0,0,0,0,0,0,4,0,0,0,1,0,0,0,0,0,0,0,0,0,0,0,0,0,0,0,0,0,0,0,0,0,1,0,0,0,0,0,0,0,0,0,0,0,0,0,0,1,2,0,0,0,0,0,0,0,0,0,0,0,0,0,0,0,0,1,0,0,0,0,0,0,0,0,0,0,24,C[N+]1(CCCO)CCOCC1.N#C[N-]C#N,358.15,2.397895273
8.67009708,8.67009708,0.314183673,0.314183673,0.548141642,17.25,226.28,208.136,226.1429758,90,0,0.1022563,-0.396143886,0.396143886,0.1022563,1.3125,1.875,2.25,16.47837848,10.27224704,2.233440429,-2.369283551,2.071843811,-2.520369625,5.122241566,-0.916642494,2.294657921,3.85E-07,238.5250942,12.27817459,9.594063736,9.594063736,7.681980515,5.18390212,5.18390212,3.791660107,3.791660107,2.506980778,2.506980778,1.482136828,1.482136828,-1.34,3010.591192,14.66,8.927597364,7.01854827,96.23633574,24.85020432,13.08951281,0,0,0,0,5.316788604,0,0,0,0,0,25.41401578,26.80619232,14.32642121,0,10.52378311,0,0,6.420821623,46.50258709,5.316788604,0,12.38631219,0,0,0,0,56.09214535,4.736862954,22.9100953,6.420821623,0,0,5.316788604,0,91.14,0,0,0,0,6.606881965,43.75188563,12.38631219,0,0,12.36446059,20.36717346,6.336753827,0,0,26.10759708,0,0,0,3.475694444,5.345649093,2.234305556,0.8,16,1,6,0,1,1,0,0,0,4,1,6,3,0,1,1,1,0.16786,57.8922,0,1,1,0,0,0,0,0,0,0,0,0,0,0,0,4,0,0,0,1,0,0,0,0,0,0,0,0,0,0,0,0,0,0,0,0,0,0,0,0,0,1,0,0,0,0,0,0,0,0,0,0,0,0,0,0,1,2,0,0,0,0,0,0,0,0,0,0,0,0,0,0,0,0,1,0,0,0,0,0,0,0,0,0,0,24,C[N+]1(CCCO)CCOCC1.N#C[N-]C#N,368.15,2.424802726
8.514237528,8.514237528,0.265768141,0.265768141,0.559038309,8,207.237,194.133,207.11201,80,0,0.24303027,-0.396219487,0.396219487,0.24303027,1.466666667,2.133333333,2.466666667,16.25003,10.44249998,1.963679892,-1.897991779,1.793942761,-2.307193651,5.122242289,-0.696481238,2.633932177,3.36E-07,334.1200565,11.51866157,8.536652724,8.536652724,7.239912065,4.340225211,4.340225211,2.705871384,2.705871384,1.498159415,1.498159415,0.909630155,0.909630155,-2.05,2338.931774,12.95,8.543908856,7.054634695,88.60489363,15.6303105,12.39368714,0,6.327320075,0,0,5.316788604,9.134199296,0,0,0,0,25.41401578,13.59242839,9.673627043,0,10.52378311,4.567099648,7.047671983,12.96557803,6.606881965,24.03779582,0,12.38631219,4.567099648,0,0,0,16.28050901,13.59242839,22.9100953,6.420821623,18.72100722,0,5.316788604,0,90.72,0,0,0,6.606881965,0,12.96557803,12.38631219,0,30.33577885,9.883888252,15.6303105,4.035311791,0,0,25.95173753,0,0,0,9.36545068,1.165907029,1.981592971,0.444444444,15,1,6,0,0,0,0,1,1,4,1,6,3,0,0,0,1,0.01726,51.8958,0,1,1,0,0,2,0,0,0,0,0,0,0,0,0,5,0,0,0,0,0,0,0,0,0,0,0,0,0,0,2,0,0,0,0,0,0,0,0,0,0,0,0,0,0,0,0,1,0,0,0,0,0,0,0,0,0,2,0,0,0,0,0,0,0,0,0,0,0,0,0,0,0,0,0,0,0,0,0,0,0,0,0,0,0,25,Cn1cc[n+](CCCO)c1.N#C[N-]C#N,318.15,1.786746927
8.514237528,8.514237528,0.265768141,0.265768141,0.559038309,8,207.237,194.133,207.11201,80,0,0.24303027,-0.396219487,0.396219487,0.24303027,1.466666667,2.133333333,2.466666667,16.25003,10.44249998,1.963679892,-1.897991779,1.793942761,-2.307193651,5.122242289,-0.696481238,2.633932177,3.36E-07,334.1200565,11.51866157,8.536652724,8.536652724,7.239912065,4.340225211,4.340225211,2.705871384,2.705871384,1.498159415,1.498159415,0.909630155,0.909630155,-2.05,2338.931774,12.95,8.543908856,7.054634695,88.60489363,15.6303105,12.39368714,0,6.327320075,0,0,5.316788604,9.134199296,0,0,0,0,25.41401578,13.59242839,9.673627043,0,10.52378311,4.567099648,7.047671983,12.96557803,6.606881965,24.03779582,0,12.38631219,4.567099648,0,0,0,16.28050901,13.59242839,22.9100953,6.420821623,18.72100722,0,5.316788604,0,90.72,0,0,0,6.606881965,0,12.96557803,12.38631219,0,30.33577885,9.883888252,15.6303105,4.035311791,0,0,25.95173753,0,0,0,9.36545068,1.165907029,1.981592971,0.444444444,15,1,6,0,0,0,0,1,1,4,1,6,3,0,0,0,1,0.01726,51.8958,0,1,1,0,0,2,0,0,0,0,0,0,0,0,0,5,0,0,0,0,0,0,0,0,0,0,0,0,0,0,2,0,0,0,0,0,0,0,0,0,0,0,0,0,0,0,0,1,0,0,0,0,0,0,0,0,0,2,0,0,0,0,0,0,0,0,0,0,0,0,0,0,0,0,0,0,0,0,0,0,0,0,0,0,0,25,Cn1cc[n+](CCCO)c1.N#C[N-]C#N,328.15,1.832581464
8.514237528,8.514237528,0.265768141,0.265768141,0.559038309,8,207.237,194.133,207.11201,80,0,0.24303027,-0.396219487,0.396219487,0.24303027,1.466666667,2.133333333,2.466666667,16.25003,10.44249998,1.963679892,-1.897991779,1.793942761,-2.307193651,5.122242289,-0.696481238,2.633932177,3.36E-07,334.1200565,11.51866157,8.536652724,8.536652724,7.239912065,4.340225211,4.340225211,2.705871384,2.705871384,1.498159415,1.498159415,0.909630155,0.909630155,-2.05,2338.931774,12.95,8.543908856,7.054634695,88.60489363,15.6303105,12.39368714,0,6.327320075,0,0,5.316788604,9.134199296,0,0,0,0,25.41401578,13.59242839,9.673627043,0,10.52378311,4.567099648,7.047671983,12.96557803,6.606881965,24.03779582,0,12.38631219,4.567099648,0,0,0,16.28050901,13.59242839,22.9100953,6.420821623,18.72100722,0,5.316788604,0,90.72,0,0,0,6.606881965,0,12.96557803,12.38631219,0,30.33577885,9.883888252,15.6303105,4.035311791,0,0,25.95173753,0,0,0,9.36545068,1.165907029,1.981592971,0.444444444,15,1,6,0,0,0,0,1,1,4,1,6,3,0,0,0,1,0.01726,51.8958,0,1,1,0,0,2,0,0,0,0,0,0,0,0,0,5,0,0,0,0,0,0,0,0,0,0,0,0,0,0,2,0,0,0,0,0,0,0,0,0,0,0,0,0,0,0,0,1,0,0,0,0,0,0,0,0,0,2,0,0,0,0,0,0,0,0,0,0,0,0,0,0,0,0,0,0,0,0,0,0,0,0,0,0,0,25,Cn1cc[n+](CCCO)c1.N#C[N-]C#N,338.15,1.882513832
8.514237528,8.514237528,0.265768141,0.265768141,0.559038309,8,207.237,194.133,207.11201,80,0,0.24303027,-0.396219487,0.396219487,0.24303027,1.466666667,2.133333333,2.466666667,16.25003,10.44249998,1.963679892,-1.897991779,1.793942761,-2.307193651,5.122242289,-0.696481238,2.633932177,3.36E-07,334.1200565,11.51866157,8.536652724,8.536652724,7.239912065,4.340225211,4.340225211,2.705871384,2.705871384,1.498159415,1.498159415,0.909630155,0.909630155,-2.05,2338.931774,12.95,8.543908856,7.054634695,88.60489363,15.6303105,12.39368714,0,6.327320075,0,0,5.316788604,9.134199296,0,0,0,0,25.41401578,13.59242839,9.673627043,0,10.52378311,4.567099648,7.047671983,12.96557803,6.606881965,24.03779582,0,12.38631219,4.567099648,0,0,0,16.28050901,13.59242839,22.9100953,6.420821623,18.72100722,0,5.316788604,0,90.72,0,0,0,6.606881965,0,12.96557803,12.38631219,0,30.33577885,9.883888252,15.6303105,4.035311791,0,0,25.95173753,0,0,0,9.36545068,1.165907029,1.981592971,0.444444444,15,1,6,0,0,0,0,1,1,4,1,6,3,0,0,0,1,0.01726,51.8958,0,1,1,0,0,2,0,0,0,0,0,0,0,0,0,5,0,0,0,0,0,0,0,0,0,0,0,0,0,0,2,0,0,0,0,0,0,0,0,0,0,0,0,0,0,0,0,1,0,0,0,0,0,0,0,0,0,2,0,0,0,0,0,0,0,0,0,0,0,0,0,0,0,0,0,0,0,0,0,0,0,0,0,0,0,25,Cn1cc[n+](CCCO)c1.N#C[N-]C#N,348.15,1.919859472
8.514237528,8.514237528,0.265768141,0.265768141,0.559038309,8,207.237,194.133,207.11201,80,0,0.24303027,-0.396219487,0.396219487,0.24303027,1.466666667,2.133333333,2.466666667,16.25003,10.44249998,1.963679892,-1.897991779,1.793942761,-2.307193651,5.122242289,-0.696481238,2.633932177,3.36E-07,334.1200565,11.51866157,8.536652724,8.536652724,7.239912065,4.340225211,4.340225211,2.705871384,2.705871384,1.498159415,1.498159415,0.909630155,0.909630155,-2.05,2338.931774,12.95,8.543908856,7.054634695,88.60489363,15.6303105,12.39368714,0,6.327320075,0,0,5.316788604,9.134199296,0,0,0,0,25.41401578,13.59242839,9.673627043,0,10.52378311,4.567099648,7.047671983,12.96557803,6.606881965,24.03779582,0,12.38631219,4.567099648,0,0,0,16.28050901,13.59242839,22.9100953,6.420821623,18.72100722,0,5.316788604,0,90.72,0,0,0,6.606881965,0,12.96557803,12.38631219,0,30.33577885,9.883888252,15.6303105,4.035311791,0,0,25.95173753,0,0,0,9.36545068,1.165907029,1.981592971,0.444444444,15,1,6,0,0,0,0,1,1,4,1,6,3,0,0,0,1,0.01726,51.8958,0,1,1,0,0,2,0,0,0,0,0,0,0,0,0,5,0,0,0,0,0,0,0,0,0,0,0,0,0,0,2,0,0,0,0,0,0,0,0,0,0,0,0,0,0,0,0,1,0,0,0,0,0,0,0,0,0,2,0,0,0,0,0,0,0,0,0,0,0,0,0,0,0,0,0,0,0,0,0,0,0,0,0,0,0,25,Cn1cc[n+](CCCO)c1.N#C[N-]C#N,358.15,1.965712776
8.514237528,8.514237528,0.265768141,0.265768141,0.559038309,8,207.237,194.133,207.11201,80,0,0.24303027,-0.396219487,0.396219487,0.24303027,1.466666667,2.133333333,2.466666667,16.25003,10.44249998,1.963679892,-1.897991779,1.793942761,-2.307193651,5.122242289,-0.696481238,2.633932177,3.36E-07,334.1200565,11.51866157,8.536652724,8.536652724,7.239912065,4.340225211,4.340225211,2.705871384,2.705871384,1.498159415,1.498159415,0.909630155,0.909630155,-2.05,2338.931774,12.95,8.543908856,7.054634695,88.60489363,15.6303105,12.39368714,0,6.327320075,0,0,5.316788604,9.134199296,0,0,0,0,25.41401578,13.59242839,9.673627043,0,10.52378311,4.567099648,7.047671983,12.96557803,6.606881965,24.03779582,0,12.38631219,4.567099648,0,0,0,16.28050901,13.59242839,22.9100953,6.420821623,18.72100722,0,5.316788604,0,90.72,0,0,0,6.606881965,0,12.96557803,12.38631219,0,30.33577885,9.883888252,15.6303105,4.035311791,0,0,25.95173753,0,0,0,9.36545068,1.165907029,1.981592971,0.444444444,15,1,6,0,0,0,0,1,1,4,1,6,3,0,0,0,1,0.01726,51.8958,0,1,1,0,0,2,0,0,0,0,0,0,0,0,0,5,0,0,0,0,0,0,0,0,0,0,0,0,0,0,2,0,0,0,0,0,0,0,0,0,0,0,0,0,0,0,0,1,0,0,0,0,0,0,0,0,0,2,0,0,0,0,0,0,0,0,0,0,0,0,0,0,0,0,0,0,0,0,0,0,0,0,0,0,0,25,Cn1cc[n+](CCCO)c1.N#C[N-]C#N,368.15,2.000127735
9.75,9.75,1.176388889,-6,0.269204266,11.14285714,310.188,282.972,310.2203421,124,0,0.673213119,-0.41830328,0.673213119,0.41830328,0.904761905,1.380952381,1.80952381,19.46336999,10.08673205,2.201950924,-1.997653349,2.078449261,-2.301590052,6.49672756,-0.696404418,2.763693975,6.90E-07,346.9883609,16.13998191,13.07964719,13.07964719,9.825698503,7.709548596,7.709548596,5.28665319,5.28665319,3.093598922,3.093598922,2.062245673,2.062245673,-1.005064935,27457.29964,19.99493506,11.6325253,16.94245203,124.8177027,17.26263557,12.39368714,0,6.327320075,0,7.254408353,0,9.134199296,0,0,45.44866694,12.84164325,0,13.59242839,21.82973522,7.254408353,0,4.567099648,7.047671983,64.83506659,0,18.72100722,0,0,4.567099648,17.26263557,0,0,11.821508,13.59242839,0,58.29031018,18.72100722,0,0,0,8.81,7.254408353,17.26263557,0,0,0,0,57.91132939,0,0,41.8266157,0,43.37681663,0,0,0,0,0,0,17.59826927,3.451272754,-3.926358656,0.785714286,21,0,2,0,0,0,0,1,1,1,0,7,9,0,0,0,1,4.7533,78.404,0,0,0,0,0,2,0,0,0,0,0,0,0,0,0,2,0,0,0,0,0,0,0,0,0,0,0,0,0,0,2,0,0,0,0,0,0,0,0,0,0,0,0,0,4,0,0,1,0,0,0,0,0,0,0,0,0,0,0,0,0,0,0,0,0,0,0,0,0,0,0,0,0,0,0,0,0,0,0,0,0,0,0,6,0,26,CCCCCCCCCC[n+]1ccn(C)c1.F[B-](F)(F)F,313.15,0.223143551
9.75,9.75,1.176388889,-6,0.269204266,11.14285714,310.188,282.972,310.2203421,124,0,0.673213119,-0.41830328,0.673213119,0.41830328,0.904761905,1.380952381,1.80952381,19.46336999,10.08673205,2.201950924,-1.997653349,2.078449261,-2.301590052,6.49672756,-0.696404418,2.763693975,6.90E-07,346.9883609,16.13998191,13.07964719,13.07964719,9.825698503,7.709548596,7.709548596,5.28665319,5.28665319,3.093598922,3.093598922,2.062245673,2.062245673,-1.005064935,27457.29964,19.99493506,11.6325253,16.94245203,124.8177027,17.26263557,12.39368714,0,6.327320075,0,7.254408353,0,9.134199296,0,0,45.44866694,12.84164325,0,13.59242839,21.82973522,7.254408353,0,4.567099648,7.047671983,64.83506659,0,18.72100722,0,0,4.567099648,17.26263557,0,0,11.821508,13.59242839,0,58.29031018,18.72100722,0,0,0,8.81,7.254408353,17.26263557,0,0,0,0,57.91132939,0,0,41.8266157,0,43.37681663,0,0,0,0,0,0,17.59826927,3.451272754,-3.926358656,0.785714286,21,0,2,0,0,0,0,1,1,1,0,7,9,0,0,0,1,4.7533,78.404,0,0,0,0,0,2,0,0,0,0,0,0,0,0,0,2,0,0,0,0,0,0,0,0,0,0,0,0,0,0,2,0,0,0,0,0,0,0,0,0,0,0,0,0,4,0,0,1,0,0,0,0,0,0,0,0,0,0,0,0,0,0,0,0,0,0,0,0,0,0,0,0,0,0,0,0,0,0,0,0,0,0,0,6,0,26,CCCCCCCCCC[n+]1ccn(C)c1.F[B-](F)(F)F,323.15,0.198850859
9.75,9.75,1.176388889,-6,0.269204266,11.14285714,310.188,282.972,310.2203421,124,0,0.673213119,-0.41830328,0.673213119,0.41830328,0.904761905,1.380952381,1.80952381,19.46336999,10.08673205,2.201950924,-1.997653349,2.078449261,-2.301590052,6.49672756,-0.696404418,2.763693975,6.90E-07,346.9883609,16.13998191,13.07964719,13.07964719,9.825698503,7.709548596,7.709548596,5.28665319,5.28665319,3.093598922,3.093598922,2.062245673,2.062245673,-1.005064935,27457.29964,19.99493506,11.6325253,16.94245203,124.8177027,17.26263557,12.39368714,0,6.327320075,0,7.254408353,0,9.134199296,0,0,45.44866694,12.84164325,0,13.59242839,21.82973522,7.254408353,0,4.567099648,7.047671983,64.83506659,0,18.72100722,0,0,4.567099648,17.26263557,0,0,11.821508,13.59242839,0,58.29031018,18.72100722,0,0,0,8.81,7.254408353,17.26263557,0,0,0,0,57.91132939,0,0,41.8266157,0,43.37681663,0,0,0,0,0,0,17.59826927,3.451272754,-3.926358656,0.785714286,21,0,2,0,0,0,0,1,1,1,0,7,9,0,0,0,1,4.7533,78.404,0,0,0,0,0,2,0,0,0,0,0,0,0,0,0,2,0,0,0,0,0,0,0,0,0,0,0,0,0,0,2,0,0,0,0,0,0,0,0,0,0,0,0,0,4,0,0,1,0,0,0,0,0,0,0,0,0,0,0,0,0,0,0,0,0,0,0,0,0,0,0,0,0,0,0,0,0,0,0,0,0,0,0,6,0,26,CCCCCCCCCC[n+]1ccn(C)c1.F[B-](F)(F)F,333.15,0.182321557
9.75,9.75,1.176388889,-6,0.269204266,11.14285714,310.188,282.972,310.2203421,124,0,0.673213119,-0.41830328,0.673213119,0.41830328,0.904761905,1.380952381,1.80952381,19.46336999,10.08673205,2.201950924,-1.997653349,2.078449261,-2.301590052,6.49672756,-0.696404418,2.763693975,6.90E-07,346.9883609,16.13998191,13.07964719,13.07964719,9.825698503,7.709548596,7.709548596,5.28665319,5.28665319,3.093598922,3.093598922,2.062245673,2.062245673,-1.005064935,27457.29964,19.99493506,11.6325253,16.94245203,124.8177027,17.26263557,12.39368714,0,6.327320075,0,7.254408353,0,9.134199296,0,0,45.44866694,12.84164325,0,13.59242839,21.82973522,7.254408353,0,4.567099648,7.047671983,64.83506659,0,18.72100722,0,0,4.567099648,17.26263557,0,0,11.821508,13.59242839,0,58.29031018,18.72100722,0,0,0,8.81,7.254408353,17.26263557,0,0,0,0,57.91132939,0,0,41.8266157,0,43.37681663,0,0,0,0,0,0,17.59826927,3.451272754,-3.926358656,0.785714286,21,0,2,0,0,0,0,1,1,1,0,7,9,0,0,0,1,4.7533,78.404,0,0,0,0,0,2,0,0,0,0,0,0,0,0,0,2,0,0,0,0,0,0,0,0,0,0,0,0,0,0,2,0,0,0,0,0,0,0,0,0,0,0,0,0,4,0,0,1,0,0,0,0,0,0,0,0,0,0,0,0,0,0,0,0,0,0,0,0,0,0,0,0,0,0,0,0,0,0,0,0,0,0,0,6,0,26,CCCCCCCCCC[n+]1ccn(C)c1.F[B-](F)(F)F,343.15,0.165514438
9.75,9.75,1.176388889,-6,0.269204266,11.14285714,310.188,282.972,310.2203421,124,0,0.673213119,-0.41830328,0.673213119,0.41830328,0.904761905,1.380952381,1.80952381,19.46336999,10.08673205,2.201950924,-1.997653349,2.078449261,-2.301590052,6.49672756,-0.696404418,2.763693975,6.90E-07,346.9883609,16.13998191,13.07964719,13.07964719,9.825698503,7.709548596,7.709548596,5.28665319,5.28665319,3.093598922,3.093598922,2.062245673,2.062245673,-1.005064935,27457.29964,19.99493506,11.6325253,16.94245203,124.8177027,17.26263557,12.39368714,0,6.327320075,0,7.254408353,0,9.134199296,0,0,45.44866694,12.84164325,0,13.59242839,21.82973522,7.254408353,0,4.567099648,7.047671983,64.83506659,0,18.72100722,0,0,4.567099648,17.26263557,0,0,11.821508,13.59242839,0,58.29031018,18.72100722,0,0,0,8.81,7.254408353,17.26263557,0,0,0,0,57.91132939,0,0,41.8266157,0,43.37681663,0,0,0,0,0,0,17.59826927,3.451272754,-3.926358656,0.785714286,21,0,2,0,0,0,0,1,1,1,0,7,9,0,0,0,1,4.7533,78.404,0,0,0,0,0,2,0,0,0,0,0,0,0,0,0,2,0,0,0,0,0,0,0,0,0,0,0,0,0,0,2,0,0,0,0,0,0,0,0,0,0,0,0,0,4,0,0,1,0,0,0,0,0,0,0,0,0,0,0,0,0,0,0,0,0,0,0,0,0,0,0,0,0,0,0,0,0,0,0,0,0,0,0,6,0,26,CCCCCCCCCC[n+]1ccn(C)c1.F[B-](F)(F)F,353.15,0.148420005
9.75,9.75,1.176388889,-6,0.269204266,11.14285714,310.188,282.972,310.2203421,124,0,0.673213119,-0.41830328,0.673213119,0.41830328,0.904761905,1.380952381,1.80952381,19.46336999,10.08673205,2.201950924,-1.997653349,2.078449261,-2.301590052,6.49672756,-0.696404418,2.763693975,6.90E-07,346.9883609,16.13998191,13.07964719,13.07964719,9.825698503,7.709548596,7.709548596,5.28665319,5.28665319,3.093598922,3.093598922,2.062245673,2.062245673,-1.005064935,27457.29964,19.99493506,11.6325253,16.94245203,124.8177027,17.26263557,12.39368714,0,6.327320075,0,7.254408353,0,9.134199296,0,0,45.44866694,12.84164325,0,13.59242839,21.82973522,7.254408353,0,4.567099648,7.047671983,64.83506659,0,18.72100722,0,0,4.567099648,17.26263557,0,0,11.821508,13.59242839,0,58.29031018,18.72100722,0,0,0,8.81,7.254408353,17.26263557,0,0,0,0,57.91132939,0,0,41.8266157,0,43.37681663,0,0,0,0,0,0,17.59826927,3.451272754,-3.926358656,0.785714286,21,0,2,0,0,0,0,1,1,1,0,7,9,0,0,0,1,4.7533,78.404,0,0,0,0,0,2,0,0,0,0,0,0,0,0,0,2,0,0,0,0,0,0,0,0,0,0,0,0,0,0,2,0,0,0,0,0,0,0,0,0,0,0,0,0,4,0,0,1,0,0,0,0,0,0,0,0,0,0,0,0,0,0,0,0,0,0,0,0,0,0,0,0,0,0,0,0,0,0,0,0,0,0,0,6,0,26,CCCCCCCCCC[n+]1ccn(C)c1.F[B-](F)(F)F,363.15,0.131028262
11.43842593,11.43842593,0.777777778,-6.721527778,0.496921815,18.56,424.385,406.241,424.056133,152,0,0.4802902,-0.420674932,0.4802902,0.420674932,0.92,1.28,1.56,32.28904409,10.39358405,2.464543884,-2.279524894,2.356401934,-2.426990821,8.12500944,-0.89749472,2.805862298,4.96E-07,581.1619096,20.15685425,13.26259275,14.89558591,10.97487373,6.666777066,9.546903724,5.406379903,8.828750156,3.262378559,6.002360626,1.847829773,3.557412067,-0.64,80430.04277,24.36,8.367634498,7.635924049,141.1717068,13.34729494,6.544756406,20.04658231,0,0,11.016661,0,16.83559397,26.34249029,0,0,0,19.95144079,26.74406676,52.39797807,20.04658231,0,0,0,23.85830425,40.39862071,4.127401125,0,0,0,26.34249029,0,0,72.73390654,24.78344526,0,12.84164325,0,0,4.127401125,0,91.61,31.06324331,43.17808425,0,0,0,10.73428309,36.95894332,7.109797541,0,7.047671983,4.736862954,115.4658333,0,0,0,-12.40611111,0,0,2.805980726,4.805277778,-9.337647392,1,25,0,7,0,1,1,0,0,0,5,0,15,5,0,1,1,1,1.9325,75.204,0,0,0,0,0,0,0,0,0,0,0,0,0,0,0,2,0,0,0,1,1,0,0,0,0,6,0,0,0,0,0,0,0,0,0,0,0,0,0,0,0,1,0,0,6,0,0,0,0,0,0,0,0,0,0,1,0,0,0,0,0,0,0,0,0,0,0,0,0,0,0,0,0,0,1,0,2,0,0,0,0,0,0,0,0,27,COCC[N+]1(C)CCCC1.O=S(=O)([N-]S(=O)(=O)C(F)(F)F)C(F)(F)F,318.15,0.254642218
11.43842593,11.43842593,0.777777778,-6.721527778,0.496921815,18.56,424.385,406.241,424.056133,152,0,0.4802902,-0.420674932,0.4802902,0.420674932,0.92,1.28,1.56,32.28904409,10.39358405,2.464543884,-2.279524894,2.356401934,-2.426990821,8.12500944,-0.89749472,2.805862298,4.96E-07,581.1619096,20.15685425,13.26259275,14.89558591,10.97487373,6.666777066,9.546903724,5.406379903,8.828750156,3.262378559,6.002360626,1.847829773,3.557412067,-0.64,80430.04277,24.36,8.367634498,7.635924049,141.1717068,13.34729494,6.544756406,20.04658231,0,0,11.016661,0,16.83559397,26.34249029,0,0,0,19.95144079,26.74406676,52.39797807,20.04658231,0,0,0,23.85830425,40.39862071,4.127401125,0,0,0,26.34249029,0,0,72.73390654,24.78344526,0,12.84164325,0,0,4.127401125,0,91.61,31.06324331,43.17808425,0,0,0,10.73428309,36.95894332,7.109797541,0,7.047671983,4.736862954,115.4658333,0,0,0,-12.40611111,0,0,2.805980726,4.805277778,-9.337647392,1,25,0,7,0,1,1,0,0,0,5,0,15,5,0,1,1,1,1.9325,75.204,0,0,0,0,0,0,0,0,0,0,0,0,0,0,0,2,0,0,0,1,1,0,0,0,0,6,0,0,0,0,0,0,0,0,0,0,0,0,0,0,0,1,0,0,6,0,0,0,0,0,0,0,0,0,0,1,0,0,0,0,0,0,0,0,0,0,0,0,0,0,0,0,0,0,1,0,2,0,0,0,0,0,0,0,0,27,COCC[N+]1(C)CCCC1.O=S(=O)([N-]S(=O)(=O)C(F)(F)F)C(F)(F)F,328.15,0.277631737
11.43842593,11.43842593,0.777777778,-6.721527778,0.496921815,18.56,424.385,406.241,424.056133,152,0,0.4802902,-0.420674932,0.4802902,0.420674932,0.92,1.28,1.56,32.28904409,10.39358405,2.464543884,-2.279524894,2.356401934,-2.426990821,8.12500944,-0.89749472,2.805862298,4.96E-07,581.1619096,20.15685425,13.26259275,14.89558591,10.97487373,6.666777066,9.546903724,5.406379903,8.828750156,3.262378559,6.002360626,1.847829773,3.557412067,-0.64,80430.04277,24.36,8.367634498,7.635924049,141.1717068,13.34729494,6.544756406,20.04658231,0,0,11.016661,0,16.83559397,26.34249029,0,0,0,19.95144079,26.74406676,52.39797807,20.04658231,0,0,0,23.85830425,40.39862071,4.127401125,0,0,0,26.34249029,0,0,72.73390654,24.78344526,0,12.84164325,0,0,4.127401125,0,91.61,31.06324331,43.17808425,0,0,0,10.73428309,36.95894332,7.109797541,0,7.047671983,4.736862954,115.4658333,0,0,0,-12.40611111,0,0,2.805980726,4.805277778,-9.337647392,1,25,0,7,0,1,1,0,0,0,5,0,15,5,0,1,1,1,1.9325,75.204,0,0,0,0,0,0,0,0,0,0,0,0,0,0,0,2,0,0,0,1,1,0,0,0,0,6,0,0,0,0,0,0,0,0,0,0,0,0,0,0,0,1,0,0,6,0,0,0,0,0,0,0,0,0,0,1,0,0,0,0,0,0,0,0,0,0,0,0,0,0,0,0,0,0,1,0,2,0,0,0,0,0,0,0,0,27,COCC[N+]1(C)CCCC1.O=S(=O)([N-]S(=O)(=O)C(F)(F)F)C(F)(F)F,338.15,0.285178942
11.43842593,11.43842593,0.777777778,-6.721527778,0.496921815,18.56,424.385,406.241,424.056133,152,0,0.4802902,-0.420674932,0.4802902,0.420674932,0.92,1.28,1.56,32.28904409,10.39358405,2.464543884,-2.279524894,2.356401934,-2.426990821,8.12500944,-0.89749472,2.805862298,4.96E-07,581.1619096,20.15685425,13.26259275,14.89558591,10.97487373,6.666777066,9.546903724,5.406379903,8.828750156,3.262378559,6.002360626,1.847829773,3.557412067,-0.64,80430.04277,24.36,8.367634498,7.635924049,141.1717068,13.34729494,6.544756406,20.04658231,0,0,11.016661,0,16.83559397,26.34249029,0,0,0,19.95144079,26.74406676,52.39797807,20.04658231,0,0,0,23.85830425,40.39862071,4.127401125,0,0,0,26.34249029,0,0,72.73390654,24.78344526,0,12.84164325,0,0,4.127401125,0,91.61,31.06324331,43.17808425,0,0,0,10.73428309,36.95894332,7.109797541,0,7.047671983,4.736862954,115.4658333,0,0,0,-12.40611111,0,0,2.805980726,4.805277778,-9.337647392,1,25,0,7,0,1,1,0,0,0,5,0,15,5,0,1,1,1,1.9325,75.204,0,0,0,0,0,0,0,0,0,0,0,0,0,0,0,2,0,0,0,1,1,0,0,0,0,6,0,0,0,0,0,0,0,0,0,0,0,0,0,0,0,1,0,0,6,0,0,0,0,0,0,0,0,0,0,1,0,0,0,0,0,0,0,0,0,0,0,0,0,0,0,0,0,0,1,0,2,0,0,0,0,0,0,0,0,27,COCC[N+]1(C)CCCC1.O=S(=O)([N-]S(=O)(=O)C(F)(F)F)C(F)(F)F,348.15,0.3074847
11.43842593,11.43842593,0.777777778,-6.721527778,0.496921815,18.56,424.385,406.241,424.056133,152,0,0.4802902,-0.420674932,0.4802902,0.420674932,0.92,1.28,1.56,32.28904409,10.39358405,2.464543884,-2.279524894,2.356401934,-2.426990821,8.12500944,-0.89749472,2.805862298,4.96E-07,581.1619096,20.15685425,13.26259275,14.89558591,10.97487373,6.666777066,9.546903724,5.406379903,8.828750156,3.262378559,6.002360626,1.847829773,3.557412067,-0.64,80430.04277,24.36,8.367634498,7.635924049,141.1717068,13.34729494,6.544756406,20.04658231,0,0,11.016661,0,16.83559397,26.34249029,0,0,0,19.95144079,26.74406676,52.39797807,20.04658231,0,0,0,23.85830425,40.39862071,4.127401125,0,0,0,26.34249029,0,0,72.73390654,24.78344526,0,12.84164325,0,0,4.127401125,0,91.61,31.06324331,43.17808425,0,0,0,10.73428309,36.95894332,7.109797541,0,7.047671983,4.736862954,115.4658333,0,0,0,-12.40611111,0,0,2.805980726,4.805277778,-9.337647392,1,25,0,7,0,1,1,0,0,0,5,0,15,5,0,1,1,1,1.9325,75.204,0,0,0,0,0,0,0,0,0,0,0,0,0,0,0,2,0,0,0,1,1,0,0,0,0,6,0,0,0,0,0,0,0,0,0,0,0,0,0,0,0,1,0,0,6,0,0,0,0,0,0,0,0,0,0,1,0,0,0,0,0,0,0,0,0,0,0,0,0,0,0,0,0,0,1,0,2,0,0,0,0,0,0,0,0,27,COCC[N+]1(C)CCCC1.O=S(=O)([N-]S(=O)(=O)C(F)(F)F)C(F)(F)F,358.15,0.31481074
11.43842593,11.43842593,0.777777778,-6.721527778,0.496921815,18.56,424.385,406.241,424.056133,152,0,0.4802902,-0.420674932,0.4802902,0.420674932,0.92,1.28,1.56,32.28904409,10.39358405,2.464543884,-2.279524894,2.356401934,-2.426990821,8.12500944,-0.89749472,2.805862298,4.96E-07,581.1619096,20.15685425,13.26259275,14.89558591,10.97487373,6.666777066,9.546903724,5.406379903,8.828750156,3.262378559,6.002360626,1.847829773,3.557412067,-0.64,80430.04277,24.36,8.367634498,7.635924049,141.1717068,13.34729494,6.544756406,20.04658231,0,0,11.016661,0,16.83559397,26.34249029,0,0,0,19.95144079,26.74406676,52.39797807,20.04658231,0,0,0,23.85830425,40.39862071,4.127401125,0,0,0,26.34249029,0,0,72.73390654,24.78344526,0,12.84164325,0,0,4.127401125,0,91.61,31.06324331,43.17808425,0,0,0,10.73428309,36.95894332,7.109797541,0,7.047671983,4.736862954,115.4658333,0,0,0,-12.40611111,0,0,2.805980726,4.805277778,-9.337647392,1,25,0,7,0,1,1,0,0,0,5,0,15,5,0,1,1,1,1.9325,75.204,0,0,0,0,0,0,0,0,0,0,0,0,0,0,0,2,0,0,0,1,1,0,0,0,0,6,0,0,0,0,0,0,0,0,0,0,0,0,0,0,0,1,0,0,6,0,0,0,0,0,0,0,0,0,0,1,0,0,0,0,0,0,0,0,0,0,0,0,0,0,0,0,0,0,1,0,2,0,0,0,0,0,0,0,0,27,COCC[N+]1(C)CCCC1.O=S(=O)([N-]S(=O)(=O)C(F)(F)F)C(F)(F)F,368.15,0.329303747
11.43842593,11.43842593,0.777777778,-6.721527778,0.485404428,18.76923077,438.412,418.252,438.0717831,158,0,0.4802902,-0.420674932,0.4802902,0.420674932,0.884615385,1.269230769,1.576923077,32.28904425,10.09964016,2.464550671,-2.370174386,2.356463534,-2.491483879,8.125010822,-0.913825534,2.43043765,5.02E-07,596.968181,20.86396103,13.96969953,15.60269269,11.47487373,7.166777066,10.04690372,5.759933294,9.182303547,3.512378559,6.252360626,2.024606469,3.734188762,-0.64,108815.5545,25.36,9.033702077,7.937052261,147.5366489,13.34729494,6.544756406,20.04658231,0,0,11.016661,0,16.83559397,26.34249029,0,0,19.26246487,7.109797541,26.74406676,52.39797807,20.04658231,0,0,0,30.27912587,40.39862071,4.127401125,0,0,0,26.34249029,0,0,72.73390654,24.78344526,0,19.26246487,0,0,4.127401125,0,91.61,31.06324331,43.17808425,0,0,0,10.73428309,43.37976494,7.109797541,0,7.047671983,4.736862954,115.5066497,0,0,0,-12.40611111,0,0,4.237351899,4.805277778,-9.309834892,1,26,0,7,0,1,1,0,0,0,5,0,15,5,0,1,1,1,2.3226,79.821,0,0,0,0,0,0,0,0,0,0,0,0,0,0,0,2,0,0,0,1,1,0,0,0,0,6,0,0,0,0,0,0,0,0,0,0,0,0,0,0,0,1,0,0,6,0,0,0,0,0,0,0,0,0,0,1,0,0,0,0,0,0,0,0,0,0,0,0,0,1,0,0,0,0,1,0,2,0,0,0,0,0,0,0,0,28,COCC[N+]1(C)CCCCC1.O=S(=O)([N-]S(=O)(=O)C(F)(F)F)C(F)(F)F,318.15,0.076961041
11.43842593,11.43842593,0.777777778,-6.721527778,0.485404428,18.76923077,438.412,418.252,438.0717831,158,0,0.4802902,-0.420674932,0.4802902,0.420674932,0.884615385,1.269230769,1.576923077,32.28904425,10.09964016,2.464550671,-2.370174386,2.356463534,-2.491483879,8.125010822,-0.913825534,2.43043765,5.02E-07,596.968181,20.86396103,13.96969953,15.60269269,11.47487373,7.166777066,10.04690372,5.759933294,9.182303547,3.512378559,6.252360626,2.024606469,3.734188762,-0.64,108815.5545,25.36,9.033702077,7.937052261,147.5366489,13.34729494,6.544756406,20.04658231,0,0,11.016661,0,16.83559397,26.34249029,0,0,19.26246487,7.109797541,26.74406676,52.39797807,20.04658231,0,0,0,30.27912587,40.39862071,4.127401125,0,0,0,26.34249029,0,0,72.73390654,24.78344526,0,19.26246487,0,0,4.127401125,0,91.61,31.06324331,43.17808425,0,0,0,10.73428309,43.37976494,7.109797541,0,7.047671983,4.736862954,115.5066497,0,0,0,-12.40611111,0,0,4.237351899,4.805277778,-9.309834892,1,26,0,7,0,1,1,0,0,0,5,0,15,5,0,1,1,1,2.3226,79.821,0,0,0,0,0,0,0,0,0,0,0,0,0,0,0,2,0,0,0,1,1,0,0,0,0,6,0,0,0,0,0,0,0,0,0,0,0,0,0,0,0,1,0,0,6,0,0,0,0,0,0,0,0,0,0,1,0,0,0,0,0,0,0,0,0,0,0,0,0,1,0,0,0,0,1,0,2,0,0,0,0,0,0,0,0,28,COCC[N+]1(C)CCCCC1.O=S(=O)([N-]S(=O)(=O)C(F)(F)F)C(F)(F)F,328.15,0.09531018
11.43842593,11.43842593,0.777777778,-6.721527778,0.485404428,18.76923077,438.412,418.252,438.0717831,158,0,0.4802902,-0.420674932,0.4802902,0.420674932,0.884615385,1.269230769,1.576923077,32.28904425,10.09964016,2.464550671,-2.370174386,2.356463534,-2.491483879,8.125010822,-0.913825534,2.43043765,5.02E-07,596.968181,20.86396103,13.96969953,15.60269269,11.47487373,7.166777066,10.04690372,5.759933294,9.182303547,3.512378559,6.252360626,2.024606469,3.734188762,-0.64,108815.5545,25.36,9.033702077,7.937052261,147.5366489,13.34729494,6.544756406,20.04658231,0,0,11.016661,0,16.83559397,26.34249029,0,0,19.26246487,7.109797541,26.74406676,52.39797807,20.04658231,0,0,0,30.27912587,40.39862071,4.127401125,0,0,0,26.34249029,0,0,72.73390654,24.78344526,0,19.26246487,0,0,4.127401125,0,91.61,31.06324331,43.17808425,0,0,0,10.73428309,43.37976494,7.109797541,0,7.047671983,4.736862954,115.5066497,0,0,0,-12.40611111,0,0,4.237351899,4.805277778,-9.309834892,1,26,0,7,0,1,1,0,0,0,5,0,15,5,0,1,1,1,2.3226,79.821,0,0,0,0,0,0,0,0,0,0,0,0,0,0,0,2,0,0,0,1,1,0,0,0,0,6,0,0,0,0,0,0,0,0,0,0,0,0,0,0,0,1,0,0,6,0,0,0,0,0,0,0,0,0,0,1,0,0,0,0,0,0,0,0,0,0,0,0,0,1,0,0,0,0,1,0,2,0,0,0,0,0,0,0,0,28,COCC[N+]1(C)CCCCC1.O=S(=O)([N-]S(=O)(=O)C(F)(F)F)C(F)(F)F,338.15,0.122217633
11.43842593,11.43842593,0.777777778,-6.721527778,0.485404428,18.76923077,438.412,418.252,438.0717831,158,0,0.4802902,-0.420674932,0.4802902,0.420674932,0.884615385,1.269230769,1.576923077,32.28904425,10.09964016,2.464550671,-2.370174386,2.356463534,-2.491483879,8.125010822,-0.913825534,2.43043765,5.02E-07,596.968181,20.86396103,13.96969953,15.60269269,11.47487373,7.166777066,10.04690372,5.759933294,9.182303547,3.512378559,6.252360626,2.024606469,3.734188762,-0.64,108815.5545,25.36,9.033702077,7.937052261,147.5366489,13.34729494,6.544756406,20.04658231,0,0,11.016661,0,16.83559397,26.34249029,0,0,19.26246487,7.109797541,26.74406676,52.39797807,20.04658231,0,0,0,30.27912587,40.39862071,4.127401125,0,0,0,26.34249029,0,0,72.73390654,24.78344526,0,19.26246487,0,0,4.127401125,0,91.61,31.06324331,43.17808425,0,0,0,10.73428309,43.37976494,7.109797541,0,7.047671983,4.736862954,115.5066497,0,0,0,-12.40611111,0,0,4.237351899,4.805277778,-9.309834892,1,26,0,7,0,1,1,0,0,0,5,0,15,5,0,1,1,1,2.3226,79.821,0,0,0,0,0,0,0,0,0,0,0,0,0,0,0,2,0,0,0,1,1,0,0,0,0,6,0,0,0,0,0,0,0,0,0,0,0,0,0,0,0,1,0,0,6,0,0,0,0,0,0,0,0,0,0,1,0,0,0,0,0,0,0,0,0,0,0,0,0,1,0,0,0,0,1,0,2,0,0,0,0,0,0,0,0,28,COCC[N+]1(C)CCCCC1.O=S(=O)([N-]S(=O)(=O)C(F)(F)F)C(F)(F)F,348.15,0.131028262
11.43842593,11.43842593,0.777777778,-6.721527778,0.485404428,18.76923077,438.412,418.252,438.0717831,158,0,0.4802902,-0.420674932,0.4802902,0.420674932,0.884615385,1.269230769,1.576923077,32.28904425,10.09964016,2.464550671,-2.370174386,2.356463534,-2.491483879,8.125010822,-0.913825534,2.43043765,5.02E-07,596.968181,20.86396103,13.96969953,15.60269269,11.47487373,7.166777066,10.04690372,5.759933294,9.182303547,3.512378559,6.252360626,2.024606469,3.734188762,-0.64,108815.5545,25.36,9.033702077,7.937052261,147.5366489,13.34729494,6.544756406,20.04658231,0,0,11.016661,0,16.83559397,26.34249029,0,0,19.26246487,7.109797541,26.74406676,52.39797807,20.04658231,0,0,0,30.27912587,40.39862071,4.127401125,0,0,0,26.34249029,0,0,72.73390654,24.78344526,0,19.26246487,0,0,4.127401125,0,91.61,31.06324331,43.17808425,0,0,0,10.73428309,43.37976494,7.109797541,0,7.047671983,4.736862954,115.5066497,0,0,0,-12.40611111,0,0,4.237351899,4.805277778,-9.309834892,1,26,0,7,0,1,1,0,0,0,5,0,15,5,0,1,1,1,2.3226,79.821,0,0,0,0,0,0,0,0,0,0,0,0,0,0,0,2,0,0,0,1,1,0,0,0,0,6,0,0,0,0,0,0,0,0,0,0,0,0,0,0,0,1,0,0,6,0,0,0,0,0,0,0,0,0,0,1,0,0,0,0,0,0,0,0,0,0,0,0,0,1,0,0,0,0,1,0,2,0,0,0,0,0,0,0,0,28,COCC[N+]1(C)CCCCC1.O=S(=O)([N-]S(=O)(=O)C(F)(F)F)C(F)(F)F,358.15,0.148420005
11.43842593,11.43842593,0.777777778,-6.721527778,0.485404428,18.76923077,438.412,418.252,438.0717831,158,0,0.4802902,-0.420674932,0.4802902,0.420674932,0.884615385,1.269230769,1.576923077,32.28904425,10.09964016,2.464550671,-2.370174386,2.356463534,-2.491483879,8.125010822,-0.913825534,2.43043765,5.02E-07,596.968181,20.86396103,13.96969953,15.60269269,11.47487373,7.166777066,10.04690372,5.759933294,9.182303547,3.512378559,6.252360626,2.024606469,3.734188762,-0.64,108815.5545,25.36,9.033702077,7.937052261,147.5366489,13.34729494,6.544756406,20.04658231,0,0,11.016661,0,16.83559397,26.34249029,0,0,19.26246487,7.109797541,26.74406676,52.39797807,20.04658231,0,0,0,30.27912587,40.39862071,4.127401125,0,0,0,26.34249029,0,0,72.73390654,24.78344526,0,19.26246487,0,0,4.127401125,0,91.61,31.06324331,43.17808425,0,0,0,10.73428309,43.37976494,7.109797541,0,7.047671983,4.736862954,115.5066497,0,0,0,-12.40611111,0,0,4.237351899,4.805277778,-9.309834892,1,26,0,7,0,1,1,0,0,0,5,0,15,5,0,1,1,1,2.3226,79.821,0,0,0,0,0,0,0,0,0,0,0,0,0,0,0,2,0,0,0,1,1,0,0,0,0,6,0,0,0,0,0,0,0,0,0,0,0,0,0,0,0,1,0,0,6,0,0,0,0,0,0,0,0,0,0,1,0,0,0,0,0,0,0,0,0,0,0,0,0,1,0,0,0,0,1,0,2,0,0,0,0,0,0,0,0,28,COCC[N+]1(C)CCCCC1.O=S(=O)([N-]S(=O)(=O)C(F)(F)F)C(F)(F)F,368.15,0.173953307
15.00578704,13.38136574,0.913194444,-15.00578704,0.168316686,20.66666667,603.269,583.109,603.0995089,222,0,,,,,0.583333333,0.861111111,1.083333333,,,,,,,,,2.641148102,9.18E-07,691.7360317,29.56510254,18.05578346,18.95021065,15.35488426,9.355466812,11.7112927,8.248507912,12.5089374,5.552130326,9.9083913,3.151531573,5.832777355,-0.91,4684931.891,35.09,9.087407273,4.597595782,190.5328212,9.219893811,6.544756406,0,0,0,120.8430761,0,0,0,0,0,19.26246487,7.109797541,26.74406676,87.66683643,6.876385235,0,0,0,54.78221314,40.39862071,0,0,0,0,78.44694261,0,6.876385235,80.40139983,4.736862954,0,19.26246487,0,0,0,0,9.23,42.39613351,78.44694261,0,0,0,6.606881965,43.37976494,7.109797541,0,7.047671983,4.736862954,228.7414722,0,0,0,-29.26277778,0,0,-21.87436878,-10.20050926,4.133220663,1,36,0,2,0,1,1,0,0,0,1,0,21,6,0,1,1,1,8.4575,89.7624,0,0,0,0,0,0,0,0,0,0,0,0,0,0,0,1,0,0,0,1,1,0,0,0,0,15,0,0,0,0,0,0,0,0,0,0,0,0,0,0,0,1,0,0,18,0,0,0,0,0,0,0,0,0,0,1,0,0,0,0,0,0,0,0,0,0,0,0,0,1,0,0,0,0,1,0,0,0,0,0,0,0,0,0,0,29,COCC[N+]1(C)CCCCC1.FC(F)(F)C(F)(F)[P-](F)(F)(F)(C(F)(F)C(F)(F)F)C(F)(F)C(F)(F)F,318.15,-0.415515444
15.00578704,13.38136574,0.913194444,-15.00578704,0.168316686,20.66666667,603.269,583.109,603.0995089,222,0,,,,,0.583333333,0.861111111,1.083333333,,,,,,,,,2.641148102,9.18E-07,691.7360317,29.56510254,18.05578346,18.95021065,15.35488426,9.355466812,11.7112927,8.248507912,12.5089374,5.552130326,9.9083913,3.151531573,5.832777355,-0.91,4684931.891,35.09,9.087407273,4.597595782,190.5328212,9.219893811,6.544756406,0,0,0,120.8430761,0,0,0,0,0,19.26246487,7.109797541,26.74406676,87.66683643,6.876385235,0,0,0,54.78221314,40.39862071,0,0,0,0,78.44694261,0,6.876385235,80.40139983,4.736862954,0,19.26246487,0,0,0,0,9.23,42.39613351,78.44694261,0,0,0,6.606881965,43.37976494,7.109797541,0,7.047671983,4.736862954,228.7414722,0,0,0,-29.26277778,0,0,-21.87436878,-10.20050926,4.133220663,1,36,0,2,0,1,1,0,0,0,1,0,21,6,0,1,1,1,8.4575,89.7624,0,0,0,0,0,0,0,0,0,0,0,0,0,0,0,1,0,0,0,1,1,0,0,0,0,15,0,0,0,0,0,0,0,0,0,0,0,0,0,0,0,1,0,0,18,0,0,0,0,0,0,0,0,0,0,1,0,0,0,0,0,0,0,0,0,0,0,0,0,1,0,0,0,0,1,0,0,0,0,0,0,0,0,0,0,29,COCC[N+]1(C)CCCCC1.FC(F)(F)C(F)(F)[P-](F)(F)(F)(C(F)(F)C(F)(F)F)C(F)(F)C(F)(F)F,328.15,-0.348140041
15.00578704,13.38136574,0.913194444,-15.00578704,0.168316686,20.66666667,603.269,583.109,603.0995089,222,0,,,,,0.583333333,0.861111111,1.083333333,,,,,,,,,2.641148102,9.18E-07,691.7360317,29.56510254,18.05578346,18.95021065,15.35488426,9.355466812,11.7112927,8.248507912,12.5089374,5.552130326,9.9083913,3.151531573,5.832777355,-0.91,4684931.891,35.09,9.087407273,4.597595782,190.5328212,9.219893811,6.544756406,0,0,0,120.8430761,0,0,0,0,0,19.26246487,7.109797541,26.74406676,87.66683643,6.876385235,0,0,0,54.78221314,40.39862071,0,0,0,0,78.44694261,0,6.876385235,80.40139983,4.736862954,0,19.26246487,0,0,0,0,9.23,42.39613351,78.44694261,0,0,0,6.606881965,43.37976494,7.109797541,0,7.047671983,4.736862954,228.7414722,0,0,0,-29.26277778,0,0,-21.87436878,-10.20050926,4.133220663,1,36,0,2,0,1,1,0,0,0,1,0,21,6,0,1,1,1,8.4575,89.7624,0,0,0,0,0,0,0,0,0,0,0,0,0,0,0,1,0,0,0,1,1,0,0,0,0,15,0,0,0,0,0,0,0,0,0,0,0,0,0,0,0,1,0,0,18,0,0,0,0,0,0,0,0,0,0,1,0,0,0,0,0,0,0,0,0,0,0,0,0,1,0,0,0,0,1,0,0,0,0,0,0,0,0,0,0,29,COCC[N+]1(C)CCCCC1.FC(F)(F)C(F)(F)[P-](F)(F)(F)(C(F)(F)C(F)(F)F)C(F)(F)C(F)(F)F,338.15,-0.285018955
15.00578704,13.38136574,0.913194444,-15.00578704,0.168316686,20.66666667,603.269,583.109,603.0995089,222,0,,,,,0.583333333,0.861111111,1.083333333,,,,,,,,,2.641148102,9.18E-07,691.7360317,29.56510254,18.05578346,18.95021065,15.35488426,9.355466812,11.7112927,8.248507912,12.5089374,5.552130326,9.9083913,3.151531573,5.832777355,-0.91,4684931.891,35.09,9.087407273,4.597595782,190.5328212,9.219893811,6.544756406,0,0,0,120.8430761,0,0,0,0,0,19.26246487,7.109797541,26.74406676,87.66683643,6.876385235,0,0,0,54.78221314,40.39862071,0,0,0,0,78.44694261,0,6.876385235,80.40139983,4.736862954,0,19.26246487,0,0,0,0,9.23,42.39613351,78.44694261,0,0,0,6.606881965,43.37976494,7.109797541,0,7.047671983,4.736862954,228.7414722,0,0,0,-29.26277778,0,0,-21.87436878,-10.20050926,4.133220663,1,36,0,2,0,1,1,0,0,0,1,0,21,6,0,1,1,1,8.4575,89.7624,0,0,0,0,0,0,0,0,0,0,0,0,0,0,0,1,0,0,0,1,1,0,0,0,0,15,0,0,0,0,0,0,0,0,0,0,0,0,0,0,0,1,0,0,18,0,0,0,0,0,0,0,0,0,0,1,0,0,0,0,0,0,0,0,0,0,0,0,0,1,0,0,0,0,1,0,0,0,0,0,0,0,0,0,0,29,COCC[N+]1(C)CCCCC1.FC(F)(F)C(F)(F)[P-](F)(F)(F)(C(F)(F)C(F)(F)F)C(F)(F)C(F)(F)F,348.15,-0.216913002
15.00578704,13.38136574,0.913194444,-15.00578704,0.168316686,20.66666667,603.269,583.109,603.0995089,222,0,,,,,0.583333333,0.861111111,1.083333333,,,,,,,,,2.641148102,9.18E-07,691.7360317,29.56510254,18.05578346,18.95021065,15.35488426,9.355466812,11.7112927,8.248507912,12.5089374,5.552130326,9.9083913,3.151531573,5.832777355,-0.91,4684931.891,35.09,9.087407273,4.597595782,190.5328212,9.219893811,6.544756406,0,0,0,120.8430761,0,0,0,0,0,19.26246487,7.109797541,26.74406676,87.66683643,6.876385235,0,0,0,54.78221314,40.39862071,0,0,0,0,78.44694261,0,6.876385235,80.40139983,4.736862954,0,19.26246487,0,0,0,0,9.23,42.39613351,78.44694261,0,0,0,6.606881965,43.37976494,7.109797541,0,7.047671983,4.736862954,228.7414722,0,0,0,-29.26277778,0,0,-21.87436878,-10.20050926,4.133220663,1,36,0,2,0,1,1,0,0,0,1,0,21,6,0,1,1,1,8.4575,89.7624,0,0,0,0,0,0,0,0,0,0,0,0,0,0,0,1,0,0,0,1,1,0,0,0,0,15,0,0,0,0,0,0,0,0,0,0,0,0,0,0,0,1,0,0,18,0,0,0,0,0,0,0,0,0,0,1,0,0,0,0,0,0,0,0,0,0,0,0,0,1,0,0,0,0,1,0,0,0,0,0,0,0,0,0,0,29,COCC[N+]1(C)CCCCC1.FC(F)(F)C(F)(F)[P-](F)(F)(F)(C(F)(F)C(F)(F)F)C(F)(F)C(F)(F)F,358.15,-0.163696093
15.00578704,13.38136574,0.913194444,-15.00578704,0.168316686,20.66666667,603.269,583.109,603.0995089,222,0,,,,,0.583333333,0.861111111,1.083333333,,,,,,,,,2.641148102,9.18E-07,691.7360317,29.56510254,18.05578346,18.95021065,15.35488426,9.355466812,11.7112927,8.248507912,12.5089374,5.552130326,9.9083913,3.151531573,5.832777355,-0.91,4684931.891,35.09,9.087407273,4.597595782,190.5328212,9.219893811,6.544756406,0,0,0,120.8430761,0,0,0,0,0,19.26246487,7.109797541,26.74406676,87.66683643,6.876385235,0,0,0,54.78221314,40.39862071,0,0,0,0,78.44694261,0,6.876385235,80.40139983,4.736862954,0,19.26246487,0,0,0,0,9.23,42.39613351,78.44694261,0,0,0,6.606881965,43.37976494,7.109797541,0,7.047671983,4.736862954,228.7414722,0,0,0,-29.26277778,0,0,-21.87436878,-10.20050926,4.133220663,1,36,0,2,0,1,1,0,0,0,1,0,21,6,0,1,1,1,8.4575,89.7624,0,0,0,0,0,0,0,0,0,0,0,0,0,0,0,1,0,0,0,1,1,0,0,0,0,15,0,0,0,0,0,0,0,0,0,0,0,0,0,0,0,1,0,0,18,0,0,0,0,0,0,0,0,0,0,1,0,0,0,0,0,0,0,0,0,0,0,0,0,1,0,0,0,0,1,0,0,0,0,0,0,0,0,0,0,29,COCC[N+]1(C)CCCCC1.FC(F)(F)C(F)(F)[P-](F)(F)(F)(C(F)(F)C(F)(F)F)C(F)(F)C(F)(F)F,368.15,-0.104250021
15.00578704,13.38136574,0.203055556,-15.00578704,0.243943018,16.94117647,572.171,561.083,572.0321576,206,0,,,,,0.676470588,0.970588235,1.147058824,,,,,,,,,2.968917955,9.99E-07,793.6228937,28.09848273,15.73847927,16.63290646,14.41281581,7.708444514,10.06427041,6.44523897,10.70566846,4.002919279,8.359180253,2.090077556,4.771323339,-1.66,2183603.529,32.34,7.923545084,3.852246508,174.9657286,5.106527395,18.93844355,0,6.327320075,0,120.8430761,0,9.134199296,0,0,0,0,0,13.65455395,88.12056966,6.876385235,0,4.567099648,7.047671983,42.06450468,6.606881965,18.72100722,0,0,4.567099648,78.44694261,0,6.876385235,51.80025728,13.59242839,0,0,18.72100722,0,0,0,29.04,42.39613351,78.44694261,0,6.606881965,6.544756406,0,0,0,34.9028785,0,5.106527395,226.288017,0,0,8.498854875,-29.26277778,0,0,-20.31797068,-14.12134259,1.952256236,0.75,34,1,3,0,0,0,0,1,1,2,1,22,5,0,0,0,1,6.4991,75.9438,0,1,1,0,0,2,0,0,0,0,0,0,0,0,0,2,0,0,0,0,0,0,0,0,0,15,0,0,0,0,1,0,0,0,0,0,0,0,0,0,0,0,0,0,18,0,0,1,0,0,0,0,0,0,0,0,0,0,0,0,0,0,0,0,0,0,0,0,0,0,0,0,0,0,0,0,0,0,0,0,0,0,0,0,0,30,C[n+]1ccn(CCO)c1.FC(F)(F)C(F)(F)[P-](F)(F)(F)(C(F)(F)C(F)(F)F)C(F)(F)C(F)(F)F,318.15,0.482426149
15.00578704,13.38136574,0.203055556,-15.00578704,0.243943018,16.94117647,572.171,561.083,572.0321576,206,0,,,,,0.676470588,0.970588235,1.147058824,,,,,,,,,2.968917955,9.99E-07,793.6228937,28.09848273,15.73847927,16.63290646,14.41281581,7.708444514,10.06427041,6.44523897,10.70566846,4.002919279,8.359180253,2.090077556,4.771323339,-1.66,2183603.529,32.34,7.923545084,3.852246508,174.9657286,5.106527395,18.93844355,0,6.327320075,0,120.8430761,0,9.134199296,0,0,0,0,0,13.65455395,88.12056966,6.876385235,0,4.567099648,7.047671983,42.06450468,6.606881965,18.72100722,0,0,4.567099648,78.44694261,0,6.876385235,51.80025728,13.59242839,0,0,18.72100722,0,0,0,29.04,42.39613351,78.44694261,0,6.606881965,6.544756406,0,0,0,34.9028785,0,5.106527395,226.288017,0,0,8.498854875,-29.26277778,0,0,-20.31797068,-14.12134259,1.952256236,0.75,34,1,3,0,0,0,0,1,1,2,1,22,5,0,0,0,1,6.4991,75.9438,0,1,1,0,0,2,0,0,0,0,0,0,0,0,0,2,0,0,0,0,0,0,0,0,0,15,0,0,0,0,1,0,0,0,0,0,0,0,0,0,0,0,0,0,18,0,0,1,0,0,0,0,0,0,0,0,0,0,0,0,0,0,0,0,0,0,0,0,0,0,0,0,0,0,0,0,0,0,0,0,0,0,0,0,0,30,C[n+]1ccn(CCO)c1.FC(F)(F)C(F)(F)[P-](F)(F)(F)(C(F)(F)C(F)(F)F)C(F)(F)C(F)(F)F,328.15,0.524728529
15.00578704,13.38136574,0.203055556,-15.00578704,0.243943018,16.94117647,572.171,561.083,572.0321576,206,0,,,,,0.676470588,0.970588235,1.147058824,,,,,,,,,2.968917955,9.99E-07,793.6228937,28.09848273,15.73847927,16.63290646,14.41281581,7.708444514,10.06427041,6.44523897,10.70566846,4.002919279,8.359180253,2.090077556,4.771323339,-1.66,2183603.529,32.34,7.923545084,3.852246508,174.9657286,5.106527395,18.93844355,0,6.327320075,0,120.8430761,0,9.134199296,0,0,0,0,0,13.65455395,88.12056966,6.876385235,0,4.567099648,7.047671983,42.06450468,6.606881965,18.72100722,0,0,4.567099648,78.44694261,0,6.876385235,51.80025728,13.59242839,0,0,18.72100722,0,0,0,29.04,42.39613351,78.44694261,0,6.606881965,6.544756406,0,0,0,34.9028785,0,5.106527395,226.288017,0,0,8.498854875,-29.26277778,0,0,-20.31797068,-14.12134259,1.952256236,0.75,34,1,3,0,0,0,0,1,1,2,1,22,5,0,0,0,1,6.4991,75.9438,0,1,1,0,0,2,0,0,0,0,0,0,0,0,0,2,0,0,0,0,0,0,0,0,0,15,0,0,0,0,1,0,0,0,0,0,0,0,0,0,0,0,0,0,18,0,0,1,0,0,0,0,0,0,0,0,0,0,0,0,0,0,0,0,0,0,0,0,0,0,0,0,0,0,0,0,0,0,0,0,0,0,0,0,0,30,C[n+]1ccn(CCO)c1.FC(F)(F)C(F)(F)[P-](F)(F)(F)(C(F)(F)C(F)(F)F)C(F)(F)C(F)(F)F,338.15,0.565313809
15.00578704,13.38136574,0.203055556,-15.00578704,0.243943018,16.94117647,572.171,561.083,572.0321576,206,0,,,,,0.676470588,0.970588235,1.147058824,,,,,,,,,2.968917955,9.99E-07,793.6228937,28.09848273,15.73847927,16.63290646,14.41281581,7.708444514,10.06427041,6.44523897,10.70566846,4.002919279,8.359180253,2.090077556,4.771323339,-1.66,2183603.529,32.34,7.923545084,3.852246508,174.9657286,5.106527395,18.93844355,0,6.327320075,0,120.8430761,0,9.134199296,0,0,0,0,0,13.65455395,88.12056966,6.876385235,0,4.567099648,7.047671983,42.06450468,6.606881965,18.72100722,0,0,4.567099648,78.44694261,0,6.876385235,51.80025728,13.59242839,0,0,18.72100722,0,0,0,29.04,42.39613351,78.44694261,0,6.606881965,6.544756406,0,0,0,34.9028785,0,5.106527395,226.288017,0,0,8.498854875,-29.26277778,0,0,-20.31797068,-14.12134259,1.952256236,0.75,34,1,3,0,0,0,0,1,1,2,1,22,5,0,0,0,1,6.4991,75.9438,0,1,1,0,0,2,0,0,0,0,0,0,0,0,0,2,0,0,0,0,0,0,0,0,0,15,0,0,0,0,1,0,0,0,0,0,0,0,0,0,0,0,0,0,18,0,0,1,0,0,0,0,0,0,0,0,0,0,0,0,0,0,0,0,0,0,0,0,0,0,0,0,0,0,0,0,0,0,0,0,0,0,0,0,0,30,C[n+]1ccn(CCO)c1.FC(F)(F)C(F)(F)[P-](F)(F)(F)(C(F)(F)C(F)(F)F)C(F)(F)C(F)(F)F,348.15,0.604315967
15.00578704,13.38136574,0.203055556,-15.00578704,0.243943018,16.94117647,572.171,561.083,572.0321576,206,0,,,,,0.676470588,0.970588235,1.147058824,,,,,,,,,2.968917955,9.99E-07,793.6228937,28.09848273,15.73847927,16.63290646,14.41281581,7.708444514,10.06427041,6.44523897,10.70566846,4.002919279,8.359180253,2.090077556,4.771323339,-1.66,2183603.529,32.34,7.923545084,3.852246508,174.9657286,5.106527395,18.93844355,0,6.327320075,0,120.8430761,0,9.134199296,0,0,0,0,0,13.65455395,88.12056966,6.876385235,0,4.567099648,7.047671983,42.06450468,6.606881965,18.72100722,0,0,4.567099648,78.44694261,0,6.876385235,51.80025728,13.59242839,0,0,18.72100722,0,0,0,29.04,42.39613351,78.44694261,0,6.606881965,6.544756406,0,0,0,34.9028785,0,5.106527395,226.288017,0,0,8.498854875,-29.26277778,0,0,-20.31797068,-14.12134259,1.952256236,0.75,34,1,3,0,0,0,0,1,1,2,1,22,5,0,0,0,1,6.4991,75.9438,0,1,1,0,0,2,0,0,0,0,0,0,0,0,0,2,0,0,0,0,0,0,0,0,0,15,0,0,0,0,1,0,0,0,0,0,0,0,0,0,0,0,0,0,18,0,0,1,0,0,0,0,0,0,0,0,0,0,0,0,0,0,0,0,0,0,0,0,0,0,0,0,0,0,0,0,0,0,0,0,0,0,0,0,0,30,C[n+]1ccn(CCO)c1.FC(F)(F)C(F)(F)[P-](F)(F)(F)(C(F)(F)C(F)(F)F)C(F)(F)C(F)(F)F,358.15,0.641853886
15.00578704,13.38136574,0.203055556,-15.00578704,0.243943018,16.94117647,572.171,561.083,572.0321576,206,0,,,,,0.676470588,0.970588235,1.147058824,,,,,,,,,2.968917955,9.99E-07,793.6228937,28.09848273,15.73847927,16.63290646,14.41281581,7.708444514,10.06427041,6.44523897,10.70566846,4.002919279,8.359180253,2.090077556,4.771323339,-1.66,2183603.529,32.34,7.923545084,3.852246508,174.9657286,5.106527395,18.93844355,0,6.327320075,0,120.8430761,0,9.134199296,0,0,0,0,0,13.65455395,88.12056966,6.876385235,0,4.567099648,7.047671983,42.06450468,6.606881965,18.72100722,0,0,4.567099648,78.44694261,0,6.876385235,51.80025728,13.59242839,0,0,18.72100722,0,0,0,29.04,42.39613351,78.44694261,0,6.606881965,6.544756406,0,0,0,34.9028785,0,5.106527395,226.288017,0,0,8.498854875,-29.26277778,0,0,-20.31797068,-14.12134259,1.952256236,0.75,34,1,3,0,0,0,0,1,1,2,1,22,5,0,0,0,1,6.4991,75.9438,0,1,1,0,0,2,0,0,0,0,0,0,0,0,0,2,0,0,0,0,0,0,0,0,0,15,0,0,0,0,1,0,0,0,0,0,0,0,0,0,0,0,0,0,18,0,0,1,0,0,0,0,0,0,0,0,0,0,0,0,0,0,0,0,0,0,0,0,0,0,0,0,0,0,0,0,0,0,0,0,0,0,0,0,0,30,C[n+]1ccn(CCO)c1.FC(F)(F)C(F)(F)[P-](F)(F)(F)(C(F)(F)C(F)(F)F)C(F)(F)C(F)(F)F,368.15,0.678033543
15.00578704,13.38136574,0.913194444,-15.00578704,0.173146817,20.57142857,589.242,571.098,589.0838588,216,0,,,,,0.6,0.857142857,1.057142857,,,,,,,,,3.037497754,9.52E-07,675.5362116,28.85799576,17.34867668,18.24310387,14.85488426,8.855466812,11.2112927,7.894954521,12.15538401,5.302130326,9.6583913,2.974754878,5.65600066,-0.91,3449625.45,34.09,8.560815681,4.417546848,184.1678791,9.219893811,6.544756406,0,0,0,120.8430761,0,0,0,0,0,0,19.95144079,26.74406676,87.66683643,6.876385235,0,0,0,48.36139152,40.39862071,0,0,0,0,78.44694261,0,6.876385235,80.40139983,4.736862954,0,12.84164325,0,0,0,0,9.23,42.39613351,78.44694261,0,0,0,6.606881965,36.95894332,7.109797541,0,7.047671983,4.736862954,228.7006559,0,0,0,-29.26277778,0,0,-23.30573995,-10.20050926,4.105408163,1,35,0,2,0,1,1,0,0,0,1,0,21,6,0,1,1,1,8.0674,85.1454,0,0,0,0,0,0,0,0,0,0,0,0,0,0,0,1,0,0,0,1,1,0,0,0,0,15,0,0,0,0,0,0,0,0,0,0,0,0,0,0,0,1,0,0,18,0,0,0,0,0,0,0,0,0,0,1,0,0,0,0,0,0,0,0,0,0,0,0,0,0,0,0,0,0,1,0,0,0,0,0,0,0,0,0,0,31,COCC[N+]1(C)CCCC1.FC(F)(F)C(F)(F)[P-](F)(F)(F)(C(F)(F)C(F)(F)F)C(F)(F)C(F)(F)F,318.15,-0.215671536
15.00578704,13.38136574,0.913194444,-15.00578704,0.173146817,20.57142857,589.242,571.098,589.0838588,216,0,,,,,0.6,0.857142857,1.057142857,,,,,,,,,3.037497754,9.52E-07,675.5362116,28.85799576,17.34867668,18.24310387,14.85488426,8.855466812,11.2112927,7.894954521,12.15538401,5.302130326,9.6583913,2.974754878,5.65600066,-0.91,3449625.45,34.09,8.560815681,4.417546848,184.1678791,9.219893811,6.544756406,0,0,0,120.8430761,0,0,0,0,0,0,19.95144079,26.74406676,87.66683643,6.876385235,0,0,0,48.36139152,40.39862071,0,0,0,0,78.44694261,0,6.876385235,80.40139983,4.736862954,0,12.84164325,0,0,0,0,9.23,42.39613351,78.44694261,0,0,0,6.606881965,36.95894332,7.109797541,0,7.047671983,4.736862954,228.7006559,0,0,0,-29.26277778,0,0,-23.30573995,-10.20050926,4.105408163,1,35,0,2,0,1,1,0,0,0,1,0,21,6,0,1,1,1,8.0674,85.1454,0,0,0,0,0,0,0,0,0,0,0,0,0,0,0,1,0,0,0,1,1,0,0,0,0,15,0,0,0,0,0,0,0,0,0,0,0,0,0,0,0,1,0,0,18,0,0,0,0,0,0,0,0,0,0,1,0,0,0,0,0,0,0,0,0,0,0,0,0,0,0,0,0,0,1,0,0,0,0,0,0,0,0,0,0,31,COCC[N+]1(C)CCCC1.FC(F)(F)C(F)(F)[P-](F)(F)(F)(C(F)(F)C(F)(F)F)C(F)(F)C(F)(F)F,328.15,-0.155484903
15.00578704,13.38136574,0.913194444,-15.00578704,0.173146817,20.57142857,589.242,571.098,589.0838588,216,0,,,,,0.6,0.857142857,1.057142857,,,,,,,,,3.037497754,9.52E-07,675.5362116,28.85799576,17.34867668,18.24310387,14.85488426,8.855466812,11.2112927,7.894954521,12.15538401,5.302130326,9.6583913,2.974754878,5.65600066,-0.91,3449625.45,34.09,8.560815681,4.417546848,184.1678791,9.219893811,6.544756406,0,0,0,120.8430761,0,0,0,0,0,0,19.95144079,26.74406676,87.66683643,6.876385235,0,0,0,48.36139152,40.39862071,0,0,0,0,78.44694261,0,6.876385235,80.40139983,4.736862954,0,12.84164325,0,0,0,0,9.23,42.39613351,78.44694261,0,0,0,6.606881965,36.95894332,7.109797541,0,7.047671983,4.736862954,228.7006559,0,0,0,-29.26277778,0,0,-23.30573995,-10.20050926,4.105408163,1,35,0,2,0,1,1,0,0,0,1,0,21,6,0,1,1,1,8.0674,85.1454,0,0,0,0,0,0,0,0,0,0,0,0,0,0,0,1,0,0,0,1,1,0,0,0,0,15,0,0,0,0,0,0,0,0,0,0,0,0,0,0,0,1,0,0,18,0,0,0,0,0,0,0,0,0,0,1,0,0,0,0,0,0,0,0,0,0,0,0,0,0,0,0,0,0,1,0,0,0,0,0,0,0,0,0,0,31,COCC[N+]1(C)CCCC1.FC(F)(F)C(F)(F)[P-](F)(F)(F)(C(F)(F)C(F)(F)F)C(F)(F)C(F)(F)F,338.15,-0.099820335
15.00578704,13.38136574,0.913194444,-15.00578704,0.173146817,20.57142857,589.242,571.098,589.0838588,216,0,,,,,0.6,0.857142857,1.057142857,,,,,,,,,3.037497754,9.52E-07,675.5362116,28.85799576,17.34867668,18.24310387,14.85488426,8.855466812,11.2112927,7.894954521,12.15538401,5.302130326,9.6583913,2.974754878,5.65600066,-0.91,3449625.45,34.09,8.560815681,4.417546848,184.1678791,9.219893811,6.544756406,0,0,0,120.8430761,0,0,0,0,0,0,19.95144079,26.74406676,87.66683643,6.876385235,0,0,0,48.36139152,40.39862071,0,0,0,0,78.44694261,0,6.876385235,80.40139983,4.736862954,0,12.84164325,0,0,0,0,9.23,42.39613351,78.44694261,0,0,0,6.606881965,36.95894332,7.109797541,0,7.047671983,4.736862954,228.7006559,0,0,0,-29.26277778,0,0,-23.30573995,-10.20050926,4.105408163,1,35,0,2,0,1,1,0,0,0,1,0,21,6,0,1,1,1,8.0674,85.1454,0,0,0,0,0,0,0,0,0,0,0,0,0,0,0,1,0,0,0,1,1,0,0,0,0,15,0,0,0,0,0,0,0,0,0,0,0,0,0,0,0,1,0,0,18,0,0,0,0,0,0,0,0,0,0,1,0,0,0,0,0,0,0,0,0,0,0,0,0,0,0,0,0,0,1,0,0,0,0,0,0,0,0,0,0,31,COCC[N+]1(C)CCCC1.FC(F)(F)C(F)(F)[P-](F)(F)(F)(C(F)(F)C(F)(F)F)C(F)(F)C(F)(F)F,348.15,-0.038740828
15.00578704,13.38136574,0.913194444,-15.00578704,0.173146817,20.57142857,589.242,571.098,589.0838588,216,0,,,,,0.6,0.857142857,1.057142857,,,,,,,,,3.037497754,9.52E-07,675.5362116,28.85799576,17.34867668,18.24310387,14.85488426,8.855466812,11.2112927,7.894954521,12.15538401,5.302130326,9.6583913,2.974754878,5.65600066,-0.91,3449625.45,34.09,8.560815681,4.417546848,184.1678791,9.219893811,6.544756406,0,0,0,120.8430761,0,0,0,0,0,0,19.95144079,26.74406676,87.66683643,6.876385235,0,0,0,48.36139152,40.39862071,0,0,0,0,78.44694261,0,6.876385235,80.40139983,4.736862954,0,12.84164325,0,0,0,0,9.23,42.39613351,78.44694261,0,0,0,6.606881965,36.95894332,7.109797541,0,7.047671983,4.736862954,228.7006559,0,0,0,-29.26277778,0,0,-23.30573995,-10.20050926,4.105408163,1,35,0,2,0,1,1,0,0,0,1,0,21,6,0,1,1,1,8.0674,85.1454,0,0,0,0,0,0,0,0,0,0,0,0,0,0,0,1,0,0,0,1,1,0,0,0,0,15,0,0,0,0,0,0,0,0,0,0,0,0,0,0,0,1,0,0,18,0,0,0,0,0,0,0,0,0,0,1,0,0,0,0,0,0,0,0,0,0,0,0,0,0,0,0,0,0,1,0,0,0,0,0,0,0,0,0,0,31,COCC[N+]1(C)CCCC1.FC(F)(F)C(F)(F)[P-](F)(F)(F)(C(F)(F)C(F)(F)F)C(F)(F)C(F)(F)F,358.15,0.019802627
15.00578704,13.38136574,0.913194444,-15.00578704,0.173146817,20.57142857,589.242,571.098,589.0838588,216,0,,,,,0.6,0.857142857,1.057142857,,,,,,,,,3.037497754,9.52E-07,675.5362116,28.85799576,17.34867668,18.24310387,14.85488426,8.855466812,11.2112927,7.894954521,12.15538401,5.302130326,9.6583913,2.974754878,5.65600066,-0.91,3449625.45,34.09,8.560815681,4.417546848,184.1678791,9.219893811,6.544756406,0,0,0,120.8430761,0,0,0,0,0,0,19.95144079,26.74406676,87.66683643,6.876385235,0,0,0,48.36139152,40.39862071,0,0,0,0,78.44694261,0,6.876385235,80.40139983,4.736862954,0,12.84164325,0,0,0,0,9.23,42.39613351,78.44694261,0,0,0,6.606881965,36.95894332,7.109797541,0,7.047671983,4.736862954,228.7006559,0,0,0,-29.26277778,0,0,-23.30573995,-10.20050926,4.105408163,1,35,0,2,0,1,1,0,0,0,1,0,21,6,0,1,1,1,8.0674,85.1454,0,0,0,0,0,0,0,0,0,0,0,0,0,0,0,1,0,0,0,1,1,0,0,0,0,15,0,0,0,0,0,0,0,0,0,0,0,0,0,0,0,1,0,0,18,0,0,0,0,0,0,0,0,0,0,1,0,0,0,0,0,0,0,0,0,0,0,0,0,0,0,0,0,0,1,0,0,0,0,0,0,0,0,0,0,31,COCC[N+]1(C)CCCC1.FC(F)(F)C(F)(F)[P-](F)(F)(F)(C(F)(F)C(F)(F)F)C(F)(F)C(F)(F)F,368.15,0.067658648
15.00578704,13.38136574,0.861944444,-15.00578704,0.169841969,17.47058824,577.231,559.087,577.0838588,212,0,,,,,0.588235294,0.823529412,0.970588235,,,,,,,,,2.567574819,0,633.7322504,28.73667542,17.22735634,18.12178353,14.20843765,8.193559423,10.54938532,7.373089677,11.63351917,4.577788677,8.934049651,1.837147775,4.518393557,-0.91,1138606.459,35.25289255,8.59026879,4.500097739,178.8087682,9.219893811,6.544756406,0,0,0,120.8430761,0,0,0,0,0,6.9237372,7.109797541,27.24698234,87.66683643,6.876385235,0,0,0,42.44348547,40.90153628,0,0,0,0,78.44694261,0,6.876385235,80.90431541,4.736862954,0,6.9237372,0,0,0,0,9.23,42.39613351,78.44694261,0,0,0,17.63466923,6.544756406,7.109797541,0,21.01908117,4.736862954,228.4306559,0,0,0,-29.26277778,0,0,-26.11172068,-9.679537037,6.160416667,1,34,0,2,0,0,0,0,0,0,1,0,21,7,0,0,0,0,7.9233,82.6424,0,0,0,0,0,0,0,0,0,0,0,0,0,0,0,1,0,0,0,1,0,0,0,0,0,15,0,0,0,0,0,0,0,0,0,0,0,0,0,0,0,1,0,0,18,0,0,0,0,0,0,0,0,0,0,1,0,0,0,0,0,0,0,0,0,0,0,0,0,0,0,0,0,0,1,0,0,0,0,0,0,0,0,0,0,32,CC[N+](C)(C)CCOC.FC(F)(F)C(F)(F)[P-](F)(F)(F)(C(F)(F)C(F)(F)F)C(F)(F)C(F)(F)F,318.15,0.048790164
15.00578704,13.38136574,0.861944444,-15.00578704,0.169841969,17.47058824,577.231,559.087,577.0838588,212,0,,,,,0.588235294,0.823529412,0.970588235,,,,,,,,,2.567574819,0,633.7322504,28.73667542,17.22735634,18.12178353,14.20843765,8.193559423,10.54938532,7.373089677,11.63351917,4.577788677,8.934049651,1.837147775,4.518393557,-0.91,1138606.459,35.25289255,8.59026879,4.500097739,178.8087682,9.219893811,6.544756406,0,0,0,120.8430761,0,0,0,0,0,6.9237372,7.109797541,27.24698234,87.66683643,6.876385235,0,0,0,42.44348547,40.90153628,0,0,0,0,78.44694261,0,6.876385235,80.90431541,4.736862954,0,6.9237372,0,0,0,0,9.23,42.39613351,78.44694261,0,0,0,17.63466923,6.544756406,7.109797541,0,21.01908117,4.736862954,228.4306559,0,0,0,-29.26277778,0,0,-26.11172068,-9.679537037,6.160416667,1,34,0,2,0,0,0,0,0,0,1,0,21,7,0,0,0,0,7.9233,82.6424,0,0,0,0,0,0,0,0,0,0,0,0,0,0,0,1,0,0,0,1,0,0,0,0,0,15,0,0,0,0,0,0,0,0,0,0,0,0,0,0,0,1,0,0,18,0,0,0,0,0,0,0,0,0,0,1,0,0,0,0,0,0,0,0,0,0,0,0,0,0,0,0,0,0,1,0,0,0,0,0,0,0,0,0,0,32,CC[N+](C)(C)CCOC.FC(F)(F)C(F)(F)[P-](F)(F)(F)(C(F)(F)C(F)(F)F)C(F)(F)C(F)(F)F,328.15,0.104360015
15.00578704,13.38136574,0.861944444,-15.00578704,0.169841969,17.47058824,577.231,559.087,577.0838588,212,0,,,,,0.588235294,0.823529412,0.970588235,,,,,,,,,2.567574819,0,633.7322504,28.73667542,17.22735634,18.12178353,14.20843765,8.193559423,10.54938532,7.373089677,11.63351917,4.577788677,8.934049651,1.837147775,4.518393557,-0.91,1138606.459,35.25289255,8.59026879,4.500097739,178.8087682,9.219893811,6.544756406,0,0,0,120.8430761,0,0,0,0,0,6.9237372,7.109797541,27.24698234,87.66683643,6.876385235,0,0,0,42.44348547,40.90153628,0,0,0,0,78.44694261,0,6.876385235,80.90431541,4.736862954,0,6.9237372,0,0,0,0,9.23,42.39613351,78.44694261,0,0,0,17.63466923,6.544756406,7.109797541,0,21.01908117,4.736862954,228.4306559,0,0,0,-29.26277778,0,0,-26.11172068,-9.679537037,6.160416667,1,34,0,2,0,0,0,0,0,0,1,0,21,7,0,0,0,0,7.9233,82.6424,0,0,0,0,0,0,0,0,0,0,0,0,0,0,0,1,0,0,0,1,0,0,0,0,0,15,0,0,0,0,0,0,0,0,0,0,0,0,0,0,0,1,0,0,18,0,0,0,0,0,0,0,0,0,0,1,0,0,0,0,0,0,0,0,0,0,0,0,0,0,0,0,0,0,1,0,0,0,0,0,0,0,0,0,0,32,CC[N+](C)(C)CCOC.FC(F)(F)C(F)(F)[P-](F)(F)(F)(C(F)(F)C(F)(F)F)C(F)(F)C(F)(F)F,338.15,0.157003749
15.00578704,13.38136574,0.861944444,-15.00578704,0.169841969,17.47058824,577.231,559.087,577.0838588,212,0,,,,,0.588235294,0.823529412,0.970588235,,,,,,,,,2.567574819,0,633.7322504,28.73667542,17.22735634,18.12178353,14.20843765,8.193559423,10.54938532,7.373089677,11.63351917,4.577788677,8.934049651,1.837147775,4.518393557,-0.91,1138606.459,35.25289255,8.59026879,4.500097739,178.8087682,9.219893811,6.544756406,0,0,0,120.8430761,0,0,0,0,0,6.9237372,7.109797541,27.24698234,87.66683643,6.876385235,0,0,0,42.44348547,40.90153628,0,0,0,0,78.44694261,0,6.876385235,80.90431541,4.736862954,0,6.9237372,0,0,0,0,9.23,42.39613351,78.44694261,0,0,0,17.63466923,6.544756406,7.109797541,0,21.01908117,4.736862954,228.4306559,0,0,0,-29.26277778,0,0,-26.11172068,-9.679537037,6.160416667,1,34,0,2,0,0,0,0,0,0,1,0,21,7,0,0,0,0,7.9233,82.6424,0,0,0,0,0,0,0,0,0,0,0,0,0,0,0,1,0,0,0,1,0,0,0,0,0,15,0,0,0,0,0,0,0,0,0,0,0,0,0,0,0,1,0,0,18,0,0,0,0,0,0,0,0,0,0,1,0,0,0,0,0,0,0,0,0,0,0,0,0,0,0,0,0,0,1,0,0,0,0,0,0,0,0,0,0,32,CC[N+](C)(C)CCOC.FC(F)(F)C(F)(F)[P-](F)(F)(F)(C(F)(F)C(F)(F)F)C(F)(F)C(F)(F)F,348.15,0.198850859
15.00578704,13.38136574,0.861944444,-15.00578704,0.169841969,17.47058824,577.231,559.087,577.0838588,212,0,,,,,0.588235294,0.823529412,0.970588235,,,,,,,,,2.567574819,0,633.7322504,28.73667542,17.22735634,18.12178353,14.20843765,8.193559423,10.54938532,7.373089677,11.63351917,4.577788677,8.934049651,1.837147775,4.518393557,-0.91,1138606.459,35.25289255,8.59026879,4.500097739,178.8087682,9.219893811,6.544756406,0,0,0,120.8430761,0,0,0,0,0,6.9237372,7.109797541,27.24698234,87.66683643,6.876385235,0,0,0,42.44348547,40.90153628,0,0,0,0,78.44694261,0,6.876385235,80.90431541,4.736862954,0,6.9237372,0,0,0,0,9.23,42.39613351,78.44694261,0,0,0,17.63466923,6.544756406,7.109797541,0,21.01908117,4.736862954,228.4306559,0,0,0,-29.26277778,0,0,-26.11172068,-9.679537037,6.160416667,1,34,0,2,0,0,0,0,0,0,1,0,21,7,0,0,0,0,7.9233,82.6424,0,0,0,0,0,0,0,0,0,0,0,0,0,0,0,1,0,0,0,1,0,0,0,0,0,15,0,0,0,0,0,0,0,0,0,0,0,0,0,0,0,1,0,0,18,0,0,0,0,0,0,0,0,0,0,1,0,0,0,0,0,0,0,0,0,0,0,0,0,0,0,0,0,0,1,0,0,0,0,0,0,0,0,0,0,32,CC[N+](C)(C)CCOC.FC(F)(F)C(F)(F)[P-](F)(F)(F)(C(F)(F)C(F)(F)F)C(F)(F)C(F)(F)F,358.15,0.246860078
15.00578704,13.38136574,0.861944444,-15.00578704,0.169841969,17.47058824,577.231,559.087,577.0838588,212,0,,,,,0.588235294,0.823529412,0.970588235,,,,,,,,,2.567574819,0,633.7322504,28.73667542,17.22735634,18.12178353,14.20843765,8.193559423,10.54938532,7.373089677,11.63351917,4.577788677,8.934049651,1.837147775,4.518393557,-0.91,1138606.459,35.25289255,8.59026879,4.500097739,178.8087682,9.219893811,6.544756406,0,0,0,120.8430761,0,0,0,0,0,6.9237372,7.109797541,27.24698234,87.66683643,6.876385235,0,0,0,42.44348547,40.90153628,0,0,0,0,78.44694261,0,6.876385235,80.90431541,4.736862954,0,6.9237372,0,0,0,0,9.23,42.39613351,78.44694261,0,0,0,17.63466923,6.544756406,7.109797541,0,21.01908117,4.736862954,228.4306559,0,0,0,-29.26277778,0,0,-26.11172068,-9.679537037,6.160416667,1,34,0,2,0,0,0,0,0,0,1,0,21,7,0,0,0,0,7.9233,82.6424,0,0,0,0,0,0,0,0,0,0,0,0,0,0,0,1,0,0,0,1,0,0,0,0,0,15,0,0,0,0,0,0,0,0,0,0,0,0,0,0,0,1,0,0,18,0,0,0,0,0,0,0,0,0,0,1,0,0,0,0,0,0,0,0,0,0,0,0,0,0,0,0,0,0,1,0,0,0,0,0,0,0,0,0,0,32,CC[N+](C)(C)CCOC.FC(F)(F)C(F)(F)[P-](F)(F)(F)(C(F)(F)C(F)(F)F)C(F)(F)C(F)(F)F,368.15,0.292669614
9.951388889,9.951388889,0.34375,-3.904320988,0.563320498,19.0625,255.251,233.075,255.1235594,98,0,0.266824377,-0.756134961,0.756134961,0.266824377,1.3125,1.75,2,31.20469091,10.39358405,2.247393132,-2.272751333,2.342410242,-2.423938799,7.453401411,-0.897465838,2.664933954,2.93E-07,221.9392345,12.65685425,10.21727464,11.11170183,7.389087297,5.258917984,6.719511471,4.033399631,5.658123565,2.732945053,3.627372244,1.638415311,1.78748651,0.03,2728.892369,16.03,7.374157752,6.57762221,96.99376174,23.53046418,6.544756406,0,0,7.822697123,0,4.565048285,0,0,0,0,0,27.06123833,26.74406676,28.09551246,7.822697123,0,0,0,12.84164325,47.50841825,0,0,0,4.893411603,0,0,7.822697123,57.0979765,13.61254261,0,12.84164325,0,0,0,0,78.82,7.822697123,9.458459888,0,0,6.606881965,25.24738235,25.93115606,0,0,16.09516631,5.106527395,18.77430556,0,9.951388889,8.67625,0,0,0,2.6875,3.817083333,0.399027778,1,16,1,6,0,1,1,0,0,0,5,1,7,4,0,1,1,1,-0.0333,58.7297,0,1,1,0,0,0,0,0,0,0,0,0,0,0,0,1,0,0,0,1,1,0,0,0,0,0,0,0,0,0,0,0,0,0,0,0,0,0,0,0,0,0,0,0,0,0,0,0,0,0,0,0,0,0,0,0,0,0,0,0,0,0,0,0,0,0,0,1,1,0,0,0,0,0,1,0,0,0,0,0,0,0,0,0,0,33,COP(=O)([O-])OC.C[N+]1(CCO)CCCC1,318.15,1.695615609
9.951388889,9.951388889,0.34375,-3.904320988,0.563320498,19.0625,255.251,233.075,255.1235594,98,0,0.266824377,-0.756134961,0.756134961,0.266824377,1.3125,1.75,2,31.20469091,10.39358405,2.247393132,-2.272751333,2.342410242,-2.423938799,7.453401411,-0.897465838,2.664933954,2.93E-07,221.9392345,12.65685425,10.21727464,11.11170183,7.389087297,5.258917984,6.719511471,4.033399631,5.658123565,2.732945053,3.627372244,1.638415311,1.78748651,0.03,2728.892369,16.03,7.374157752,6.57762221,96.99376174,23.53046418,6.544756406,0,0,7.822697123,0,4.565048285,0,0,0,0,0,27.06123833,26.74406676,28.09551246,7.822697123,0,0,0,12.84164325,47.50841825,0,0,0,4.893411603,0,0,7.822697123,57.0979765,13.61254261,0,12.84164325,0,0,0,0,78.82,7.822697123,9.458459888,0,0,6.606881965,25.24738235,25.93115606,0,0,16.09516631,5.106527395,18.77430556,0,9.951388889,8.67625,0,0,0,2.6875,3.817083333,0.399027778,1,16,1,6,0,1,1,0,0,0,5,1,7,4,0,1,1,1,-0.0333,58.7297,0,1,1,0,0,0,0,0,0,0,0,0,0,0,0,1,0,0,0,1,1,0,0,0,0,0,0,0,0,0,0,0,0,0,0,0,0,0,0,0,0,0,0,0,0,0,0,0,0,0,0,0,0,0,0,0,0,0,0,0,0,0,0,0,0,0,0,1,1,0,0,0,0,0,1,0,0,0,0,0,0,0,0,0,0,33,COP(=O)([O-])OC.C[N+]1(CCO)CCCC1,328.15,1.709283247
9.951388889,9.951388889,0.34375,-3.904320988,0.563320498,19.0625,255.251,233.075,255.1235594,98,0,0.266824377,-0.756134961,0.756134961,0.266824377,1.3125,1.75,2,31.20469091,10.39358405,2.247393132,-2.272751333,2.342410242,-2.423938799,7.453401411,-0.897465838,2.664933954,2.93E-07,221.9392345,12.65685425,10.21727464,11.11170183,7.389087297,5.258917984,6.719511471,4.033399631,5.658123565,2.732945053,3.627372244,1.638415311,1.78748651,0.03,2728.892369,16.03,7.374157752,6.57762221,96.99376174,23.53046418,6.544756406,0,0,7.822697123,0,4.565048285,0,0,0,0,0,27.06123833,26.74406676,28.09551246,7.822697123,0,0,0,12.84164325,47.50841825,0,0,0,4.893411603,0,0,7.822697123,57.0979765,13.61254261,0,12.84164325,0,0,0,0,78.82,7.822697123,9.458459888,0,0,6.606881965,25.24738235,25.93115606,0,0,16.09516631,5.106527395,18.77430556,0,9.951388889,8.67625,0,0,0,2.6875,3.817083333,0.399027778,1,16,1,6,0,1,1,0,0,0,5,1,7,4,0,1,1,1,-0.0333,58.7297,0,1,1,0,0,0,0,0,0,0,0,0,0,0,0,1,0,0,0,1,1,0,0,0,0,0,0,0,0,0,0,0,0,0,0,0,0,0,0,0,0,0,0,0,0,0,0,0,0,0,0,0,0,0,0,0,0,0,0,0,0,0,0,0,0,0,0,1,1,0,0,0,0,0,1,0,0,0,0,0,0,0,0,0,0,33,COP(=O)([O-])OC.C[N+]1(CCO)CCCC1,338.15,1.722766598
9.951388889,9.951388889,0.34375,-3.904320988,0.563320498,19.0625,255.251,233.075,255.1235594,98,0,0.266824377,-0.756134961,0.756134961,0.266824377,1.3125,1.75,2,31.20469091,10.39358405,2.247393132,-2.272751333,2.342410242,-2.423938799,7.453401411,-0.897465838,2.664933954,2.93E-07,221.9392345,12.65685425,10.21727464,11.11170183,7.389087297,5.258917984,6.719511471,4.033399631,5.658123565,2.732945053,3.627372244,1.638415311,1.78748651,0.03,2728.892369,16.03,7.374157752,6.57762221,96.99376174,23.53046418,6.544756406,0,0,7.822697123,0,4.565048285,0,0,0,0,0,27.06123833,26.74406676,28.09551246,7.822697123,0,0,0,12.84164325,47.50841825,0,0,0,4.893411603,0,0,7.822697123,57.0979765,13.61254261,0,12.84164325,0,0,0,0,78.82,7.822697123,9.458459888,0,0,6.606881965,25.24738235,25.93115606,0,0,16.09516631,5.106527395,18.77430556,0,9.951388889,8.67625,0,0,0,2.6875,3.817083333,0.399027778,1,16,1,6,0,1,1,0,0,0,5,1,7,4,0,1,1,1,-0.0333,58.7297,0,1,1,0,0,0,0,0,0,0,0,0,0,0,0,1,0,0,0,1,1,0,0,0,0,0,0,0,0,0,0,0,0,0,0,0,0,0,0,0,0,0,0,0,0,0,0,0,0,0,0,0,0,0,0,0,0,0,0,0,0,0,0,0,0,0,0,1,1,0,0,0,0,0,1,0,0,0,0,0,0,0,0,0,0,33,COP(=O)([O-])OC.C[N+]1(CCO)CCCC1,348.15,1.733423892
9.951388889,9.951388889,0.34375,-3.904320988,0.563320498,19.0625,255.251,233.075,255.1235594,98,0,0.266824377,-0.756134961,0.756134961,0.266824377,1.3125,1.75,2,31.20469091,10.39358405,2.247393132,-2.272751333,2.342410242,-2.423938799,7.453401411,-0.897465838,2.664933954,2.93E-07,221.9392345,12.65685425,10.21727464,11.11170183,7.389087297,5.258917984,6.719511471,4.033399631,5.658123565,2.732945053,3.627372244,1.638415311,1.78748651,0.03,2728.892369,16.03,7.374157752,6.57762221,96.99376174,23.53046418,6.544756406,0,0,7.822697123,0,4.565048285,0,0,0,0,0,27.06123833,26.74406676,28.09551246,7.822697123,0,0,0,12.84164325,47.50841825,0,0,0,4.893411603,0,0,7.822697123,57.0979765,13.61254261,0,12.84164325,0,0,0,0,78.82,7.822697123,9.458459888,0,0,6.606881965,25.24738235,25.93115606,0,0,16.09516631,5.106527395,18.77430556,0,9.951388889,8.67625,0,0,0,2.6875,3.817083333,0.399027778,1,16,1,6,0,1,1,0,0,0,5,1,7,4,0,1,1,1,-0.0333,58.7297,0,1,1,0,0,0,0,0,0,0,0,0,0,0,0,1,0,0,0,1,1,0,0,0,0,0,0,0,0,0,0,0,0,0,0,0,0,0,0,0,0,0,0,0,0,0,0,0,0,0,0,0,0,0,0,0,0,0,0,0,0,0,0,0,0,0,0,1,1,0,0,0,0,0,1,0,0,0,0,0,0,0,0,0,0,33,COP(=O)([O-])OC.C[N+]1(CCO)CCCC1,358.15,1.745715531
9.951388889,9.951388889,0.34375,-3.904320988,0.563320498,19.0625,255.251,233.075,255.1235594,98,0,0.266824377,-0.756134961,0.756134961,0.266824377,1.3125,1.75,2,31.20469091,10.39358405,2.247393132,-2.272751333,2.342410242,-2.423938799,7.453401411,-0.897465838,2.664933954,2.93E-07,221.9392345,12.65685425,10.21727464,11.11170183,7.389087297,5.258917984,6.719511471,4.033399631,5.658123565,2.732945053,3.627372244,1.638415311,1.78748651,0.03,2728.892369,16.03,7.374157752,6.57762221,96.99376174,23.53046418,6.544756406,0,0,7.822697123,0,4.565048285,0,0,0,0,0,27.06123833,26.74406676,28.09551246,7.822697123,0,0,0,12.84164325,47.50841825,0,0,0,4.893411603,0,0,7.822697123,57.0979765,13.61254261,0,12.84164325,0,0,0,0,78.82,7.822697123,9.458459888,0,0,6.606881965,25.24738235,25.93115606,0,0,16.09516631,5.106527395,18.77430556,0,9.951388889,8.67625,0,0,0,2.6875,3.817083333,0.399027778,1,16,1,6,0,1,1,0,0,0,5,1,7,4,0,1,1,1,-0.0333,58.7297,0,1,1,0,0,0,0,0,0,0,0,0,0,0,0,1,0,0,0,1,1,0,0,0,0,0,0,0,0,0,0,0,0,0,0,0,0,0,0,0,0,0,0,0,0,0,0,0,0,0,0,0,0,0,0,0,0,0,0,0,0,0,0,0,0,0,0,1,1,0,0,0,0,0,1,0,0,0,0,0,0,0,0,0,0,33,COP(=O)([O-])OC.C[N+]1(CCO)CCCC1,368.15,1.754403683
15.00578704,13.38136574,0.857638889,-15.00578704,0.179874488,20.66666667,605.241,587.097,605.0787734,222,0,,,,,0.638888889,0.916666667,1.138888889,,,,,,,,,2.641148102,9.18E-07,695.0364218,29.56510254,17.75692497,18.65135216,15.35488426,8.932817081,11.28864297,7.800220176,12.06064967,5.20715188,9.563412854,2.659641311,5.340887094,-0.95,4684931.891,35.05,9.066126526,4.584856868,189.2814243,13.95675677,19.63426922,0,0,0,120.8430761,0,0,0,0,0,0,7.109797541,26.86831788,92.40369938,6.876385235,0,0,0,35.51974827,53.61238464,0,0,0,0,78.44694261,0,6.876385235,93.61516376,9.473725908,0,0,0,0,0,0,18.46,42.39613351,78.44694261,0,0,0,43.93794597,0,7.109797541,0,7.047671983,9.473725908,233.8640934,0,0,0,-29.26277778,0,0,-26.11172068,-8.974528534,4.021970663,1,36,0,3,0,1,1,0,0,0,2,0,22,6,0,1,1,1,7.3038,86.7304,0,0,0,0,0,0,0,0,0,0,0,0,0,0,0,1,0,0,0,1,0,0,0,0,0,15,0,0,0,0,0,0,0,0,0,0,0,0,0,0,0,2,0,0,18,0,0,0,0,0,0,0,0,0,0,1,1,0,0,0,0,0,0,0,0,0,0,0,0,0,0,0,0,0,1,0,0,0,0,0,0,0,0,0,0,34,COCC[N+]1(C)CCOCC1.FC(F)(F)C(F)(F)[P-](F)(F)(F)(C(F)(F)C(F)(F)F)C(F)(F)C(F)(F)F,318.15,0.039220713
15.00578704,13.38136574,0.857638889,-15.00578704,0.179874488,20.66666667,605.241,587.097,605.0787734,222,0,,,,,0.638888889,0.916666667,1.138888889,,,,,,,,,2.641148102,9.18E-07,695.0364218,29.56510254,17.75692497,18.65135216,15.35488426,8.932817081,11.28864297,7.800220176,12.06064967,5.20715188,9.563412854,2.659641311,5.340887094,-0.95,4684931.891,35.05,9.066126526,4.584856868,189.2814243,13.95675677,19.63426922,0,0,0,120.8430761,0,0,0,0,0,0,7.109797541,26.86831788,92.40369938,6.876385235,0,0,0,35.51974827,53.61238464,0,0,0,0,78.44694261,0,6.876385235,93.61516376,9.473725908,0,0,0,0,0,0,18.46,42.39613351,78.44694261,0,0,0,43.93794597,0,7.109797541,0,7.047671983,9.473725908,233.8640934,0,0,0,-29.26277778,0,0,-26.11172068,-8.974528534,4.021970663,1,36,0,3,0,1,1,0,0,0,2,0,22,6,0,1,1,1,7.3038,86.7304,0,0,0,0,0,0,0,0,0,0,0,0,0,0,0,1,0,0,0,1,0,0,0,0,0,15,0,0,0,0,0,0,0,0,0,0,0,0,0,0,0,2,0,0,18,0,0,0,0,0,0,0,0,0,0,1,1,0,0,0,0,0,0,0,0,0,0,0,0,0,0,0,0,0,1,0,0,0,0,0,0,0,0,0,0,34,COCC[N+]1(C)CCOCC1.FC(F)(F)C(F)(F)[P-](F)(F)(F)(C(F)(F)C(F)(F)F)C(F)(F)C(F)(F)F,328.15,0.086177696
15.00578704,13.38136574,0.857638889,-15.00578704,0.179874488,20.66666667,605.241,587.097,605.0787734,222,0,,,,,0.638888889,0.916666667,1.138888889,,,,,,,,,2.641148102,9.18E-07,695.0364218,29.56510254,17.75692497,18.65135216,15.35488426,8.932817081,11.28864297,7.800220176,12.06064967,5.20715188,9.563412854,2.659641311,5.340887094,-0.95,4684931.891,35.05,9.066126526,4.584856868,189.2814243,13.95675677,19.63426922,0,0,0,120.8430761,0,0,0,0,0,0,7.109797541,26.86831788,92.40369938,6.876385235,0,0,0,35.51974827,53.61238464,0,0,0,0,78.44694261,0,6.876385235,93.61516376,9.473725908,0,0,0,0,0,0,18.46,42.39613351,78.44694261,0,0,0,43.93794597,0,7.109797541,0,7.047671983,9.473725908,233.8640934,0,0,0,-29.26277778,0,0,-26.11172068,-8.974528534,4.021970663,1,36,0,3,0,1,1,0,0,0,2,0,22,6,0,1,1,1,7.3038,86.7304,0,0,0,0,0,0,0,0,0,0,0,0,0,0,0,1,0,0,0,1,0,0,0,0,0,15,0,0,0,0,0,0,0,0,0,0,0,0,0,0,0,2,0,0,18,0,0,0,0,0,0,0,0,0,0,1,1,0,0,0,0,0,0,0,0,0,0,0,0,0,0,0,0,0,1,0,0,0,0,0,0,0,0,0,0,34,COCC[N+]1(C)CCOCC1.FC(F)(F)C(F)(F)[P-](F)(F)(F)(C(F)(F)C(F)(F)F)C(F)(F)C(F)(F)F,338.15,0.139761942
15.00578704,13.38136574,0.857638889,-15.00578704,0.179874488,20.66666667,605.241,587.097,605.0787734,222,0,,,,,0.638888889,0.916666667,1.138888889,,,,,,,,,2.641148102,9.18E-07,695.0364218,29.56510254,17.75692497,18.65135216,15.35488426,8.932817081,11.28864297,7.800220176,12.06064967,5.20715188,9.563412854,2.659641311,5.340887094,-0.95,4684931.891,35.05,9.066126526,4.584856868,189.2814243,13.95675677,19.63426922,0,0,0,120.8430761,0,0,0,0,0,0,7.109797541,26.86831788,92.40369938,6.876385235,0,0,0,35.51974827,53.61238464,0,0,0,0,78.44694261,0,6.876385235,93.61516376,9.473725908,0,0,0,0,0,0,18.46,42.39613351,78.44694261,0,0,0,43.93794597,0,7.109797541,0,7.047671983,9.473725908,233.8640934,0,0,0,-29.26277778,0,0,-26.11172068,-8.974528534,4.021970663,1,36,0,3,0,1,1,0,0,0,2,0,22,6,0,1,1,1,7.3038,86.7304,0,0,0,0,0,0,0,0,0,0,0,0,0,0,0,1,0,0,0,1,0,0,0,0,0,15,0,0,0,0,0,0,0,0,0,0,0,0,0,0,0,2,0,0,18,0,0,0,0,0,0,0,0,0,0,1,1,0,0,0,0,0,0,0,0,0,0,0,0,0,0,0,0,0,1,0,0,0,0,0,0,0,0,0,0,34,COCC[N+]1(C)CCOCC1.FC(F)(F)C(F)(F)[P-](F)(F)(F)(C(F)(F)C(F)(F)F)C(F)(F)C(F)(F)F,348.15,0.182321557
15.00578704,13.38136574,0.857638889,-15.00578704,0.179874488,20.66666667,605.241,587.097,605.0787734,222,0,,,,,0.638888889,0.916666667,1.138888889,,,,,,,,,2.641148102,9.18E-07,695.0364218,29.56510254,17.75692497,18.65135216,15.35488426,8.932817081,11.28864297,7.800220176,12.06064967,5.20715188,9.563412854,2.659641311,5.340887094,-0.95,4684931.891,35.05,9.066126526,4.584856868,189.2814243,13.95675677,19.63426922,0,0,0,120.8430761,0,0,0,0,0,0,7.109797541,26.86831788,92.40369938,6.876385235,0,0,0,35.51974827,53.61238464,0,0,0,0,78.44694261,0,6.876385235,93.61516376,9.473725908,0,0,0,0,0,0,18.46,42.39613351,78.44694261,0,0,0,43.93794597,0,7.109797541,0,7.047671983,9.473725908,233.8640934,0,0,0,-29.26277778,0,0,-26.11172068,-8.974528534,4.021970663,1,36,0,3,0,1,1,0,0,0,2,0,22,6,0,1,1,1,7.3038,86.7304,0,0,0,0,0,0,0,0,0,0,0,0,0,0,0,1,0,0,0,1,0,0,0,0,0,15,0,0,0,0,0,0,0,0,0,0,0,0,0,0,0,2,0,0,18,0,0,0,0,0,0,0,0,0,0,1,1,0,0,0,0,0,0,0,0,0,0,0,0,0,0,0,0,0,1,0,0,0,0,0,0,0,0,0,0,34,COCC[N+]1(C)CCOCC1.FC(F)(F)C(F)(F)[P-](F)(F)(F)(C(F)(F)C(F)(F)F)C(F)(F)C(F)(F)F,358.15,0.223143551
15.00578704,13.38136574,0.857638889,-15.00578704,0.179874488,20.66666667,605.241,587.097,605.0787734,222,0,,,,,0.638888889,0.916666667,1.138888889,,,,,,,,,2.641148102,9.18E-07,695.0364218,29.56510254,17.75692497,18.65135216,15.35488426,8.932817081,11.28864297,7.800220176,12.06064967,5.20715188,9.563412854,2.659641311,5.340887094,-0.95,4684931.891,35.05,9.066126526,4.584856868,189.2814243,13.95675677,19.63426922,0,0,0,120.8430761,0,0,0,0,0,0,7.109797541,26.86831788,92.40369938,6.876385235,0,0,0,35.51974827,53.61238464,0,0,0,0,78.44694261,0,6.876385235,93.61516376,9.473725908,0,0,0,0,0,0,18.46,42.39613351,78.44694261,0,0,0,43.93794597,0,7.109797541,0,7.047671983,9.473725908,233.8640934,0,0,0,-29.26277778,0,0,-26.11172068,-8.974528534,4.021970663,1,36,0,3,0,1,1,0,0,0,2,0,22,6,0,1,1,1,7.3038,86.7304,0,0,0,0,0,0,0,0,0,0,0,0,0,0,0,1,0,0,0,1,0,0,0,0,0,15,0,0,0,0,0,0,0,0,0,0,0,0,0,0,0,2,0,0,18,0,0,0,0,0,0,0,0,0,0,1,1,0,0,0,0,0,0,0,0,0,0,0,0,0,0,0,0,0,1,0,0,0,0,0,0,0,0,0,0,34,COCC[N+]1(C)CCOCC1.FC(F)(F)C(F)(F)[P-](F)(F)(F)(C(F)(F)C(F)(F)F)C(F)(F)C(F)(F)F,368.15,0.270027137
15.00578704,13.38136574,1.056388889,-15.00578704,0.206217523,17.09090909,556.172,545.084,556.0372429,200,0,,,,,0.636363636,0.909090909,1.03030303,,,,,,,,,2.970314656,1.06E-06,771.9040137,27.39137595,15.58415889,16.47858608,13.91281581,7.599323529,9.955149421,6.314253141,10.57468263,4.009868761,8.366129735,2.02939579,4.710641572,-1.62,1381457.703,31.38,7.437225778,3.694682987,170.1714949,0,12.39368714,0,6.327320075,0,120.8430761,0,9.134199296,0,0,0,6.9237372,0,13.59242839,83.01404226,6.876385235,0,4.567099648,7.047671983,48.98824188,0,18.72100722,0,0,4.567099648,78.44694261,0,6.876385235,40.08684792,13.59242839,0,6.9237372,18.72100722,0,0,0,8.81,42.39613351,78.44694261,0,0,0,6.544756406,0,0,17.8116152,24.01500049,0,226.5735725,0,0,0,-29.26277778,0,0,-19.96935957,-11.82439815,2.02,0.75,33,0,2,0,0,0,0,1,1,1,0,21,4,0,0,0,1,7.5267,74.532,0,0,0,0,0,2,0,0,0,0,0,0,0,0,0,2,0,0,0,0,0,0,0,0,0,15,0,0,0,0,2,0,0,0,0,0,0,0,0,0,0,0,0,0,18,0,0,1,0,0,0,0,0,0,0,0,0,0,0,0,0,0,0,0,0,0,0,0,0,0,0,0,0,0,0,0,0,0,0,0,0,0,0,0,0,35,CCn1cc[n+](C)c1.FC(F)(F)C(F)(F)[P-](F)(F)(F)(C(F)(F)C(F)(F)F)C(F)(F)C(F)(F)F,318.15,0.086177696
15.00578704,13.38136574,1.056388889,-15.00578704,0.206217523,17.09090909,556.172,545.084,556.0372429,200,0,,,,,0.636363636,0.909090909,1.03030303,,,,,,,,,2.970314656,1.06E-06,771.9040137,27.39137595,15.58415889,16.47858608,13.91281581,7.599323529,9.955149421,6.314253141,10.57468263,4.009868761,8.366129735,2.02939579,4.710641572,-1.62,1381457.703,31.38,7.437225778,3.694682987,170.1714949,0,12.39368714,0,6.327320075,0,120.8430761,0,9.134199296,0,0,0,6.9237372,0,13.59242839,83.01404226,6.876385235,0,4.567099648,7.047671983,48.98824188,0,18.72100722,0,0,4.567099648,78.44694261,0,6.876385235,40.08684792,13.59242839,0,6.9237372,18.72100722,0,0,0,8.81,42.39613351,78.44694261,0,0,0,6.544756406,0,0,17.8116152,24.01500049,0,226.5735725,0,0,0,-29.26277778,0,0,-19.96935957,-11.82439815,2.02,0.75,33,0,2,0,0,0,0,1,1,1,0,21,4,0,0,0,1,7.5267,74.532,0,0,0,0,0,2,0,0,0,0,0,0,0,0,0,2,0,0,0,0,0,0,0,0,0,15,0,0,0,0,2,0,0,0,0,0,0,0,0,0,0,0,0,0,18,0,0,1,0,0,0,0,0,0,0,0,0,0,0,0,0,0,0,0,0,0,0,0,0,0,0,0,0,0,0,0,0,0,0,0,0,0,0,0,0,35,CCn1cc[n+](C)c1.FC(F)(F)C(F)(F)[P-](F)(F)(F)(C(F)(F)C(F)(F)F)C(F)(F)C(F)(F)F,328.15,0.148420005
15.00578704,13.38136574,1.056388889,-15.00578704,0.206217523,17.09090909,556.172,545.084,556.0372429,200,0,,,,,0.636363636,0.909090909,1.03030303,,,,,,,,,2.970314656,1.06E-06,771.9040137,27.39137595,15.58415889,16.47858608,13.91281581,7.599323529,9.955149421,6.314253141,10.57468263,4.009868761,8.366129735,2.02939579,4.710641572,-1.62,1381457.703,31.38,7.437225778,3.694682987,170.1714949,0,12.39368714,0,6.327320075,0,120.8430761,0,9.134199296,0,0,0,6.9237372,0,13.59242839,83.01404226,6.876385235,0,4.567099648,7.047671983,48.98824188,0,18.72100722,0,0,4.567099648,78.44694261,0,6.876385235,40.08684792,13.59242839,0,6.9237372,18.72100722,0,0,0,8.81,42.39613351,78.44694261,0,0,0,6.544756406,0,0,17.8116152,24.01500049,0,226.5735725,0,0,0,-29.26277778,0,0,-19.96935957,-11.82439815,2.02,0.75,33,0,2,0,0,0,0,1,1,1,0,21,4,0,0,0,1,7.5267,74.532,0,0,0,0,0,2,0,0,0,0,0,0,0,0,0,2,0,0,0,0,0,0,0,0,0,15,0,0,0,0,2,0,0,0,0,0,0,0,0,0,0,0,0,0,18,0,0,1,0,0,0,0,0,0,0,0,0,0,0,0,0,0,0,0,0,0,0,0,0,0,0,0,0,0,0,0,0,0,0,0,0,0,0,0,0,35,CCn1cc[n+](C)c1.FC(F)(F)C(F)(F)[P-](F)(F)(F)(C(F)(F)C(F)(F)F)C(F)(F)C(F)(F)F,338.15,0.207014169
15.00578704,13.38136574,1.056388889,-15.00578704,0.206217523,17.09090909,556.172,545.084,556.0372429,200,0,,,,,0.636363636,0.909090909,1.03030303,,,,,,,,,2.970314656,1.06E-06,771.9040137,27.39137595,15.58415889,16.47858608,13.91281581,7.599323529,9.955149421,6.314253141,10.57468263,4.009868761,8.366129735,2.02939579,4.710641572,-1.62,1381457.703,31.38,7.437225778,3.694682987,170.1714949,0,12.39368714,0,6.327320075,0,120.8430761,0,9.134199296,0,0,0,6.9237372,0,13.59242839,83.01404226,6.876385235,0,4.567099648,7.047671983,48.98824188,0,18.72100722,0,0,4.567099648,78.44694261,0,6.876385235,40.08684792,13.59242839,0,6.9237372,18.72100722,0,0,0,8.81,42.39613351,78.44694261,0,0,0,6.544756406,0,0,17.8116152,24.01500049,0,226.5735725,0,0,0,-29.26277778,0,0,-19.96935957,-11.82439815,2.02,0.75,33,0,2,0,0,0,0,1,1,1,0,21,4,0,0,0,1,7.5267,74.532,0,0,0,0,0,2,0,0,0,0,0,0,0,0,0,2,0,0,0,0,0,0,0,0,0,15,0,0,0,0,2,0,0,0,0,0,0,0,0,0,0,0,0,0,18,0,0,1,0,0,0,0,0,0,0,0,0,0,0,0,0,0,0,0,0,0,0,0,0,0,0,0,0,0,0,0,0,0,0,0,0,0,0,0,0,35,CCn1cc[n+](C)c1.FC(F)(F)C(F)(F)[P-](F)(F)(F)(C(F)(F)C(F)(F)F)C(F)(F)C(F)(F)F,348.15,0.262364264
15.00578704,13.38136574,1.056388889,-15.00578704,0.206217523,17.09090909,556.172,545.084,556.0372429,200,0,,,,,0.636363636,0.909090909,1.03030303,,,,,,,,,2.970314656,1.06E-06,771.9040137,27.39137595,15.58415889,16.47858608,13.91281581,7.599323529,9.955149421,6.314253141,10.57468263,4.009868761,8.366129735,2.02939579,4.710641572,-1.62,1381457.703,31.38,7.437225778,3.694682987,170.1714949,0,12.39368714,0,6.327320075,0,120.8430761,0,9.134199296,0,0,0,6.9237372,0,13.59242839,83.01404226,6.876385235,0,4.567099648,7.047671983,48.98824188,0,18.72100722,0,0,4.567099648,78.44694261,0,6.876385235,40.08684792,13.59242839,0,6.9237372,18.72100722,0,0,0,8.81,42.39613351,78.44694261,0,0,0,6.544756406,0,0,17.8116152,24.01500049,0,226.5735725,0,0,0,-29.26277778,0,0,-19.96935957,-11.82439815,2.02,0.75,33,0,2,0,0,0,0,1,1,1,0,21,4,0,0,0,1,7.5267,74.532,0,0,0,0,0,2,0,0,0,0,0,0,0,0,0,2,0,0,0,0,0,0,0,0,0,15,0,0,0,0,2,0,0,0,0,0,0,0,0,0,0,0,0,0,18,0,0,1,0,0,0,0,0,0,0,0,0,0,0,0,0,0,0,0,0,0,0,0,0,0,0,0,0,0,0,0,0,0,0,0,0,0,0,0,0,35,CCn1cc[n+](C)c1.FC(F)(F)C(F)(F)[P-](F)(F)(F)(C(F)(F)C(F)(F)F)C(F)(F)C(F)(F)F,358.15,0.31481074
15.00578704,13.38136574,1.056388889,-15.00578704,0.206217523,17.09090909,556.172,545.084,556.0372429,200,0,,,,,0.636363636,0.909090909,1.03030303,,,,,,,,,2.970314656,1.06E-06,771.9040137,27.39137595,15.58415889,16.47858608,13.91281581,7.599323529,9.955149421,6.314253141,10.57468263,4.009868761,8.366129735,2.02939579,4.710641572,-1.62,1381457.703,31.38,7.437225778,3.694682987,170.1714949,0,12.39368714,0,6.327320075,0,120.8430761,0,9.134199296,0,0,0,6.9237372,0,13.59242839,83.01404226,6.876385235,0,4.567099648,7.047671983,48.98824188,0,18.72100722,0,0,4.567099648,78.44694261,0,6.876385235,40.08684792,13.59242839,0,6.9237372,18.72100722,0,0,0,8.81,42.39613351,78.44694261,0,0,0,6.544756406,0,0,17.8116152,24.01500049,0,226.5735725,0,0,0,-29.26277778,0,0,-19.96935957,-11.82439815,2.02,0.75,33,0,2,0,0,0,0,1,1,1,0,21,4,0,0,0,1,7.5267,74.532,0,0,0,0,0,2,0,0,0,0,0,0,0,0,0,2,0,0,0,0,0,0,0,0,0,15,0,0,0,0,2,0,0,0,0,0,0,0,0,0,0,0,0,0,18,0,0,1,0,0,0,0,0,0,0,0,0,0,0,0,0,0,0,0,0,0,0,0,0,0,0,0,0,0,0,0,0,0,0,0,0,0,0,0,0,35,CCn1cc[n+](C)c1.FC(F)(F)C(F)(F)[P-](F)(F)(F)(C(F)(F)C(F)(F)F)C(F)(F)C(F)(F)F,368.15,0.364643114
11.43842593,11.43842593,0.314183673,-6.721527778,0.502460344,18.76923077,440.384,422.24,440.0510476,158,0,0.4802902,-0.420674932,0.4802902,0.420674932,0.961538462,1.346153846,1.653846154,32.28904429,10.27224691,2.464557502,-2.36928385,2.356332853,-2.520369914,8.125010588,-0.916642495,2.43043765,5.02E-07,597.9025133,20.86396103,13.41691313,15.04990629,11.47487373,6.863431677,9.743558334,5.396006466,8.818376719,3.188216642,5.928198708,1.673473935,3.383056229,-0.68,108815.5545,25.32,9.006782223,7.911629221,145.9659406,18.45382233,13.08951281,20.04658231,0,0,11.016661,0,16.83559397,26.34249029,0,0,0,13.02770359,26.80619232,57.50450546,20.04658231,0,0,0,17.43748263,46.50258709,4.127401125,0,0,0,26.34249029,0,0,83.94440032,24.78344526,0,6.420821623,0,0,4.127401125,0,111.84,31.06324331,43.17808425,0,0,6.606881965,47.87928675,0,0,0,7.047671983,9.843390349,115.5192538,0,0,8.67009708,-12.40611111,0,0,0.913194444,5.345649093,-11.20875,1,26,1,8,0,1,1,0,0,0,6,1,16,5,0,1,1,1,0.9049,76.6158,0,1,1,0,0,0,0,0,0,0,0,0,0,0,0,2,0,0,0,1,0,0,0,0,0,6,0,0,0,0,0,0,0,0,0,0,0,0,0,0,0,1,0,0,6,0,0,0,0,0,0,0,0,0,0,0,1,0,0,0,0,0,0,0,0,0,0,0,0,0,0,0,0,0,1,0,2,0,0,0,0,0,0,0,0,36,C[N+]1(CCCO)CCOCC1.O=S(=O)([N-]S(=O)(=O)C(F)(F)F)C(F)(F)F,318.15,1.238374231
11.43842593,11.43842593,0.314183673,-6.721527778,0.502460344,18.76923077,440.384,422.24,440.0510476,158,0,0.4802902,-0.420674932,0.4802902,0.420674932,0.961538462,1.346153846,1.653846154,32.28904429,10.27224691,2.464557502,-2.36928385,2.356332853,-2.520369914,8.125010588,-0.916642495,2.43043765,5.02E-07,597.9025133,20.86396103,13.41691313,15.04990629,11.47487373,6.863431677,9.743558334,5.396006466,8.818376719,3.188216642,5.928198708,1.673473935,3.383056229,-0.68,108815.5545,25.32,9.006782223,7.911629221,145.9659406,18.45382233,13.08951281,20.04658231,0,0,11.016661,0,16.83559397,26.34249029,0,0,0,13.02770359,26.80619232,57.50450546,20.04658231,0,0,0,17.43748263,46.50258709,4.127401125,0,0,0,26.34249029,0,0,83.94440032,24.78344526,0,6.420821623,0,0,4.127401125,0,111.84,31.06324331,43.17808425,0,0,6.606881965,47.87928675,0,0,0,7.047671983,9.843390349,115.5192538,0,0,8.67009708,-12.40611111,0,0,0.913194444,5.345649093,-11.20875,1,26,1,8,0,1,1,0,0,0,6,1,16,5,0,1,1,1,0.9049,76.6158,0,1,1,0,0,0,0,0,0,0,0,0,0,0,0,2,0,0,0,1,0,0,0,0,0,6,0,0,0,0,0,0,0,0,0,0,0,0,0,0,0,1,0,0,6,0,0,0,0,0,0,0,0,0,0,0,1,0,0,0,0,0,0,0,0,0,0,0,0,0,0,0,0,0,1,0,2,0,0,0,0,0,0,0,0,36,C[N+]1(CCCO)CCOCC1.O=S(=O)([N-]S(=O)(=O)C(F)(F)F)C(F)(F)F,328.15,1.255616037
11.43842593,11.43842593,0.314183673,-6.721527778,0.502460344,18.76923077,440.384,422.24,440.0510476,158,0,0.4802902,-0.420674932,0.4802902,0.420674932,0.961538462,1.346153846,1.653846154,32.28904429,10.27224691,2.464557502,-2.36928385,2.356332853,-2.520369914,8.125010588,-0.916642495,2.43043765,5.02E-07,597.9025133,20.86396103,13.41691313,15.04990629,11.47487373,6.863431677,9.743558334,5.396006466,8.818376719,3.188216642,5.928198708,1.673473935,3.383056229,-0.68,108815.5545,25.32,9.006782223,7.911629221,145.9659406,18.45382233,13.08951281,20.04658231,0,0,11.016661,0,16.83559397,26.34249029,0,0,0,13.02770359,26.80619232,57.50450546,20.04658231,0,0,0,17.43748263,46.50258709,4.127401125,0,0,0,26.34249029,0,0,83.94440032,24.78344526,0,6.420821623,0,0,4.127401125,0,111.84,31.06324331,43.17808425,0,0,6.606881965,47.87928675,0,0,0,7.047671983,9.843390349,115.5192538,0,0,8.67009708,-12.40611111,0,0,0.913194444,5.345649093,-11.20875,1,26,1,8,0,1,1,0,0,0,6,1,16,5,0,1,1,1,0.9049,76.6158,0,1,1,0,0,0,0,0,0,0,0,0,0,0,0,2,0,0,0,1,0,0,0,0,0,6,0,0,0,0,0,0,0,0,0,0,0,0,0,0,0,1,0,0,6,0,0,0,0,0,0,0,0,0,0,0,1,0,0,0,0,0,0,0,0,0,0,0,0,0,0,0,0,0,1,0,2,0,0,0,0,0,0,0,0,36,C[N+]1(CCCO)CCOCC1.O=S(=O)([N-]S(=O)(=O)C(F)(F)F)C(F)(F)F,338.15,1.2753628
11.43842593,11.43842593,0.314183673,-6.721527778,0.502460344,18.76923077,440.384,422.24,440.0510476,158,0,0.4802902,-0.420674932,0.4802902,0.420674932,0.961538462,1.346153846,1.653846154,32.28904429,10.27224691,2.464557502,-2.36928385,2.356332853,-2.520369914,8.125010588,-0.916642495,2.43043765,5.02E-07,597.9025133,20.86396103,13.41691313,15.04990629,11.47487373,6.863431677,9.743558334,5.396006466,8.818376719,3.188216642,5.928198708,1.673473935,3.383056229,-0.68,108815.5545,25.32,9.006782223,7.911629221,145.9659406,18.45382233,13.08951281,20.04658231,0,0,11.016661,0,16.83559397,26.34249029,0,0,0,13.02770359,26.80619232,57.50450546,20.04658231,0,0,0,17.43748263,46.50258709,4.127401125,0,0,0,26.34249029,0,0,83.94440032,24.78344526,0,6.420821623,0,0,4.127401125,0,111.84,31.06324331,43.17808425,0,0,6.606881965,47.87928675,0,0,0,7.047671983,9.843390349,115.5192538,0,0,8.67009708,-12.40611111,0,0,0.913194444,5.345649093,-11.20875,1,26,1,8,0,1,1,0,0,0,6,1,16,5,0,1,1,1,0.9049,76.6158,0,1,1,0,0,0,0,0,0,0,0,0,0,0,0,2,0,0,0,1,0,0,0,0,0,6,0,0,0,0,0,0,0,0,0,0,0,0,0,0,0,1,0,0,6,0,0,0,0,0,0,0,0,0,0,0,1,0,0,0,0,0,0,0,0,0,0,0,0,0,0,0,0,0,1,0,2,0,0,0,0,0,0,0,0,36,C[N+]1(CCCO)CCOCC1.O=S(=O)([N-]S(=O)(=O)C(F)(F)F)C(F)(F)F,348.15,1.297463147
11.43842593,11.43842593,0.314183673,-6.721527778,0.502460344,18.76923077,440.384,422.24,440.0510476,158,0,0.4802902,-0.420674932,0.4802902,0.420674932,0.961538462,1.346153846,1.653846154,32.28904429,10.27224691,2.464557502,-2.36928385,2.356332853,-2.520369914,8.125010588,-0.916642495,2.43043765,5.02E-07,597.9025133,20.86396103,13.41691313,15.04990629,11.47487373,6.863431677,9.743558334,5.396006466,8.818376719,3.188216642,5.928198708,1.673473935,3.383056229,-0.68,108815.5545,25.32,9.006782223,7.911629221,145.9659406,18.45382233,13.08951281,20.04658231,0,0,11.016661,0,16.83559397,26.34249029,0,0,0,13.02770359,26.80619232,57.50450546,20.04658231,0,0,0,17.43748263,46.50258709,4.127401125,0,0,0,26.34249029,0,0,83.94440032,24.78344526,0,6.420821623,0,0,4.127401125,0,111.84,31.06324331,43.17808425,0,0,6.606881965,47.87928675,0,0,0,7.047671983,9.843390349,115.5192538,0,0,8.67009708,-12.40611111,0,0,0.913194444,5.345649093,-11.20875,1,26,1,8,0,1,1,0,0,0,6,1,16,5,0,1,1,1,0.9049,76.6158,0,1,1,0,0,0,0,0,0,0,0,0,0,0,0,2,0,0,0,1,0,0,0,0,0,6,0,0,0,0,0,0,0,0,0,0,0,0,0,0,0,1,0,0,6,0,0,0,0,0,0,0,0,0,0,0,1,0,0,0,0,0,0,0,0,0,0,0,0,0,0,0,0,0,1,0,2,0,0,0,0,0,0,0,0,36,C[N+]1(CCCO)CCOCC1.O=S(=O)([N-]S(=O)(=O)C(F)(F)F)C(F)(F)F,358.15,1.313723668
11.43842593,11.43842593,0.314183673,-6.721527778,0.502460344,18.76923077,440.384,422.24,440.0510476,158,0,0.4802902,-0.420674932,0.4802902,0.420674932,0.961538462,1.346153846,1.653846154,32.28904429,10.27224691,2.464557502,-2.36928385,2.356332853,-2.520369914,8.125010588,-0.916642495,2.43043765,5.02E-07,597.9025133,20.86396103,13.41691313,15.04990629,11.47487373,6.863431677,9.743558334,5.396006466,8.818376719,3.188216642,5.928198708,1.673473935,3.383056229,-0.68,108815.5545,25.32,9.006782223,7.911629221,145.9659406,18.45382233,13.08951281,20.04658231,0,0,11.016661,0,16.83559397,26.34249029,0,0,0,13.02770359,26.80619232,57.50450546,20.04658231,0,0,0,17.43748263,46.50258709,4.127401125,0,0,0,26.34249029,0,0,83.94440032,24.78344526,0,6.420821623,0,0,4.127401125,0,111.84,31.06324331,43.17808425,0,0,6.606881965,47.87928675,0,0,0,7.047671983,9.843390349,115.5192538,0,0,8.67009708,-12.40611111,0,0,0.913194444,5.345649093,-11.20875,1,26,1,8,0,1,1,0,0,0,6,1,16,5,0,1,1,1,0.9049,76.6158,0,1,1,0,0,0,0,0,0,0,0,0,0,0,0,2,0,0,0,1,0,0,0,0,0,6,0,0,0,0,0,0,0,0,0,0,0,0,0,0,0,1,0,0,6,0,0,0,0,0,0,0,0,0,0,0,1,0,0,0,0,0,0,0,0,0,0,0,0,0,0,0,0,0,1,0,2,0,0,0,0,0,0,0,0,36,C[N+]1(CCCO)CCOCC1.O=S(=O)([N-]S(=O)(=O)C(F)(F)F)C(F)(F)F,368.15,1.32972401
7.427083333,7.427083333,0.889722222,0.889722222,0.39231395,7.357142857,189.222,178.134,189.1014454,72,0,0.24329181,-0.385181884,0.385181884,0.24329181,1.571428571,2.214285714,2.5,15.08648842,10.60639318,1.930415148,-1.826457524,1.755425791,-2.287492209,5.122249712,-0.685928698,2.545467115,2.92E-07,340.014598,10.81155479,7.959682617,7.959682617,6.739912065,3.840494026,3.840494026,2.376353718,2.376353718,1.263650714,1.263650714,0.781144378,0.781144378,-2.27,1384.73411,11.73,7.382940668,5.389460626,83.12105685,10.52378311,18.93844355,0,6.327320075,0,0,5.316788604,9.134199296,0,0,12.65495579,0,12.38631219,7.047671983,4.567099648,0,10.52378311,4.567099648,7.047671983,6.544756406,0,36.69275161,0,12.38631219,4.567099648,0,0,0,4.567099648,13.59242839,22.9100953,0,31.37596301,0,5.316788604,0,70.49,0,0,0,0,0,6.544756406,12.38631219,0,36.41179896,16.46282394,10.52378311,4.065972222,0,0,17.4375,0,0,0,10.47208333,4.524852608,1.999591837,0.222222222,14,0,5,0,0,0,0,1,1,3,0,5,2,0,0,0,1,0.82086,50.39,0,0,0,0,0,2,0,0,0,0,0,0,0,0,0,5,0,0,0,0,0,0,0,0,0,0,1,0,0,0,1,0,0,0,0,0,0,0,0,0,0,0,0,0,0,0,0,1,0,0,0,0,0,0,0,0,0,2,0,0,0,0,0,0,0,0,0,0,0,0,0,0,0,0,0,0,0,0,0,0,0,0,0,0,0,37,C=CC[n+]1ccn(C)c1.N#C[N-]C#N,308.15,1.353254507
7.427083333,7.427083333,0.889722222,0.889722222,0.39231395,7.357142857,189.222,178.134,189.1014454,72,0,0.24329181,-0.385181884,0.385181884,0.24329181,1.571428571,2.214285714,2.5,15.08648842,10.60639318,1.930415148,-1.826457524,1.755425791,-2.287492209,5.122249712,-0.685928698,2.545467115,2.92E-07,340.014598,10.81155479,7.959682617,7.959682617,6.739912065,3.840494026,3.840494026,2.376353718,2.376353718,1.263650714,1.263650714,0.781144378,0.781144378,-2.27,1384.73411,11.73,7.382940668,5.389460626,83.12105685,10.52378311,18.93844355,0,6.327320075,0,0,5.316788604,9.134199296,0,0,12.65495579,0,12.38631219,7.047671983,4.567099648,0,10.52378311,4.567099648,7.047671983,6.544756406,0,36.69275161,0,12.38631219,4.567099648,0,0,0,4.567099648,13.59242839,22.9100953,0,31.37596301,0,5.316788604,0,70.49,0,0,0,0,0,6.544756406,12.38631219,0,36.41179896,16.46282394,10.52378311,4.065972222,0,0,17.4375,0,0,0,10.47208333,4.524852608,1.999591837,0.222222222,14,0,5,0,0,0,0,1,1,3,0,5,2,0,0,0,1,0.82086,50.39,0,0,0,0,0,2,0,0,0,0,0,0,0,0,0,5,0,0,0,0,0,0,0,0,0,0,1,0,0,0,1,0,0,0,0,0,0,0,0,0,0,0,0,0,0,0,0,1,0,0,0,0,0,0,0,0,0,2,0,0,0,0,0,0,0,0,0,0,0,0,0,0,0,0,0,0,0,0,0,0,0,0,0,0,0,37,C=CC[n+]1ccn(C)c1.N#C[N-]C#N,318.15,1.383791231
7.427083333,7.427083333,0.889722222,0.889722222,0.39231395,7.357142857,189.222,178.134,189.1014454,72,0,0.24329181,-0.385181884,0.385181884,0.24329181,1.571428571,2.214285714,2.5,15.08648842,10.60639318,1.930415148,-1.826457524,1.755425791,-2.287492209,5.122249712,-0.685928698,2.545467115,2.92E-07,340.014598,10.81155479,7.959682617,7.959682617,6.739912065,3.840494026,3.840494026,2.376353718,2.376353718,1.263650714,1.263650714,0.781144378,0.781144378,-2.27,1384.73411,11.73,7.382940668,5.389460626,83.12105685,10.52378311,18.93844355,0,6.327320075,0,0,5.316788604,9.134199296,0,0,12.65495579,0,12.38631219,7.047671983,4.567099648,0,10.52378311,4.567099648,7.047671983,6.544756406,0,36.69275161,0,12.38631219,4.567099648,0,0,0,4.567099648,13.59242839,22.9100953,0,31.37596301,0,5.316788604,0,70.49,0,0,0,0,0,6.544756406,12.38631219,0,36.41179896,16.46282394,10.52378311,4.065972222,0,0,17.4375,0,0,0,10.47208333,4.524852608,1.999591837,0.222222222,14,0,5,0,0,0,0,1,1,3,0,5,2,0,0,0,1,0.82086,50.39,0,0,0,0,0,2,0,0,0,0,0,0,0,0,0,5,0,0,0,0,0,0,0,0,0,0,1,0,0,0,1,0,0,0,0,0,0,0,0,0,0,0,0,0,0,0,0,1,0,0,0,0,0,0,0,0,0,2,0,0,0,0,0,0,0,0,0,0,0,0,0,0,0,0,0,0,0,0,0,0,0,0,0,0,0,37,C=CC[n+]1ccn(C)c1.N#C[N-]C#N,328.15,1.418277407
7.427083333,7.427083333,0.889722222,0.889722222,0.39231395,7.357142857,189.222,178.134,189.1014454,72,0,0.24329181,-0.385181884,0.385181884,0.24329181,1.571428571,2.214285714,2.5,15.08648842,10.60639318,1.930415148,-1.826457524,1.755425791,-2.287492209,5.122249712,-0.685928698,2.545467115,2.92E-07,340.014598,10.81155479,7.959682617,7.959682617,6.739912065,3.840494026,3.840494026,2.376353718,2.376353718,1.263650714,1.263650714,0.781144378,0.781144378,-2.27,1384.73411,11.73,7.382940668,5.389460626,83.12105685,10.52378311,18.93844355,0,6.327320075,0,0,5.316788604,9.134199296,0,0,12.65495579,0,12.38631219,7.047671983,4.567099648,0,10.52378311,4.567099648,7.047671983,6.544756406,0,36.69275161,0,12.38631219,4.567099648,0,0,0,4.567099648,13.59242839,22.9100953,0,31.37596301,0,5.316788604,0,70.49,0,0,0,0,0,6.544756406,12.38631219,0,36.41179896,16.46282394,10.52378311,4.065972222,0,0,17.4375,0,0,0,10.47208333,4.524852608,1.999591837,0.222222222,14,0,5,0,0,0,0,1,1,3,0,5,2,0,0,0,1,0.82086,50.39,0,0,0,0,0,2,0,0,0,0,0,0,0,0,0,5,0,0,0,0,0,0,0,0,0,0,1,0,0,0,1,0,0,0,0,0,0,0,0,0,0,0,0,0,0,0,0,1,0,0,0,0,0,0,0,0,0,2,0,0,0,0,0,0,0,0,0,0,0,0,0,0,0,0,0,0,0,0,0,0,0,0,0,0,0,37,C=CC[n+]1ccn(C)c1.N#C[N-]C#N,338.15,1.446918983
7.427083333,7.427083333,0.889722222,0.889722222,0.39231395,7.357142857,189.222,178.134,189.1014454,72,0,0.24329181,-0.385181884,0.385181884,0.24329181,1.571428571,2.214285714,2.5,15.08648842,10.60639318,1.930415148,-1.826457524,1.755425791,-2.287492209,5.122249712,-0.685928698,2.545467115,2.92E-07,340.014598,10.81155479,7.959682617,7.959682617,6.739912065,3.840494026,3.840494026,2.376353718,2.376353718,1.263650714,1.263650714,0.781144378,0.781144378,-2.27,1384.73411,11.73,7.382940668,5.389460626,83.12105685,10.52378311,18.93844355,0,6.327320075,0,0,5.316788604,9.134199296,0,0,12.65495579,0,12.38631219,7.047671983,4.567099648,0,10.52378311,4.567099648,7.047671983,6.544756406,0,36.69275161,0,12.38631219,4.567099648,0,0,0,4.567099648,13.59242839,22.9100953,0,31.37596301,0,5.316788604,0,70.49,0,0,0,0,0,6.544756406,12.38631219,0,36.41179896,16.46282394,10.52378311,4.065972222,0,0,17.4375,0,0,0,10.47208333,4.524852608,1.999591837,0.222222222,14,0,5,0,0,0,0,1,1,3,0,5,2,0,0,0,1,0.82086,50.39,0,0,0,0,0,2,0,0,0,0,0,0,0,0,0,5,0,0,0,0,0,0,0,0,0,0,1,0,0,0,1,0,0,0,0,0,0,0,0,0,0,0,0,0,0,0,0,1,0,0,0,0,0,0,0,0,0,2,0,0,0,0,0,0,0,0,0,0,0,0,0,0,0,0,0,0,0,0,0,0,0,0,0,0,0,37,C=CC[n+]1ccn(C)c1.N#C[N-]C#N,348.15,1.477048724
7.427083333,7.427083333,0.889722222,0.889722222,0.39231395,7.357142857,189.222,178.134,189.1014454,72,0,0.24329181,-0.385181884,0.385181884,0.24329181,1.571428571,2.214285714,2.5,15.08648842,10.60639318,1.930415148,-1.826457524,1.755425791,-2.287492209,5.122249712,-0.685928698,2.545467115,2.92E-07,340.014598,10.81155479,7.959682617,7.959682617,6.739912065,3.840494026,3.840494026,2.376353718,2.376353718,1.263650714,1.263650714,0.781144378,0.781144378,-2.27,1384.73411,11.73,7.382940668,5.389460626,83.12105685,10.52378311,18.93844355,0,6.327320075,0,0,5.316788604,9.134199296,0,0,12.65495579,0,12.38631219,7.047671983,4.567099648,0,10.52378311,4.567099648,7.047671983,6.544756406,0,36.69275161,0,12.38631219,4.567099648,0,0,0,4.567099648,13.59242839,22.9100953,0,31.37596301,0,5.316788604,0,70.49,0,0,0,0,0,6.544756406,12.38631219,0,36.41179896,16.46282394,10.52378311,4.065972222,0,0,17.4375,0,0,0,10.47208333,4.524852608,1.999591837,0.222222222,14,0,5,0,0,0,0,1,1,3,0,5,2,0,0,0,1,0.82086,50.39,0,0,0,0,0,2,0,0,0,0,0,0,0,0,0,5,0,0,0,0,0,0,0,0,0,0,1,0,0,0,1,0,0,0,0,0,0,0,0,0,0,0,0,0,0,0,0,1,0,0,0,0,0,0,0,0,0,2,0,0,0,0,0,0,0,0,0,0,0,0,0,0,0,0,0,0,0,0,0,0,0,0,0,0,0,37,C=CC[n+]1ccn(C)c1.N#C[N-]C#N,358.15,1.504077397
11.43842593,11.43842593,0.777777778,-6.721527778,0.433461285,13.125,403.326,392.238,403.0095172,140,0,0.4802902,-0.420674932,0.4802902,0.420674932,1.083333333,1.5,1.75,32.28904389,10.60639309,2.464267507,-2.224494487,2.356091474,-2.295778526,8.125008689,-0.685929347,2.715886202,4.96E-07,721.9394639,19.39734123,11.78253201,13.41552517,10.53280528,5.520023583,8.40015024,3.980700077,7.40307033,1.944886578,4.684868645,0.972481485,2.682063778,-1.61,50417.71145,22.39,7.519360116,6.481992024,132.8506617,4.127401125,18.93844355,20.04658231,6.327320075,0,11.016661,0,25.96979326,26.34249029,0,12.65495579,0,0,7.047671983,47.7451839,20.04658231,0,4.567099648,7.047671983,17.56141741,0,35.50336413,0,0,4.567099648,26.34249029,0,0,32.41935462,33.6390107,0,0,31.37596301,0,4.127401125,0,91.19,31.06324331,43.17808425,0,0,0,10.67215753,0,0,36.41179896,11.14603533,0,113.2484722,0,0,0,-12.40611111,0,0,7.909583333,4.524852608,-11.44346372,0.444444444,24,0,7,0,0,0,0,1,1,5,0,15,4,0,0,0,1,1.5579,69.1136,0,0,0,0,0,2,0,0,0,0,0,0,0,0,0,3,0,0,0,0,0,0,0,0,0,6,1,0,0,0,1,0,0,0,0,0,0,0,0,0,0,0,0,0,6,0,0,1,0,0,0,0,0,0,0,0,0,0,0,0,0,0,0,0,0,0,0,0,0,0,0,0,0,0,0,0,2,0,0,0,0,0,0,0,0,38,C=CC[n+]1ccn(C)c1.O=S(=O)([N-]S(=O)(=O)C(F)(F)F)C(F)(F)F,318.15,0.412109651
11.43842593,11.43842593,0.777777778,-6.721527778,0.433461285,13.125,403.326,392.238,403.0095172,140,0,0.4802902,-0.420674932,0.4802902,0.420674932,1.083333333,1.5,1.75,32.28904389,10.60639309,2.464267507,-2.224494487,2.356091474,-2.295778526,8.125008689,-0.685929347,2.715886202,4.96E-07,721.9394639,19.39734123,11.78253201,13.41552517,10.53280528,5.520023583,8.40015024,3.980700077,7.40307033,1.944886578,4.684868645,0.972481485,2.682063778,-1.61,50417.71145,22.39,7.519360116,6.481992024,132.8506617,4.127401125,18.93844355,20.04658231,6.327320075,0,11.016661,0,25.96979326,26.34249029,0,12.65495579,0,0,7.047671983,47.7451839,20.04658231,0,4.567099648,7.047671983,17.56141741,0,35.50336413,0,0,4.567099648,26.34249029,0,0,32.41935462,33.6390107,0,0,31.37596301,0,4.127401125,0,91.19,31.06324331,43.17808425,0,0,0,10.67215753,0,0,36.41179896,11.14603533,0,113.2484722,0,0,0,-12.40611111,0,0,7.909583333,4.524852608,-11.44346372,0.444444444,24,0,7,0,0,0,0,1,1,5,0,15,4,0,0,0,1,1.5579,69.1136,0,0,0,0,0,2,0,0,0,0,0,0,0,0,0,3,0,0,0,0,0,0,0,0,0,6,1,0,0,0,1,0,0,0,0,0,0,0,0,0,0,0,0,0,6,0,0,1,0,0,0,0,0,0,0,0,0,0,0,0,0,0,0,0,0,0,0,0,0,0,0,0,0,0,0,0,2,0,0,0,0,0,0,0,0,38,C=CC[n+]1ccn(C)c1.O=S(=O)([N-]S(=O)(=O)C(F)(F)F)C(F)(F)F,328.15,0.463734016
11.43842593,11.43842593,0.777777778,-6.721527778,0.433461285,13.125,403.326,392.238,403.0095172,140,0,0.4802902,-0.420674932,0.4802902,0.420674932,1.083333333,1.5,1.75,32.28904389,10.60639309,2.464267507,-2.224494487,2.356091474,-2.295778526,8.125008689,-0.685929347,2.715886202,4.96E-07,721.9394639,19.39734123,11.78253201,13.41552517,10.53280528,5.520023583,8.40015024,3.980700077,7.40307033,1.944886578,4.684868645,0.972481485,2.682063778,-1.61,50417.71145,22.39,7.519360116,6.481992024,132.8506617,4.127401125,18.93844355,20.04658231,6.327320075,0,11.016661,0,25.96979326,26.34249029,0,12.65495579,0,0,7.047671983,47.7451839,20.04658231,0,4.567099648,7.047671983,17.56141741,0,35.50336413,0,0,4.567099648,26.34249029,0,0,32.41935462,33.6390107,0,0,31.37596301,0,4.127401125,0,91.19,31.06324331,43.17808425,0,0,0,10.67215753,0,0,36.41179896,11.14603533,0,113.2484722,0,0,0,-12.40611111,0,0,7.909583333,4.524852608,-11.44346372,0.444444444,24,0,7,0,0,0,0,1,1,5,0,15,4,0,0,0,1,1.5579,69.1136,0,0,0,0,0,2,0,0,0,0,0,0,0,0,0,3,0,0,0,0,0,0,0,0,0,6,1,0,0,0,1,0,0,0,0,0,0,0,0,0,0,0,0,0,6,0,0,1,0,0,0,0,0,0,0,0,0,0,0,0,0,0,0,0,0,0,0,0,0,0,0,0,0,0,0,0,2,0,0,0,0,0,0,0,0,38,C=CC[n+]1ccn(C)c1.O=S(=O)([N-]S(=O)(=O)C(F)(F)F)C(F)(F)F,338.15,0.512823626
11.43842593,11.43842593,0.777777778,-6.721527778,0.433461285,13.125,403.326,392.238,403.0095172,140,0,0.4802902,-0.420674932,0.4802902,0.420674932,1.083333333,1.5,1.75,32.28904389,10.60639309,2.464267507,-2.224494487,2.356091474,-2.295778526,8.125008689,-0.685929347,2.715886202,4.96E-07,721.9394639,19.39734123,11.78253201,13.41552517,10.53280528,5.520023583,8.40015024,3.980700077,7.40307033,1.944886578,4.684868645,0.972481485,2.682063778,-1.61,50417.71145,22.39,7.519360116,6.481992024,132.8506617,4.127401125,18.93844355,20.04658231,6.327320075,0,11.016661,0,25.96979326,26.34249029,0,12.65495579,0,0,7.047671983,47.7451839,20.04658231,0,4.567099648,7.047671983,17.56141741,0,35.50336413,0,0,4.567099648,26.34249029,0,0,32.41935462,33.6390107,0,0,31.37596301,0,4.127401125,0,91.19,31.06324331,43.17808425,0,0,0,10.67215753,0,0,36.41179896,11.14603533,0,113.2484722,0,0,0,-12.40611111,0,0,7.909583333,4.524852608,-11.44346372,0.444444444,24,0,7,0,0,0,0,1,1,5,0,15,4,0,0,0,1,1.5579,69.1136,0,0,0,0,0,2,0,0,0,0,0,0,0,0,0,3,0,0,0,0,0,0,0,0,0,6,1,0,0,0,1,0,0,0,0,0,0,0,0,0,0,0,0,0,6,0,0,1,0,0,0,0,0,0,0,0,0,0,0,0,0,0,0,0,0,0,0,0,0,0,0,0,0,0,0,0,2,0,0,0,0,0,0,0,0,38,C=CC[n+]1ccn(C)c1.O=S(=O)([N-]S(=O)(=O)C(F)(F)F)C(F)(F)F,348.15,0.559615788
11.43842593,11.43842593,0.777777778,-6.721527778,0.433461285,13.125,403.326,392.238,403.0095172,140,0,0.4802902,-0.420674932,0.4802902,0.420674932,1.083333333,1.5,1.75,32.28904389,10.60639309,2.464267507,-2.224494487,2.356091474,-2.295778526,8.125008689,-0.685929347,2.715886202,4.96E-07,721.9394639,19.39734123,11.78253201,13.41552517,10.53280528,5.520023583,8.40015024,3.980700077,7.40307033,1.944886578,4.684868645,0.972481485,2.682063778,-1.61,50417.71145,22.39,7.519360116,6.481992024,132.8506617,4.127401125,18.93844355,20.04658231,6.327320075,0,11.016661,0,25.96979326,26.34249029,0,12.65495579,0,0,7.047671983,47.7451839,20.04658231,0,4.567099648,7.047671983,17.56141741,0,35.50336413,0,0,4.567099648,26.34249029,0,0,32.41935462,33.6390107,0,0,31.37596301,0,4.127401125,0,91.19,31.06324331,43.17808425,0,0,0,10.67215753,0,0,36.41179896,11.14603533,0,113.2484722,0,0,0,-12.40611111,0,0,7.909583333,4.524852608,-11.44346372,0.444444444,24,0,7,0,0,0,0,1,1,5,0,15,4,0,0,0,1,1.5579,69.1136,0,0,0,0,0,2,0,0,0,0,0,0,0,0,0,3,0,0,0,0,0,0,0,0,0,6,1,0,0,0,1,0,0,0,0,0,0,0,0,0,0,0,0,0,6,0,0,1,0,0,0,0,0,0,0,0,0,0,0,0,0,0,0,0,0,0,0,0,0,0,0,0,0,0,0,0,2,0,0,0,0,0,0,0,0,38,C=CC[n+]1ccn(C)c1.O=S(=O)([N-]S(=O)(=O)C(F)(F)F)C(F)(F)F,358.15,0.604315967
11.43842593,11.43842593,0.777777778,-6.721527778,0.433461285,13.125,403.326,392.238,403.0095172,140,0,0.4802902,-0.420674932,0.4802902,0.420674932,1.083333333,1.5,1.75,32.28904389,10.60639309,2.464267507,-2.224494487,2.356091474,-2.295778526,8.125008689,-0.685929347,2.715886202,4.96E-07,721.9394639,19.39734123,11.78253201,13.41552517,10.53280528,5.520023583,8.40015024,3.980700077,7.40307033,1.944886578,4.684868645,0.972481485,2.682063778,-1.61,50417.71145,22.39,7.519360116,6.481992024,132.8506617,4.127401125,18.93844355,20.04658231,6.327320075,0,11.016661,0,25.96979326,26.34249029,0,12.65495579,0,0,7.047671983,47.7451839,20.04658231,0,4.567099648,7.047671983,17.56141741,0,35.50336413,0,0,4.567099648,26.34249029,0,0,32.41935462,33.6390107,0,0,31.37596301,0,4.127401125,0,91.19,31.06324331,43.17808425,0,0,0,10.67215753,0,0,36.41179896,11.14603533,0,113.2484722,0,0,0,-12.40611111,0,0,7.909583333,4.524852608,-11.44346372,0.444444444,24,0,7,0,0,0,0,1,1,5,0,15,4,0,0,0,1,1.5579,69.1136,0,0,0,0,0,2,0,0,0,0,0,0,0,0,0,3,0,0,0,0,0,0,0,0,0,6,1,0,0,0,1,0,0,0,0,0,0,0,0,0,0,0,0,0,6,0,0,1,0,0,0,0,0,0,0,0,0,0,0,0,0,0,0,0,0,0,0,0,0,0,0,0,0,0,0,0,2,0,0,0,0,0,0,0,0,38,C=CC[n+]1ccn(C)c1.O=S(=O)([N-]S(=O)(=O)C(F)(F)F)C(F)(F)F,368.15,0.652325186
7.427083333,7.427083333,1.199624906,1.199624906,0.136239656,10.09677419,429.697,382.321,429.3831465,176,0,0.252728961,-0.385181884,0.385181884,0.252728961,0.741935484,1.193548387,1.64516129,15.13844168,10.08541241,2.106608664,-2.032787685,2.102848853,-2.350811545,5.122371786,-0.702438598,3.121853455,1.61E-06,544.4189861,22.99550677,20.61869058,20.61869058,15.20543722,12.73804099,12.73804099,8.493695483,8.493695483,5.863014676,5.863014676,3.868768923,3.868768923,-2.01,5819084.89,28.99,22.67022007,17.37204023,192.0146758,10.52378311,12.39368714,0,0,5.824404498,0,5.316788604,9.134199296,0,0,90.89733387,25.68328649,19.31004939,13.08951281,4.567099648,0,10.52378311,4.567099648,0,136.5938704,0,23.53488025,0,12.38631219,4.567099648,0,0,0,4.567099648,13.08951281,29.8338325,122.4050249,12.39368714,0,5.316788604,0,70.49,0,0,0,0,0,0,134.0333755,0,0,47.61588664,10.52378311,4.920299925,0,0,17.4375,0,1.440640361,0,29.59777721,9.270449168,0,0.807692308,31,0,5,0,0,0,0,1,1,3,0,5,18,0,0,0,1,7.68768,129.169,0,0,0,0,0,2,0,0,0,0,0,0,0,0,0,5,0,0,0,0,0,0,0,0,0,0,0,0,0,0,2,0,0,0,0,0,0,0,0,0,0,0,0,0,0,0,0,1,0,0,0,0,0,0,0,0,0,2,0,0,0,0,0,0,0,0,0,0,0,0,0,0,0,0,0,0,0,0,0,0,0,0,0,12,0,39,CCCCCCCCCCn1cc[n+](CCCCCCCCCC)c1C.N#C[N-]C#N,358.15,-0.247180129
7.427083333,7.427083333,1.199624906,1.199624906,0.136239656,10.09677419,429.697,382.321,429.3831465,176,0,0.252728961,-0.385181884,0.385181884,0.252728961,0.741935484,1.193548387,1.64516129,15.13844168,10.08541241,2.106608664,-2.032787685,2.102848853,-2.350811545,5.122371786,-0.702438598,3.121853455,1.61E-06,544.4189861,22.99550677,20.61869058,20.61869058,15.20543722,12.73804099,12.73804099,8.493695483,8.493695483,5.863014676,5.863014676,3.868768923,3.868768923,-2.01,5819084.89,28.99,22.67022007,17.37204023,192.0146758,10.52378311,12.39368714,0,0,5.824404498,0,5.316788604,9.134199296,0,0,90.89733387,25.68328649,19.31004939,13.08951281,4.567099648,0,10.52378311,4.567099648,0,136.5938704,0,23.53488025,0,12.38631219,4.567099648,0,0,0,4.567099648,13.08951281,29.8338325,122.4050249,12.39368714,0,5.316788604,0,70.49,0,0,0,0,0,0,134.0333755,0,0,47.61588664,10.52378311,4.920299925,0,0,17.4375,0,1.440640361,0,29.59777721,9.270449168,0,0.807692308,31,0,5,0,0,0,0,1,1,3,0,5,18,0,0,0,1,7.68768,129.169,0,0,0,0,0,2,0,0,0,0,0,0,0,0,0,5,0,0,0,0,0,0,0,0,0,0,0,0,0,0,2,0,0,0,0,0,0,0,0,0,0,0,0,0,0,0,0,1,0,0,0,0,0,0,0,0,0,2,0,0,0,0,0,0,0,0,0,0,0,0,0,0,0,0,0,0,0,0,0,0,0,0,0,12,0,39,CCCCCCCCCCn1cc[n+](CCCCCCCCCC)c1C.N#C[N-]C#N,368.15,-0.199671195
7.427083333,7.427083333,1.199624906,1.199624906,0.136239656,10.09677419,429.697,382.321,429.3831465,176,0,0.252728961,-0.385181884,0.385181884,0.252728961,0.741935484,1.193548387,1.64516129,15.13844168,10.08541241,2.106608664,-2.032787685,2.102848853,-2.350811545,5.122371786,-0.702438598,3.121853455,1.61E-06,544.4189861,22.99550677,20.61869058,20.61869058,15.20543722,12.73804099,12.73804099,8.493695483,8.493695483,5.863014676,5.863014676,3.868768923,3.868768923,-2.01,5819084.89,28.99,22.67022007,17.37204023,192.0146758,10.52378311,12.39368714,0,0,5.824404498,0,5.316788604,9.134199296,0,0,90.89733387,25.68328649,19.31004939,13.08951281,4.567099648,0,10.52378311,4.567099648,0,136.5938704,0,23.53488025,0,12.38631219,4.567099648,0,0,0,4.567099648,13.08951281,29.8338325,122.4050249,12.39368714,0,5.316788604,0,70.49,0,0,0,0,0,0,134.0333755,0,0,47.61588664,10.52378311,4.920299925,0,0,17.4375,0,1.440640361,0,29.59777721,9.270449168,0,0.807692308,31,0,5,0,0,0,0,1,1,3,0,5,18,0,0,0,1,7.68768,129.169,0,0,0,0,0,2,0,0,0,0,0,0,0,0,0,5,0,0,0,0,0,0,0,0,0,0,0,0,0,0,2,0,0,0,0,0,0,0,0,0,0,0,0,0,0,0,0,1,0,0,0,0,0,0,0,0,0,2,0,0,0,0,0,0,0,0,0,0,0,0,0,0,0,0,0,0,0,0,0,0,0,0,0,12,0,39,CCCCCCCCCCn1cc[n+](CCCCCCCCCC)c1C.N#C[N-]C#N,378.15,-0.15431736
7.427083333,7.427083333,1.199624906,1.199624906,0.136239656,10.09677419,429.697,382.321,429.3831465,176,0,0.252728961,-0.385181884,0.385181884,0.252728961,0.741935484,1.193548387,1.64516129,15.13844168,10.08541241,2.106608664,-2.032787685,2.102848853,-2.350811545,5.122371786,-0.702438598,3.121853455,1.61E-06,544.4189861,22.99550677,20.61869058,20.61869058,15.20543722,12.73804099,12.73804099,8.493695483,8.493695483,5.863014676,5.863014676,3.868768923,3.868768923,-2.01,5819084.89,28.99,22.67022007,17.37204023,192.0146758,10.52378311,12.39368714,0,0,5.824404498,0,5.316788604,9.134199296,0,0,90.89733387,25.68328649,19.31004939,13.08951281,4.567099648,0,10.52378311,4.567099648,0,136.5938704,0,23.53488025,0,12.38631219,4.567099648,0,0,0,4.567099648,13.08951281,29.8338325,122.4050249,12.39368714,0,5.316788604,0,70.49,0,0,0,0,0,0,134.0333755,0,0,47.61588664,10.52378311,4.920299925,0,0,17.4375,0,1.440640361,0,29.59777721,9.270449168,0,0.807692308,31,0,5,0,0,0,0,1,1,3,0,5,18,0,0,0,1,7.68768,129.169,0,0,0,0,0,2,0,0,0,0,0,0,0,0,0,5,0,0,0,0,0,0,0,0,0,0,0,0,0,0,2,0,0,0,0,0,0,0,0,0,0,0,0,0,0,0,0,1,0,0,0,0,0,0,0,0,0,2,0,0,0,0,0,0,0,0,0,0,0,0,0,0,0,0,0,0,0,0,0,0,0,0,0,12,0,39,CCCCCCCCCCn1cc[n+](CCCCCCCCCC)c1C.N#C[N-]C#N,388.15,-0.113168698
7.427083333,7.427083333,1.199624906,1.199624906,0.136239656,10.09677419,429.697,382.321,429.3831465,176,0,0.252728961,-0.385181884,0.385181884,0.252728961,0.741935484,1.193548387,1.64516129,15.13844168,10.08541241,2.106608664,-2.032787685,2.102848853,-2.350811545,5.122371786,-0.702438598,3.121853455,1.61E-06,544.4189861,22.99550677,20.61869058,20.61869058,15.20543722,12.73804099,12.73804099,8.493695483,8.493695483,5.863014676,5.863014676,3.868768923,3.868768923,-2.01,5819084.89,28.99,22.67022007,17.37204023,192.0146758,10.52378311,12.39368714,0,0,5.824404498,0,5.316788604,9.134199296,0,0,90.89733387,25.68328649,19.31004939,13.08951281,4.567099648,0,10.52378311,4.567099648,0,136.5938704,0,23.53488025,0,12.38631219,4.567099648,0,0,0,4.567099648,13.08951281,29.8338325,122.4050249,12.39368714,0,5.316788604,0,70.49,0,0,0,0,0,0,134.0333755,0,0,47.61588664,10.52378311,4.920299925,0,0,17.4375,0,1.440640361,0,29.59777721,9.270449168,0,0.807692308,31,0,5,0,0,0,0,1,1,3,0,5,18,0,0,0,1,7.68768,129.169,0,0,0,0,0,2,0,0,0,0,0,0,0,0,0,5,0,0,0,0,0,0,0,0,0,0,0,0,0,0,2,0,0,0,0,0,0,0,0,0,0,0,0,0,0,0,0,1,0,0,0,0,0,0,0,0,0,2,0,0,0,0,0,0,0,0,0,0,0,0,0,0,0,0,0,0,0,0,0,0,0,0,0,12,0,39,CCCCCCCCCCn1cc[n+](CCCCCCCCCC)c1C.N#C[N-]C#N,398.15,-0.072570693
7.427083333,7.427083333,1.199624906,1.199624906,0.136239656,10.09677419,429.697,382.321,429.3831465,176,0,0.252728961,-0.385181884,0.385181884,0.252728961,0.741935484,1.193548387,1.64516129,15.13844168,10.08541241,2.106608664,-2.032787685,2.102848853,-2.350811545,5.122371786,-0.702438598,3.121853455,1.61E-06,544.4189861,22.99550677,20.61869058,20.61869058,15.20543722,12.73804099,12.73804099,8.493695483,8.493695483,5.863014676,5.863014676,3.868768923,3.868768923,-2.01,5819084.89,28.99,22.67022007,17.37204023,192.0146758,10.52378311,12.39368714,0,0,5.824404498,0,5.316788604,9.134199296,0,0,90.89733387,25.68328649,19.31004939,13.08951281,4.567099648,0,10.52378311,4.567099648,0,136.5938704,0,23.53488025,0,12.38631219,4.567099648,0,0,0,4.567099648,13.08951281,29.8338325,122.4050249,12.39368714,0,5.316788604,0,70.49,0,0,0,0,0,0,134.0333755,0,0,47.61588664,10.52378311,4.920299925,0,0,17.4375,0,1.440640361,0,29.59777721,9.270449168,0,0.807692308,31,0,5,0,0,0,0,1,1,3,0,5,18,0,0,0,1,7.68768,129.169,0,0,0,0,0,2,0,0,0,0,0,0,0,0,0,5,0,0,0,0,0,0,0,0,0,0,0,0,0,0,2,0,0,0,0,0,0,0,0,0,0,0,0,0,0,0,0,1,0,0,0,0,0,0,0,0,0,2,0,0,0,0,0,0,0,0,0,0,0,0,0,0,0,0,0,0,0,0,0,0,0,0,0,12,0,39,CCCCCCCCCCn1cc[n+](CCCCCCCCCC)c1C.N#C[N-]C#N,408.15,-0.034591445
2.245694444,2.245694444,0,0,0.423557047,9.692307692,202.729,183.577,202.1236763,76,0,0.243028826,-1,1,0.243028826,1.230769231,2,2.538461538,35.45300057,10.18651591,1.974546389,-1.949351929,1.973998058,-2.996002538,4.613628338,-0.696403123,2.454306357,1.44E-06,220.4542515,8.811554788,8.539976378,9.295905324,5.825698503,4.836677035,4.836677035,3.377567969,3.377567969,2.093598922,2.093598922,1.355138891,1.355138891,-0.5,711.7488434,12.5,6.956790123,4.936385256,86.98784255,12.40703316,12.39368714,0,6.327320075,0,0,0,9.134199296,0,0,19.76538045,12.84164325,0,13.59242839,16.97413281,0,0,4.567099648,7.047671983,39.1517801,0,18.72100722,0,0,16.97413281,0,0,0,4.567099648,13.59242839,0,32.60702369,18.72100722,0,0,0,8.81,0,0,0,12.40703316,0,0,32.2280429,0,0,41.8266157,0,4.328849915,0,0,0,0,0,0,11.69987733,3.413194444,2.05807831,0.7,13,0,2,0,0,0,0,1,1,1,0,3,5,0,0,0,1,-1.1031,49.75,0,0,0,0,0,2,0,0,0,0,0,0,0,0,0,2,0,0,0,0,0,0,0,0,0,0,0,0,0,0,2,0,0,0,0,0,0,0,0,0,0,0,0,0,1,0,0,1,0,0,0,0,0,0,0,0,0,0,0,0,0,0,0,0,0,0,0,0,0,0,0,0,0,0,0,0,0,0,0,0,0,0,0,2,0,40,CCCCCC[n+]1ccn(C)c1.[Cl-],313.15,1.230809458
2.245694444,2.245694444,0,0,0.423557047,9.692307692,202.729,183.577,202.1236763,76,0,0.243028826,-1,1,0.243028826,1.230769231,2,2.538461538,35.45300057,10.18651591,1.974546389,-1.949351929,1.973998058,-2.996002538,4.613628338,-0.696403123,2.454306357,1.44E-06,220.4542515,8.811554788,8.539976378,9.295905324,5.825698503,4.836677035,4.836677035,3.377567969,3.377567969,2.093598922,2.093598922,1.355138891,1.355138891,-0.5,711.7488434,12.5,6.956790123,4.936385256,86.98784255,12.40703316,12.39368714,0,6.327320075,0,0,0,9.134199296,0,0,19.76538045,12.84164325,0,13.59242839,16.97413281,0,0,4.567099648,7.047671983,39.1517801,0,18.72100722,0,0,16.97413281,0,0,0,4.567099648,13.59242839,0,32.60702369,18.72100722,0,0,0,8.81,0,0,0,12.40703316,0,0,32.2280429,0,0,41.8266157,0,4.328849915,0,0,0,0,0,0,11.69987733,3.413194444,2.05807831,0.7,13,0,2,0,0,0,0,1,1,1,0,3,5,0,0,0,1,-1.1031,49.75,0,0,0,0,0,2,0,0,0,0,0,0,0,0,0,2,0,0,0,0,0,0,0,0,0,0,0,0,0,0,2,0,0,0,0,0,0,0,0,0,0,0,0,0,1,0,0,1,0,0,0,0,0,0,0,0,0,0,0,0,0,0,0,0,0,0,0,0,0,0,0,0,0,0,0,0,0,0,0,0,0,0,0,2,0,40,CCCCCC[n+]1ccn(C)c1.[Cl-],323.15,1.204172784
2.245694444,2.245694444,0,0,0.423557047,9.692307692,202.729,183.577,202.1236763,76,0,0.243028826,-1,1,0.243028826,1.230769231,2,2.538461538,35.45300057,10.18651591,1.974546389,-1.949351929,1.973998058,-2.996002538,4.613628338,-0.696403123,2.454306357,1.44E-06,220.4542515,8.811554788,8.539976378,9.295905324,5.825698503,4.836677035,4.836677035,3.377567969,3.377567969,2.093598922,2.093598922,1.355138891,1.355138891,-0.5,711.7488434,12.5,6.956790123,4.936385256,86.98784255,12.40703316,12.39368714,0,6.327320075,0,0,0,9.134199296,0,0,19.76538045,12.84164325,0,13.59242839,16.97413281,0,0,4.567099648,7.047671983,39.1517801,0,18.72100722,0,0,16.97413281,0,0,0,4.567099648,13.59242839,0,32.60702369,18.72100722,0,0,0,8.81,0,0,0,12.40703316,0,0,32.2280429,0,0,41.8266157,0,4.328849915,0,0,0,0,0,0,11.69987733,3.413194444,2.05807831,0.7,13,0,2,0,0,0,0,1,1,1,0,3,5,0,0,0,1,-1.1031,49.75,0,0,0,0,0,2,0,0,0,0,0,0,0,0,0,2,0,0,0,0,0,0,0,0,0,0,0,0,0,0,2,0,0,0,0,0,0,0,0,0,0,0,0,0,1,0,0,1,0,0,0,0,0,0,0,0,0,0,0,0,0,0,0,0,0,0,0,0,0,0,0,0,0,0,0,0,0,0,0,0,0,0,0,2,0,40,CCCCCC[n+]1ccn(C)c1.[Cl-],333.15,1.1814204
2.245694444,2.245694444,0,0,0.423557047,9.692307692,202.729,183.577,202.1236763,76,0,0.243028826,-1,1,0.243028826,1.230769231,2,2.538461538,35.45300057,10.18651591,1.974546389,-1.949351929,1.973998058,-2.996002538,4.613628338,-0.696403123,2.454306357,1.44E-06,220.4542515,8.811554788,8.539976378,9.295905324,5.825698503,4.836677035,4.836677035,3.377567969,3.377567969,2.093598922,2.093598922,1.355138891,1.355138891,-0.5,711.7488434,12.5,6.956790123,4.936385256,86.98784255,12.40703316,12.39368714,0,6.327320075,0,0,0,9.134199296,0,0,19.76538045,12.84164325,0,13.59242839,16.97413281,0,0,4.567099648,7.047671983,39.1517801,0,18.72100722,0,0,16.97413281,0,0,0,4.567099648,13.59242839,0,32.60702369,18.72100722,0,0,0,8.81,0,0,0,12.40703316,0,0,32.2280429,0,0,41.8266157,0,4.328849915,0,0,0,0,0,0,11.69987733,3.413194444,2.05807831,0.7,13,0,2,0,0,0,0,1,1,1,0,3,5,0,0,0,1,-1.1031,49.75,0,0,0,0,0,2,0,0,0,0,0,0,0,0,0,2,0,0,0,0,0,0,0,0,0,0,0,0,0,0,2,0,0,0,0,0,0,0,0,0,0,0,0,0,1,0,0,1,0,0,0,0,0,0,0,0,0,0,0,0,0,0,0,0,0,0,0,0,0,0,0,0,0,0,0,0,0,0,0,0,0,0,0,2,0,40,CCCCCC[n+]1ccn(C)c1.[Cl-],343.15,1.161587088
2.245694444,2.245694444,0,0,0.423557047,9.692307692,202.729,183.577,202.1236763,76,0,0.243028826,-1,1,0.243028826,1.230769231,2,2.538461538,35.45300057,10.18651591,1.974546389,-1.949351929,1.973998058,-2.996002538,4.613628338,-0.696403123,2.454306357,1.44E-06,220.4542515,8.811554788,8.539976378,9.295905324,5.825698503,4.836677035,4.836677035,3.377567969,3.377567969,2.093598922,2.093598922,1.355138891,1.355138891,-0.5,711.7488434,12.5,6.956790123,4.936385256,86.98784255,12.40703316,12.39368714,0,6.327320075,0,0,0,9.134199296,0,0,19.76538045,12.84164325,0,13.59242839,16.97413281,0,0,4.567099648,7.047671983,39.1517801,0,18.72100722,0,0,16.97413281,0,0,0,4.567099648,13.59242839,0,32.60702369,18.72100722,0,0,0,8.81,0,0,0,12.40703316,0,0,32.2280429,0,0,41.8266157,0,4.328849915,0,0,0,0,0,0,11.69987733,3.413194444,2.05807831,0.7,13,0,2,0,0,0,0,1,1,1,0,3,5,0,0,0,1,-1.1031,49.75,0,0,0,0,0,2,0,0,0,0,0,0,0,0,0,2,0,0,0,0,0,0,0,0,0,0,0,0,0,0,2,0,0,0,0,0,0,0,0,0,0,0,0,0,1,0,0,1,0,0,0,0,0,0,0,0,0,0,0,0,0,0,0,0,0,0,0,0,0,0,0,0,0,0,0,0,0,0,0,0,0,0,0,2,0,40,CCCCCC[n+]1ccn(C)c1.[Cl-],353.15,1.147719863
2.245694444,2.245694444,0,0,0.423557047,9.692307692,202.729,183.577,202.1236763,76,0,0.243028826,-1,1,0.243028826,1.230769231,2,2.538461538,35.45300057,10.18651591,1.974546389,-1.949351929,1.973998058,-2.996002538,4.613628338,-0.696403123,2.454306357,1.44E-06,220.4542515,8.811554788,8.539976378,9.295905324,5.825698503,4.836677035,4.836677035,3.377567969,3.377567969,2.093598922,2.093598922,1.355138891,1.355138891,-0.5,711.7488434,12.5,6.956790123,4.936385256,86.98784255,12.40703316,12.39368714,0,6.327320075,0,0,0,9.134199296,0,0,19.76538045,12.84164325,0,13.59242839,16.97413281,0,0,4.567099648,7.047671983,39.1517801,0,18.72100722,0,0,16.97413281,0,0,0,4.567099648,13.59242839,0,32.60702369,18.72100722,0,0,0,8.81,0,0,0,12.40703316,0,0,32.2280429,0,0,41.8266157,0,4.328849915,0,0,0,0,0,0,11.69987733,3.413194444,2.05807831,0.7,13,0,2,0,0,0,0,1,1,1,0,3,5,0,0,0,1,-1.1031,49.75,0,0,0,0,0,2,0,0,0,0,0,0,0,0,0,2,0,0,0,0,0,0,0,0,0,0,0,0,0,0,2,0,0,0,0,0,0,0,0,0,0,0,0,0,1,0,0,1,0,0,0,0,0,0,0,0,0,0,0,0,0,0,0,0,0,0,0,0,0,0,0,0,0,0,0,0,0,0,0,0,0,0,0,2,0,40,CCCCCC[n+]1ccn(C)c1.[Cl-],363.15,1.137191771
7.427083333,7.427083333,1.28125,1.28125,0.527635676,16.8,208.309,188.149,208.1687966,84,0,0.078627625,-0.385181884,0.385181884,0.078627625,1.2,1.733333333,2.066666667,15.33620071,10.27647574,2.24677778,-2.282945143,2.162430735,-2.408798909,5.122241053,-0.89740211,2.6518431,3.36E-07,217.9529265,11.57106781,9.73860185,9.73860185,7.181980515,5.497430866,5.497430866,4.162787655,4.162787655,2.797398731,2.797398731,1.884653599,1.884653599,-1.26,2227.548204,13.74,8.081847565,6.763679555,92.69349888,15.00681397,0,0,0,0,0,5.316788604,0,0,0,13.34455882,6.420821623,25.22795544,26.6819412,4.483030858,0,10.52378311,0,0,32.60702369,26.6819412,5.316788604,0,12.38631219,0,0,0,0,31.16497206,0,22.9100953,32.60702369,0,0,5.316788604,0,61.68,0,0,0,0,0,0,62.18689876,0,0,19.28819779,10.52378311,1.355,0,0,17.4375,0,0,0,8.247786281,6.554297052,2.405416667,0.818181818,15,0,4,0,1,1,0,0,0,2,0,4,3,0,1,1,1,2.34916,59.5124,0,0,0,0,0,0,0,0,0,0,0,0,0,0,0,4,0,0,0,0,1,0,0,0,0,0,0,0,0,0,0,0,0,0,0,0,0,0,0,0,0,0,0,0,0,0,0,0,0,0,0,0,0,0,0,0,0,2,0,0,0,0,0,0,0,0,0,0,0,0,0,0,0,0,1,0,0,0,0,0,0,0,0,0,0,41,CCCC[N+]1(C)CCCC1.N#C[N-]C#N,313.15,0.39877612
7.427083333,7.427083333,1.28125,1.28125,0.527635676,16.8,208.309,188.149,208.1687966,84,0,0.078627625,-0.385181884,0.385181884,0.078627625,1.2,1.733333333,2.066666667,15.33620071,10.27647574,2.24677778,-2.282945143,2.162430735,-2.408798909,5.122241053,-0.89740211,2.6518431,3.36E-07,217.9529265,11.57106781,9.73860185,9.73860185,7.181980515,5.497430866,5.497430866,4.162787655,4.162787655,2.797398731,2.797398731,1.884653599,1.884653599,-1.26,2227.548204,13.74,8.081847565,6.763679555,92.69349888,15.00681397,0,0,0,0,0,5.316788604,0,0,0,13.34455882,6.420821623,25.22795544,26.6819412,4.483030858,0,10.52378311,0,0,32.60702369,26.6819412,5.316788604,0,12.38631219,0,0,0,0,31.16497206,0,22.9100953,32.60702369,0,0,5.316788604,0,61.68,0,0,0,0,0,0,62.18689876,0,0,19.28819779,10.52378311,1.355,0,0,17.4375,0,0,0,8.247786281,6.554297052,2.405416667,0.818181818,15,0,4,0,1,1,0,0,0,2,0,4,3,0,1,1,1,2.34916,59.5124,0,0,0,0,0,0,0,0,0,0,0,0,0,0,0,4,0,0,0,0,1,0,0,0,0,0,0,0,0,0,0,0,0,0,0,0,0,0,0,0,0,0,0,0,0,0,0,0,0,0,0,0,0,0,0,0,0,2,0,0,0,0,0,0,0,0,0,0,0,0,0,0,0,0,1,0,0,0,0,0,0,0,0,0,0,41,CCCC[N+]1(C)CCCC1.N#C[N-]C#N,323.15,0.431782416
7.427083333,7.427083333,1.28125,1.28125,0.527635676,16.8,208.309,188.149,208.1687966,84,0,0.078627625,-0.385181884,0.385181884,0.078627625,1.2,1.733333333,2.066666667,15.33620071,10.27647574,2.24677778,-2.282945143,2.162430735,-2.408798909,5.122241053,-0.89740211,2.6518431,3.36E-07,217.9529265,11.57106781,9.73860185,9.73860185,7.181980515,5.497430866,5.497430866,4.162787655,4.162787655,2.797398731,2.797398731,1.884653599,1.884653599,-1.26,2227.548204,13.74,8.081847565,6.763679555,92.69349888,15.00681397,0,0,0,0,0,5.316788604,0,0,0,13.34455882,6.420821623,25.22795544,26.6819412,4.483030858,0,10.52378311,0,0,32.60702369,26.6819412,5.316788604,0,12.38631219,0,0,0,0,31.16497206,0,22.9100953,32.60702369,0,0,5.316788604,0,61.68,0,0,0,0,0,0,62.18689876,0,0,19.28819779,10.52378311,1.355,0,0,17.4375,0,0,0,8.247786281,6.554297052,2.405416667,0.818181818,15,0,4,0,1,1,0,0,0,2,0,4,3,0,1,1,1,2.34916,59.5124,0,0,0,0,0,0,0,0,0,0,0,0,0,0,0,4,0,0,0,0,1,0,0,0,0,0,0,0,0,0,0,0,0,0,0,0,0,0,0,0,0,0,0,0,0,0,0,0,0,0,0,0,0,0,0,0,0,2,0,0,0,0,0,0,0,0,0,0,0,0,0,0,0,0,1,0,0,0,0,0,0,0,0,0,0,41,CCCC[N+]1(C)CCCC1.N#C[N-]C#N,343.15,0.530628251
7.427083333,7.427083333,1.28125,1.28125,0.527635676,16.8,208.309,188.149,208.1687966,84,0,0.078627625,-0.385181884,0.385181884,0.078627625,1.2,1.733333333,2.066666667,15.33620071,10.27647574,2.24677778,-2.282945143,2.162430735,-2.408798909,5.122241053,-0.89740211,2.6518431,3.36E-07,217.9529265,11.57106781,9.73860185,9.73860185,7.181980515,5.497430866,5.497430866,4.162787655,4.162787655,2.797398731,2.797398731,1.884653599,1.884653599,-1.26,2227.548204,13.74,8.081847565,6.763679555,92.69349888,15.00681397,0,0,0,0,0,5.316788604,0,0,0,13.34455882,6.420821623,25.22795544,26.6819412,4.483030858,0,10.52378311,0,0,32.60702369,26.6819412,5.316788604,0,12.38631219,0,0,0,0,31.16497206,0,22.9100953,32.60702369,0,0,5.316788604,0,61.68,0,0,0,0,0,0,62.18689876,0,0,19.28819779,10.52378311,1.355,0,0,17.4375,0,0,0,8.247786281,6.554297052,2.405416667,0.818181818,15,0,4,0,1,1,0,0,0,2,0,4,3,0,1,1,1,2.34916,59.5124,0,0,0,0,0,0,0,0,0,0,0,0,0,0,0,4,0,0,0,0,1,0,0,0,0,0,0,0,0,0,0,0,0,0,0,0,0,0,0,0,0,0,0,0,0,0,0,0,0,0,0,0,0,0,0,0,0,2,0,0,0,0,0,0,0,0,0,0,0,0,0,0,0,0,1,0,0,0,0,0,0,0,0,0,0,41,CCCC[N+]1(C)CCCC1.N#C[N-]C#N,363.15,0.587786665
7.427083333,7.427083333,1.28125,1.28125,0.527635676,16.8,208.309,188.149,208.1687966,84,0,0.078627625,-0.385181884,0.385181884,0.078627625,1.2,1.733333333,2.066666667,15.33620071,10.27647574,2.24677778,-2.282945143,2.162430735,-2.408798909,5.122241053,-0.89740211,2.6518431,3.36E-07,217.9529265,11.57106781,9.73860185,9.73860185,7.181980515,5.497430866,5.497430866,4.162787655,4.162787655,2.797398731,2.797398731,1.884653599,1.884653599,-1.26,2227.548204,13.74,8.081847565,6.763679555,92.69349888,15.00681397,0,0,0,0,0,5.316788604,0,0,0,13.34455882,6.420821623,25.22795544,26.6819412,4.483030858,0,10.52378311,0,0,32.60702369,26.6819412,5.316788604,0,12.38631219,0,0,0,0,31.16497206,0,22.9100953,32.60702369,0,0,5.316788604,0,61.68,0,0,0,0,0,0,62.18689876,0,0,19.28819779,10.52378311,1.355,0,0,17.4375,0,0,0,8.247786281,6.554297052,2.405416667,0.818181818,15,0,4,0,1,1,0,0,0,2,0,4,3,0,1,1,1,2.34916,59.5124,0,0,0,0,0,0,0,0,0,0,0,0,0,0,0,4,0,0,0,0,1,0,0,0,0,0,0,0,0,0,0,0,0,0,0,0,0,0,0,0,0,0,0,0,0,0,0,0,0,0,0,0,0,0,0,0,0,2,0,0,0,0,0,0,0,0,0,0,0,0,0,0,0,0,1,0,0,0,0,0,0,0,0,0,0,41,CCCC[N+]1(C)CCCC1.N#C[N-]C#N,373.15,0.641853886
10.41388889,10.41388889,0.125771605,-3.942515432,0.584073325,10.88235294,264.262,243.094,264.1238938,100,0,0.267344766,-0.756121512,0.756121512,0.267344766,1.294117647,1.823529412,2.058823529,31.20469311,10.7175956,2.035929394,-2.197746186,2.367174506,-2.281029201,7.453920002,-0.692549994,2.646091416,3.02E-07,343.8300263,13.31155479,10.8280051,11.72243229,7.947018846,5.55853761,7.019131097,3.192291519,4.60311649,1.763307786,2.912161098,1.042268464,1.749259596,-0.68,4437.495304,16.32,8.416481189,8.098717988,102.4115153,13.94090593,12.39368714,0,6.327320075,7.822697123,0,4.565048285,9.134199296,0,0,0,20.7712116,0,26.80619232,23.07305386,7.822697123,0,4.567099648,7.047671983,27.315968,13.21376393,18.72100722,0,0,9.460511251,0,0,7.822697123,17.78086358,27.204971,0,20.7712116,18.72100722,0,0,0,67.4,7.822697123,9.458459888,0,13.21376393,0,6.544756406,0,13.8474744,17.8116152,33.06249482,0,23.06513889,0,10.41388889,0,0,0,0,6.142361111,6.606682099,-1.922515432,0.7,17,0,6,0,0,0,0,1,1,5,0,7,5,0,0,0,1,0.8603,62.1405,0,0,0,0,0,2,0,0,0,0,0,0,0,0,0,2,0,0,0,0,0,0,0,0,0,0,0,0,0,0,2,0,0,0,0,0,0,0,0,0,0,0,0,0,0,0,0,1,0,0,0,0,0,0,0,0,0,0,0,0,0,0,0,0,0,0,0,1,1,0,0,0,0,0,0,0,0,0,0,0,0,0,0,0,0,42,CCOP(=O)([O-])OCC.CC[n+]1ccn(C)c1,303.15,1.609837832
10.41388889,10.41388889,0.125771605,-3.942515432,0.584073325,10.88235294,264.262,243.094,264.1238938,100,0,0.267344766,-0.756121512,0.756121512,0.267344766,1.294117647,1.823529412,2.058823529,31.20469311,10.7175956,2.035929394,-2.197746186,2.367174506,-2.281029201,7.453920002,-0.692549994,2.646091416,3.02E-07,343.8300263,13.31155479,10.8280051,11.72243229,7.947018846,5.55853761,7.019131097,3.192291519,4.60311649,1.763307786,2.912161098,1.042268464,1.749259596,-0.68,4437.495304,16.32,8.416481189,8.098717988,102.4115153,13.94090593,12.39368714,0,6.327320075,7.822697123,0,4.565048285,9.134199296,0,0,0,20.7712116,0,26.80619232,23.07305386,7.822697123,0,4.567099648,7.047671983,27.315968,13.21376393,18.72100722,0,0,9.460511251,0,0,7.822697123,17.78086358,27.204971,0,20.7712116,18.72100722,0,0,0,67.4,7.822697123,9.458459888,0,13.21376393,0,6.544756406,0,13.8474744,17.8116152,33.06249482,0,23.06513889,0,10.41388889,0,0,0,0,6.142361111,6.606682099,-1.922515432,0.7,17,0,6,0,0,0,0,1,1,5,0,7,5,0,0,0,1,0.8603,62.1405,0,0,0,0,0,2,0,0,0,0,0,0,0,0,0,2,0,0,0,0,0,0,0,0,0,0,0,0,0,0,2,0,0,0,0,0,0,0,0,0,0,0,0,0,0,0,0,1,0,0,0,0,0,0,0,0,0,0,0,0,0,0,0,0,0,0,0,1,1,0,0,0,0,0,0,0,0,0,0,0,0,0,0,0,0,42,CCOP(=O)([O-])OCC.CC[n+]1ccn(C)c1,313.15,1.606633985
10.41388889,10.41388889,0.125771605,-3.942515432,0.584073325,10.88235294,264.262,243.094,264.1238938,100,0,0.267344766,-0.756121512,0.756121512,0.267344766,1.294117647,1.823529412,2.058823529,31.20469311,10.7175956,2.035929394,-2.197746186,2.367174506,-2.281029201,7.453920002,-0.692549994,2.646091416,3.02E-07,343.8300263,13.31155479,10.8280051,11.72243229,7.947018846,5.55853761,7.019131097,3.192291519,4.60311649,1.763307786,2.912161098,1.042268464,1.749259596,-0.68,4437.495304,16.32,8.416481189,8.098717988,102.4115153,13.94090593,12.39368714,0,6.327320075,7.822697123,0,4.565048285,9.134199296,0,0,0,20.7712116,0,26.80619232,23.07305386,7.822697123,0,4.567099648,7.047671983,27.315968,13.21376393,18.72100722,0,0,9.460511251,0,0,7.822697123,17.78086358,27.204971,0,20.7712116,18.72100722,0,0,0,67.4,7.822697123,9.458459888,0,13.21376393,0,6.544756406,0,13.8474744,17.8116152,33.06249482,0,23.06513889,0,10.41388889,0,0,0,0,6.142361111,6.606682099,-1.922515432,0.7,17,0,6,0,0,0,0,1,1,5,0,7,5,0,0,0,1,0.8603,62.1405,0,0,0,0,0,2,0,0,0,0,0,0,0,0,0,2,0,0,0,0,0,0,0,0,0,0,0,0,0,0,2,0,0,0,0,0,0,0,0,0,0,0,0,0,0,0,0,1,0,0,0,0,0,0,0,0,0,0,0,0,0,0,0,0,0,0,0,1,1,0,0,0,0,0,0,0,0,0,0,0,0,0,0,0,0,42,CCOP(=O)([O-])OCC.CC[n+]1ccn(C)c1,323.15,1.601808885
10.41388889,10.41388889,0.125771605,-3.942515432,0.584073325,10.88235294,264.262,243.094,264.1238938,100,0,0.267344766,-0.756121512,0.756121512,0.267344766,1.294117647,1.823529412,2.058823529,31.20469311,10.7175956,2.035929394,-2.197746186,2.367174506,-2.281029201,7.453920002,-0.692549994,2.646091416,3.02E-07,343.8300263,13.31155479,10.8280051,11.72243229,7.947018846,5.55853761,7.019131097,3.192291519,4.60311649,1.763307786,2.912161098,1.042268464,1.749259596,-0.68,4437.495304,16.32,8.416481189,8.098717988,102.4115153,13.94090593,12.39368714,0,6.327320075,7.822697123,0,4.565048285,9.134199296,0,0,0,20.7712116,0,26.80619232,23.07305386,7.822697123,0,4.567099648,7.047671983,27.315968,13.21376393,18.72100722,0,0,9.460511251,0,0,7.822697123,17.78086358,27.204971,0,20.7712116,18.72100722,0,0,0,67.4,7.822697123,9.458459888,0,13.21376393,0,6.544756406,0,13.8474744,17.8116152,33.06249482,0,23.06513889,0,10.41388889,0,0,0,0,6.142361111,6.606682099,-1.922515432,0.7,17,0,6,0,0,0,0,1,1,5,0,7,5,0,0,0,1,0.8603,62.1405,0,0,0,0,0,2,0,0,0,0,0,0,0,0,0,2,0,0,0,0,0,0,0,0,0,0,0,0,0,0,2,0,0,0,0,0,0,0,0,0,0,0,0,0,0,0,0,1,0,0,0,0,0,0,0,0,0,0,0,0,0,0,0,0,0,0,0,1,1,0,0,0,0,0,0,0,0,0,0,0,0,0,0,0,0,42,CCOP(=O)([O-])OCC.CC[n+]1ccn(C)c1,333.15,1.596960391
10.41388889,10.41388889,0.125771605,-3.942515432,0.584073325,10.88235294,264.262,243.094,264.1238938,100,0,0.267344766,-0.756121512,0.756121512,0.267344766,1.294117647,1.823529412,2.058823529,31.20469311,10.7175956,2.035929394,-2.197746186,2.367174506,-2.281029201,7.453920002,-0.692549994,2.646091416,3.02E-07,343.8300263,13.31155479,10.8280051,11.72243229,7.947018846,5.55853761,7.019131097,3.192291519,4.60311649,1.763307786,2.912161098,1.042268464,1.749259596,-0.68,4437.495304,16.32,8.416481189,8.098717988,102.4115153,13.94090593,12.39368714,0,6.327320075,7.822697123,0,4.565048285,9.134199296,0,0,0,20.7712116,0,26.80619232,23.07305386,7.822697123,0,4.567099648,7.047671983,27.315968,13.21376393,18.72100722,0,0,9.460511251,0,0,7.822697123,17.78086358,27.204971,0,20.7712116,18.72100722,0,0,0,67.4,7.822697123,9.458459888,0,13.21376393,0,6.544756406,0,13.8474744,17.8116152,33.06249482,0,23.06513889,0,10.41388889,0,0,0,0,6.142361111,6.606682099,-1.922515432,0.7,17,0,6,0,0,0,0,1,1,5,0,7,5,0,0,0,1,0.8603,62.1405,0,0,0,0,0,2,0,0,0,0,0,0,0,0,0,2,0,0,0,0,0,0,0,0,0,0,0,0,0,0,2,0,0,0,0,0,0,0,0,0,0,0,0,0,0,0,0,1,0,0,0,0,0,0,0,0,0,0,0,0,0,0,0,0,0,0,0,1,1,0,0,0,0,0,0,0,0,0,0,0,0,0,0,0,0,42,CCOP(=O)([O-])OCC.CC[n+]1ccn(C)c1,343.15,1.591477587
9.951388889,9.951388889,1.038966049,-3.904320988,0.50396101,10.64285714,222.181,207.061,222.0769436,82,0,0.266824377,-0.756134961,0.756134961,0.266824377,1.428571429,1.928571429,2,31.2046907,10.89450827,1.980021773,-2.157121901,2.342267751,-2.228616355,7.453399828,-0.670477406,2.510082582,2.41E-07,287.8933688,11.19023444,8.706684756,9.601111947,6.409014044,3.807349408,5.267942894,2.556912374,4.181636308,1.348428693,2.242855884,0.649122409,0.798193608,-0.68,1004.033033,13.32,5.927386582,5.879220998,83.31668899,13.94090593,12.39368714,0,6.327320075,7.822697123,0,4.565048285,9.134199296,0,0,0,0,14.21959508,14.09534397,23.07305386,7.822697123,0,4.567099648,14.09534397,0,14.21959508,18.72100722,0,0,9.460511251,0,0,7.822697123,18.78669473,27.70788657,0,0,18.72100722,0,0,0,67.4,7.822697123,9.458459888,0,0,0,14.21959508,0,0,41.95055048,9.047494323,0,21.68055556,0,9.951388889,0,0,0,0,6,0,2.173611111,0.571428571,14,0,6,0,0,0,0,1,1,5,0,7,2,0,0,0,1,-0.4028,48.2135,0,0,0,0,0,2,0,0,0,0,0,0,0,0,0,2,0,0,0,0,0,0,0,0,0,0,0,0,0,0,2,0,0,0,0,0,0,0,0,0,0,0,0,0,0,0,0,1,0,0,0,0,0,0,0,0,0,0,0,0,0,0,0,0,0,0,0,1,1,0,0,0,0,0,0,0,0,0,0,0,0,0,0,0,0,43,COP(=O)([O-])OC.Cn1cc[n+](C)c1,323.15,1.890397439
9.951388889,9.951388889,1.038966049,-3.904320988,0.50396101,10.64285714,222.181,207.061,222.0769436,82,0,0.266824377,-0.756134961,0.756134961,0.266824377,1.428571429,1.928571429,2,31.2046907,10.89450827,1.980021773,-2.157121901,2.342267751,-2.228616355,7.453399828,-0.670477406,2.510082582,2.41E-07,287.8933688,11.19023444,8.706684756,9.601111947,6.409014044,3.807349408,5.267942894,2.556912374,4.181636308,1.348428693,2.242855884,0.649122409,0.798193608,-0.68,1004.033033,13.32,5.927386582,5.879220998,83.31668899,13.94090593,12.39368714,0,6.327320075,7.822697123,0,4.565048285,9.134199296,0,0,0,0,14.21959508,14.09534397,23.07305386,7.822697123,0,4.567099648,14.09534397,0,14.21959508,18.72100722,0,0,9.460511251,0,0,7.822697123,18.78669473,27.70788657,0,0,18.72100722,0,0,0,67.4,7.822697123,9.458459888,0,0,0,14.21959508,0,0,41.95055048,9.047494323,0,21.68055556,0,9.951388889,0,0,0,0,6,0,2.173611111,0.571428571,14,0,6,0,0,0,0,1,1,5,0,7,2,0,0,0,1,-0.4028,48.2135,0,0,0,0,0,2,0,0,0,0,0,0,0,0,0,2,0,0,0,0,0,0,0,0,0,0,0,0,0,0,2,0,0,0,0,0,0,0,0,0,0,0,0,0,0,0,0,1,0,0,0,0,0,0,0,0,0,0,0,0,0,0,0,0,0,0,0,1,1,0,0,0,0,0,0,0,0,0,0,0,0,0,0,0,0,43,COP(=O)([O-])OC.Cn1cc[n+](C)c1,333.15,1.888281036
9.951388889,9.951388889,1.038966049,-3.904320988,0.50396101,10.64285714,222.181,207.061,222.0769436,82,0,0.266824377,-0.756134961,0.756134961,0.266824377,1.428571429,1.928571429,2,31.2046907,10.89450827,1.980021773,-2.157121901,2.342267751,-2.228616355,7.453399828,-0.670477406,2.510082582,2.41E-07,287.8933688,11.19023444,8.706684756,9.601111947,6.409014044,3.807349408,5.267942894,2.556912374,4.181636308,1.348428693,2.242855884,0.649122409,0.798193608,-0.68,1004.033033,13.32,5.927386582,5.879220998,83.31668899,13.94090593,12.39368714,0,6.327320075,7.822697123,0,4.565048285,9.134199296,0,0,0,0,14.21959508,14.09534397,23.07305386,7.822697123,0,4.567099648,14.09534397,0,14.21959508,18.72100722,0,0,9.460511251,0,0,7.822697123,18.78669473,27.70788657,0,0,18.72100722,0,0,0,67.4,7.822697123,9.458459888,0,0,0,14.21959508,0,0,41.95055048,9.047494323,0,21.68055556,0,9.951388889,0,0,0,0,6,0,2.173611111,0.571428571,14,0,6,0,0,0,0,1,1,5,0,7,2,0,0,0,1,-0.4028,48.2135,0,0,0,0,0,2,0,0,0,0,0,0,0,0,0,2,0,0,0,0,0,0,0,0,0,0,0,0,0,0,2,0,0,0,0,0,0,0,0,0,0,0,0,0,0,0,0,1,0,0,0,0,0,0,0,0,0,0,0,0,0,0,0,0,0,0,0,1,1,0,0,0,0,0,0,0,0,0,0,0,0,0,0,0,0,43,COP(=O)([O-])OC.Cn1cc[n+](C)c1,343.15,1.886615
9.951388889,9.951388889,1.038966049,-3.904320988,0.50396101,10.64285714,222.181,207.061,222.0769436,82,0,0.266824377,-0.756134961,0.756134961,0.266824377,1.428571429,1.928571429,2,31.2046907,10.89450827,1.980021773,-2.157121901,2.342267751,-2.228616355,7.453399828,-0.670477406,2.510082582,2.41E-07,287.8933688,11.19023444,8.706684756,9.601111947,6.409014044,3.807349408,5.267942894,2.556912374,4.181636308,1.348428693,2.242855884,0.649122409,0.798193608,-0.68,1004.033033,13.32,5.927386582,5.879220998,83.31668899,13.94090593,12.39368714,0,6.327320075,7.822697123,0,4.565048285,9.134199296,0,0,0,0,14.21959508,14.09534397,23.07305386,7.822697123,0,4.567099648,14.09534397,0,14.21959508,18.72100722,0,0,9.460511251,0,0,7.822697123,18.78669473,27.70788657,0,0,18.72100722,0,0,0,67.4,7.822697123,9.458459888,0,0,0,14.21959508,0,0,41.95055048,9.047494323,0,21.68055556,0,9.951388889,0,0,0,0,6,0,2.173611111,0.571428571,14,0,6,0,0,0,0,1,1,5,0,7,2,0,0,0,1,-0.4028,48.2135,0,0,0,0,0,2,0,0,0,0,0,0,0,0,0,2,0,0,0,0,0,0,0,0,0,0,0,0,0,0,2,0,0,0,0,0,0,0,0,0,0,0,0,0,0,0,0,1,0,0,0,0,0,0,0,0,0,0,0,0,0,0,0,0,0,0,0,1,1,0,0,0,0,0,0,0,0,0,0,0,0,0,0,0,0,43,COP(=O)([O-])OC.Cn1cc[n+](C)c1,353.15,1.884186709
9.951388889,9.951388889,1.038966049,-3.904320988,0.50396101,10.64285714,222.181,207.061,222.0769436,82,0,0.266824377,-0.756134961,0.756134961,0.266824377,1.428571429,1.928571429,2,31.2046907,10.89450827,1.980021773,-2.157121901,2.342267751,-2.228616355,7.453399828,-0.670477406,2.510082582,2.41E-07,287.8933688,11.19023444,8.706684756,9.601111947,6.409014044,3.807349408,5.267942894,2.556912374,4.181636308,1.348428693,2.242855884,0.649122409,0.798193608,-0.68,1004.033033,13.32,5.927386582,5.879220998,83.31668899,13.94090593,12.39368714,0,6.327320075,7.822697123,0,4.565048285,9.134199296,0,0,0,0,14.21959508,14.09534397,23.07305386,7.822697123,0,4.567099648,14.09534397,0,14.21959508,18.72100722,0,0,9.460511251,0,0,7.822697123,18.78669473,27.70788657,0,0,18.72100722,0,0,0,67.4,7.822697123,9.458459888,0,0,0,14.21959508,0,0,41.95055048,9.047494323,0,21.68055556,0,9.951388889,0,0,0,0,6,0,2.173611111,0.571428571,14,0,6,0,0,0,0,1,1,5,0,7,2,0,0,0,1,-0.4028,48.2135,0,0,0,0,0,2,0,0,0,0,0,0,0,0,0,2,0,0,0,0,0,0,0,0,0,0,0,0,0,0,2,0,0,0,0,0,0,0,0,0,0,0,0,0,0,0,0,1,0,0,0,0,0,0,0,0,0,0,0,0,0,0,0,0,0,0,0,1,1,0,0,0,0,0,0,0,0,0,0,0,0,0,0,0,0,43,COP(=O)([O-])OC.Cn1cc[n+](C)c1,363.15,1.882666028
10.41388889,10.41388889,0.125771605,-3.942515432,0.347153872,11.95833333,384.478,342.142,384.2558331,148,0,0.267344766,-0.756121512,0.756121512,0.267344766,0.75,1.083333333,1.291666667,31.20479931,10.37055631,2.322720339,-2.260457394,2.597951044,-2.105485793,7.753751139,-0.224109428,2.549867055,0,279.6194482,18.89949494,17.01270173,18.80155611,11.36396103,9.815198764,13.80561438,6.172111872,12.24031473,4.203273817,10.48850111,2.64381965,7.931458951,0.54,82041.97248,26.76576447,16.97901316,14.84716287,151.6046135,13.94090593,0,0,0,7.822697123,0,4.565048285,0,0,0,40.03367647,40.03367647,7.262479191,37.86140404,18.50595421,15.08517631,0,0,0,80.06735294,37.86140404,0,0,0,4.893411603,0,0,15.08517631,37.86140404,13.61254261,0,80.06735294,0,0,0,0,58.59,15.08517631,9.458459888,0,13.21376393,0,0,44.68683977,32.33320448,0,36.74244312,0,18.90888889,0,10.41388889,0,0,0,0,14.86720144,12.89027542,-4.469143519,1,24,0,4,0,0,0,0,0,0,4,0,6,14,0,0,0,0,5.952,107.6445,0,0,0,0,0,0,0,0,0,0,0,0,0,0,0,0,0,0,0,0,0,0,0,0,0,0,0,0,0,0,0,0,0,0,0,0,0,0,0,0,0,0,0,0,0,0,0,0,0,0,0,0,0,0,0,0,0,0,0,0,0,0,0,0,0,0,0,1,1,0,0,0,0,0,0,0,0,0,0,0,0,0,0,0,0,44,CCCC[P+](CC)(CCCC)CCCC.CCOP(=O)([O-])OCC,328.15,-0.029428811
10.41388889,10.41388889,0.125771605,-3.942515432,0.347153872,11.95833333,384.478,342.142,384.2558331,148,0,0.267344766,-0.756121512,0.756121512,0.267344766,0.75,1.083333333,1.291666667,31.20479931,10.37055631,2.322720339,-2.260457394,2.597951044,-2.105485793,7.753751139,-0.224109428,2.549867055,0,279.6194482,18.89949494,17.01270173,18.80155611,11.36396103,9.815198764,13.80561438,6.172111872,12.24031473,4.203273817,10.48850111,2.64381965,7.931458951,0.54,82041.97248,26.76576447,16.97901316,14.84716287,151.6046135,13.94090593,0,0,0,7.822697123,0,4.565048285,0,0,0,40.03367647,40.03367647,7.262479191,37.86140404,18.50595421,15.08517631,0,0,0,80.06735294,37.86140404,0,0,0,4.893411603,0,0,15.08517631,37.86140404,13.61254261,0,80.06735294,0,0,0,0,58.59,15.08517631,9.458459888,0,13.21376393,0,0,44.68683977,32.33320448,0,36.74244312,0,18.90888889,0,10.41388889,0,0,0,0,14.86720144,12.89027542,-4.469143519,1,24,0,4,0,0,0,0,0,0,4,0,6,14,0,0,0,0,5.952,107.6445,0,0,0,0,0,0,0,0,0,0,0,0,0,0,0,0,0,0,0,0,0,0,0,0,0,0,0,0,0,0,0,0,0,0,0,0,0,0,0,0,0,0,0,0,0,0,0,0,0,0,0,0,0,0,0,0,0,0,0,0,0,0,0,0,0,0,0,1,1,0,0,0,0,0,0,0,0,0,0,0,0,0,0,0,0,44,CCCC[P+](CC)(CCCC)CCCC.CCOP(=O)([O-])OCC,338.15,-0.025317808
10.41388889,10.41388889,0.125771605,-3.942515432,0.347153872,11.95833333,384.478,342.142,384.2558331,148,0,0.267344766,-0.756121512,0.756121512,0.267344766,0.75,1.083333333,1.291666667,31.20479931,10.37055631,2.322720339,-2.260457394,2.597951044,-2.105485793,7.753751139,-0.224109428,2.549867055,0,279.6194482,18.89949494,17.01270173,18.80155611,11.36396103,9.815198764,13.80561438,6.172111872,12.24031473,4.203273817,10.48850111,2.64381965,7.931458951,0.54,82041.97248,26.76576447,16.97901316,14.84716287,151.6046135,13.94090593,0,0,0,7.822697123,0,4.565048285,0,0,0,40.03367647,40.03367647,7.262479191,37.86140404,18.50595421,15.08517631,0,0,0,80.06735294,37.86140404,0,0,0,4.893411603,0,0,15.08517631,37.86140404,13.61254261,0,80.06735294,0,0,0,0,58.59,15.08517631,9.458459888,0,13.21376393,0,0,44.68683977,32.33320448,0,36.74244312,0,18.90888889,0,10.41388889,0,0,0,0,14.86720144,12.89027542,-4.469143519,1,24,0,4,0,0,0,0,0,0,4,0,6,14,0,0,0,0,5.952,107.6445,0,0,0,0,0,0,0,0,0,0,0,0,0,0,0,0,0,0,0,0,0,0,0,0,0,0,0,0,0,0,0,0,0,0,0,0,0,0,0,0,0,0,0,0,0,0,0,0,0,0,0,0,0,0,0,0,0,0,0,0,0,0,0,0,0,0,0,1,1,0,0,0,0,0,0,0,0,0,0,0,0,0,0,0,0,44,CCCC[P+](CC)(CCCC)CCCC.CCOP(=O)([O-])OCC,348.15,-0.020202707
10.41388889,10.41388889,0.125771605,-3.942515432,0.347153872,11.95833333,384.478,342.142,384.2558331,148,0,0.267344766,-0.756121512,0.756121512,0.267344766,0.75,1.083333333,1.291666667,31.20479931,10.37055631,2.322720339,-2.260457394,2.597951044,-2.105485793,7.753751139,-0.224109428,2.549867055,0,279.6194482,18.89949494,17.01270173,18.80155611,11.36396103,9.815198764,13.80561438,6.172111872,12.24031473,4.203273817,10.48850111,2.64381965,7.931458951,0.54,82041.97248,26.76576447,16.97901316,14.84716287,151.6046135,13.94090593,0,0,0,7.822697123,0,4.565048285,0,0,0,40.03367647,40.03367647,7.262479191,37.86140404,18.50595421,15.08517631,0,0,0,80.06735294,37.86140404,0,0,0,4.893411603,0,0,15.08517631,37.86140404,13.61254261,0,80.06735294,0,0,0,0,58.59,15.08517631,9.458459888,0,13.21376393,0,0,44.68683977,32.33320448,0,36.74244312,0,18.90888889,0,10.41388889,0,0,0,0,14.86720144,12.89027542,-4.469143519,1,24,0,4,0,0,0,0,0,0,4,0,6,14,0,0,0,0,5.952,107.6445,0,0,0,0,0,0,0,0,0,0,0,0,0,0,0,0,0,0,0,0,0,0,0,0,0,0,0,0,0,0,0,0,0,0,0,0,0,0,0,0,0,0,0,0,0,0,0,0,0,0,0,0,0,0,0,0,0,0,0,0,0,0,0,0,0,0,0,1,1,0,0,0,0,0,0,0,0,0,0,0,0,0,0,0,0,44,CCCC[P+](CC)(CCCC)CCCC.CCOP(=O)([O-])OCC,358.15,-0.017146159
10.41388889,10.41388889,0.125771605,-3.942515432,0.347153872,11.95833333,384.478,342.142,384.2558331,148,0,0.267344766,-0.756121512,0.756121512,0.267344766,0.75,1.083333333,1.291666667,31.20479931,10.37055631,2.322720339,-2.260457394,2.597951044,-2.105485793,7.753751139,-0.224109428,2.549867055,0,279.6194482,18.89949494,17.01270173,18.80155611,11.36396103,9.815198764,13.80561438,6.172111872,12.24031473,4.203273817,10.48850111,2.64381965,7.931458951,0.54,82041.97248,26.76576447,16.97901316,14.84716287,151.6046135,13.94090593,0,0,0,7.822697123,0,4.565048285,0,0,0,40.03367647,40.03367647,7.262479191,37.86140404,18.50595421,15.08517631,0,0,0,80.06735294,37.86140404,0,0,0,4.893411603,0,0,15.08517631,37.86140404,13.61254261,0,80.06735294,0,0,0,0,58.59,15.08517631,9.458459888,0,13.21376393,0,0,44.68683977,32.33320448,0,36.74244312,0,18.90888889,0,10.41388889,0,0,0,0,14.86720144,12.89027542,-4.469143519,1,24,0,4,0,0,0,0,0,0,4,0,6,14,0,0,0,0,5.952,107.6445,0,0,0,0,0,0,0,0,0,0,0,0,0,0,0,0,0,0,0,0,0,0,0,0,0,0,0,0,0,0,0,0,0,0,0,0,0,0,0,0,0,0,0,0,0,0,0,0,0,0,0,0,0,0,0,0,0,0,0,0,0,0,0,0,0,0,0,1,1,0,0,0,0,0,0,0,0,0,0,0,0,0,0,0,0,44,CCCC[P+](CC)(CCCC)CCCC.CCOP(=O)([O-])OCC,368.15,-0.01308524
7.427083333,7.427083333,1.150972222,1.150972222,0.574856782,8,216.288,200.16,216.1374965,84,0,0.171184038,-0.385181884,0.385181884,0.171184038,1.375,2.0625,2.5,14.91877359,10.272937,1.96520785,-1.94238639,1.90863006,-2.322161395,5.122396973,-0.697223456,2.283694313,3.85E-07,361.3405297,12.22576835,9.719575802,9.719575802,7.739912065,5.178176454,5.178176454,3.284487493,3.284487493,1.875982505,1.875982505,1.155123045,1.155123045,-2.07,3160.632929,13.93,9.483686286,7.344775652,96.75647009,10.52378311,6.544756406,12.39368714,0,0,0,5.316788604,4.567099648,0,0,13.34455882,12.99010427,30.43695237,0,4.567099648,0,10.52378311,0,0,33.23387405,0,35.40666138,0,12.38631219,4.567099648,0,0,0,0,6.544756406,29.8338325,25.32883194,24.52642128,0,5.316788604,0,65.56,0,0,0,0,0,6.544756406,30.79140693,0,0,48.25778393,10.52378311,2.248842593,0,0,17.4375,1.336669501,0,4.22960223,9.41704554,5.497006803,0,0.416666667,16,0,4,0,0,0,0,1,1,2,0,4,3,0,0,0,1,2.40488,60.867,0,0,0,0,0,1,0,0,0,0,0,0,0,0,0,4,0,0,0,0,0,0,0,0,0,0,0,0,0,0,2,0,0,0,0,0,0,0,0,0,0,0,0,0,0,0,0,0,0,0,0,0,0,0,0,0,0,2,0,0,0,0,0,0,0,0,0,0,0,0,0,0,0,1,0,0,0,0,0,0,0,0,0,0,0,45,CCCC[n+]1cccc(C)c1.N#C[N-]C#N,328.15,0.329303747
7.427083333,7.427083333,1.150972222,1.150972222,0.574856782,8,216.288,200.16,216.1374965,84,0,0.171184038,-0.385181884,0.385181884,0.171184038,1.375,2.0625,2.5,14.91877359,10.272937,1.96520785,-1.94238639,1.90863006,-2.322161395,5.122396973,-0.697223456,2.283694313,3.85E-07,361.3405297,12.22576835,9.719575802,9.719575802,7.739912065,5.178176454,5.178176454,3.284487493,3.284487493,1.875982505,1.875982505,1.155123045,1.155123045,-2.07,3160.632929,13.93,9.483686286,7.344775652,96.75647009,10.52378311,6.544756406,12.39368714,0,0,0,5.316788604,4.567099648,0,0,13.34455882,12.99010427,30.43695237,0,4.567099648,0,10.52378311,0,0,33.23387405,0,35.40666138,0,12.38631219,4.567099648,0,0,0,0,6.544756406,29.8338325,25.32883194,24.52642128,0,5.316788604,0,65.56,0,0,0,0,0,6.544756406,30.79140693,0,0,48.25778393,10.52378311,2.248842593,0,0,17.4375,1.336669501,0,4.22960223,9.41704554,5.497006803,0,0.416666667,16,0,4,0,0,0,0,1,1,2,0,4,3,0,0,0,1,2.40488,60.867,0,0,0,0,0,1,0,0,0,0,0,0,0,0,0,4,0,0,0,0,0,0,0,0,0,0,0,0,0,0,2,0,0,0,0,0,0,0,0,0,0,0,0,0,0,0,0,0,0,0,0,0,0,0,0,0,0,2,0,0,0,0,0,0,0,0,0,0,0,0,0,0,0,1,0,0,0,0,0,0,0,0,0,0,0,45,CCCC[n+]1cccc(C)c1.N#C[N-]C#N,338.15,0.364643114
7.427083333,7.427083333,1.150972222,1.150972222,0.574856782,8,216.288,200.16,216.1374965,84,0,0.171184038,-0.385181884,0.385181884,0.171184038,1.375,2.0625,2.5,14.91877359,10.272937,1.96520785,-1.94238639,1.90863006,-2.322161395,5.122396973,-0.697223456,2.283694313,3.85E-07,361.3405297,12.22576835,9.719575802,9.719575802,7.739912065,5.178176454,5.178176454,3.284487493,3.284487493,1.875982505,1.875982505,1.155123045,1.155123045,-2.07,3160.632929,13.93,9.483686286,7.344775652,96.75647009,10.52378311,6.544756406,12.39368714,0,0,0,5.316788604,4.567099648,0,0,13.34455882,12.99010427,30.43695237,0,4.567099648,0,10.52378311,0,0,33.23387405,0,35.40666138,0,12.38631219,4.567099648,0,0,0,0,6.544756406,29.8338325,25.32883194,24.52642128,0,5.316788604,0,65.56,0,0,0,0,0,6.544756406,30.79140693,0,0,48.25778393,10.52378311,2.248842593,0,0,17.4375,1.336669501,0,4.22960223,9.41704554,5.497006803,0,0.416666667,16,0,4,0,0,0,0,1,1,2,0,4,3,0,0,0,1,2.40488,60.867,0,0,0,0,0,1,0,0,0,0,0,0,0,0,0,4,0,0,0,0,0,0,0,0,0,0,0,0,0,0,2,0,0,0,0,0,0,0,0,0,0,0,0,0,0,0,0,0,0,0,0,0,0,0,0,0,0,2,0,0,0,0,0,0,0,0,0,0,0,0,0,0,0,1,0,0,0,0,0,0,0,0,0,0,0,45,CCCC[n+]1cccc(C)c1.N#C[N-]C#N,348.15,0.39877612
7.427083333,7.427083333,1.150972222,1.150972222,0.574856782,8,216.288,200.16,216.1374965,84,0,0.171184038,-0.385181884,0.385181884,0.171184038,1.375,2.0625,2.5,14.91877359,10.272937,1.96520785,-1.94238639,1.90863006,-2.322161395,5.122396973,-0.697223456,2.283694313,3.85E-07,361.3405297,12.22576835,9.719575802,9.719575802,7.739912065,5.178176454,5.178176454,3.284487493,3.284487493,1.875982505,1.875982505,1.155123045,1.155123045,-2.07,3160.632929,13.93,9.483686286,7.344775652,96.75647009,10.52378311,6.544756406,12.39368714,0,0,0,5.316788604,4.567099648,0,0,13.34455882,12.99010427,30.43695237,0,4.567099648,0,10.52378311,0,0,33.23387405,0,35.40666138,0,12.38631219,4.567099648,0,0,0,0,6.544756406,29.8338325,25.32883194,24.52642128,0,5.316788604,0,65.56,0,0,0,0,0,6.544756406,30.79140693,0,0,48.25778393,10.52378311,2.248842593,0,0,17.4375,1.336669501,0,4.22960223,9.41704554,5.497006803,0,0.416666667,16,0,4,0,0,0,0,1,1,2,0,4,3,0,0,0,1,2.40488,60.867,0,0,0,0,0,1,0,0,0,0,0,0,0,0,0,4,0,0,0,0,0,0,0,0,0,0,0,0,0,0,2,0,0,0,0,0,0,0,0,0,0,0,0,0,0,0,0,0,0,0,0,0,0,0,0,0,0,2,0,0,0,0,0,0,0,0,0,0,0,0,0,0,0,1,0,0,0,0,0,0,0,0,0,0,0,45,CCCC[n+]1cccc(C)c1.N#C[N-]C#N,358.15,0.431782416
7.427083333,7.427083333,1.150972222,1.150972222,0.574856782,8,216.288,200.16,216.1374965,84,0,0.171184038,-0.385181884,0.385181884,0.171184038,1.375,2.0625,2.5,14.91877359,10.272937,1.96520785,-1.94238639,1.90863006,-2.322161395,5.122396973,-0.697223456,2.283694313,3.85E-07,361.3405297,12.22576835,9.719575802,9.719575802,7.739912065,5.178176454,5.178176454,3.284487493,3.284487493,1.875982505,1.875982505,1.155123045,1.155123045,-2.07,3160.632929,13.93,9.483686286,7.344775652,96.75647009,10.52378311,6.544756406,12.39368714,0,0,0,5.316788604,4.567099648,0,0,13.34455882,12.99010427,30.43695237,0,4.567099648,0,10.52378311,0,0,33.23387405,0,35.40666138,0,12.38631219,4.567099648,0,0,0,0,6.544756406,29.8338325,25.32883194,24.52642128,0,5.316788604,0,65.56,0,0,0,0,0,6.544756406,30.79140693,0,0,48.25778393,10.52378311,2.248842593,0,0,17.4375,1.336669501,0,4.22960223,9.41704554,5.497006803,0,0.416666667,16,0,4,0,0,0,0,1,1,2,0,4,3,0,0,0,1,2.40488,60.867,0,0,0,0,0,1,0,0,0,0,0,0,0,0,0,4,0,0,0,0,0,0,0,0,0,0,0,0,0,0,2,0,0,0,0,0,0,0,0,0,0,0,0,0,0,0,0,0,0,0,0,0,0,0,0,0,0,2,0,0,0,0,0,0,0,0,0,0,0,0,0,0,0,1,0,0,0,0,0,0,0,0,0,0,0,45,CCCC[n+]1cccc(C)c1.N#C[N-]C#N,368.15,0.463734016
11.43842593,11.43842593,0.777777778,-6.721527778,0.459739881,14,426.401,406.241,426.0717831,154,0,0.4802902,-0.420674932,0.4802902,0.420674932,0.88,1.2,1.4,32.28904407,10.37698867,2.464383197,-2.310964623,2.356200422,-2.452396329,8.125008807,-0.905951281,2.417015975,0,554.2660085,20.74264069,13.84837919,15.48137235,10.8890873,6.580990629,9.461117286,4.884515058,8.306885311,3.143364389,5.883346456,1.065205981,2.774788275,-0.64,47508.866,26.58761384,9.340968858,9.027531756,142.177538,13.34729494,6.544756406,20.04658231,0,0,11.016661,0,16.83559397,26.34249029,0,0,13.8474744,7.109797541,26.74406676,52.39797807,20.04658231,0,0,0,24.8641354,40.39862071,4.127401125,0,0,0,26.34249029,0,0,72.73390654,24.78344526,0,13.8474744,0,0,4.127401125,0,91.61,31.06324331,43.17808425,0,0,0,21.76207035,13.08951281,7.109797541,0,20.89514638,4.736862954,115.3269444,0,0,0,-12.40611111,0,0,0,8.833055556,-9.420555556,1,25,0,7,0,0,0,0,0,0,5,0,15,7,0,0,0,0,2.1785,77.318,0,0,0,0,0,0,0,0,0,0,0,0,0,0,0,2,0,0,0,1,0,0,0,0,0,6,0,0,0,0,0,0,0,0,0,0,0,0,0,0,0,1,0,0,6,0,0,0,0,0,0,0,0,0,0,1,0,0,0,0,0,0,0,0,0,0,0,0,0,0,0,0,0,0,1,0,2,0,0,0,0,0,0,0,0,46,CC[N+](C)(CC)CCOC.O=S(=O)([N-]S(=O)(=O)C(F)(F)F)C(F)(F)F,318.15,0.262364264
11.43842593,11.43842593,0.777777778,-6.721527778,0.459739881,14,426.401,406.241,426.0717831,154,0,0.4802902,-0.420674932,0.4802902,0.420674932,0.88,1.2,1.4,32.28904407,10.37698867,2.464383197,-2.310964623,2.356200422,-2.452396329,8.125008807,-0.905951281,2.417015975,0,554.2660085,20.74264069,13.84837919,15.48137235,10.8890873,6.580990629,9.461117286,4.884515058,8.306885311,3.143364389,5.883346456,1.065205981,2.774788275,-0.64,47508.866,26.58761384,9.340968858,9.027531756,142.177538,13.34729494,6.544756406,20.04658231,0,0,11.016661,0,16.83559397,26.34249029,0,0,13.8474744,7.109797541,26.74406676,52.39797807,20.04658231,0,0,0,24.8641354,40.39862071,4.127401125,0,0,0,26.34249029,0,0,72.73390654,24.78344526,0,13.8474744,0,0,4.127401125,0,91.61,31.06324331,43.17808425,0,0,0,21.76207035,13.08951281,7.109797541,0,20.89514638,4.736862954,115.3269444,0,0,0,-12.40611111,0,0,0,8.833055556,-9.420555556,1,25,0,7,0,0,0,0,0,0,5,0,15,7,0,0,0,0,2.1785,77.318,0,0,0,0,0,0,0,0,0,0,0,0,0,0,0,2,0,0,0,1,0,0,0,0,0,6,0,0,0,0,0,0,0,0,0,0,0,0,0,0,0,1,0,0,6,0,0,0,0,0,0,0,0,0,0,1,0,0,0,0,0,0,0,0,0,0,0,0,0,0,0,0,0,0,1,0,2,0,0,0,0,0,0,0,0,46,CC[N+](C)(CC)CCOC.O=S(=O)([N-]S(=O)(=O)C(F)(F)F)C(F)(F)F,328.15,0.262364264
11.43842593,11.43842593,0.777777778,-6.721527778,0.459739881,14,426.401,406.241,426.0717831,154,0,0.4802902,-0.420674932,0.4802902,0.420674932,0.88,1.2,1.4,32.28904407,10.37698867,2.464383197,-2.310964623,2.356200422,-2.452396329,8.125008807,-0.905951281,2.417015975,0,554.2660085,20.74264069,13.84837919,15.48137235,10.8890873,6.580990629,9.461117286,4.884515058,8.306885311,3.143364389,5.883346456,1.065205981,2.774788275,-0.64,47508.866,26.58761384,9.340968858,9.027531756,142.177538,13.34729494,6.544756406,20.04658231,0,0,11.016661,0,16.83559397,26.34249029,0,0,13.8474744,7.109797541,26.74406676,52.39797807,20.04658231,0,0,0,24.8641354,40.39862071,4.127401125,0,0,0,26.34249029,0,0,72.73390654,24.78344526,0,13.8474744,0,0,4.127401125,0,91.61,31.06324331,43.17808425,0,0,0,21.76207035,13.08951281,7.109797541,0,20.89514638,4.736862954,115.3269444,0,0,0,-12.40611111,0,0,0,8.833055556,-9.420555556,1,25,0,7,0,0,0,0,0,0,5,0,15,7,0,0,0,0,2.1785,77.318,0,0,0,0,0,0,0,0,0,0,0,0,0,0,0,2,0,0,0,1,0,0,0,0,0,6,0,0,0,0,0,0,0,0,0,0,0,0,0,0,0,1,0,0,6,0,0,0,0,0,0,0,0,0,0,1,0,0,0,0,0,0,0,0,0,0,0,0,0,0,0,0,0,0,1,0,2,0,0,0,0,0,0,0,0,46,CC[N+](C)(CC)CCOC.O=S(=O)([N-]S(=O)(=O)C(F)(F)F)C(F)(F)F,338.15,0.270027137
11.43842593,11.43842593,0.777777778,-6.721527778,0.459739881,14,426.401,406.241,426.0717831,154,0,0.4802902,-0.420674932,0.4802902,0.420674932,0.88,1.2,1.4,32.28904407,10.37698867,2.464383197,-2.310964623,2.356200422,-2.452396329,8.125008807,-0.905951281,2.417015975,0,554.2660085,20.74264069,13.84837919,15.48137235,10.8890873,6.580990629,9.461117286,4.884515058,8.306885311,3.143364389,5.883346456,1.065205981,2.774788275,-0.64,47508.866,26.58761384,9.340968858,9.027531756,142.177538,13.34729494,6.544756406,20.04658231,0,0,11.016661,0,16.83559397,26.34249029,0,0,13.8474744,7.109797541,26.74406676,52.39797807,20.04658231,0,0,0,24.8641354,40.39862071,4.127401125,0,0,0,26.34249029,0,0,72.73390654,24.78344526,0,13.8474744,0,0,4.127401125,0,91.61,31.06324331,43.17808425,0,0,0,21.76207035,13.08951281,7.109797541,0,20.89514638,4.736862954,115.3269444,0,0,0,-12.40611111,0,0,0,8.833055556,-9.420555556,1,25,0,7,0,0,0,0,0,0,5,0,15,7,0,0,0,0,2.1785,77.318,0,0,0,0,0,0,0,0,0,0,0,0,0,0,0,2,0,0,0,1,0,0,0,0,0,6,0,0,0,0,0,0,0,0,0,0,0,0,0,0,0,1,0,0,6,0,0,0,0,0,0,0,0,0,0,1,0,0,0,0,0,0,0,0,0,0,0,0,0,0,0,0,0,0,1,0,2,0,0,0,0,0,0,0,0,46,CC[N+](C)(CC)CCOC.O=S(=O)([N-]S(=O)(=O)C(F)(F)F)C(F)(F)F,348.15,0.292669614
11.43842593,11.43842593,0.777777778,-6.721527778,0.459739881,14,426.401,406.241,426.0717831,154,0,0.4802902,-0.420674932,0.4802902,0.420674932,0.88,1.2,1.4,32.28904407,10.37698867,2.464383197,-2.310964623,2.356200422,-2.452396329,8.125008807,-0.905951281,2.417015975,0,554.2660085,20.74264069,13.84837919,15.48137235,10.8890873,6.580990629,9.461117286,4.884515058,8.306885311,3.143364389,5.883346456,1.065205981,2.774788275,-0.64,47508.866,26.58761384,9.340968858,9.027531756,142.177538,13.34729494,6.544756406,20.04658231,0,0,11.016661,0,16.83559397,26.34249029,0,0,13.8474744,7.109797541,26.74406676,52.39797807,20.04658231,0,0,0,24.8641354,40.39862071,4.127401125,0,0,0,26.34249029,0,0,72.73390654,24.78344526,0,13.8474744,0,0,4.127401125,0,91.61,31.06324331,43.17808425,0,0,0,21.76207035,13.08951281,7.109797541,0,20.89514638,4.736862954,115.3269444,0,0,0,-12.40611111,0,0,0,8.833055556,-9.420555556,1,25,0,7,0,0,0,0,0,0,5,0,15,7,0,0,0,0,2.1785,77.318,0,0,0,0,0,0,0,0,0,0,0,0,0,0,0,2,0,0,0,1,0,0,0,0,0,6,0,0,0,0,0,0,0,0,0,0,0,0,0,0,0,1,0,0,6,0,0,0,0,0,0,0,0,0,0,1,0,0,0,0,0,0,0,0,0,0,0,0,0,0,0,0,0,0,1,0,2,0,0,0,0,0,0,0,0,46,CC[N+](C)(CC)CCOC.O=S(=O)([N-]S(=O)(=O)C(F)(F)F)C(F)(F)F,358.15,0.3074847
8.514237528,8.514237528,0.265768141,0.265768141,0.413293995,8.384615385,199.279,186.175,199.077933,72,0,0.24303027,-0.695797763,0.695797763,0.24303027,1.692307692,2.307692308,2.692307692,32.11678637,10.44250003,1.96363474,-1.897991779,1.793698535,-2.30719365,7.635946785,-0.696481162,2.492801241,4.24E-07,266.5980099,10.10444801,7.550473824,8.366970405,6.239912065,3.873528963,4.281777253,2.485355078,2.667929264,1.398159415,1.398159415,0.887269475,0.887269475,-1.12,830.1028134,11.88,7.525058894,6.078857259,83.45257632,17.73531654,12.39368714,0,6.327320075,0,0,0,14.39609085,0,0,5.401253297,0,13.02770359,13.59242839,9.673627043,12.62878915,5.261891555,4.567099648,7.047671983,12.96557803,6.606881965,18.72100722,0,5.401253297,4.567099648,0,0,0,16.28050901,26.22121754,10.66314485,6.420821623,18.72100722,0,0,0,52.83,0,0,0,6.606881965,0,12.96557803,5.401253297,0,30.33577885,17.1958888,10.36841895,4.035311791,3.699074074,0,16.98183012,0,0,0,6.80295068,1.165907029,1.981592971,0.5,13,1,4,0,0,0,0,1,1,4,1,5,3,0,0,0,1,-0.29062,50.2888,0,1,1,0,0,2,0,0,0,0,0,0,0,0,0,3,0,0,0,0,0,0,0,0,0,0,0,0,0,0,2,0,0,0,0,0,0,0,0,0,0,0,0,0,0,0,0,1,0,0,0,0,0,0,0,0,0,1,0,0,0,0,0,0,0,0,0,0,0,0,0,0,0,0,0,0,0,0,0,0,0,1,0,0,0,47,Cn1cc[n+](CCCO)c1.N#C[S-],318.15,1.989243274
8.514237528,8.514237528,0.265768141,0.265768141,0.413293995,8.384615385,199.279,186.175,199.077933,72,0,0.24303027,-0.695797763,0.695797763,0.24303027,1.692307692,2.307692308,2.692307692,32.11678637,10.44250003,1.96363474,-1.897991779,1.793698535,-2.30719365,7.635946785,-0.696481162,2.492801241,4.24E-07,266.5980099,10.10444801,7.550473824,8.366970405,6.239912065,3.873528963,4.281777253,2.485355078,2.667929264,1.398159415,1.398159415,0.887269475,0.887269475,-1.12,830.1028134,11.88,7.525058894,6.078857259,83.45257632,17.73531654,12.39368714,0,6.327320075,0,0,0,14.39609085,0,0,5.401253297,0,13.02770359,13.59242839,9.673627043,12.62878915,5.261891555,4.567099648,7.047671983,12.96557803,6.606881965,18.72100722,0,5.401253297,4.567099648,0,0,0,16.28050901,26.22121754,10.66314485,6.420821623,18.72100722,0,0,0,52.83,0,0,0,6.606881965,0,12.96557803,5.401253297,0,30.33577885,17.1958888,10.36841895,4.035311791,3.699074074,0,16.98183012,0,0,0,6.80295068,1.165907029,1.981592971,0.5,13,1,4,0,0,0,0,1,1,4,1,5,3,0,0,0,1,-0.29062,50.2888,0,1,1,0,0,2,0,0,0,0,0,0,0,0,0,3,0,0,0,0,0,0,0,0,0,0,0,0,0,0,2,0,0,0,0,0,0,0,0,0,0,0,0,0,0,0,0,1,0,0,0,0,0,0,0,0,0,1,0,0,0,0,0,0,0,0,0,0,0,0,0,0,0,0,0,0,0,0,0,0,0,1,0,0,0,47,Cn1cc[n+](CCCO)c1.N#C[S-],328.15,1.996059933
8.514237528,8.514237528,0.265768141,0.265768141,0.413293995,8.384615385,199.279,186.175,199.077933,72,0,0.24303027,-0.695797763,0.695797763,0.24303027,1.692307692,2.307692308,2.692307692,32.11678637,10.44250003,1.96363474,-1.897991779,1.793698535,-2.30719365,7.635946785,-0.696481162,2.492801241,4.24E-07,266.5980099,10.10444801,7.550473824,8.366970405,6.239912065,3.873528963,4.281777253,2.485355078,2.667929264,1.398159415,1.398159415,0.887269475,0.887269475,-1.12,830.1028134,11.88,7.525058894,6.078857259,83.45257632,17.73531654,12.39368714,0,6.327320075,0,0,0,14.39609085,0,0,5.401253297,0,13.02770359,13.59242839,9.673627043,12.62878915,5.261891555,4.567099648,7.047671983,12.96557803,6.606881965,18.72100722,0,5.401253297,4.567099648,0,0,0,16.28050901,26.22121754,10.66314485,6.420821623,18.72100722,0,0,0,52.83,0,0,0,6.606881965,0,12.96557803,5.401253297,0,30.33577885,17.1958888,10.36841895,4.035311791,3.699074074,0,16.98183012,0,0,0,6.80295068,1.165907029,1.981592971,0.5,13,1,4,0,0,0,0,1,1,4,1,5,3,0,0,0,1,-0.29062,50.2888,0,1,1,0,0,2,0,0,0,0,0,0,0,0,0,3,0,0,0,0,0,0,0,0,0,0,0,0,0,0,2,0,0,0,0,0,0,0,0,0,0,0,0,0,0,0,0,1,0,0,0,0,0,0,0,0,0,1,0,0,0,0,0,0,0,0,0,0,0,0,0,0,0,0,0,0,0,0,0,0,0,1,0,0,0,47,Cn1cc[n+](CCCO)c1.N#C[S-],338.15,2.002830439
8.514237528,8.514237528,0.265768141,0.265768141,0.413293995,8.384615385,199.279,186.175,199.077933,72,0,0.24303027,-0.695797763,0.695797763,0.24303027,1.692307692,2.307692308,2.692307692,32.11678637,10.44250003,1.96363474,-1.897991779,1.793698535,-2.30719365,7.635946785,-0.696481162,2.492801241,4.24E-07,266.5980099,10.10444801,7.550473824,8.366970405,6.239912065,3.873528963,4.281777253,2.485355078,2.667929264,1.398159415,1.398159415,0.887269475,0.887269475,-1.12,830.1028134,11.88,7.525058894,6.078857259,83.45257632,17.73531654,12.39368714,0,6.327320075,0,0,0,14.39609085,0,0,5.401253297,0,13.02770359,13.59242839,9.673627043,12.62878915,5.261891555,4.567099648,7.047671983,12.96557803,6.606881965,18.72100722,0,5.401253297,4.567099648,0,0,0,16.28050901,26.22121754,10.66314485,6.420821623,18.72100722,0,0,0,52.83,0,0,0,6.606881965,0,12.96557803,5.401253297,0,30.33577885,17.1958888,10.36841895,4.035311791,3.699074074,0,16.98183012,0,0,0,6.80295068,1.165907029,1.981592971,0.5,13,1,4,0,0,0,0,1,1,4,1,5,3,0,0,0,1,-0.29062,50.2888,0,1,1,0,0,2,0,0,0,0,0,0,0,0,0,3,0,0,0,0,0,0,0,0,0,0,0,0,0,0,2,0,0,0,0,0,0,0,0,0,0,0,0,0,0,0,0,1,0,0,0,0,0,0,0,0,0,1,0,0,0,0,0,0,0,0,0,0,0,0,0,0,0,0,0,0,0,0,0,0,0,1,0,0,0,47,Cn1cc[n+](CCCO)c1.N#C[S-],348.15,2.008214032
8.514237528,8.514237528,0.265768141,0.265768141,0.413293995,8.384615385,199.279,186.175,199.077933,72,0,0.24303027,-0.695797763,0.695797763,0.24303027,1.692307692,2.307692308,2.692307692,32.11678637,10.44250003,1.96363474,-1.897991779,1.793698535,-2.30719365,7.635946785,-0.696481162,2.492801241,4.24E-07,266.5980099,10.10444801,7.550473824,8.366970405,6.239912065,3.873528963,4.281777253,2.485355078,2.667929264,1.398159415,1.398159415,0.887269475,0.887269475,-1.12,830.1028134,11.88,7.525058894,6.078857259,83.45257632,17.73531654,12.39368714,0,6.327320075,0,0,0,14.39609085,0,0,5.401253297,0,13.02770359,13.59242839,9.673627043,12.62878915,5.261891555,4.567099648,7.047671983,12.96557803,6.606881965,18.72100722,0,5.401253297,4.567099648,0,0,0,16.28050901,26.22121754,10.66314485,6.420821623,18.72100722,0,0,0,52.83,0,0,0,6.606881965,0,12.96557803,5.401253297,0,30.33577885,17.1958888,10.36841895,4.035311791,3.699074074,0,16.98183012,0,0,0,6.80295068,1.165907029,1.981592971,0.5,13,1,4,0,0,0,0,1,1,4,1,5,3,0,0,0,1,-0.29062,50.2888,0,1,1,0,0,2,0,0,0,0,0,0,0,0,0,3,0,0,0,0,0,0,0,0,0,0,0,0,0,0,2,0,0,0,0,0,0,0,0,0,0,0,0,0,0,0,0,1,0,0,0,0,0,0,0,0,0,1,0,0,0,0,0,0,0,0,0,0,0,0,0,0,0,0,0,0,0,0,0,0,0,1,0,0,0,47,Cn1cc[n+](CCCO)c1.N#C[S-],358.15,2.014903021
8.498854875,8.498854875,0.203055556,0.203055556,0.512670478,7.714285714,193.21,182.122,193.09636,74,0,0.243113412,-0.392288644,0.392288644,0.243113412,1.5,2.142857143,2.428571429,16.25112937,10.66487733,1.950585642,-1.859768188,1.745656561,-2.321666031,5.122236552,-0.697145117,2.545467115,2.92E-07,320.2362173,10.81155479,7.829545943,7.829545943,6.739912065,3.840225211,3.840225211,2.352317993,2.352317993,1.281931649,1.281931649,0.771815345,0.771815345,-2.05,1384.73411,11.95,7.591445353,5.581273962,82.23995152,15.6303105,18.93844355,0,6.327320075,0,0,5.316788604,9.134199296,0,0,0,0,12.38631219,13.65455395,9.673627043,0,10.52378311,4.567099648,7.047671983,6.544756406,6.606881965,24.03779582,0,12.38631219,4.567099648,0,0,0,16.28050901,13.59242839,22.9100953,0,18.72100722,0,5.316788604,0,90.72,0,0,0,6.606881965,6.544756406,0,12.38631219,0,34.9028785,5.316788604,15.6303105,3.870694444,0,0,25.93635488,0,0,0,8.35625,0.884444444,1.952256236,0.375,14,1,6,0,0,0,0,1,1,4,1,6,2,0,0,0,1,-0.37284,47.2788,0,1,1,0,0,2,0,0,0,0,0,0,0,0,0,5,0,0,0,0,0,0,0,0,0,0,0,0,0,0,1,0,0,0,0,0,0,0,0,0,0,0,0,0,0,0,0,1,0,0,0,0,0,0,0,0,0,2,0,0,0,0,0,0,0,0,0,0,0,0,0,0,0,0,0,0,0,0,0,0,0,0,0,0,0,48,Cn1cc[n+](CCO)c1.N#C[N-]C#N,318.15,1.975468951
8.498854875,8.498854875,0.203055556,0.203055556,0.512670478,7.714285714,193.21,182.122,193.09636,74,0,0.243113412,-0.392288644,0.392288644,0.243113412,1.5,2.142857143,2.428571429,16.25112937,10.66487733,1.950585642,-1.859768188,1.745656561,-2.321666031,5.122236552,-0.697145117,2.545467115,2.92E-07,320.2362173,10.81155479,7.829545943,7.829545943,6.739912065,3.840225211,3.840225211,2.352317993,2.352317993,1.281931649,1.281931649,0.771815345,0.771815345,-2.05,1384.73411,11.95,7.591445353,5.581273962,82.23995152,15.6303105,18.93844355,0,6.327320075,0,0,5.316788604,9.134199296,0,0,0,0,12.38631219,13.65455395,9.673627043,0,10.52378311,4.567099648,7.047671983,6.544756406,6.606881965,24.03779582,0,12.38631219,4.567099648,0,0,0,16.28050901,13.59242839,22.9100953,0,18.72100722,0,5.316788604,0,90.72,0,0,0,6.606881965,6.544756406,0,12.38631219,0,34.9028785,5.316788604,15.6303105,3.870694444,0,0,25.93635488,0,0,0,8.35625,0.884444444,1.952256236,0.375,14,1,6,0,0,0,0,1,1,4,1,6,2,0,0,0,1,-0.37284,47.2788,0,1,1,0,0,2,0,0,0,0,0,0,0,0,0,5,0,0,0,0,0,0,0,0,0,0,0,0,0,0,1,0,0,0,0,0,0,0,0,0,0,0,0,0,0,0,0,1,0,0,0,0,0,0,0,0,0,2,0,0,0,0,0,0,0,0,0,0,0,0,0,0,0,0,0,0,0,0,0,0,0,0,0,0,0,48,Cn1cc[n+](CCO)c1.N#C[N-]C#N,328.15,1.978239036
8.498854875,8.498854875,0.203055556,0.203055556,0.512670478,7.714285714,193.21,182.122,193.09636,74,0,0.243113412,-0.392288644,0.392288644,0.243113412,1.5,2.142857143,2.428571429,16.25112937,10.66487733,1.950585642,-1.859768188,1.745656561,-2.321666031,5.122236552,-0.697145117,2.545467115,2.92E-07,320.2362173,10.81155479,7.829545943,7.829545943,6.739912065,3.840225211,3.840225211,2.352317993,2.352317993,1.281931649,1.281931649,0.771815345,0.771815345,-2.05,1384.73411,11.95,7.591445353,5.581273962,82.23995152,15.6303105,18.93844355,0,6.327320075,0,0,5.316788604,9.134199296,0,0,0,0,12.38631219,13.65455395,9.673627043,0,10.52378311,4.567099648,7.047671983,6.544756406,6.606881965,24.03779582,0,12.38631219,4.567099648,0,0,0,16.28050901,13.59242839,22.9100953,0,18.72100722,0,5.316788604,0,90.72,0,0,0,6.606881965,6.544756406,0,12.38631219,0,34.9028785,5.316788604,15.6303105,3.870694444,0,0,25.93635488,0,0,0,8.35625,0.884444444,1.952256236,0.375,14,1,6,0,0,0,0,1,1,4,1,6,2,0,0,0,1,-0.37284,47.2788,0,1,1,0,0,2,0,0,0,0,0,0,0,0,0,5,0,0,0,0,0,0,0,0,0,0,0,0,0,0,1,0,0,0,0,0,0,0,0,0,0,0,0,0,0,0,0,1,0,0,0,0,0,0,0,0,0,2,0,0,0,0,0,0,0,0,0,0,0,0,0,0,0,0,0,0,0,0,0,0,0,0,0,0,0,48,Cn1cc[n+](CCO)c1.N#C[N-]C#N,338.15,1.979621206
8.498854875,8.498854875,0.203055556,0.203055556,0.512670478,7.714285714,193.21,182.122,193.09636,74,0,0.243113412,-0.392288644,0.392288644,0.243113412,1.5,2.142857143,2.428571429,16.25112937,10.66487733,1.950585642,-1.859768188,1.745656561,-2.321666031,5.122236552,-0.697145117,2.545467115,2.92E-07,320.2362173,10.81155479,7.829545943,7.829545943,6.739912065,3.840225211,3.840225211,2.352317993,2.352317993,1.281931649,1.281931649,0.771815345,0.771815345,-2.05,1384.73411,11.95,7.591445353,5.581273962,82.23995152,15.6303105,18.93844355,0,6.327320075,0,0,5.316788604,9.134199296,0,0,0,0,12.38631219,13.65455395,9.673627043,0,10.52378311,4.567099648,7.047671983,6.544756406,6.606881965,24.03779582,0,12.38631219,4.567099648,0,0,0,16.28050901,13.59242839,22.9100953,0,18.72100722,0,5.316788604,0,90.72,0,0,0,6.606881965,6.544756406,0,12.38631219,0,34.9028785,5.316788604,15.6303105,3.870694444,0,0,25.93635488,0,0,0,8.35625,0.884444444,1.952256236,0.375,14,1,6,0,0,0,0,1,1,4,1,6,2,0,0,0,1,-0.37284,47.2788,0,1,1,0,0,2,0,0,0,0,0,0,0,0,0,5,0,0,0,0,0,0,0,0,0,0,0,0,0,0,1,0,0,0,0,0,0,0,0,0,0,0,0,0,0,0,0,1,0,0,0,0,0,0,0,0,0,2,0,0,0,0,0,0,0,0,0,0,0,0,0,0,0,0,0,0,0,0,0,0,0,0,0,0,0,48,Cn1cc[n+](CCO)c1.N#C[N-]C#N,348.15,1.983756292
8.498854875,8.498854875,0.203055556,0.203055556,0.512670478,7.714285714,193.21,182.122,193.09636,74,0,0.243113412,-0.392288644,0.392288644,0.243113412,1.5,2.142857143,2.428571429,16.25112937,10.66487733,1.950585642,-1.859768188,1.745656561,-2.321666031,5.122236552,-0.697145117,2.545467115,2.92E-07,320.2362173,10.81155479,7.829545943,7.829545943,6.739912065,3.840225211,3.840225211,2.352317993,2.352317993,1.281931649,1.281931649,0.771815345,0.771815345,-2.05,1384.73411,11.95,7.591445353,5.581273962,82.23995152,15.6303105,18.93844355,0,6.327320075,0,0,5.316788604,9.134199296,0,0,0,0,12.38631219,13.65455395,9.673627043,0,10.52378311,4.567099648,7.047671983,6.544756406,6.606881965,24.03779582,0,12.38631219,4.567099648,0,0,0,16.28050901,13.59242839,22.9100953,0,18.72100722,0,5.316788604,0,90.72,0,0,0,6.606881965,6.544756406,0,12.38631219,0,34.9028785,5.316788604,15.6303105,3.870694444,0,0,25.93635488,0,0,0,8.35625,0.884444444,1.952256236,0.375,14,1,6,0,0,0,0,1,1,4,1,6,2,0,0,0,1,-0.37284,47.2788,0,1,1,0,0,2,0,0,0,0,0,0,0,0,0,5,0,0,0,0,0,0,0,0,0,0,0,0,0,0,1,0,0,0,0,0,0,0,0,0,0,0,0,0,0,0,0,1,0,0,0,0,0,0,0,0,0,2,0,0,0,0,0,0,0,0,0,0,0,0,0,0,0,0,0,0,0,0,0,0,0,0,0,0,0,48,Cn1cc[n+](CCO)c1.N#C[N-]C#N,358.15,1.985130862
7.427083333,7.427083333,0.675277778,0.675277778,0.413873917,7.714285714,211.656,201.576,211.062473,74,0,0.24307079,-0.385181884,0.385181884,0.24307079,1.5,2.142857143,2.428571429,35.49566293,10.70729814,1.95171905,-1.850311457,1.779871013,-2.310771601,6.172339134,-0.691647944,2.545467115,2.92E-07,320.2362173,10.81155479,7.76029682,8.516225766,6.739912065,3.791258687,4.325781171,2.317693432,2.695657905,1.266447074,1.435477925,0.753935299,0.949115313,-1.72,1384.73411,12.28,7.904940318,5.870733058,87.74898399,10.52378311,18.93844355,0,6.327320075,0,0,5.316788604,9.134199296,0,11.60093989,0,0,12.38631219,12.92767543,4.567099648,11.60093989,10.52378311,4.567099648,7.047671983,6.544756406,5.880003445,24.03779582,0,12.38631219,4.567099648,0,0,11.60093989,10.44710309,13.59242839,22.9100953,0,18.72100722,0,5.316788604,0,70.49,0,0,0,0,5.880003445,6.544756406,12.38631219,0,34.9028785,5.316788604,22.124723,4.041219136,5.51521353,0,17.4375,0,0.675277778,0,8.559830247,0.891265432,1.990804989,0.375,14,0,5,0,0,0,0,1,1,3,0,6,2,0,0,0,1,0.87366,50.913,0,0,0,0,0,2,0,0,0,0,0,0,0,0,0,5,0,0,0,0,0,0,0,0,0,1,0,0,0,0,2,0,0,0,0,0,0,0,0,0,0,0,0,0,1,0,0,1,0,0,0,0,0,0,0,0,0,2,0,0,0,0,0,0,0,0,0,0,0,0,0,0,0,0,0,0,0,0,0,0,0,0,0,0,0,49,Cn1cc[n+](CCCl)c1.N#C[N-]C#N,318.15,2.124653885
7.427083333,7.427083333,0.675277778,0.675277778,0.413873917,7.714285714,211.656,201.576,211.062473,74,0,0.24307079,-0.385181884,0.385181884,0.24307079,1.5,2.142857143,2.428571429,35.49566293,10.70729814,1.95171905,-1.850311457,1.779871013,-2.310771601,6.172339134,-0.691647944,2.545467115,2.92E-07,320.2362173,10.81155479,7.76029682,8.516225766,6.739912065,3.791258687,4.325781171,2.317693432,2.695657905,1.266447074,1.435477925,0.753935299,0.949115313,-1.72,1384.73411,12.28,7.904940318,5.870733058,87.74898399,10.52378311,18.93844355,0,6.327320075,0,0,5.316788604,9.134199296,0,11.60093989,0,0,12.38631219,12.92767543,4.567099648,11.60093989,10.52378311,4.567099648,7.047671983,6.544756406,5.880003445,24.03779582,0,12.38631219,4.567099648,0,0,11.60093989,10.44710309,13.59242839,22.9100953,0,18.72100722,0,5.316788604,0,70.49,0,0,0,0,5.880003445,6.544756406,12.38631219,0,34.9028785,5.316788604,22.124723,4.041219136,5.51521353,0,17.4375,0,0.675277778,0,8.559830247,0.891265432,1.990804989,0.375,14,0,5,0,0,0,0,1,1,3,0,6,2,0,0,0,1,0.87366,50.913,0,0,0,0,0,2,0,0,0,0,0,0,0,0,0,5,0,0,0,0,0,0,0,0,0,1,0,0,0,0,2,0,0,0,0,0,0,0,0,0,0,0,0,0,1,0,0,1,0,0,0,0,0,0,0,0,0,2,0,0,0,0,0,0,0,0,0,0,0,0,0,0,0,0,0,0,0,0,0,0,0,0,0,0,0,49,Cn1cc[n+](CCCl)c1.N#C[N-]C#N,328.15,2.111424588
7.427083333,7.427083333,0.675277778,0.675277778,0.413873917,7.714285714,211.656,201.576,211.062473,74,0,0.24307079,-0.385181884,0.385181884,0.24307079,1.5,2.142857143,2.428571429,35.49566293,10.70729814,1.95171905,-1.850311457,1.779871013,-2.310771601,6.172339134,-0.691647944,2.545467115,2.92E-07,320.2362173,10.81155479,7.76029682,8.516225766,6.739912065,3.791258687,4.325781171,2.317693432,2.695657905,1.266447074,1.435477925,0.753935299,0.949115313,-1.72,1384.73411,12.28,7.904940318,5.870733058,87.74898399,10.52378311,18.93844355,0,6.327320075,0,0,5.316788604,9.134199296,0,11.60093989,0,0,12.38631219,12.92767543,4.567099648,11.60093989,10.52378311,4.567099648,7.047671983,6.544756406,5.880003445,24.03779582,0,12.38631219,4.567099648,0,0,11.60093989,10.44710309,13.59242839,22.9100953,0,18.72100722,0,5.316788604,0,70.49,0,0,0,0,5.880003445,6.544756406,12.38631219,0,34.9028785,5.316788604,22.124723,4.041219136,5.51521353,0,17.4375,0,0.675277778,0,8.559830247,0.891265432,1.990804989,0.375,14,0,5,0,0,0,0,1,1,3,0,6,2,0,0,0,1,0.87366,50.913,0,0,0,0,0,2,0,0,0,0,0,0,0,0,0,5,0,0,0,0,0,0,0,0,0,1,0,0,0,0,2,0,0,0,0,0,0,0,0,0,0,0,0,0,1,0,0,1,0,0,0,0,0,0,0,0,0,2,0,0,0,0,0,0,0,0,0,0,0,0,0,0,0,0,0,0,0,0,0,0,0,0,0,0,0,49,Cn1cc[n+](CCCl)c1.N#C[N-]C#N,338.15,2.090628731
7.427083333,7.427083333,0.675277778,0.675277778,0.413873917,7.714285714,211.656,201.576,211.062473,74,0,0.24307079,-0.385181884,0.385181884,0.24307079,1.5,2.142857143,2.428571429,35.49566293,10.70729814,1.95171905,-1.850311457,1.779871013,-2.310771601,6.172339134,-0.691647944,2.545467115,2.92E-07,320.2362173,10.81155479,7.76029682,8.516225766,6.739912065,3.791258687,4.325781171,2.317693432,2.695657905,1.266447074,1.435477925,0.753935299,0.949115313,-1.72,1384.73411,12.28,7.904940318,5.870733058,87.74898399,10.52378311,18.93844355,0,6.327320075,0,0,5.316788604,9.134199296,0,11.60093989,0,0,12.38631219,12.92767543,4.567099648,11.60093989,10.52378311,4.567099648,7.047671983,6.544756406,5.880003445,24.03779582,0,12.38631219,4.567099648,0,0,11.60093989,10.44710309,13.59242839,22.9100953,0,18.72100722,0,5.316788604,0,70.49,0,0,0,0,5.880003445,6.544756406,12.38631219,0,34.9028785,5.316788604,22.124723,4.041219136,5.51521353,0,17.4375,0,0.675277778,0,8.559830247,0.891265432,1.990804989,0.375,14,0,5,0,0,0,0,1,1,3,0,6,2,0,0,0,1,0.87366,50.913,0,0,0,0,0,2,0,0,0,0,0,0,0,0,0,5,0,0,0,0,0,0,0,0,0,1,0,0,0,0,2,0,0,0,0,0,0,0,0,0,0,0,0,0,1,0,0,1,0,0,0,0,0,0,0,0,0,2,0,0,0,0,0,0,0,0,0,0,0,0,0,0,0,0,0,0,0,0,0,0,0,0,0,0,0,49,Cn1cc[n+](CCCl)c1.N#C[N-]C#N,348.15,2.075684493
7.427083333,7.427083333,0.675277778,0.675277778,0.413873917,7.714285714,211.656,201.576,211.062473,74,0,0.24307079,-0.385181884,0.385181884,0.24307079,1.5,2.142857143,2.428571429,35.49566293,10.70729814,1.95171905,-1.850311457,1.779871013,-2.310771601,6.172339134,-0.691647944,2.545467115,2.92E-07,320.2362173,10.81155479,7.76029682,8.516225766,6.739912065,3.791258687,4.325781171,2.317693432,2.695657905,1.266447074,1.435477925,0.753935299,0.949115313,-1.72,1384.73411,12.28,7.904940318,5.870733058,87.74898399,10.52378311,18.93844355,0,6.327320075,0,0,5.316788604,9.134199296,0,11.60093989,0,0,12.38631219,12.92767543,4.567099648,11.60093989,10.52378311,4.567099648,7.047671983,6.544756406,5.880003445,24.03779582,0,12.38631219,4.567099648,0,0,11.60093989,10.44710309,13.59242839,22.9100953,0,18.72100722,0,5.316788604,0,70.49,0,0,0,0,5.880003445,6.544756406,12.38631219,0,34.9028785,5.316788604,22.124723,4.041219136,5.51521353,0,17.4375,0,0.675277778,0,8.559830247,0.891265432,1.990804989,0.375,14,0,5,0,0,0,0,1,1,3,0,6,2,0,0,0,1,0.87366,50.913,0,0,0,0,0,2,0,0,0,0,0,0,0,0,0,5,0,0,0,0,0,0,0,0,0,1,0,0,0,0,2,0,0,0,0,0,0,0,0,0,0,0,0,0,1,0,0,1,0,0,0,0,0,0,0,0,0,2,0,0,0,0,0,0,0,0,0,0,0,0,0,0,0,0,0,0,0,0,0,0,0,0,0,0,0,49,Cn1cc[n+](CCCl)c1.N#C[N-]C#N,358.15,2.060513532
2.180555556,2.180555556,0,0,0.481208342,9,205.099,191.995,204.0262105,58,0,0.243028653,-1,1,0.243028653,1.5,2.2,2.6,79.90400014,10.47697168,1.944124959,-1.862321369,1.852526962,-2.996001945,4.641227314,-0.670568141,2.165879683,8.10E-07,183.4867167,6.690234444,6.418656034,8.004652573,4.325698503,3.336677035,3.336677035,2.316907797,2.316907797,1.305538446,1.305538446,0.892183501,0.892183501,-0.31,147.2798185,9.69,4.496939509,2.518544061,72.25262506,16.98145085,12.39368714,0,6.327320075,0,0,0,9.134199296,0,0,6.9237372,6.420821623,0,13.59242839,21.5485505,0,0,4.567099648,7.047671983,19.88931523,0,18.72100722,0,0,21.5485505,0,0,0,4.567099648,13.59242839,0,13.34455882,18.72100722,0,0,0,8.81,0,0,0,16.98145085,0,6.544756406,6.420821623,0,7.047671983,34.77894371,0,4.231805556,0,0,0,0,0,0,7.427916667,3.306388889,2.033888889,0.571428571,10,0,2,0,0,0,0,1,1,1,0,3,2,0,0,0,1,-2.2734,35.899,0,0,0,0,0,2,0,0,0,0,0,0,0,0,0,2,0,0,0,0,0,0,0,0,0,0,0,0,0,0,2,0,0,0,0,0,0,0,0,0,0,0,0,0,1,0,0,1,0,0,0,0,0,0,0,0,0,0,0,0,0,0,0,0,0,0,0,0,0,0,0,0,0,0,0,0,0,0,0,0,0,0,0,0,0,50,CCCn1cc[n+](C)c1.[Br-],323.15,0.604315967
2.180555556,2.180555556,0,0,0.481208342,9,205.099,191.995,204.0262105,58,0,0.243028653,-1,1,0.243028653,1.5,2.2,2.6,79.90400014,10.47697168,1.944124959,-1.862321369,1.852526962,-2.996001945,4.641227314,-0.670568141,2.165879683,8.10E-07,183.4867167,6.690234444,6.418656034,8.004652573,4.325698503,3.336677035,3.336677035,2.316907797,2.316907797,1.305538446,1.305538446,0.892183501,0.892183501,-0.31,147.2798185,9.69,4.496939509,2.518544061,72.25262506,16.98145085,12.39368714,0,6.327320075,0,0,0,9.134199296,0,0,6.9237372,6.420821623,0,13.59242839,21.5485505,0,0,4.567099648,7.047671983,19.88931523,0,18.72100722,0,0,21.5485505,0,0,0,4.567099648,13.59242839,0,13.34455882,18.72100722,0,0,0,8.81,0,0,0,16.98145085,0,6.544756406,6.420821623,0,7.047671983,34.77894371,0,4.231805556,0,0,0,0,0,0,7.427916667,3.306388889,2.033888889,0.571428571,10,0,2,0,0,0,0,1,1,1,0,3,2,0,0,0,1,-2.2734,35.899,0,0,0,0,0,2,0,0,0,0,0,0,0,0,0,2,0,0,0,0,0,0,0,0,0,0,0,0,0,0,2,0,0,0,0,0,0,0,0,0,0,0,0,0,1,0,0,1,0,0,0,0,0,0,0,0,0,0,0,0,0,0,0,0,0,0,0,0,0,0,0,0,0,0,0,0,0,0,0,0,0,0,0,0,0,50,CCCn1cc[n+](C)c1.[Br-],333.15,0.652325186
2.180555556,2.180555556,0,0,0.481208342,9,205.099,191.995,204.0262105,58,0,0.243028653,-1,1,0.243028653,1.5,2.2,2.6,79.90400014,10.47697168,1.944124959,-1.862321369,1.852526962,-2.996001945,4.641227314,-0.670568141,2.165879683,8.10E-07,183.4867167,6.690234444,6.418656034,8.004652573,4.325698503,3.336677035,3.336677035,2.316907797,2.316907797,1.305538446,1.305538446,0.892183501,0.892183501,-0.31,147.2798185,9.69,4.496939509,2.518544061,72.25262506,16.98145085,12.39368714,0,6.327320075,0,0,0,9.134199296,0,0,6.9237372,6.420821623,0,13.59242839,21.5485505,0,0,4.567099648,7.047671983,19.88931523,0,18.72100722,0,0,21.5485505,0,0,0,4.567099648,13.59242839,0,13.34455882,18.72100722,0,0,0,8.81,0,0,0,16.98145085,0,6.544756406,6.420821623,0,7.047671983,34.77894371,0,4.231805556,0,0,0,0,0,0,7.427916667,3.306388889,2.033888889,0.571428571,10,0,2,0,0,0,0,1,1,1,0,3,2,0,0,0,1,-2.2734,35.899,0,0,0,0,0,2,0,0,0,0,0,0,0,0,0,2,0,0,0,0,0,0,0,0,0,0,0,0,0,0,2,0,0,0,0,0,0,0,0,0,0,0,0,0,1,0,0,1,0,0,0,0,0,0,0,0,0,0,0,0,0,0,0,0,0,0,0,0,0,0,0,0,0,0,0,0,0,0,0,0,0,0,0,0,0,50,CCCn1cc[n+](C)c1.[Br-],343.15,0.693147181
2.180555556,2.180555556,0,0,0.481208342,9,205.099,191.995,204.0262105,58,0,0.243028653,-1,1,0.243028653,1.5,2.2,2.6,79.90400014,10.47697168,1.944124959,-1.862321369,1.852526962,-2.996001945,4.641227314,-0.670568141,2.165879683,8.10E-07,183.4867167,6.690234444,6.418656034,8.004652573,4.325698503,3.336677035,3.336677035,2.316907797,2.316907797,1.305538446,1.305538446,0.892183501,0.892183501,-0.31,147.2798185,9.69,4.496939509,2.518544061,72.25262506,16.98145085,12.39368714,0,6.327320075,0,0,0,9.134199296,0,0,6.9237372,6.420821623,0,13.59242839,21.5485505,0,0,4.567099648,7.047671983,19.88931523,0,18.72100722,0,0,21.5485505,0,0,0,4.567099648,13.59242839,0,13.34455882,18.72100722,0,0,0,8.81,0,0,0,16.98145085,0,6.544756406,6.420821623,0,7.047671983,34.77894371,0,4.231805556,0,0,0,0,0,0,7.427916667,3.306388889,2.033888889,0.571428571,10,0,2,0,0,0,0,1,1,1,0,3,2,0,0,0,1,-2.2734,35.899,0,0,0,0,0,2,0,0,0,0,0,0,0,0,0,2,0,0,0,0,0,0,0,0,0,0,0,0,0,0,2,0,0,0,0,0,0,0,0,0,0,0,0,0,1,0,0,1,0,0,0,0,0,0,0,0,0,0,0,0,0,0,0,0,0,0,0,0,0,0,0,0,0,0,0,0,0,0,0,0,0,0,0,0,0,50,CCCn1cc[n+](C)c1.[Br-],353.15,0.732367894
2.180555556,2.180555556,0,0,0.481208342,9,205.099,191.995,204.0262105,58,0,0.243028653,-1,1,0.243028653,1.5,2.2,2.6,79.90400014,10.47697168,1.944124959,-1.862321369,1.852526962,-2.996001945,4.641227314,-0.670568141,2.165879683,8.10E-07,183.4867167,6.690234444,6.418656034,8.004652573,4.325698503,3.336677035,3.336677035,2.316907797,2.316907797,1.305538446,1.305538446,0.892183501,0.892183501,-0.31,147.2798185,9.69,4.496939509,2.518544061,72.25262506,16.98145085,12.39368714,0,6.327320075,0,0,0,9.134199296,0,0,6.9237372,6.420821623,0,13.59242839,21.5485505,0,0,4.567099648,7.047671983,19.88931523,0,18.72100722,0,0,21.5485505,0,0,0,4.567099648,13.59242839,0,13.34455882,18.72100722,0,0,0,8.81,0,0,0,16.98145085,0,6.544756406,6.420821623,0,7.047671983,34.77894371,0,4.231805556,0,0,0,0,0,0,7.427916667,3.306388889,2.033888889,0.571428571,10,0,2,0,0,0,0,1,1,1,0,3,2,0,0,0,1,-2.2734,35.899,0,0,0,0,0,2,0,0,0,0,0,0,0,0,0,2,0,0,0,0,0,0,0,0,0,0,0,0,0,0,2,0,0,0,0,0,0,0,0,0,0,0,0,0,1,0,0,1,0,0,0,0,0,0,0,0,0,0,0,0,0,0,0,0,0,0,0,0,0,0,0,0,0,0,0,0,0,0,0,0,0,0,0,0,0,50,CCCn1cc[n+](C)c1.[Br-],363.15,0.774727168
9.75,9.75,1.150138889,-6,0.424788927,10.8,226.026,210.906,226.1264418,88,0,0.673213119,-0.41830328,0.673213119,0.41830328,1.266666667,1.8,2.133333333,19.46336476,10.33121443,2.201839336,-1.943779688,2.061411202,-2.300196408,6.49671944,-0.696345019,2.445635406,3.36E-07,265.85054,11.89734123,8.837006503,8.837006503,6.825698503,4.709548596,4.709548596,3.165332847,3.165332847,1.593598922,1.593598922,0.97467268,0.97467268,-1.005064935,1357.32765,13.99493506,6.47337695,10.91851685,86.62804998,17.26263557,12.39368714,0,6.327320075,0,7.254408353,0,9.134199296,0,0,13.34455882,6.420821623,0,13.59242839,21.82973522,7.254408353,0,4.567099648,7.047671983,26.31013685,0,18.72100722,0,0,4.567099648,17.26263557,0,0,11.821508,13.59242839,0,19.76538045,18.72100722,0,0,0,8.81,7.254408353,17.26263557,0,0,0,6.544756406,12.84164325,0,7.047671983,34.77894371,0,43.27694444,0,0,0,0,0,0,8.817018141,3.361944444,-3.955907029,0.625,15,0,2,0,0,0,0,1,1,1,0,7,3,0,0,0,1,2.4127,50.702,0,0,0,0,0,2,0,0,0,0,0,0,0,0,0,2,0,0,0,0,0,0,0,0,0,0,0,0,0,0,2,0,0,0,0,0,0,0,0,0,0,0,0,0,4,0,0,1,0,0,0,0,0,0,0,0,0,0,0,0,0,0,0,0,0,0,0,0,0,0,0,0,0,0,0,0,0,0,0,0,0,0,0,0,0,51,CCCC[n+]1ccn(C)c1.F[B-](F)(F)F,303.15,0.827240915
9.75,9.75,1.150138889,-6,0.424788927,10.8,226.026,210.906,226.1264418,88,0,0.673213119,-0.41830328,0.673213119,0.41830328,1.266666667,1.8,2.133333333,19.46336476,10.33121443,2.201839336,-1.943779688,2.061411202,-2.300196408,6.49671944,-0.696345019,2.445635406,3.36E-07,265.85054,11.89734123,8.837006503,8.837006503,6.825698503,4.709548596,4.709548596,3.165332847,3.165332847,1.593598922,1.593598922,0.97467268,0.97467268,-1.005064935,1357.32765,13.99493506,6.47337695,10.91851685,86.62804998,17.26263557,12.39368714,0,6.327320075,0,7.254408353,0,9.134199296,0,0,13.34455882,6.420821623,0,13.59242839,21.82973522,7.254408353,0,4.567099648,7.047671983,26.31013685,0,18.72100722,0,0,4.567099648,17.26263557,0,0,11.821508,13.59242839,0,19.76538045,18.72100722,0,0,0,8.81,7.254408353,17.26263557,0,0,0,6.544756406,12.84164325,0,7.047671983,34.77894371,0,43.27694444,0,0,0,0,0,0,8.817018141,3.361944444,-3.955907029,0.625,15,0,2,0,0,0,0,1,1,1,0,7,3,0,0,0,1,2.4127,50.702,0,0,0,0,0,2,0,0,0,0,0,0,0,0,0,2,0,0,0,0,0,0,0,0,0,0,0,0,0,0,2,0,0,0,0,0,0,0,0,0,0,0,0,0,4,0,0,1,0,0,0,0,0,0,0,0,0,0,0,0,0,0,0,0,0,0,0,0,0,0,0,0,0,0,0,0,0,0,0,0,0,0,0,0,0,51,CCCC[n+]1ccn(C)c1.F[B-](F)(F)F,313.15,0.829861004
9.75,9.75,1.150138889,-6,0.424788927,10.8,226.026,210.906,226.1264418,88,0,0.673213119,-0.41830328,0.673213119,0.41830328,1.266666667,1.8,2.133333333,19.46336476,10.33121443,2.201839336,-1.943779688,2.061411202,-2.300196408,6.49671944,-0.696345019,2.445635406,3.36E-07,265.85054,11.89734123,8.837006503,8.837006503,6.825698503,4.709548596,4.709548596,3.165332847,3.165332847,1.593598922,1.593598922,0.97467268,0.97467268,-1.005064935,1357.32765,13.99493506,6.47337695,10.91851685,86.62804998,17.26263557,12.39368714,0,6.327320075,0,7.254408353,0,9.134199296,0,0,13.34455882,6.420821623,0,13.59242839,21.82973522,7.254408353,0,4.567099648,7.047671983,26.31013685,0,18.72100722,0,0,4.567099648,17.26263557,0,0,11.821508,13.59242839,0,19.76538045,18.72100722,0,0,0,8.81,7.254408353,17.26263557,0,0,0,6.544756406,12.84164325,0,7.047671983,34.77894371,0,43.27694444,0,0,0,0,0,0,8.817018141,3.361944444,-3.955907029,0.625,15,0,2,0,0,0,0,1,1,1,0,7,3,0,0,0,1,2.4127,50.702,0,0,0,0,0,2,0,0,0,0,0,0,0,0,0,2,0,0,0,0,0,0,0,0,0,0,0,0,0,0,2,0,0,0,0,0,0,0,0,0,0,0,0,0,4,0,0,1,0,0,0,0,0,0,0,0,0,0,0,0,0,0,0,0,0,0,0,0,0,0,0,0,0,0,0,0,0,0,0,0,0,0,0,0,0,51,CCCC[n+]1ccn(C)c1.F[B-](F)(F)F,323.15,0.849723488
9.75,9.75,1.150138889,-6,0.424788927,10.8,226.026,210.906,226.1264418,88,0,0.673213119,-0.41830328,0.673213119,0.41830328,1.266666667,1.8,2.133333333,19.46336476,10.33121443,2.201839336,-1.943779688,2.061411202,-2.300196408,6.49671944,-0.696345019,2.445635406,3.36E-07,265.85054,11.89734123,8.837006503,8.837006503,6.825698503,4.709548596,4.709548596,3.165332847,3.165332847,1.593598922,1.593598922,0.97467268,0.97467268,-1.005064935,1357.32765,13.99493506,6.47337695,10.91851685,86.62804998,17.26263557,12.39368714,0,6.327320075,0,7.254408353,0,9.134199296,0,0,13.34455882,6.420821623,0,13.59242839,21.82973522,7.254408353,0,4.567099648,7.047671983,26.31013685,0,18.72100722,0,0,4.567099648,17.26263557,0,0,11.821508,13.59242839,0,19.76538045,18.72100722,0,0,0,8.81,7.254408353,17.26263557,0,0,0,6.544756406,12.84164325,0,7.047671983,34.77894371,0,43.27694444,0,0,0,0,0,0,8.817018141,3.361944444,-3.955907029,0.625,15,0,2,0,0,0,0,1,1,1,0,7,3,0,0,0,1,2.4127,50.702,0,0,0,0,0,2,0,0,0,0,0,0,0,0,0,2,0,0,0,0,0,0,0,0,0,0,0,0,0,0,2,0,0,0,0,0,0,0,0,0,0,0,0,0,4,0,0,1,0,0,0,0,0,0,0,0,0,0,0,0,0,0,0,0,0,0,0,0,0,0,0,0,0,0,0,0,0,0,0,0,0,0,0,0,0,51,CCCC[n+]1ccn(C)c1.F[B-](F)(F)F,333.15,0.880041599
9.75,9.75,1.150138889,-6,0.424788927,10.8,226.026,210.906,226.1264418,88,0,0.673213119,-0.41830328,0.673213119,0.41830328,1.266666667,1.8,2.133333333,19.46336476,10.33121443,2.201839336,-1.943779688,2.061411202,-2.300196408,6.49671944,-0.696345019,2.445635406,3.36E-07,265.85054,11.89734123,8.837006503,8.837006503,6.825698503,4.709548596,4.709548596,3.165332847,3.165332847,1.593598922,1.593598922,0.97467268,0.97467268,-1.005064935,1357.32765,13.99493506,6.47337695,10.91851685,86.62804998,17.26263557,12.39368714,0,6.327320075,0,7.254408353,0,9.134199296,0,0,13.34455882,6.420821623,0,13.59242839,21.82973522,7.254408353,0,4.567099648,7.047671983,26.31013685,0,18.72100722,0,0,4.567099648,17.26263557,0,0,11.821508,13.59242839,0,19.76538045,18.72100722,0,0,0,8.81,7.254408353,17.26263557,0,0,0,6.544756406,12.84164325,0,7.047671983,34.77894371,0,43.27694444,0,0,0,0,0,0,8.817018141,3.361944444,-3.955907029,0.625,15,0,2,0,0,0,0,1,1,1,0,7,3,0,0,0,1,2.4127,50.702,0,0,0,0,0,2,0,0,0,0,0,0,0,0,0,2,0,0,0,0,0,0,0,0,0,0,0,0,0,0,2,0,0,0,0,0,0,0,0,0,0,0,0,0,4,0,0,1,0,0,0,0,0,0,0,0,0,0,0,0,0,0,0,0,0,0,0,0,0,0,0,0,0,0,0,0,0,0,0,0,0,0,0,0,0,51,CCCC[n+]1ccn(C)c1.F[B-](F)(F)F,343.15,0.906240396
12.32618103,12.32618103,0.421527778,-7.619930556,0.535794125,19.03125,534.398,518.27,534.0453292,190,0,0.467098654,-0.425126662,0.467098654,0.425126662,0.75,1.15625,1.53125,32.28897984,10.22512486,2.677243165,-2.315983145,2.473530617,-2.830909985,8.127300513,-0.477510332,2.594645876,3.82E-07,861.0644226,25.38890506,15.81341595,17.44640911,14.08411688,8.276549573,11.15667623,6.419832556,9.9418444,3.974804609,7.303614818,2.401828613,4.769162977,-1.57,1893785.321,28.46286231,8.993131272,5.668490776,174.889541,4.127401125,0,20.04658231,0,0,28.82127391,14.79222419,16.83559397,43.90415048,0,0,0,12.84164325,33.22669761,65.73214918,26.00613688,0,9.799819462,0,35.70336258,33.22669761,4.127401125,0,0,4.992404733,43.90415048,0,0,88.68338494,20.04658231,0,12.84164325,0,0,4.127401125,0,102.83,42.90830165,60.73974445,0,0,4.127401125,6.544756406,38.43546703,0,0,21.83989618,0,161.0590672,0,8.212777778,-13.98264172,0,1.349537037,0,-11.40698106,4.84162037,-13.07337963,0.916666667,32,1,8,0,2,2,0,0,0,6,1,20,4,0,1,1,2,0.7941,87.4763,0,0,0,0,0,0,0,0,0,0,0,0,0,0,0,3,1,0,0,0,0,0,0,0,0,10,0,0,0,0,0,0,0,0,0,0,1,0,0,0,0,0,0,1,10,0,0,0,0,0,0,0,0,0,0,0,0,0,0,0,0,0,0,0,0,0,0,0,0,0,0,0,0,0,0,0,2,0,0,0,0,0,0,0,0,52,CN1CCCN2CCC[NH+]=C12.O=S(=O)([N-]S(=O)(=O)C(F)(F)C(F)(F)F)C(F)(F)C(F)(F)F,318.15,-0.007024615
12.32618103,12.32618103,0.421527778,-7.619930556,0.535794125,19.03125,534.398,518.27,534.0453292,190,0,0.467098654,-0.425126662,0.467098654,0.425126662,0.75,1.15625,1.53125,32.28897984,10.22512486,2.677243165,-2.315983145,2.473530617,-2.830909985,8.127300513,-0.477510332,2.594645876,3.82E-07,861.0644226,25.38890506,15.81341595,17.44640911,14.08411688,8.276549573,11.15667623,6.419832556,9.9418444,3.974804609,7.303614818,2.401828613,4.769162977,-1.57,1893785.321,28.46286231,8.993131272,5.668490776,174.889541,4.127401125,0,20.04658231,0,0,28.82127391,14.79222419,16.83559397,43.90415048,0,0,0,12.84164325,33.22669761,65.73214918,26.00613688,0,9.799819462,0,35.70336258,33.22669761,4.127401125,0,0,4.992404733,43.90415048,0,0,88.68338494,20.04658231,0,12.84164325,0,0,4.127401125,0,102.83,42.90830165,60.73974445,0,0,4.127401125,6.544756406,38.43546703,0,0,21.83989618,0,161.0590672,0,8.212777778,-13.98264172,0,1.349537037,0,-11.40698106,4.84162037,-13.07337963,0.916666667,32,1,8,0,2,2,0,0,0,6,1,20,4,0,1,1,2,0.7941,87.4763,0,0,0,0,0,0,0,0,0,0,0,0,0,0,0,3,1,0,0,0,0,0,0,0,0,10,0,0,0,0,0,0,0,0,0,0,1,0,0,0,0,0,0,1,10,0,0,0,0,0,0,0,0,0,0,0,0,0,0,0,0,0,0,0,0,0,0,0,0,0,0,0,0,0,0,0,2,0,0,0,0,0,0,0,0,52,CN1CCCN2CCC[NH+]=C12.O=S(=O)([N-]S(=O)(=O)C(F)(F)C(F)(F)F)C(F)(F)C(F)(F)F,328.15,0.019802627
12.32618103,12.32618103,0.421527778,-7.619930556,0.535794125,19.03125,534.398,518.27,534.0453292,190,0,0.467098654,-0.425126662,0.467098654,0.425126662,0.75,1.15625,1.53125,32.28897984,10.22512486,2.677243165,-2.315983145,2.473530617,-2.830909985,8.127300513,-0.477510332,2.594645876,3.82E-07,861.0644226,25.38890506,15.81341595,17.44640911,14.08411688,8.276549573,11.15667623,6.419832556,9.9418444,3.974804609,7.303614818,2.401828613,4.769162977,-1.57,1893785.321,28.46286231,8.993131272,5.668490776,174.889541,4.127401125,0,20.04658231,0,0,28.82127391,14.79222419,16.83559397,43.90415048,0,0,0,12.84164325,33.22669761,65.73214918,26.00613688,0,9.799819462,0,35.70336258,33.22669761,4.127401125,0,0,4.992404733,43.90415048,0,0,88.68338494,20.04658231,0,12.84164325,0,0,4.127401125,0,102.83,42.90830165,60.73974445,0,0,4.127401125,6.544756406,38.43546703,0,0,21.83989618,0,161.0590672,0,8.212777778,-13.98264172,0,1.349537037,0,-11.40698106,4.84162037,-13.07337963,0.916666667,32,1,8,0,2,2,0,0,0,6,1,20,4,0,1,1,2,0.7941,87.4763,0,0,0,0,0,0,0,0,0,0,0,0,0,0,0,3,1,0,0,0,0,0,0,0,0,10,0,0,0,0,0,0,0,0,0,0,1,0,0,0,0,0,0,1,10,0,0,0,0,0,0,0,0,0,0,0,0,0,0,0,0,0,0,0,0,0,0,0,0,0,0,0,0,0,0,0,2,0,0,0,0,0,0,0,0,52,CN1CCCN2CCC[NH+]=C12.O=S(=O)([N-]S(=O)(=O)C(F)(F)C(F)(F)F)C(F)(F)C(F)(F)F,338.15,0.048790164
12.32618103,12.32618103,0.421527778,-7.619930556,0.535794125,19.03125,534.398,518.27,534.0453292,190,0,0.467098654,-0.425126662,0.467098654,0.425126662,0.75,1.15625,1.53125,32.28897984,10.22512486,2.677243165,-2.315983145,2.473530617,-2.830909985,8.127300513,-0.477510332,2.594645876,3.82E-07,861.0644226,25.38890506,15.81341595,17.44640911,14.08411688,8.276549573,11.15667623,6.419832556,9.9418444,3.974804609,7.303614818,2.401828613,4.769162977,-1.57,1893785.321,28.46286231,8.993131272,5.668490776,174.889541,4.127401125,0,20.04658231,0,0,28.82127391,14.79222419,16.83559397,43.90415048,0,0,0,12.84164325,33.22669761,65.73214918,26.00613688,0,9.799819462,0,35.70336258,33.22669761,4.127401125,0,0,4.992404733,43.90415048,0,0,88.68338494,20.04658231,0,12.84164325,0,0,4.127401125,0,102.83,42.90830165,60.73974445,0,0,4.127401125,6.544756406,38.43546703,0,0,21.83989618,0,161.0590672,0,8.212777778,-13.98264172,0,1.349537037,0,-11.40698106,4.84162037,-13.07337963,0.916666667,32,1,8,0,2,2,0,0,0,6,1,20,4,0,1,1,2,0.7941,87.4763,0,0,0,0,0,0,0,0,0,0,0,0,0,0,0,3,1,0,0,0,0,0,0,0,0,10,0,0,0,0,0,0,0,0,0,0,1,0,0,0,0,0,0,1,10,0,0,0,0,0,0,0,0,0,0,0,0,0,0,0,0,0,0,0,0,0,0,0,0,0,0,0,0,0,0,0,2,0,0,0,0,0,0,0,0,52,CN1CCCN2CCC[NH+]=C12.O=S(=O)([N-]S(=O)(=O)C(F)(F)C(F)(F)F)C(F)(F)C(F)(F)F,348.15,0.076961041
9.75,9.75,1.149583333,-6,0.430669346,10.625,237.049,220.921,237.1311928,92,0,0.673213119,-0.41830328,0.673213119,0.41830328,1.125,1.5625,1.9375,19.46336508,10.26988038,2.201850646,-1.943781135,2.061528581,-2.317597695,6.496722915,-0.696973792,2.144211443,3.85E-07,277.865658,12.60444801,9.467143177,9.467143177,7.325698503,5.156620823,5.156620823,3.461744084,3.461744084,1.827671889,1.827671889,1.021618269,1.021618269,-1.065064935,1886.90607,14.93493506,7.248261241,11.01224508,93.20891808,17.26263557,6.544756406,12.39368714,0,0,7.254408353,0,4.567099648,0,0,13.34455882,12.48718869,18.55355576,0,21.82973522,7.254408353,0,0,0,33.23387405,0,30.08987277,0,0,4.567099648,17.26263557,0,0,7.254408353,6.544756406,6.9237372,25.32883194,24.52642128,0,0,0,3.88,7.254408353,17.26263557,0,0,0,6.544756406,18.40509474,0,0,42.94099533,0,41.23263889,0,0,0,1.331248583,0,4.296944444,6.823998724,5.481836026,-6,0.5,16,0,1,0,0,0,0,1,1,0,0,6,3,0,0,0,1,3.38262,56.468,0,0,0,0,0,1,0,0,0,0,0,0,0,0,0,1,0,0,0,0,0,0,0,0,0,0,0,0,0,0,2,0,0,0,0,0,0,0,0,0,0,0,0,0,4,0,0,0,0,0,0,0,0,0,0,0,0,0,0,0,0,0,0,0,0,0,0,0,0,0,0,0,0,1,0,0,0,0,0,0,0,0,0,0,0,53,CCCC[n+]1ccc(C)cc1.F[B-](F)(F)F,313,0.683096845
9.75,9.75,1.149583333,-6,0.430669346,10.625,237.049,220.921,237.1311928,92,0,0.673213119,-0.41830328,0.673213119,0.41830328,1.125,1.5625,1.9375,19.46336508,10.26988038,2.201850646,-1.943781135,2.061528581,-2.317597695,6.496722915,-0.696973792,2.144211443,3.85E-07,277.865658,12.60444801,9.467143177,9.467143177,7.325698503,5.156620823,5.156620823,3.461744084,3.461744084,1.827671889,1.827671889,1.021618269,1.021618269,-1.065064935,1886.90607,14.93493506,7.248261241,11.01224508,93.20891808,17.26263557,6.544756406,12.39368714,0,0,7.254408353,0,4.567099648,0,0,13.34455882,12.48718869,18.55355576,0,21.82973522,7.254408353,0,0,0,33.23387405,0,30.08987277,0,0,4.567099648,17.26263557,0,0,7.254408353,6.544756406,6.9237372,25.32883194,24.52642128,0,0,0,3.88,7.254408353,17.26263557,0,0,0,6.544756406,18.40509474,0,0,42.94099533,0,41.23263889,0,0,0,1.331248583,0,4.296944444,6.823998724,5.481836026,-6,0.5,16,0,1,0,0,0,0,1,1,0,0,6,3,0,0,0,1,3.38262,56.468,0,0,0,0,0,1,0,0,0,0,0,0,0,0,0,1,0,0,0,0,0,0,0,0,0,0,0,0,0,0,2,0,0,0,0,0,0,0,0,0,0,0,0,0,4,0,0,0,0,0,0,0,0,0,0,0,0,0,0,0,0,0,0,0,0,0,0,0,0,0,0,0,0,1,0,0,0,0,0,0,0,0,0,0,0,53,CCCC[n+]1ccc(C)cc1.F[B-](F)(F)F,323,0.702602339
9.75,9.75,1.149583333,-6,0.430669346,10.625,237.049,220.921,237.1311928,92,0,0.673213119,-0.41830328,0.673213119,0.41830328,1.125,1.5625,1.9375,19.46336508,10.26988038,2.201850646,-1.943781135,2.061528581,-2.317597695,6.496722915,-0.696973792,2.144211443,3.85E-07,277.865658,12.60444801,9.467143177,9.467143177,7.325698503,5.156620823,5.156620823,3.461744084,3.461744084,1.827671889,1.827671889,1.021618269,1.021618269,-1.065064935,1886.90607,14.93493506,7.248261241,11.01224508,93.20891808,17.26263557,6.544756406,12.39368714,0,0,7.254408353,0,4.567099648,0,0,13.34455882,12.48718869,18.55355576,0,21.82973522,7.254408353,0,0,0,33.23387405,0,30.08987277,0,0,4.567099648,17.26263557,0,0,7.254408353,6.544756406,6.9237372,25.32883194,24.52642128,0,0,0,3.88,7.254408353,17.26263557,0,0,0,6.544756406,18.40509474,0,0,42.94099533,0,41.23263889,0,0,0,1.331248583,0,4.296944444,6.823998724,5.481836026,-6,0.5,16,0,1,0,0,0,0,1,1,0,0,6,3,0,0,0,1,3.38262,56.468,0,0,0,0,0,1,0,0,0,0,0,0,0,0,0,1,0,0,0,0,0,0,0,0,0,0,0,0,0,0,2,0,0,0,0,0,0,0,0,0,0,0,0,0,4,0,0,0,0,0,0,0,0,0,0,0,0,0,0,0,0,0,0,0,0,0,0,0,0,0,0,0,0,1,0,0,0,0,0,0,0,0,0,0,0,53,CCCC[n+]1ccc(C)cc1.F[B-](F)(F)F,333,0.719302138
9.75,9.75,1.149583333,-6,0.430669346,10.625,237.049,220.921,237.1311928,92,0,0.673213119,-0.41830328,0.673213119,0.41830328,1.125,1.5625,1.9375,19.46336508,10.26988038,2.201850646,-1.943781135,2.061528581,-2.317597695,6.496722915,-0.696973792,2.144211443,3.85E-07,277.865658,12.60444801,9.467143177,9.467143177,7.325698503,5.156620823,5.156620823,3.461744084,3.461744084,1.827671889,1.827671889,1.021618269,1.021618269,-1.065064935,1886.90607,14.93493506,7.248261241,11.01224508,93.20891808,17.26263557,6.544756406,12.39368714,0,0,7.254408353,0,4.567099648,0,0,13.34455882,12.48718869,18.55355576,0,21.82973522,7.254408353,0,0,0,33.23387405,0,30.08987277,0,0,4.567099648,17.26263557,0,0,7.254408353,6.544756406,6.9237372,25.32883194,24.52642128,0,0,0,3.88,7.254408353,17.26263557,0,0,0,6.544756406,18.40509474,0,0,42.94099533,0,41.23263889,0,0,0,1.331248583,0,4.296944444,6.823998724,5.481836026,-6,0.5,16,0,1,0,0,0,0,1,1,0,0,6,3,0,0,0,1,3.38262,56.468,0,0,0,0,0,1,0,0,0,0,0,0,0,0,0,1,0,0,0,0,0,0,0,0,0,0,0,0,0,0,2,0,0,0,0,0,0,0,0,0,0,0,0,0,4,0,0,0,0,0,0,0,0,0,0,0,0,0,0,0,0,0,0,0,0,0,0,0,0,0,0,0,0,1,0,0,0,0,0,0,0,0,0,0,0,53,CCCC[n+]1ccc(C)cc1.F[B-](F)(F)F,343,0.734289124
11.43842593,11.43842593,0.777777778,-6.721527778,0.565457906,13.375,405.342,392.238,405.0251672,142,0,0.4802902,-0.420674932,0.4802902,0.420674932,1.041666667,1.416666667,1.583333333,32.28904389,10.60542185,2.464310782,-2.224494487,2.356123976,-2.330850923,8.125008438,-0.698560648,2.659341659,4.96E-07,722.1845764,19.56047793,12.42072469,14.05371785,10.46032564,5.841449599,8.721576256,4.158426162,7.580796415,2.518242554,5.258224621,1.146747121,2.856329415,-1.35,46464.01747,22.65,7.264051998,5.62490516,133.5402647,4.127401125,12.39368714,20.04658231,0,5.824404498,11.016661,0,25.96979326,26.34249029,0,0,6.9237372,6.9237372,13.59242839,47.7451839,20.04658231,0,4.567099648,7.047671983,31.40889181,0,22.34549277,0,0,4.567099648,26.34249029,0,0,32.41935462,33.6390107,6.9237372,12.7481417,12.39368714,0,4.127401125,0,91.19,31.06324331,43.17808425,0,0,0,10.67215753,5.824404498,0,0,42.42303282,0,113.5054167,0,0,0,-12.40611111,1.303240741,0,4.16087963,5.322592593,-11.38601852,0.666666667,24,0,7,0,0,0,0,1,1,5,0,15,3,0,0,0,1,1.70022,69.3276,0,0,0,0,0,2,0,0,0,0,0,0,0,0,0,3,0,0,0,0,0,0,0,0,0,6,0,0,0,0,2,0,0,0,0,0,0,0,0,0,0,0,0,0,6,0,0,1,0,0,0,0,0,0,0,0,0,0,0,0,0,0,0,0,0,0,0,0,0,0,0,0,0,0,0,0,2,0,0,0,0,0,0,0,0,54,CC[n+]1ccn(C)c1C.O=S(=O)([N-]S(=O)(=O)C(F)(F)F)C(F)(F)F,313,0.39877612
11.43842593,11.43842593,0.777777778,-6.721527778,0.565457906,13.375,405.342,392.238,405.0251672,142,0,0.4802902,-0.420674932,0.4802902,0.420674932,1.041666667,1.416666667,1.583333333,32.28904389,10.60542185,2.464310782,-2.224494487,2.356123976,-2.330850923,8.125008438,-0.698560648,2.659341659,4.96E-07,722.1845764,19.56047793,12.42072469,14.05371785,10.46032564,5.841449599,8.721576256,4.158426162,7.580796415,2.518242554,5.258224621,1.146747121,2.856329415,-1.35,46464.01747,22.65,7.264051998,5.62490516,133.5402647,4.127401125,12.39368714,20.04658231,0,5.824404498,11.016661,0,25.96979326,26.34249029,0,0,6.9237372,6.9237372,13.59242839,47.7451839,20.04658231,0,4.567099648,7.047671983,31.40889181,0,22.34549277,0,0,4.567099648,26.34249029,0,0,32.41935462,33.6390107,6.9237372,12.7481417,12.39368714,0,4.127401125,0,91.19,31.06324331,43.17808425,0,0,0,10.67215753,5.824404498,0,0,42.42303282,0,113.5054167,0,0,0,-12.40611111,1.303240741,0,4.16087963,5.322592593,-11.38601852,0.666666667,24,0,7,0,0,0,0,1,1,5,0,15,3,0,0,0,1,1.70022,69.3276,0,0,0,0,0,2,0,0,0,0,0,0,0,0,0,3,0,0,0,0,0,0,0,0,0,6,0,0,0,0,2,0,0,0,0,0,0,0,0,0,0,0,0,0,6,0,0,1,0,0,0,0,0,0,0,0,0,0,0,0,0,0,0,0,0,0,0,0,0,0,0,0,0,0,0,0,2,0,0,0,0,0,0,0,0,54,CC[n+]1ccn(C)c1C.O=S(=O)([N-]S(=O)(=O)C(F)(F)F)C(F)(F)F,323,0.406797553
11.43842593,11.43842593,0.777777778,-6.721527778,0.565457906,13.375,405.342,392.238,405.0251672,142,0,0.4802902,-0.420674932,0.4802902,0.420674932,1.041666667,1.416666667,1.583333333,32.28904389,10.60542185,2.464310782,-2.224494487,2.356123976,-2.330850923,8.125008438,-0.698560648,2.659341659,4.96E-07,722.1845764,19.56047793,12.42072469,14.05371785,10.46032564,5.841449599,8.721576256,4.158426162,7.580796415,2.518242554,5.258224621,1.146747121,2.856329415,-1.35,46464.01747,22.65,7.264051998,5.62490516,133.5402647,4.127401125,12.39368714,20.04658231,0,5.824404498,11.016661,0,25.96979326,26.34249029,0,0,6.9237372,6.9237372,13.59242839,47.7451839,20.04658231,0,4.567099648,7.047671983,31.40889181,0,22.34549277,0,0,4.567099648,26.34249029,0,0,32.41935462,33.6390107,6.9237372,12.7481417,12.39368714,0,4.127401125,0,91.19,31.06324331,43.17808425,0,0,0,10.67215753,5.824404498,0,0,42.42303282,0,113.5054167,0,0,0,-12.40611111,1.303240741,0,4.16087963,5.322592593,-11.38601852,0.666666667,24,0,7,0,0,0,0,1,1,5,0,15,3,0,0,0,1,1.70022,69.3276,0,0,0,0,0,2,0,0,0,0,0,0,0,0,0,3,0,0,0,0,0,0,0,0,0,6,0,0,0,0,2,0,0,0,0,0,0,0,0,0,0,0,0,0,6,0,0,1,0,0,0,0,0,0,0,0,0,0,0,0,0,0,0,0,0,0,0,0,0,0,0,0,0,0,0,0,2,0,0,0,0,0,0,0,0,54,CC[n+]1ccn(C)c1C.O=S(=O)([N-]S(=O)(=O)C(F)(F)F)C(F)(F)F,333,0.414755155
11.43842593,11.43842593,0.777777778,-6.721527778,0.565457906,13.375,405.342,392.238,405.0251672,142,0,0.4802902,-0.420674932,0.4802902,0.420674932,1.041666667,1.416666667,1.583333333,32.28904389,10.60542185,2.464310782,-2.224494487,2.356123976,-2.330850923,8.125008438,-0.698560648,2.659341659,4.96E-07,722.1845764,19.56047793,12.42072469,14.05371785,10.46032564,5.841449599,8.721576256,4.158426162,7.580796415,2.518242554,5.258224621,1.146747121,2.856329415,-1.35,46464.01747,22.65,7.264051998,5.62490516,133.5402647,4.127401125,12.39368714,20.04658231,0,5.824404498,11.016661,0,25.96979326,26.34249029,0,0,6.9237372,6.9237372,13.59242839,47.7451839,20.04658231,0,4.567099648,7.047671983,31.40889181,0,22.34549277,0,0,4.567099648,26.34249029,0,0,32.41935462,33.6390107,6.9237372,12.7481417,12.39368714,0,4.127401125,0,91.19,31.06324331,43.17808425,0,0,0,10.67215753,5.824404498,0,0,42.42303282,0,113.5054167,0,0,0,-12.40611111,1.303240741,0,4.16087963,5.322592593,-11.38601852,0.666666667,24,0,7,0,0,0,0,1,1,5,0,15,3,0,0,0,1,1.70022,69.3276,0,0,0,0,0,2,0,0,0,0,0,0,0,0,0,3,0,0,0,0,0,0,0,0,0,6,0,0,0,0,2,0,0,0,0,0,0,0,0,0,0,0,0,0,6,0,0,1,0,0,0,0,0,0,0,0,0,0,0,0,0,0,0,0,0,0,0,0,0,0,0,0,0,0,0,0,2,0,0,0,0,0,0,0,0,54,CC[n+]1ccn(C)c1C.O=S(=O)([N-]S(=O)(=O)C(F)(F)F)C(F)(F)F,343,0.425921117
11.43842593,11.43842593,0.777777778,-6.721527778,0.575236092,13.39130435,391.315,380.227,391.0095172,136,0,0.4802902,-0.420674932,0.4802902,0.420674932,1,1.391304348,1.565217391,32.28904373,10.7175956,2.464250372,-2.224494485,2.356069821,-2.295778526,8.125006795,-0.692550256,2.712977135,5.02E-07,677.7320982,18.69023444,11.49807496,13.13106812,10.03280528,5.410633783,8.29076044,3.825678522,7.248048775,1.970116995,4.710099061,0.902470685,2.612052979,-1.35,31847.63859,21.65,7.04165962,6.343188116,127.1753226,4.127401125,12.39368714,20.04658231,6.327320075,0,11.016661,0,25.96979326,26.34249029,0,0,6.9237372,0,13.59242839,47.7451839,20.04658231,0,4.567099648,7.047671983,24.48515461,0,22.84840834,0,0,4.567099648,26.34249029,0,0,32.41935462,33.6390107,0,6.9237372,18.72100722,0,4.127401125,0,91.19,31.06324331,43.17808425,0,0,0,10.67215753,0,0,17.8116152,24.01500049,0,113.33875,0,0,0,-12.40611111,0,0,6.142361111,3.181388889,-11.42305556,0.625,23,0,7,0,0,0,0,1,1,5,0,15,3,0,0,0,1,1.3918,64.5906,0,0,0,0,0,2,0,0,0,0,0,0,0,0,0,3,0,0,0,0,0,0,0,0,0,6,0,0,0,0,2,0,0,0,0,0,0,0,0,0,0,0,0,0,6,0,0,1,0,0,0,0,0,0,0,0,0,0,0,0,0,0,0,0,0,0,0,0,0,0,0,0,0,0,0,0,2,0,0,0,0,0,0,0,0,55,CC[n+]1ccn(C)c1.O=S(=O)([N-]S(=O)(=O)C(F)(F)F)C(F)(F)F,313,0.509224342
11.43842593,11.43842593,0.777777778,-6.721527778,0.575236092,13.39130435,391.315,380.227,391.0095172,136,0,0.4802902,-0.420674932,0.4802902,0.420674932,1,1.391304348,1.565217391,32.28904373,10.7175956,2.464250372,-2.224494485,2.356069821,-2.295778526,8.125006795,-0.692550256,2.712977135,5.02E-07,677.7320982,18.69023444,11.49807496,13.13106812,10.03280528,5.410633783,8.29076044,3.825678522,7.248048775,1.970116995,4.710099061,0.902470685,2.612052979,-1.35,31847.63859,21.65,7.04165962,6.343188116,127.1753226,4.127401125,12.39368714,20.04658231,6.327320075,0,11.016661,0,25.96979326,26.34249029,0,0,6.9237372,0,13.59242839,47.7451839,20.04658231,0,4.567099648,7.047671983,24.48515461,0,22.84840834,0,0,4.567099648,26.34249029,0,0,32.41935462,33.6390107,0,6.9237372,18.72100722,0,4.127401125,0,91.19,31.06324331,43.17808425,0,0,0,10.67215753,0,0,17.8116152,24.01500049,0,113.33875,0,0,0,-12.40611111,0,0,6.142361111,3.181388889,-11.42305556,0.625,23,0,7,0,0,0,0,1,1,5,0,15,3,0,0,0,1,1.3918,64.5906,0,0,0,0,0,2,0,0,0,0,0,0,0,0,0,3,0,0,0,0,0,0,0,0,0,6,0,0,0,0,2,0,0,0,0,0,0,0,0,0,0,0,0,0,6,0,0,1,0,0,0,0,0,0,0,0,0,0,0,0,0,0,0,0,0,0,0,0,0,0,0,0,0,0,0,0,2,0,0,0,0,0,0,0,0,55,CC[n+]1ccn(C)c1.O=S(=O)([N-]S(=O)(=O)C(F)(F)F)C(F)(F)F,323,0.511625304
11.43842593,11.43842593,0.777777778,-6.721527778,0.575236092,13.39130435,391.315,380.227,391.0095172,136,0,0.4802902,-0.420674932,0.4802902,0.420674932,1,1.391304348,1.565217391,32.28904373,10.7175956,2.464250372,-2.224494485,2.356069821,-2.295778526,8.125006795,-0.692550256,2.712977135,5.02E-07,677.7320982,18.69023444,11.49807496,13.13106812,10.03280528,5.410633783,8.29076044,3.825678522,7.248048775,1.970116995,4.710099061,0.902470685,2.612052979,-1.35,31847.63859,21.65,7.04165962,6.343188116,127.1753226,4.127401125,12.39368714,20.04658231,6.327320075,0,11.016661,0,25.96979326,26.34249029,0,0,6.9237372,0,13.59242839,47.7451839,20.04658231,0,4.567099648,7.047671983,24.48515461,0,22.84840834,0,0,4.567099648,26.34249029,0,0,32.41935462,33.6390107,0,6.9237372,18.72100722,0,4.127401125,0,91.19,31.06324331,43.17808425,0,0,0,10.67215753,0,0,17.8116152,24.01500049,0,113.33875,0,0,0,-12.40611111,0,0,6.142361111,3.181388889,-11.42305556,0.625,23,0,7,0,0,0,0,1,1,5,0,15,3,0,0,0,1,1.3918,64.5906,0,0,0,0,0,2,0,0,0,0,0,0,0,0,0,3,0,0,0,0,0,0,0,0,0,6,0,0,0,0,2,0,0,0,0,0,0,0,0,0,0,0,0,0,6,0,0,1,0,0,0,0,0,0,0,0,0,0,0,0,0,0,0,0,0,0,0,0,0,0,0,0,0,0,0,0,2,0,0,0,0,0,0,0,0,55,CC[n+]1ccn(C)c1.O=S(=O)([N-]S(=O)(=O)C(F)(F)F)C(F)(F)F,333,0.514618422
11.43842593,11.43842593,0.777777778,-6.721527778,0.575236092,13.39130435,391.315,380.227,391.0095172,136,0,0.4802902,-0.420674932,0.4802902,0.420674932,1,1.391304348,1.565217391,32.28904373,10.7175956,2.464250372,-2.224494485,2.356069821,-2.295778526,8.125006795,-0.692550256,2.712977135,5.02E-07,677.7320982,18.69023444,11.49807496,13.13106812,10.03280528,5.410633783,8.29076044,3.825678522,7.248048775,1.970116995,4.710099061,0.902470685,2.612052979,-1.35,31847.63859,21.65,7.04165962,6.343188116,127.1753226,4.127401125,12.39368714,20.04658231,6.327320075,0,11.016661,0,25.96979326,26.34249029,0,0,6.9237372,0,13.59242839,47.7451839,20.04658231,0,4.567099648,7.047671983,24.48515461,0,22.84840834,0,0,4.567099648,26.34249029,0,0,32.41935462,33.6390107,0,6.9237372,18.72100722,0,4.127401125,0,91.19,31.06324331,43.17808425,0,0,0,10.67215753,0,0,17.8116152,24.01500049,0,113.33875,0,0,0,-12.40611111,0,0,6.142361111,3.181388889,-11.42305556,0.625,23,0,7,0,0,0,0,1,1,5,0,15,3,0,0,0,1,1.3918,64.5906,0,0,0,0,0,2,0,0,0,0,0,0,0,0,0,3,0,0,0,0,0,0,0,0,0,6,0,0,0,0,2,0,0,0,0,0,0,0,0,0,0,0,0,0,6,0,0,1,0,0,0,0,0,0,0,0,0,0,0,0,0,0,0,0,0,0,0,0,0,0,0,0,0,0,0,0,2,0,0,0,0,0,0,0,0,55,CC[n+]1ccn(C)c1.O=S(=O)([N-]S(=O)(=O)C(F)(F)F)C(F)(F)F,343,0.518793793
8.67009708,8.67009708,0.314183673,-0.402777778,0.559922122,16.16666667,250.302,232.158,250.1429758,98,0,0.1022563,-0.396143886,0.396143886,0.1022563,1.166666667,1.666666667,2,16.47837968,10.23519771,2.233494301,-2.369283598,2.071991587,-2.520369684,5.383719297,-0.916642494,2.401295012,3.60E-07,311.2753737,13.85552486,10.59406374,10.59406374,8.613832168,5.710295322,5.710295322,4.190266905,4.190266905,2.742390974,2.742390974,1.534776149,1.534776149,-1.78,7876.247638,16.22,9.270797606,6.727531502,107.8089375,14.32642121,13.08951281,0,0,0,0,0,15.78567466,0,0,24.12556998,0,13.02770359,26.80619232,14.32642121,0,15.78567466,0,0,6.420821623,46.50258709,5.917906046,0,18.20766394,0,0,0,0,56.09214535,4.736862954,39.91124465,6.420821623,0,0,0,0,100.83,5.917906046,0,0,0,6.606881965,43.75188563,18.20766394,0,0,7.047671983,25.62906501,6.336753827,0,0,32.05204152,0,-0.402777778,4.1875,0.913194444,5.345649093,2.234305556,0.666666667,18,1,6,0,1,1,0,0,0,5,1,6,3,0,1,1,1,-0.02277,63.3892,0,1,1,0,0,0,0,0,0,0,0,0,0,0,0,4,0,0,0,1,0,0,0,0,0,0,0,0,0,0,0,0,0,0,0,0,0,0,0,0,0,1,0,0,0,0,0,0,0,0,0,0,0,0,0,0,1,3,0,0,0,0,0,0,0,0,0,0,0,0,0,0,0,0,1,0,0,0,0,0,0,0,0,0,0,56,C[N+]1(CCCO)CCOCC1.N#C[C-](C#N)C#N,328.15,1.736951233
8.67009708,8.67009708,0.314183673,-0.402777778,0.559922122,16.16666667,250.302,232.158,250.1429758,98,0,0.1022563,-0.396143886,0.396143886,0.1022563,1.166666667,1.666666667,2,16.47837968,10.23519771,2.233494301,-2.369283598,2.071991587,-2.520369684,5.383719297,-0.916642494,2.401295012,3.60E-07,311.2753737,13.85552486,10.59406374,10.59406374,8.613832168,5.710295322,5.710295322,4.190266905,4.190266905,2.742390974,2.742390974,1.534776149,1.534776149,-1.78,7876.247638,16.22,9.270797606,6.727531502,107.8089375,14.32642121,13.08951281,0,0,0,0,0,15.78567466,0,0,24.12556998,0,13.02770359,26.80619232,14.32642121,0,15.78567466,0,0,6.420821623,46.50258709,5.917906046,0,18.20766394,0,0,0,0,56.09214535,4.736862954,39.91124465,6.420821623,0,0,0,0,100.83,5.917906046,0,0,0,6.606881965,43.75188563,18.20766394,0,0,7.047671983,25.62906501,6.336753827,0,0,32.05204152,0,-0.402777778,4.1875,0.913194444,5.345649093,2.234305556,0.666666667,18,1,6,0,1,1,0,0,0,5,1,6,3,0,1,1,1,-0.02277,63.3892,0,1,1,0,0,0,0,0,0,0,0,0,0,0,0,4,0,0,0,1,0,0,0,0,0,0,0,0,0,0,0,0,0,0,0,0,0,0,0,0,0,1,0,0,0,0,0,0,0,0,0,0,0,0,0,0,1,3,0,0,0,0,0,0,0,0,0,0,0,0,0,0,0,0,1,0,0,0,0,0,0,0,0,0,0,56,C[N+]1(CCCO)CCOCC1.N#C[C-](C#N)C#N,338.15,1.733423892
8.67009708,8.67009708,0.314183673,-0.402777778,0.559922122,16.16666667,250.302,232.158,250.1429758,98,0,0.1022563,-0.396143886,0.396143886,0.1022563,1.166666667,1.666666667,2,16.47837968,10.23519771,2.233494301,-2.369283598,2.071991587,-2.520369684,5.383719297,-0.916642494,2.401295012,3.60E-07,311.2753737,13.85552486,10.59406374,10.59406374,8.613832168,5.710295322,5.710295322,4.190266905,4.190266905,2.742390974,2.742390974,1.534776149,1.534776149,-1.78,7876.247638,16.22,9.270797606,6.727531502,107.8089375,14.32642121,13.08951281,0,0,0,0,0,15.78567466,0,0,24.12556998,0,13.02770359,26.80619232,14.32642121,0,15.78567466,0,0,6.420821623,46.50258709,5.917906046,0,18.20766394,0,0,0,0,56.09214535,4.736862954,39.91124465,6.420821623,0,0,0,0,100.83,5.917906046,0,0,0,6.606881965,43.75188563,18.20766394,0,0,7.047671983,25.62906501,6.336753827,0,0,32.05204152,0,-0.402777778,4.1875,0.913194444,5.345649093,2.234305556,0.666666667,18,1,6,0,1,1,0,0,0,5,1,6,3,0,1,1,1,-0.02277,63.3892,0,1,1,0,0,0,0,0,0,0,0,0,0,0,0,4,0,0,0,1,0,0,0,0,0,0,0,0,0,0,0,0,0,0,0,0,0,0,0,0,0,1,0,0,0,0,0,0,0,0,0,0,0,0,0,0,1,3,0,0,0,0,0,0,0,0,0,0,0,0,0,0,0,0,1,0,0,0,0,0,0,0,0,0,0,56,C[N+]1(CCCO)CCOCC1.N#C[C-](C#N)C#N,348.15,1.729884066
8.67009708,8.67009708,0.314183673,-0.402777778,0.559922122,16.16666667,250.302,232.158,250.1429758,98,0,0.1022563,-0.396143886,0.396143886,0.1022563,1.166666667,1.666666667,2,16.47837968,10.23519771,2.233494301,-2.369283598,2.071991587,-2.520369684,5.383719297,-0.916642494,2.401295012,3.60E-07,311.2753737,13.85552486,10.59406374,10.59406374,8.613832168,5.710295322,5.710295322,4.190266905,4.190266905,2.742390974,2.742390974,1.534776149,1.534776149,-1.78,7876.247638,16.22,9.270797606,6.727531502,107.8089375,14.32642121,13.08951281,0,0,0,0,0,15.78567466,0,0,24.12556998,0,13.02770359,26.80619232,14.32642121,0,15.78567466,0,0,6.420821623,46.50258709,5.917906046,0,18.20766394,0,0,0,0,56.09214535,4.736862954,39.91124465,6.420821623,0,0,0,0,100.83,5.917906046,0,0,0,6.606881965,43.75188563,18.20766394,0,0,7.047671983,25.62906501,6.336753827,0,0,32.05204152,0,-0.402777778,4.1875,0.913194444,5.345649093,2.234305556,0.666666667,18,1,6,0,1,1,0,0,0,5,1,6,3,0,1,1,1,-0.02277,63.3892,0,1,1,0,0,0,0,0,0,0,0,0,0,0,0,4,0,0,0,1,0,0,0,0,0,0,0,0,0,0,0,0,0,0,0,0,0,0,0,0,0,1,0,0,0,0,0,0,0,0,0,0,0,0,0,0,1,3,0,0,0,0,0,0,0,0,0,0,0,0,0,0,0,0,1,0,0,0,0,0,0,0,0,0,0,56,C[N+]1(CCCO)CCOCC1.N#C[C-](C#N)C#N,358.15,1.728109442
8.39804532,8.39804532,0.402777778,-0.402777778,0.425116104,15.42105263,259.313,242.177,259.1433102,100,0,0.102255622,-0.369750182,0.369750182,0.102255622,1.052631579,1.578947368,1.947368421,16.47834764,10.22885729,2.234605758,-2.369250547,2.085278556,-2.518342537,5.383732738,-0.916569178,2.423662778,3.99E-07,380.9912178,14.56263164,11.09406374,11.09406374,9.113832168,5.971227744,5.971227744,4.37477399,4.37477399,2.872857186,2.872857186,1.622179353,1.622179353,-2.25,12796.93947,16.75,9.7468,7.63399295,113.7722255,9.219893811,13.08951281,0,0,0,0,0,15.78567466,5.261891555,0,24.12556998,0,12.84164325,32.87541363,9.219893811,0,21.04756622,0,0,12.84164325,39.89570513,5.917906046,0,24.27688525,0,0,0,0,44.37873599,4.736862954,51.24235752,12.84164325,0,0,0,0,104.39,5.917906046,0,0,0,6.420821623,43.75188563,18.20766394,0,0,13.1168933,25.78442917,6.375577129,0,0,31.77998976,0,-0.402777778,6.370746882,1.710017007,5.083218537,2.249895125,0.615384615,19,0,6,0,1,1,0,0,0,5,0,6,3,0,1,1,1,0.89861,66.5334,0,0,0,0,0,0,0,0,0,0,0,0,0,0,0,5,0,0,0,1,0,0,0,0,0,0,0,0,0,0,0,0,0,0,0,0,0,0,0,0,0,1,0,0,0,0,0,0,0,0,0,0,0,0,0,0,1,4,0,0,0,0,0,0,0,0,0,0,0,0,0,0,0,0,1,0,0,0,0,0,0,0,0,1,0,57,C[N+]1(CCCC#N)CCOCC1.N#C[C-](C#N)C#N,328.15,1.761300262
8.39804532,8.39804532,0.402777778,-0.402777778,0.425116104,15.42105263,259.313,242.177,259.1433102,100,0,0.102255622,-0.369750182,0.369750182,0.102255622,1.052631579,1.578947368,1.947368421,16.47834764,10.22885729,2.234605758,-2.369250547,2.085278556,-2.518342537,5.383732738,-0.916569178,2.423662778,3.99E-07,380.9912178,14.56263164,11.09406374,11.09406374,9.113832168,5.971227744,5.971227744,4.37477399,4.37477399,2.872857186,2.872857186,1.622179353,1.622179353,-2.25,12796.93947,16.75,9.7468,7.63399295,113.7722255,9.219893811,13.08951281,0,0,0,0,0,15.78567466,5.261891555,0,24.12556998,0,12.84164325,32.87541363,9.219893811,0,21.04756622,0,0,12.84164325,39.89570513,5.917906046,0,24.27688525,0,0,0,0,44.37873599,4.736862954,51.24235752,12.84164325,0,0,0,0,104.39,5.917906046,0,0,0,6.420821623,43.75188563,18.20766394,0,0,13.1168933,25.78442917,6.375577129,0,0,31.77998976,0,-0.402777778,6.370746882,1.710017007,5.083218537,2.249895125,0.615384615,19,0,6,0,1,1,0,0,0,5,0,6,3,0,1,1,1,0.89861,66.5334,0,0,0,0,0,0,0,0,0,0,0,0,0,0,0,5,0,0,0,1,0,0,0,0,0,0,0,0,0,0,0,0,0,0,0,0,0,0,0,0,0,1,0,0,0,0,0,0,0,0,0,0,0,0,0,0,1,4,0,0,0,0,0,0,0,0,0,0,0,0,0,0,0,0,1,0,0,0,0,0,0,0,0,1,0,57,C[N+]1(CCCC#N)CCOCC1.N#C[C-](C#N)C#N,338.15,1.756132292
8.39804532,8.39804532,0.402777778,-0.402777778,0.425116104,15.42105263,259.313,242.177,259.1433102,100,0,0.102255622,-0.369750182,0.369750182,0.102255622,1.052631579,1.578947368,1.947368421,16.47834764,10.22885729,2.234605758,-2.369250547,2.085278556,-2.518342537,5.383732738,-0.916569178,2.423662778,3.99E-07,380.9912178,14.56263164,11.09406374,11.09406374,9.113832168,5.971227744,5.971227744,4.37477399,4.37477399,2.872857186,2.872857186,1.622179353,1.622179353,-2.25,12796.93947,16.75,9.7468,7.63399295,113.7722255,9.219893811,13.08951281,0,0,0,0,0,15.78567466,5.261891555,0,24.12556998,0,12.84164325,32.87541363,9.219893811,0,21.04756622,0,0,12.84164325,39.89570513,5.917906046,0,24.27688525,0,0,0,0,44.37873599,4.736862954,51.24235752,12.84164325,0,0,0,0,104.39,5.917906046,0,0,0,6.420821623,43.75188563,18.20766394,0,0,13.1168933,25.78442917,6.375577129,0,0,31.77998976,0,-0.402777778,6.370746882,1.710017007,5.083218537,2.249895125,0.615384615,19,0,6,0,1,1,0,0,0,5,0,6,3,0,1,1,1,0.89861,66.5334,0,0,0,0,0,0,0,0,0,0,0,0,0,0,0,5,0,0,0,1,0,0,0,0,0,0,0,0,0,0,0,0,0,0,0,0,0,0,0,0,0,1,0,0,0,0,0,0,0,0,0,0,0,0,0,0,1,4,0,0,0,0,0,0,0,0,0,0,0,0,0,0,0,0,1,0,0,0,0,0,0,0,0,1,0,57,C[N+]1(CCCC#N)CCOCC1.N#C[C-](C#N)C#N,348.15,1.750937475
8.39804532,8.39804532,0.402777778,-0.402777778,0.425116104,15.42105263,259.313,242.177,259.1433102,100,0,0.102255622,-0.369750182,0.369750182,0.102255622,1.052631579,1.578947368,1.947368421,16.47834764,10.22885729,2.234605758,-2.369250547,2.085278556,-2.518342537,5.383732738,-0.916569178,2.423662778,3.99E-07,380.9912178,14.56263164,11.09406374,11.09406374,9.113832168,5.971227744,5.971227744,4.37477399,4.37477399,2.872857186,2.872857186,1.622179353,1.622179353,-2.25,12796.93947,16.75,9.7468,7.63399295,113.7722255,9.219893811,13.08951281,0,0,0,0,0,15.78567466,5.261891555,0,24.12556998,0,12.84164325,32.87541363,9.219893811,0,21.04756622,0,0,12.84164325,39.89570513,5.917906046,0,24.27688525,0,0,0,0,44.37873599,4.736862954,51.24235752,12.84164325,0,0,0,0,104.39,5.917906046,0,0,0,6.420821623,43.75188563,18.20766394,0,0,13.1168933,25.78442917,6.375577129,0,0,31.77998976,0,-0.402777778,6.370746882,1.710017007,5.083218537,2.249895125,0.615384615,19,0,6,0,1,1,0,0,0,5,0,6,3,0,1,1,1,0.89861,66.5334,0,0,0,0,0,0,0,0,0,0,0,0,0,0,0,5,0,0,0,1,0,0,0,0,0,0,0,0,0,0,0,0,0,0,0,0,0,0,0,0,0,1,0,0,0,0,0,0,0,0,0,0,0,0,0,0,1,4,0,0,0,0,0,0,0,0,0,0,0,0,0,0,0,0,1,0,0,0,0,0,0,0,0,1,0,57,C[N+]1(CCCC#N)CCOCC1.N#C[C-](C#N)C#N,358.15,1.745715531
9.076388889,9.076388889,0.604166667,-3.916666667,0.556876136,10.66666667,234.321,216.177,234.1038134,88,0,0.243028824,-0.748156135,0.748156135,0.243028824,1.466666667,2,2.333333333,32.23961301,10.33121447,1.959624558,-1.900552657,1.853483992,-2.300196409,7.844615946,-0.696345006,2.445635406,3.36E-07,362.4641052,11.89734123,9.380791504,10.19728808,6.825698503,4.744925325,6.561421906,3.374585333,4.782833623,1.593598922,1.593598922,0.97467268,0.97467268,-0.88,1357.32765,14.12,6.575541969,11.04429936,91.10427434,4.552749874,12.39368714,0,6.327320075,0,0,0,17.55199628,0,0,13.34455882,6.420821623,6.255769184,23.71055525,17.53764651,10.11812686,0,4.567099648,7.047671983,26.31013685,6.255769184,18.72100722,0,0,4.567099648,0,0,0,23.79341569,23.71055525,0,19.76538045,18.72100722,0,0,0,66.01,10.11812686,0,0,0,6.255769184,6.544756406,12.84164325,0,7.047671983,34.77894371,12.97054686,31.50611111,0,0,0,0,0,0,9.421184807,3.361944444,-1.872573696,0.666666667,15,0,5,0,0,0,0,1,1,4,0,6,3,0,0,0,1,0.2741,56.1372,0,0,0,0,0,2,0,0,0,0,0,0,0,0,0,2,0,0,0,0,0,0,0,0,0,0,0,0,0,0,2,0,0,0,0,0,0,0,0,0,0,0,0,0,0,0,0,1,0,0,0,0,0,0,0,0,0,0,0,0,0,0,0,0,0,0,0,0,0,0,0,0,0,0,0,0,0,0,0,0,0,0,0,0,0,58,CCCC[n+]1ccn(C)c1.CS(=O)(=O)[O-],358.15,1.332366019
9.076388889,9.076388889,0.604166667,-3.916666667,0.556876136,10.66666667,234.321,216.177,234.1038134,88,0,0.243028824,-0.748156135,0.748156135,0.243028824,1.466666667,2,2.333333333,32.23961301,10.33121447,1.959624558,-1.900552657,1.853483992,-2.300196409,7.844615946,-0.696345006,2.445635406,3.36E-07,362.4641052,11.89734123,9.380791504,10.19728808,6.825698503,4.744925325,6.561421906,3.374585333,4.782833623,1.593598922,1.593598922,0.97467268,0.97467268,-0.88,1357.32765,14.12,6.575541969,11.04429936,91.10427434,4.552749874,12.39368714,0,6.327320075,0,0,0,17.55199628,0,0,13.34455882,6.420821623,6.255769184,23.71055525,17.53764651,10.11812686,0,4.567099648,7.047671983,26.31013685,6.255769184,18.72100722,0,0,4.567099648,0,0,0,23.79341569,23.71055525,0,19.76538045,18.72100722,0,0,0,66.01,10.11812686,0,0,0,6.255769184,6.544756406,12.84164325,0,7.047671983,34.77894371,12.97054686,31.50611111,0,0,0,0,0,0,9.421184807,3.361944444,-1.872573696,0.666666667,15,0,5,0,0,0,0,1,1,4,0,6,3,0,0,0,1,0.2741,56.1372,0,0,0,0,0,2,0,0,0,0,0,0,0,0,0,2,0,0,0,0,0,0,0,0,0,0,0,0,0,0,2,0,0,0,0,0,0,0,0,0,0,0,0,0,0,0,0,1,0,0,0,0,0,0,0,0,0,0,0,0,0,0,0,0,0,0,0,0,0,0,0,0,0,0,0,0,0,0,0,0,0,0,0,0,0,58,CCCC[n+]1ccn(C)c1.CS(=O)(=O)[O-],368.15,1.376244025
9.076388889,9.076388889,0.604166667,-3.916666667,0.556876136,10.66666667,234.321,216.177,234.1038134,88,0,0.243028824,-0.748156135,0.748156135,0.243028824,1.466666667,2,2.333333333,32.23961301,10.33121447,1.959624558,-1.900552657,1.853483992,-2.300196409,7.844615946,-0.696345006,2.445635406,3.36E-07,362.4641052,11.89734123,9.380791504,10.19728808,6.825698503,4.744925325,6.561421906,3.374585333,4.782833623,1.593598922,1.593598922,0.97467268,0.97467268,-0.88,1357.32765,14.12,6.575541969,11.04429936,91.10427434,4.552749874,12.39368714,0,6.327320075,0,0,0,17.55199628,0,0,13.34455882,6.420821623,6.255769184,23.71055525,17.53764651,10.11812686,0,4.567099648,7.047671983,26.31013685,6.255769184,18.72100722,0,0,4.567099648,0,0,0,23.79341569,23.71055525,0,19.76538045,18.72100722,0,0,0,66.01,10.11812686,0,0,0,6.255769184,6.544756406,12.84164325,0,7.047671983,34.77894371,12.97054686,31.50611111,0,0,0,0,0,0,9.421184807,3.361944444,-1.872573696,0.666666667,15,0,5,0,0,0,0,1,1,4,0,6,3,0,0,0,1,0.2741,56.1372,0,0,0,0,0,2,0,0,0,0,0,0,0,0,0,2,0,0,0,0,0,0,0,0,0,0,0,0,0,0,2,0,0,0,0,0,0,0,0,0,0,0,0,0,0,0,0,1,0,0,0,0,0,0,0,0,0,0,0,0,0,0,0,0,0,0,0,0,0,0,0,0,0,0,0,0,0,0,0,0,0,0,0,0,0,58,CCCC[n+]1ccn(C)c1.CS(=O)(=O)[O-],378.15,1.435084525
9.076388889,9.076388889,0.604166667,-3.916666667,0.556876136,10.66666667,234.321,216.177,234.1038134,88,0,0.243028824,-0.748156135,0.748156135,0.243028824,1.466666667,2,2.333333333,32.23961301,10.33121447,1.959624558,-1.900552657,1.853483992,-2.300196409,7.844615946,-0.696345006,2.445635406,3.36E-07,362.4641052,11.89734123,9.380791504,10.19728808,6.825698503,4.744925325,6.561421906,3.374585333,4.782833623,1.593598922,1.593598922,0.97467268,0.97467268,-0.88,1357.32765,14.12,6.575541969,11.04429936,91.10427434,4.552749874,12.39368714,0,6.327320075,0,0,0,17.55199628,0,0,13.34455882,6.420821623,6.255769184,23.71055525,17.53764651,10.11812686,0,4.567099648,7.047671983,26.31013685,6.255769184,18.72100722,0,0,4.567099648,0,0,0,23.79341569,23.71055525,0,19.76538045,18.72100722,0,0,0,66.01,10.11812686,0,0,0,6.255769184,6.544756406,12.84164325,0,7.047671983,34.77894371,12.97054686,31.50611111,0,0,0,0,0,0,9.421184807,3.361944444,-1.872573696,0.666666667,15,0,5,0,0,0,0,1,1,4,0,6,3,0,0,0,1,0.2741,56.1372,0,0,0,0,0,2,0,0,0,0,0,0,0,0,0,2,0,0,0,0,0,0,0,0,0,0,0,0,0,0,2,0,0,0,0,0,0,0,0,0,0,0,0,0,0,0,0,1,0,0,0,0,0,0,0,0,0,0,0,0,0,0,0,0,0,0,0,0,0,0,0,0,0,0,0,0,0,0,0,0,0,0,0,0,0,58,CCCC[n+]1ccn(C)c1.CS(=O)(=O)[O-],388.15,1.481604541
9.951388889,9.951388889,1.038966049,-3.904320988,0.584073325,10.88235294,264.262,243.094,264.1238938,100,0,0.266824377,-0.756134961,0.756134961,0.266824377,1.411764706,2,2.294117647,31.20469097,10.33121447,1.981941091,-2.157122084,2.342312886,-2.30019641,7.453402327,-0.696345221,2.731366428,3.25E-07,345.8300263,13.31155479,10.8280051,11.72243229,7.947018846,5.383470359,6.844063846,3.482823155,5.107547089,2.040812518,2.935239709,1.04920828,1.198279478,-0.68,4850.906777,16.32,8.416481189,8.098717988,102.4115153,13.94090593,12.39368714,0,6.327320075,7.822697123,0,4.565048285,9.134199296,0,0,13.34455882,6.420821623,14.21959508,13.59242839,23.07305386,7.822697123,0,4.567099648,7.047671983,26.31013685,14.21959508,18.72100722,0,0,9.460511251,0,0,7.822697123,18.78669473,27.204971,0,19.76538045,18.72100722,0,0,0,67.4,7.822697123,9.458459888,0,0,0,20.76435149,12.84164325,0,7.047671983,43.82643804,0,21.9575,0,9.951388889,0,0,0,0,8.817018141,3.361944444,0.217704082,0.7,17,0,6,0,0,0,0,1,1,5,0,7,5,0,0,0,1,0.8603,62.1405,0,0,0,0,0,2,0,0,0,0,0,0,0,0,0,2,0,0,0,0,0,0,0,0,0,0,0,0,0,0,2,0,0,0,0,0,0,0,0,0,0,0,0,0,0,0,0,1,0,0,0,0,0,0,0,0,0,0,0,0,0,0,0,0,0,0,0,1,1,0,0,0,0,0,0,0,0,0,0,0,0,0,0,0,0,59,CCCC[n+]1ccn(C)c1.COP(=O)([O-])OC,358.15,1.026041596
9.951388889,9.951388889,1.038966049,-3.904320988,0.584073325,10.88235294,264.262,243.094,264.1238938,100,0,0.266824377,-0.756134961,0.756134961,0.266824377,1.411764706,2,2.294117647,31.20469097,10.33121447,1.981941091,-2.157122084,2.342312886,-2.30019641,7.453402327,-0.696345221,2.731366428,3.25E-07,345.8300263,13.31155479,10.8280051,11.72243229,7.947018846,5.383470359,6.844063846,3.482823155,5.107547089,2.040812518,2.935239709,1.04920828,1.198279478,-0.68,4850.906777,16.32,8.416481189,8.098717988,102.4115153,13.94090593,12.39368714,0,6.327320075,7.822697123,0,4.565048285,9.134199296,0,0,13.34455882,6.420821623,14.21959508,13.59242839,23.07305386,7.822697123,0,4.567099648,7.047671983,26.31013685,14.21959508,18.72100722,0,0,9.460511251,0,0,7.822697123,18.78669473,27.204971,0,19.76538045,18.72100722,0,0,0,67.4,7.822697123,9.458459888,0,0,0,20.76435149,12.84164325,0,7.047671983,43.82643804,0,21.9575,0,9.951388889,0,0,0,0,8.817018141,3.361944444,0.217704082,0.7,17,0,6,0,0,0,0,1,1,5,0,7,5,0,0,0,1,0.8603,62.1405,0,0,0,0,0,2,0,0,0,0,0,0,0,0,0,2,0,0,0,0,0,0,0,0,0,0,0,0,0,0,2,0,0,0,0,0,0,0,0,0,0,0,0,0,0,0,0,1,0,0,0,0,0,0,0,0,0,0,0,0,0,0,0,0,0,0,0,1,1,0,0,0,0,0,0,0,0,0,0,0,0,0,0,0,0,59,CCCC[n+]1ccn(C)c1.COP(=O)([O-])OC,368.15,1.075002423
9.951388889,9.951388889,1.038966049,-3.904320988,0.584073325,10.88235294,264.262,243.094,264.1238938,100,0,0.266824377,-0.756134961,0.756134961,0.266824377,1.411764706,2,2.294117647,31.20469097,10.33121447,1.981941091,-2.157122084,2.342312886,-2.30019641,7.453402327,-0.696345221,2.731366428,3.25E-07,345.8300263,13.31155479,10.8280051,11.72243229,7.947018846,5.383470359,6.844063846,3.482823155,5.107547089,2.040812518,2.935239709,1.04920828,1.198279478,-0.68,4850.906777,16.32,8.416481189,8.098717988,102.4115153,13.94090593,12.39368714,0,6.327320075,7.822697123,0,4.565048285,9.134199296,0,0,13.34455882,6.420821623,14.21959508,13.59242839,23.07305386,7.822697123,0,4.567099648,7.047671983,26.31013685,14.21959508,18.72100722,0,0,9.460511251,0,0,7.822697123,18.78669473,27.204971,0,19.76538045,18.72100722,0,0,0,67.4,7.822697123,9.458459888,0,0,0,20.76435149,12.84164325,0,7.047671983,43.82643804,0,21.9575,0,9.951388889,0,0,0,0,8.817018141,3.361944444,0.217704082,0.7,17,0,6,0,0,0,0,1,1,5,0,7,5,0,0,0,1,0.8603,62.1405,0,0,0,0,0,2,0,0,0,0,0,0,0,0,0,2,0,0,0,0,0,0,0,0,0,0,0,0,0,0,2,0,0,0,0,0,0,0,0,0,0,0,0,0,0,0,0,1,0,0,0,0,0,0,0,0,0,0,0,0,0,0,0,0,0,0,0,1,1,0,0,0,0,0,0,0,0,0,0,0,0,0,0,0,0,59,CCCC[n+]1ccn(C)c1.COP(=O)([O-])OC,378.15,1.118414916
9.951388889,9.951388889,1.038966049,-3.904320988,0.584073325,10.88235294,264.262,243.094,264.1238938,100,0,0.266824377,-0.756134961,0.756134961,0.266824377,1.411764706,2,2.294117647,31.20469097,10.33121447,1.981941091,-2.157122084,2.342312886,-2.30019641,7.453402327,-0.696345221,2.731366428,3.25E-07,345.8300263,13.31155479,10.8280051,11.72243229,7.947018846,5.383470359,6.844063846,3.482823155,5.107547089,2.040812518,2.935239709,1.04920828,1.198279478,-0.68,4850.906777,16.32,8.416481189,8.098717988,102.4115153,13.94090593,12.39368714,0,6.327320075,7.822697123,0,4.565048285,9.134199296,0,0,13.34455882,6.420821623,14.21959508,13.59242839,23.07305386,7.822697123,0,4.567099648,7.047671983,26.31013685,14.21959508,18.72100722,0,0,9.460511251,0,0,7.822697123,18.78669473,27.204971,0,19.76538045,18.72100722,0,0,0,67.4,7.822697123,9.458459888,0,0,0,20.76435149,12.84164325,0,7.047671983,43.82643804,0,21.9575,0,9.951388889,0,0,0,0,8.817018141,3.361944444,0.217704082,0.7,17,0,6,0,0,0,0,1,1,5,0,7,5,0,0,0,1,0.8603,62.1405,0,0,0,0,0,2,0,0,0,0,0,0,0,0,0,2,0,0,0,0,0,0,0,0,0,0,0,0,0,0,2,0,0,0,0,0,0,0,0,0,0,0,0,0,0,0,0,1,0,0,0,0,0,0,0,0,0,0,0,0,0,0,0,0,0,0,0,1,1,0,0,0,0,0,0,0,0,0,0,0,0,0,0,0,0,59,CCCC[n+]1ccn(C)c1.COP(=O)([O-])OC,388.15,1.181727195
2.211805556,2.211805556,0,0,0.474674945,9.272727273,174.675,159.555,174.0923762,64,0,0.243028824,-1,1,0.243028824,1.454545455,2.181818182,2.636363636,35.45300047,10.33121447,1.959502158,-1.900551838,1.853339738,-2.99600215,4.612539566,-0.696344881,2.312820794,1.00E-06,195.7270574,7.397341225,7.125762815,7.881691761,4.825698503,3.836677035,3.836677035,2.670461187,2.670461187,1.593598922,1.593598922,0.97467268,0.97467268,-0.5,256.7231081,10.5,5.189981096,3.42,74.25795832,12.40703316,12.39368714,0,6.327320075,0,0,0,9.134199296,0,0,13.34455882,6.420821623,0,13.59242839,16.97413281,0,0,4.567099648,7.047671983,26.31013685,0,18.72100722,0,0,16.97413281,0,0,0,4.567099648,13.59242839,0,19.76538045,18.72100722,0,0,0,8.81,0,0,0,12.40703316,0,6.544756406,12.84164325,0,7.047671983,34.77894371,0,4.276944444,0,0,0,0,0,0,8.817018141,3.361944444,2.044092971,0.625,11,0,2,0,0,0,0,1,1,1,0,3,3,0,0,0,1,-1.8833,40.516,0,0,0,0,0,2,0,0,0,0,0,0,0,0,0,2,0,0,0,0,0,0,0,0,0,0,0,0,0,0,2,0,0,0,0,0,0,0,0,0,0,0,0,0,1,0,0,1,0,0,0,0,0,0,0,0,0,0,0,0,0,0,0,0,0,0,0,0,0,0,0,0,0,0,0,0,0,0,0,0,0,0,0,0,0,60,CCCC[n+]1ccn(C)c1.[Cl-],358.15,1.601405741
2.211805556,2.211805556,0,0,0.474674945,9.272727273,174.675,159.555,174.0923762,64,0,0.243028824,-1,1,0.243028824,1.454545455,2.181818182,2.636363636,35.45300047,10.33121447,1.959502158,-1.900551838,1.853339738,-2.99600215,4.612539566,-0.696344881,2.312820794,1.00E-06,195.7270574,7.397341225,7.125762815,7.881691761,4.825698503,3.836677035,3.836677035,2.670461187,2.670461187,1.593598922,1.593598922,0.97467268,0.97467268,-0.5,256.7231081,10.5,5.189981096,3.42,74.25795832,12.40703316,12.39368714,0,6.327320075,0,0,0,9.134199296,0,0,13.34455882,6.420821623,0,13.59242839,16.97413281,0,0,4.567099648,7.047671983,26.31013685,0,18.72100722,0,0,16.97413281,0,0,0,4.567099648,13.59242839,0,19.76538045,18.72100722,0,0,0,8.81,0,0,0,12.40703316,0,6.544756406,12.84164325,0,7.047671983,34.77894371,0,4.276944444,0,0,0,0,0,0,8.817018141,3.361944444,2.044092971,0.625,11,0,2,0,0,0,0,1,1,1,0,3,3,0,0,0,1,-1.8833,40.516,0,0,0,0,0,2,0,0,0,0,0,0,0,0,0,2,0,0,0,0,0,0,0,0,0,0,0,0,0,0,2,0,0,0,0,0,0,0,0,0,0,0,0,0,1,0,0,1,0,0,0,0,0,0,0,0,0,0,0,0,0,0,0,0,0,0,0,0,0,0,0,0,0,0,0,0,0,0,0,0,0,0,0,0,0,60,CCCC[n+]1ccn(C)c1.[Cl-],368.15,1.644805056
2.211805556,2.211805556,0,0,0.474674945,9.272727273,174.675,159.555,174.0923762,64,0,0.243028824,-1,1,0.243028824,1.454545455,2.181818182,2.636363636,35.45300047,10.33121447,1.959502158,-1.900551838,1.853339738,-2.99600215,4.612539566,-0.696344881,2.312820794,1.00E-06,195.7270574,7.397341225,7.125762815,7.881691761,4.825698503,3.836677035,3.836677035,2.670461187,2.670461187,1.593598922,1.593598922,0.97467268,0.97467268,-0.5,256.7231081,10.5,5.189981096,3.42,74.25795832,12.40703316,12.39368714,0,6.327320075,0,0,0,9.134199296,0,0,13.34455882,6.420821623,0,13.59242839,16.97413281,0,0,4.567099648,7.047671983,26.31013685,0,18.72100722,0,0,16.97413281,0,0,0,4.567099648,13.59242839,0,19.76538045,18.72100722,0,0,0,8.81,0,0,0,12.40703316,0,6.544756406,12.84164325,0,7.047671983,34.77894371,0,4.276944444,0,0,0,0,0,0,8.817018141,3.361944444,2.044092971,0.625,11,0,2,0,0,0,0,1,1,1,0,3,3,0,0,0,1,-1.8833,40.516,0,0,0,0,0,2,0,0,0,0,0,0,0,0,0,2,0,0,0,0,0,0,0,0,0,0,0,0,0,0,2,0,0,0,0,0,0,0,0,0,0,0,0,0,1,0,0,1,0,0,0,0,0,0,0,0,0,0,0,0,0,0,0,0,0,0,0,0,0,0,0,0,0,0,0,0,0,0,0,0,0,0,0,0,0,60,CCCC[n+]1ccn(C)c1.[Cl-],378.15,1.690095815
2.211805556,2.211805556,0,0,0.474674945,9.272727273,174.675,159.555,174.0923762,64,0,0.243028824,-1,1,0.243028824,1.454545455,2.181818182,2.636363636,35.45300047,10.33121447,1.959502158,-1.900551838,1.853339738,-2.99600215,4.612539566,-0.696344881,2.312820794,1.00E-06,195.7270574,7.397341225,7.125762815,7.881691761,4.825698503,3.836677035,3.836677035,2.670461187,2.670461187,1.593598922,1.593598922,0.97467268,0.97467268,-0.5,256.7231081,10.5,5.189981096,3.42,74.25795832,12.40703316,12.39368714,0,6.327320075,0,0,0,9.134199296,0,0,13.34455882,6.420821623,0,13.59242839,16.97413281,0,0,4.567099648,7.047671983,26.31013685,0,18.72100722,0,0,16.97413281,0,0,0,4.567099648,13.59242839,0,19.76538045,18.72100722,0,0,0,8.81,0,0,0,12.40703316,0,6.544756406,12.84164325,0,7.047671983,34.77894371,0,4.276944444,0,0,0,0,0,0,8.817018141,3.361944444,2.044092971,0.625,11,0,2,0,0,0,0,1,1,1,0,3,3,0,0,0,1,-1.8833,40.516,0,0,0,0,0,2,0,0,0,0,0,0,0,0,0,2,0,0,0,0,0,0,0,0,0,0,0,0,0,0,2,0,0,0,0,0,0,0,0,0,0,0,0,0,1,0,0,1,0,0,0,0,0,0,0,0,0,0,0,0,0,0,0,0,0,0,0,0,0,0,0,0,0,0,0,0,0,0,0,0,0,0,0,0,0,60,CCCC[n+]1ccn(C)c1.[Cl-],388.15,1.745715531
8.285009133,8.285009133,0.640768141,0.640768141,0.427062057,7.625,216.248,204.152,216.1123444,82,0,0.243029394,-0.385181884,0.385181884,0.243029394,1.3125,2,2.375,15.08804085,10.32117581,1.970537562,-1.890796235,1.856762944,-2.300859805,5.122260998,-0.696222896,2.66904401,3.85E-07,401.7432585,12.22576835,9.036652724,9.036652724,7.739912065,4.601157633,4.601157633,2.890378469,2.890378469,1.628625626,1.628625626,0.99703336,0.99703336,-2.52,3822.071022,13.48,9.051458761,6.938804779,94.56818168,10.52378311,12.39368714,0,6.327320075,0,0,5.316788604,9.134199296,5.261891555,0,0,6.420821623,18.80713381,19.6616497,4.567099648,0,15.78567466,4.567099648,7.047671983,19.38639965,0,24.03779582,0,18.4555335,4.567099648,0,0,0,4.567099648,13.59242839,34.24120817,12.84164325,18.72100722,0,5.316788604,0,94.28,0,0,0,0,6.420821623,12.96557803,12.38631219,0,30.33577885,15.95310956,15.78567466,4.073129252,0,0,25.72250913,0,0,2.124609552,10.15396542,0.938888889,1.986897754,0.4,16,0,6,0,0,0,0,1,1,4,0,6,3,0,0,0,1,0.93864,55.04,0,0,0,0,0,2,0,0,0,0,0,0,0,0,0,6,0,0,0,0,0,0,0,0,0,0,0,0,0,0,2,0,0,0,0,0,0,0,0,0,0,0,0,0,0,0,0,1,0,0,0,0,0,0,0,0,0,3,0,0,0,0,0,0,0,0,0,0,0,0,0,0,0,0,0,0,0,0,0,0,0,0,0,1,0,61,Cn1cc[n+](CCCC#N)c1.N#C[N-]C#N,328.15,1.880990603
8.285009133,8.285009133,0.640768141,0.640768141,0.427062057,7.625,216.248,204.152,216.1123444,82,0,0.243029394,-0.385181884,0.385181884,0.243029394,1.3125,2,2.375,15.08804085,10.32117581,1.970537562,-1.890796235,1.856762944,-2.300859805,5.122260998,-0.696222896,2.66904401,3.85E-07,401.7432585,12.22576835,9.036652724,9.036652724,7.739912065,4.601157633,4.601157633,2.890378469,2.890378469,1.628625626,1.628625626,0.99703336,0.99703336,-2.52,3822.071022,13.48,9.051458761,6.938804779,94.56818168,10.52378311,12.39368714,0,6.327320075,0,0,5.316788604,9.134199296,5.261891555,0,0,6.420821623,18.80713381,19.6616497,4.567099648,0,15.78567466,4.567099648,7.047671983,19.38639965,0,24.03779582,0,18.4555335,4.567099648,0,0,0,4.567099648,13.59242839,34.24120817,12.84164325,18.72100722,0,5.316788604,0,94.28,0,0,0,0,6.420821623,12.96557803,12.38631219,0,30.33577885,15.95310956,15.78567466,4.073129252,0,0,25.72250913,0,0,2.124609552,10.15396542,0.938888889,1.986897754,0.4,16,0,6,0,0,0,0,1,1,4,0,6,3,0,0,0,1,0.93864,55.04,0,0,0,0,0,2,0,0,0,0,0,0,0,0,0,6,0,0,0,0,0,0,0,0,0,0,0,0,0,0,2,0,0,0,0,0,0,0,0,0,0,0,0,0,0,0,0,1,0,0,0,0,0,0,0,0,0,3,0,0,0,0,0,0,0,0,0,0,0,0,0,0,0,0,0,0,0,0,0,0,0,0,0,1,0,61,Cn1cc[n+](CCCC#N)c1.N#C[N-]C#N,338.15,1.871802177
8.285009133,8.285009133,0.640768141,0.640768141,0.427062057,7.625,216.248,204.152,216.1123444,82,0,0.243029394,-0.385181884,0.385181884,0.243029394,1.3125,2,2.375,15.08804085,10.32117581,1.970537562,-1.890796235,1.856762944,-2.300859805,5.122260998,-0.696222896,2.66904401,3.85E-07,401.7432585,12.22576835,9.036652724,9.036652724,7.739912065,4.601157633,4.601157633,2.890378469,2.890378469,1.628625626,1.628625626,0.99703336,0.99703336,-2.52,3822.071022,13.48,9.051458761,6.938804779,94.56818168,10.52378311,12.39368714,0,6.327320075,0,0,5.316788604,9.134199296,5.261891555,0,0,6.420821623,18.80713381,19.6616497,4.567099648,0,15.78567466,4.567099648,7.047671983,19.38639965,0,24.03779582,0,18.4555335,4.567099648,0,0,0,4.567099648,13.59242839,34.24120817,12.84164325,18.72100722,0,5.316788604,0,94.28,0,0,0,0,6.420821623,12.96557803,12.38631219,0,30.33577885,15.95310956,15.78567466,4.073129252,0,0,25.72250913,0,0,2.124609552,10.15396542,0.938888889,1.986897754,0.4,16,0,6,0,0,0,0,1,1,4,0,6,3,0,0,0,1,0.93864,55.04,0,0,0,0,0,2,0,0,0,0,0,0,0,0,0,6,0,0,0,0,0,0,0,0,0,0,0,0,0,0,2,0,0,0,0,0,0,0,0,0,0,0,0,0,0,0,0,1,0,0,0,0,0,0,0,0,0,3,0,0,0,0,0,0,0,0,0,0,0,0,0,0,0,0,0,0,0,0,0,0,0,0,0,1,0,61,Cn1cc[n+](CCCC#N)c1.N#C[N-]C#N,348.15,1.864080131
8.285009133,8.285009133,0.640768141,0.640768141,0.427062057,7.625,216.248,204.152,216.1123444,82,0,0.243029394,-0.385181884,0.385181884,0.243029394,1.3125,2,2.375,15.08804085,10.32117581,1.970537562,-1.890796235,1.856762944,-2.300859805,5.122260998,-0.696222896,2.66904401,3.85E-07,401.7432585,12.22576835,9.036652724,9.036652724,7.739912065,4.601157633,4.601157633,2.890378469,2.890378469,1.628625626,1.628625626,0.99703336,0.99703336,-2.52,3822.071022,13.48,9.051458761,6.938804779,94.56818168,10.52378311,12.39368714,0,6.327320075,0,0,5.316788604,9.134199296,5.261891555,0,0,6.420821623,18.80713381,19.6616497,4.567099648,0,15.78567466,4.567099648,7.047671983,19.38639965,0,24.03779582,0,18.4555335,4.567099648,0,0,0,4.567099648,13.59242839,34.24120817,12.84164325,18.72100722,0,5.316788604,0,94.28,0,0,0,0,6.420821623,12.96557803,12.38631219,0,30.33577885,15.95310956,15.78567466,4.073129252,0,0,25.72250913,0,0,2.124609552,10.15396542,0.938888889,1.986897754,0.4,16,0,6,0,0,0,0,1,1,4,0,6,3,0,0,0,1,0.93864,55.04,0,0,0,0,0,2,0,0,0,0,0,0,0,0,0,6,0,0,0,0,0,0,0,0,0,0,0,0,0,0,2,0,0,0,0,0,0,0,0,0,0,0,0,0,0,0,0,1,0,0,0,0,0,0,0,0,0,3,0,0,0,0,0,0,0,0,0,0,0,0,0,0,0,0,0,0,0,0,0,0,0,0,0,1,0,61,Cn1cc[n+](CCCC#N)c1.N#C[N-]C#N,358.15,1.86252854
11.43842593,11.43842593,0.777777778,-6.721527778,0.575236092,13.39130435,391.315,380.227,391.0095172,136,0,0.4802902,-0.420674932,0.4802902,0.420674932,1,1.391304348,1.565217391,32.28904373,10.7175956,2.464250372,-2.224494485,2.356069821,-2.295778526,8.125006795,-0.692550256,2.712977135,5.02E-07,677.7320982,18.69023444,11.49807496,13.13106812,10.03280528,5.410633783,8.29076044,3.825678522,7.248048775,1.970116995,4.710099061,0.902470685,2.612052979,-1.35,31847.63859,21.65,7.04165962,6.343188116,127.1753226,4.127401125,12.39368714,20.04658231,6.327320075,0,11.016661,0,25.96979326,26.34249029,0,0,6.9237372,0,13.59242839,47.7451839,20.04658231,0,4.567099648,7.047671983,24.48515461,0,22.84840834,0,0,4.567099648,26.34249029,0,0,32.41935462,33.6390107,0,6.9237372,18.72100722,0,4.127401125,0,91.19,31.06324331,43.17808425,0,0,0,10.67215753,0,0,17.8116152,24.01500049,0,113.33875,0,0,0,-12.40611111,0,0,6.142361111,3.181388889,-11.42305556,0.625,23,0,7,0,0,0,0,1,1,5,0,15,3,0,0,0,1,1.3918,64.5906,0,0,0,0,0,2,0,0,0,0,0,0,0,0,0,3,0,0,0,0,0,0,0,0,0,6,0,0,0,0,2,0,0,0,0,0,0,0,0,0,0,0,0,0,6,0,0,1,0,0,0,0,0,0,0,0,0,0,0,0,0,0,0,0,0,0,0,0,0,0,0,0,0,0,0,0,2,0,0,0,0,0,0,0,0,55,CC[n+]1ccn(C)c1.O=S(=O)([N-]S(=O)(=O)C(F)(F)F)C(F)(F)F,313.8,0.509224342
11.43842593,11.43842593,0.777777778,-6.721527778,0.575236092,13.39130435,391.315,380.227,391.0095172,136,0,0.4802902,-0.420674932,0.4802902,0.420674932,1,1.391304348,1.565217391,32.28904373,10.7175956,2.464250372,-2.224494485,2.356069821,-2.295778526,8.125006795,-0.692550256,2.712977135,5.02E-07,677.7320982,18.69023444,11.49807496,13.13106812,10.03280528,5.410633783,8.29076044,3.825678522,7.248048775,1.970116995,4.710099061,0.902470685,2.612052979,-1.35,31847.63859,21.65,7.04165962,6.343188116,127.1753226,4.127401125,12.39368714,20.04658231,6.327320075,0,11.016661,0,25.96979326,26.34249029,0,0,6.9237372,0,13.59242839,47.7451839,20.04658231,0,4.567099648,7.047671983,24.48515461,0,22.84840834,0,0,4.567099648,26.34249029,0,0,32.41935462,33.6390107,0,6.9237372,18.72100722,0,4.127401125,0,91.19,31.06324331,43.17808425,0,0,0,10.67215753,0,0,17.8116152,24.01500049,0,113.33875,0,0,0,-12.40611111,0,0,6.142361111,3.181388889,-11.42305556,0.625,23,0,7,0,0,0,0,1,1,5,0,15,3,0,0,0,1,1.3918,64.5906,0,0,0,0,0,2,0,0,0,0,0,0,0,0,0,3,0,0,0,0,0,0,0,0,0,6,0,0,0,0,2,0,0,0,0,0,0,0,0,0,0,0,0,0,6,0,0,1,0,0,0,0,0,0,0,0,0,0,0,0,0,0,0,0,0,0,0,0,0,0,0,0,0,0,0,0,2,0,0,0,0,0,0,0,0,55,CC[n+]1ccn(C)c1.O=S(=O)([N-]S(=O)(=O)C(F)(F)F)C(F)(F)F,323.1,0.511625304
11.43842593,11.43842593,0.777777778,-6.721527778,0.575236092,13.39130435,391.315,380.227,391.0095172,136,0,0.4802902,-0.420674932,0.4802902,0.420674932,1,1.391304348,1.565217391,32.28904373,10.7175956,2.464250372,-2.224494485,2.356069821,-2.295778526,8.125006795,-0.692550256,2.712977135,5.02E-07,677.7320982,18.69023444,11.49807496,13.13106812,10.03280528,5.410633783,8.29076044,3.825678522,7.248048775,1.970116995,4.710099061,0.902470685,2.612052979,-1.35,31847.63859,21.65,7.04165962,6.343188116,127.1753226,4.127401125,12.39368714,20.04658231,6.327320075,0,11.016661,0,25.96979326,26.34249029,0,0,6.9237372,0,13.59242839,47.7451839,20.04658231,0,4.567099648,7.047671983,24.48515461,0,22.84840834,0,0,4.567099648,26.34249029,0,0,32.41935462,33.6390107,0,6.9237372,18.72100722,0,4.127401125,0,91.19,31.06324331,43.17808425,0,0,0,10.67215753,0,0,17.8116152,24.01500049,0,113.33875,0,0,0,-12.40611111,0,0,6.142361111,3.181388889,-11.42305556,0.625,23,0,7,0,0,0,0,1,1,5,0,15,3,0,0,0,1,1.3918,64.5906,0,0,0,0,0,2,0,0,0,0,0,0,0,0,0,3,0,0,0,0,0,0,0,0,0,6,0,0,0,0,2,0,0,0,0,0,0,0,0,0,0,0,0,0,6,0,0,1,0,0,0,0,0,0,0,0,0,0,0,0,0,0,0,0,0,0,0,0,0,0,0,0,0,0,0,0,2,0,0,0,0,0,0,0,0,55,CC[n+]1ccn(C)c1.O=S(=O)([N-]S(=O)(=O)C(F)(F)F)C(F)(F)F,333.4,0.514618422
11.43842593,11.43842593,0.777777778,-6.721527778,0.575236092,13.39130435,391.315,380.227,391.0095172,136,0,0.4802902,-0.420674932,0.4802902,0.420674932,1,1.391304348,1.565217391,32.28904373,10.7175956,2.464250372,-2.224494485,2.356069821,-2.295778526,8.125006795,-0.692550256,2.712977135,5.02E-07,677.7320982,18.69023444,11.49807496,13.13106812,10.03280528,5.410633783,8.29076044,3.825678522,7.248048775,1.970116995,4.710099061,0.902470685,2.612052979,-1.35,31847.63859,21.65,7.04165962,6.343188116,127.1753226,4.127401125,12.39368714,20.04658231,6.327320075,0,11.016661,0,25.96979326,26.34249029,0,0,6.9237372,0,13.59242839,47.7451839,20.04658231,0,4.567099648,7.047671983,24.48515461,0,22.84840834,0,0,4.567099648,26.34249029,0,0,32.41935462,33.6390107,0,6.9237372,18.72100722,0,4.127401125,0,91.19,31.06324331,43.17808425,0,0,0,10.67215753,0,0,17.8116152,24.01500049,0,113.33875,0,0,0,-12.40611111,0,0,6.142361111,3.181388889,-11.42305556,0.625,23,0,7,0,0,0,0,1,1,5,0,15,3,0,0,0,1,1.3918,64.5906,0,0,0,0,0,2,0,0,0,0,0,0,0,0,0,3,0,0,0,0,0,0,0,0,0,6,0,0,0,0,2,0,0,0,0,0,0,0,0,0,0,0,0,0,6,0,0,1,0,0,0,0,0,0,0,0,0,0,0,0,0,0,0,0,0,0,0,0,0,0,0,0,0,0,0,0,2,0,0,0,0,0,0,0,0,55,CC[n+]1ccn(C)c1.O=S(=O)([N-]S(=O)(=O)C(F)(F)F)C(F)(F)F,343.8,0.518793793
11.43842593,11.43842593,0.777777778,-6.721527778,0.565457906,13.375,405.342,392.238,405.0251672,142,0,0.4802902,-0.420674932,0.4802902,0.420674932,1.041666667,1.416666667,1.583333333,32.28904389,10.60542185,2.464310782,-2.224494487,2.356123976,-2.330850923,8.125008438,-0.698560648,2.659341659,4.96E-07,722.1845764,19.56047793,12.42072469,14.05371785,10.46032564,5.841449599,8.721576256,4.158426162,7.580796415,2.518242554,5.258224621,1.146747121,2.856329415,-1.35,46464.01747,22.65,7.264051998,5.62490516,133.5402647,4.127401125,12.39368714,20.04658231,0,5.824404498,11.016661,0,25.96979326,26.34249029,0,0,6.9237372,6.9237372,13.59242839,47.7451839,20.04658231,0,4.567099648,7.047671983,31.40889181,0,22.34549277,0,0,4.567099648,26.34249029,0,0,32.41935462,33.6390107,6.9237372,12.7481417,12.39368714,0,4.127401125,0,91.19,31.06324331,43.17808425,0,0,0,10.67215753,5.824404498,0,0,42.42303282,0,113.5054167,0,0,0,-12.40611111,1.303240741,0,4.16087963,5.322592593,-11.38601852,0.666666667,24,0,7,0,0,0,0,1,1,5,0,15,3,0,0,0,1,1.70022,69.3276,0,0,0,0,0,2,0,0,0,0,0,0,0,0,0,3,0,0,0,0,0,0,0,0,0,6,0,0,0,0,2,0,0,0,0,0,0,0,0,0,0,0,0,0,6,0,0,1,0,0,0,0,0,0,0,0,0,0,0,0,0,0,0,0,0,0,0,0,0,0,0,0,0,0,0,0,2,0,0,0,0,0,0,0,0,54,CC[n+]1ccn(C)c1C.O=S(=O)([N-]S(=O)(=O)C(F)(F)F)C(F)(F)F,313.8,0.39877612
11.43842593,11.43842593,0.777777778,-6.721527778,0.565457906,13.375,405.342,392.238,405.0251672,142,0,0.4802902,-0.420674932,0.4802902,0.420674932,1.041666667,1.416666667,1.583333333,32.28904389,10.60542185,2.464310782,-2.224494487,2.356123976,-2.330850923,8.125008438,-0.698560648,2.659341659,4.96E-07,722.1845764,19.56047793,12.42072469,14.05371785,10.46032564,5.841449599,8.721576256,4.158426162,7.580796415,2.518242554,5.258224621,1.146747121,2.856329415,-1.35,46464.01747,22.65,7.264051998,5.62490516,133.5402647,4.127401125,12.39368714,20.04658231,0,5.824404498,11.016661,0,25.96979326,26.34249029,0,0,6.9237372,6.9237372,13.59242839,47.7451839,20.04658231,0,4.567099648,7.047671983,31.40889181,0,22.34549277,0,0,4.567099648,26.34249029,0,0,32.41935462,33.6390107,6.9237372,12.7481417,12.39368714,0,4.127401125,0,91.19,31.06324331,43.17808425,0,0,0,10.67215753,5.824404498,0,0,42.42303282,0,113.5054167,0,0,0,-12.40611111,1.303240741,0,4.16087963,5.322592593,-11.38601852,0.666666667,24,0,7,0,0,0,0,1,1,5,0,15,3,0,0,0,1,1.70022,69.3276,0,0,0,0,0,2,0,0,0,0,0,0,0,0,0,3,0,0,0,0,0,0,0,0,0,6,0,0,0,0,2,0,0,0,0,0,0,0,0,0,0,0,0,0,6,0,0,1,0,0,0,0,0,0,0,0,0,0,0,0,0,0,0,0,0,0,0,0,0,0,0,0,0,0,0,0,2,0,0,0,0,0,0,0,0,54,CC[n+]1ccn(C)c1C.O=S(=O)([N-]S(=O)(=O)C(F)(F)F)C(F)(F)F,323.1,0.406797553
11.43842593,11.43842593,0.777777778,-6.721527778,0.565457906,13.375,405.342,392.238,405.0251672,142,0,0.4802902,-0.420674932,0.4802902,0.420674932,1.041666667,1.416666667,1.583333333,32.28904389,10.60542185,2.464310782,-2.224494487,2.356123976,-2.330850923,8.125008438,-0.698560648,2.659341659,4.96E-07,722.1845764,19.56047793,12.42072469,14.05371785,10.46032564,5.841449599,8.721576256,4.158426162,7.580796415,2.518242554,5.258224621,1.146747121,2.856329415,-1.35,46464.01747,22.65,7.264051998,5.62490516,133.5402647,4.127401125,12.39368714,20.04658231,0,5.824404498,11.016661,0,25.96979326,26.34249029,0,0,6.9237372,6.9237372,13.59242839,47.7451839,20.04658231,0,4.567099648,7.047671983,31.40889181,0,22.34549277,0,0,4.567099648,26.34249029,0,0,32.41935462,33.6390107,6.9237372,12.7481417,12.39368714,0,4.127401125,0,91.19,31.06324331,43.17808425,0,0,0,10.67215753,5.824404498,0,0,42.42303282,0,113.5054167,0,0,0,-12.40611111,1.303240741,0,4.16087963,5.322592593,-11.38601852,0.666666667,24,0,7,0,0,0,0,1,1,5,0,15,3,0,0,0,1,1.70022,69.3276,0,0,0,0,0,2,0,0,0,0,0,0,0,0,0,3,0,0,0,0,0,0,0,0,0,6,0,0,0,0,2,0,0,0,0,0,0,0,0,0,0,0,0,0,6,0,0,1,0,0,0,0,0,0,0,0,0,0,0,0,0,0,0,0,0,0,0,0,0,0,0,0,0,0,0,0,2,0,0,0,0,0,0,0,0,54,CC[n+]1ccn(C)c1C.O=S(=O)([N-]S(=O)(=O)C(F)(F)F)C(F)(F)F,333.4,0.414755155
11.43842593,11.43842593,0.777777778,-6.721527778,0.565457906,13.375,405.342,392.238,405.0251672,142,0,0.4802902,-0.420674932,0.4802902,0.420674932,1.041666667,1.416666667,1.583333333,32.28904389,10.60542185,2.464310782,-2.224494487,2.356123976,-2.330850923,8.125008438,-0.698560648,2.659341659,4.96E-07,722.1845764,19.56047793,12.42072469,14.05371785,10.46032564,5.841449599,8.721576256,4.158426162,7.580796415,2.518242554,5.258224621,1.146747121,2.856329415,-1.35,46464.01747,22.65,7.264051998,5.62490516,133.5402647,4.127401125,12.39368714,20.04658231,0,5.824404498,11.016661,0,25.96979326,26.34249029,0,0,6.9237372,6.9237372,13.59242839,47.7451839,20.04658231,0,4.567099648,7.047671983,31.40889181,0,22.34549277,0,0,4.567099648,26.34249029,0,0,32.41935462,33.6390107,6.9237372,12.7481417,12.39368714,0,4.127401125,0,91.19,31.06324331,43.17808425,0,0,0,10.67215753,5.824404498,0,0,42.42303282,0,113.5054167,0,0,0,-12.40611111,1.303240741,0,4.16087963,5.322592593,-11.38601852,0.666666667,24,0,7,0,0,0,0,1,1,5,0,15,3,0,0,0,1,1.70022,69.3276,0,0,0,0,0,2,0,0,0,0,0,0,0,0,0,3,0,0,0,0,0,0,0,0,0,6,0,0,0,0,2,0,0,0,0,0,0,0,0,0,0,0,0,0,6,0,0,1,0,0,0,0,0,0,0,0,0,0,0,0,0,0,0,0,0,0,0,0,0,0,0,0,0,0,0,0,2,0,0,0,0,0,0,0,0,54,CC[n+]1ccn(C)c1C.O=S(=O)([N-]S(=O)(=O)C(F)(F)F)C(F)(F)F,343.7,0.425921117
8.493055556,8.493055556,1.150138889,-4.944444444,0.507066913,10.8,238.671,223.551,238.0720346,88,0,0.243028824,-0.239533996,0.243028824,0.239533996,1.266666667,1.8,2.133333333,35.65651624,10.33121447,1.959821027,-2.166314832,1.853436887,-2.679062983,4.612549837,-1.998501394,2.445635406,3.36E-07,265.85054,11.89734123,8.758755977,9.514684923,6.825698503,4.453890435,5.688317235,3.04842566,3.804354606,1.593598922,1.593598922,0.97467268,0.97467268,-0.66,1357.32765,14.34,6.755973893,11.26552976,90.7482895,0,12.39368714,0,6.327320075,0,0,0,27.77017697,0,10.2431403,13.34455882,6.420821623,0,13.59242839,33.44621762,0,0,4.567099648,7.047671983,26.31013685,0,18.72100722,0,0,23.20307732,0,0,0,4.567099648,13.59242839,10.2431403,19.76538045,18.72100722,0,0,0,101.05,10.2431403,0,0,0,0,6.544756406,12.84164325,0,7.047671983,34.77894371,18.63597767,38.24916667,0,0,0,0,0,0,8.817018141,3.361944444,-2.900351474,0.625,15,0,6,0,0,0,0,1,1,5,0,7,3,0,0,0,1,-3.6433,40.516,0,0,0,0,0,2,0,0,0,0,0,0,0,0,0,2,0,0,0,0,0,0,0,0,0,0,0,0,0,0,2,0,0,0,0,0,0,0,0,0,0,0,0,0,1,0,0,1,0,0,0,0,0,0,0,0,0,0,0,0,0,0,0,0,0,0,0,0,0,0,0,0,0,0,0,0,0,0,0,0,0,0,0,0,0,62,CCCC[n+]1ccn(C)c1.[O-][Cl+3]([O-])([O-])[O-],333.15,0.828551818
8.493055556,8.493055556,1.150138889,-4.944444444,0.507066913,10.8,238.671,223.551,238.0720346,88,0,0.243028824,-0.239533996,0.243028824,0.239533996,1.266666667,1.8,2.133333333,35.65651624,10.33121447,1.959821027,-2.166314832,1.853436887,-2.679062983,4.612549837,-1.998501394,2.445635406,3.36E-07,265.85054,11.89734123,8.758755977,9.514684923,6.825698503,4.453890435,5.688317235,3.04842566,3.804354606,1.593598922,1.593598922,0.97467268,0.97467268,-0.66,1357.32765,14.34,6.755973893,11.26552976,90.7482895,0,12.39368714,0,6.327320075,0,0,0,27.77017697,0,10.2431403,13.34455882,6.420821623,0,13.59242839,33.44621762,0,0,4.567099648,7.047671983,26.31013685,0,18.72100722,0,0,23.20307732,0,0,0,4.567099648,13.59242839,10.2431403,19.76538045,18.72100722,0,0,0,101.05,10.2431403,0,0,0,0,6.544756406,12.84164325,0,7.047671983,34.77894371,18.63597767,38.24916667,0,0,0,0,0,0,8.817018141,3.361944444,-2.900351474,0.625,15,0,6,0,0,0,0,1,1,5,0,7,3,0,0,0,1,-3.6433,40.516,0,0,0,0,0,2,0,0,0,0,0,0,0,0,0,2,0,0,0,0,0,0,0,0,0,0,0,0,0,0,2,0,0,0,0,0,0,0,0,0,0,0,0,0,1,0,0,1,0,0,0,0,0,0,0,0,0,0,0,0,0,0,0,0,0,0,0,0,0,0,0,0,0,0,0,0,0,0,0,0,0,0,0,0,0,62,CCCC[n+]1ccn(C)c1.[O-][Cl+3]([O-])([O-])[O-],343.15,0.88376754
8.493055556,8.493055556,1.150138889,-4.944444444,0.507066913,10.8,238.671,223.551,238.0720346,88,0,0.243028824,-0.239533996,0.243028824,0.239533996,1.266666667,1.8,2.133333333,35.65651624,10.33121447,1.959821027,-2.166314832,1.853436887,-2.679062983,4.612549837,-1.998501394,2.445635406,3.36E-07,265.85054,11.89734123,8.758755977,9.514684923,6.825698503,4.453890435,5.688317235,3.04842566,3.804354606,1.593598922,1.593598922,0.97467268,0.97467268,-0.66,1357.32765,14.34,6.755973893,11.26552976,90.7482895,0,12.39368714,0,6.327320075,0,0,0,27.77017697,0,10.2431403,13.34455882,6.420821623,0,13.59242839,33.44621762,0,0,4.567099648,7.047671983,26.31013685,0,18.72100722,0,0,23.20307732,0,0,0,4.567099648,13.59242839,10.2431403,19.76538045,18.72100722,0,0,0,101.05,10.2431403,0,0,0,0,6.544756406,12.84164325,0,7.047671983,34.77894371,18.63597767,38.24916667,0,0,0,0,0,0,8.817018141,3.361944444,-2.900351474,0.625,15,0,6,0,0,0,0,1,1,5,0,7,3,0,0,0,1,-3.6433,40.516,0,0,0,0,0,2,0,0,0,0,0,0,0,0,0,2,0,0,0,0,0,0,0,0,0,0,0,0,0,0,2,0,0,0,0,0,0,0,0,0,0,0,0,0,1,0,0,1,0,0,0,0,0,0,0,0,0,0,0,0,0,0,0,0,0,0,0,0,0,0,0,0,0,0,0,0,0,0,0,0,0,0,0,0,0,62,CCCC[n+]1ccn(C)c1.[O-][Cl+3]([O-])([O-])[O-],353.15,0.916290732
9.75,9.75,1.056388889,-6,0.368046964,10.61538462,197.972,186.884,198.0951416,76,0,0.673213119,-0.41830328,0.673213119,0.41830328,1.307692308,1.769230769,1.923076923,19.46336302,10.34964391,2.201793864,-1.943779122,2.061313233,-2.281029191,6.496716767,-0.692549686,2.312410047,2.52E-07,239.027445,10.48312766,7.422792941,7.422792941,5.825698503,3.709548596,3.709548596,2.404400424,2.404400424,1.188881131,1.188881131,0.688772899,0.688772899,-1.005064935,497.1681601,11.99493506,4.884987355,8.904894527,73.89816576,17.26263557,12.39368714,0,6.327320075,0,7.254408353,0,9.134199296,0,0,0,6.9237372,0,13.59242839,21.82973522,7.254408353,0,4.567099648,7.047671983,13.46849361,0,18.72100722,0,0,4.567099648,17.26263557,0,0,11.821508,13.59242839,0,6.9237372,18.72100722,0,0,0,8.81,7.254408353,17.26263557,0,0,0,6.544756406,0,0,17.8116152,24.01500049,0,43.15625,0,0,0,0,0,0,6.142361111,3.181388889,-3.98,0.5,13,0,2,0,0,0,0,1,1,1,0,7,1,0,0,0,1,1.6325,41.468,0,0,0,0,0,2,0,0,0,0,0,0,0,0,0,2,0,0,0,0,0,0,0,0,0,0,0,0,0,0,2,0,0,0,0,0,0,0,0,0,0,0,0,0,4,0,0,1,0,0,0,0,0,0,0,0,0,0,0,0,0,0,0,0,0,0,0,0,0,0,0,0,0,0,0,0,0,0,0,0,0,0,0,0,0,63,CC[n+]1ccn(C)c1.F[B-](F)(F)F,303.15,1.216395324
9.75,9.75,1.056388889,-6,0.368046964,10.61538462,197.972,186.884,198.0951416,76,0,0.673213119,-0.41830328,0.673213119,0.41830328,1.307692308,1.769230769,1.923076923,19.46336302,10.34964391,2.201793864,-1.943779122,2.061313233,-2.281029191,6.496716767,-0.692549686,2.312410047,2.52E-07,239.027445,10.48312766,7.422792941,7.422792941,5.825698503,3.709548596,3.709548596,2.404400424,2.404400424,1.188881131,1.188881131,0.688772899,0.688772899,-1.005064935,497.1681601,11.99493506,4.884987355,8.904894527,73.89816576,17.26263557,12.39368714,0,6.327320075,0,7.254408353,0,9.134199296,0,0,0,6.9237372,0,13.59242839,21.82973522,7.254408353,0,4.567099648,7.047671983,13.46849361,0,18.72100722,0,0,4.567099648,17.26263557,0,0,11.821508,13.59242839,0,6.9237372,18.72100722,0,0,0,8.81,7.254408353,17.26263557,0,0,0,6.544756406,0,0,17.8116152,24.01500049,0,43.15625,0,0,0,0,0,0,6.142361111,3.181388889,-3.98,0.5,13,0,2,0,0,0,0,1,1,1,0,7,1,0,0,0,1,1.6325,41.468,0,0,0,0,0,2,0,0,0,0,0,0,0,0,0,2,0,0,0,0,0,0,0,0,0,0,0,0,0,0,2,0,0,0,0,0,0,0,0,0,0,0,0,0,4,0,0,1,0,0,0,0,0,0,0,0,0,0,0,0,0,0,0,0,0,0,0,0,0,0,0,0,0,0,0,0,0,0,0,0,0,0,0,0,0,63,CC[n+]1ccn(C)c1.F[B-](F)(F)F,313.15,1.236343184
9.75,9.75,1.056388889,-6,0.368046964,10.61538462,197.972,186.884,198.0951416,76,0,0.673213119,-0.41830328,0.673213119,0.41830328,1.307692308,1.769230769,1.923076923,19.46336302,10.34964391,2.201793864,-1.943779122,2.061313233,-2.281029191,6.496716767,-0.692549686,2.312410047,2.52E-07,239.027445,10.48312766,7.422792941,7.422792941,5.825698503,3.709548596,3.709548596,2.404400424,2.404400424,1.188881131,1.188881131,0.688772899,0.688772899,-1.005064935,497.1681601,11.99493506,4.884987355,8.904894527,73.89816576,17.26263557,12.39368714,0,6.327320075,0,7.254408353,0,9.134199296,0,0,0,6.9237372,0,13.59242839,21.82973522,7.254408353,0,4.567099648,7.047671983,13.46849361,0,18.72100722,0,0,4.567099648,17.26263557,0,0,11.821508,13.59242839,0,6.9237372,18.72100722,0,0,0,8.81,7.254408353,17.26263557,0,0,0,6.544756406,0,0,17.8116152,24.01500049,0,43.15625,0,0,0,0,0,0,6.142361111,3.181388889,-3.98,0.5,13,0,2,0,0,0,0,1,1,1,0,7,1,0,0,0,1,1.6325,41.468,0,0,0,0,0,2,0,0,0,0,0,0,0,0,0,2,0,0,0,0,0,0,0,0,0,0,0,0,0,0,2,0,0,0,0,0,0,0,0,0,0,0,0,0,4,0,0,1,0,0,0,0,0,0,0,0,0,0,0,0,0,0,0,0,0,0,0,0,0,0,0,0,0,0,0,0,0,0,0,0,0,0,0,0,0,63,CC[n+]1ccn(C)c1.F[B-](F)(F)F,323.15,1.249615162
9.75,9.75,1.056388889,-6,0.368046964,10.61538462,197.972,186.884,198.0951416,76,0,0.673213119,-0.41830328,0.673213119,0.41830328,1.307692308,1.769230769,1.923076923,19.46336302,10.34964391,2.201793864,-1.943779122,2.061313233,-2.281029191,6.496716767,-0.692549686,2.312410047,2.52E-07,239.027445,10.48312766,7.422792941,7.422792941,5.825698503,3.709548596,3.709548596,2.404400424,2.404400424,1.188881131,1.188881131,0.688772899,0.688772899,-1.005064935,497.1681601,11.99493506,4.884987355,8.904894527,73.89816576,17.26263557,12.39368714,0,6.327320075,0,7.254408353,0,9.134199296,0,0,0,6.9237372,0,13.59242839,21.82973522,7.254408353,0,4.567099648,7.047671983,13.46849361,0,18.72100722,0,0,4.567099648,17.26263557,0,0,11.821508,13.59242839,0,6.9237372,18.72100722,0,0,0,8.81,7.254408353,17.26263557,0,0,0,6.544756406,0,0,17.8116152,24.01500049,0,43.15625,0,0,0,0,0,0,6.142361111,3.181388889,-3.98,0.5,13,0,2,0,0,0,0,1,1,1,0,7,1,0,0,0,1,1.6325,41.468,0,0,0,0,0,2,0,0,0,0,0,0,0,0,0,2,0,0,0,0,0,0,0,0,0,0,0,0,0,0,2,0,0,0,0,0,0,0,0,0,0,0,0,0,4,0,0,1,0,0,0,0,0,0,0,0,0,0,0,0,0,0,0,0,0,0,0,0,0,0,0,0,0,0,0,0,0,0,0,0,0,0,0,0,0,63,CC[n+]1ccn(C)c1.F[B-](F)(F)F,333.15,1.269198589
9.75,9.75,1.056388889,-6,0.368046964,10.61538462,197.972,186.884,198.0951416,76,0,0.673213119,-0.41830328,0.673213119,0.41830328,1.307692308,1.769230769,1.923076923,19.46336302,10.34964391,2.201793864,-1.943779122,2.061313233,-2.281029191,6.496716767,-0.692549686,2.312410047,2.52E-07,239.027445,10.48312766,7.422792941,7.422792941,5.825698503,3.709548596,3.709548596,2.404400424,2.404400424,1.188881131,1.188881131,0.688772899,0.688772899,-1.005064935,497.1681601,11.99493506,4.884987355,8.904894527,73.89816576,17.26263557,12.39368714,0,6.327320075,0,7.254408353,0,9.134199296,0,0,0,6.9237372,0,13.59242839,21.82973522,7.254408353,0,4.567099648,7.047671983,13.46849361,0,18.72100722,0,0,4.567099648,17.26263557,0,0,11.821508,13.59242839,0,6.9237372,18.72100722,0,0,0,8.81,7.254408353,17.26263557,0,0,0,6.544756406,0,0,17.8116152,24.01500049,0,43.15625,0,0,0,0,0,0,6.142361111,3.181388889,-3.98,0.5,13,0,2,0,0,0,0,1,1,1,0,7,1,0,0,0,1,1.6325,41.468,0,0,0,0,0,2,0,0,0,0,0,0,0,0,0,2,0,0,0,0,0,0,0,0,0,0,0,0,0,0,2,0,0,0,0,0,0,0,0,0,0,0,0,0,4,0,0,1,0,0,0,0,0,0,0,0,0,0,0,0,0,0,0,0,0,0,0,0,0,0,0,0,0,0,0,0,0,0,0,0,0,0,0,0,0,63,CC[n+]1ccn(C)c1.F[B-](F)(F)F,343.15,1.286474026
9.75,9.75,1.056388889,-6,0.368046964,10.61538462,197.972,186.884,198.0951416,76,0,0.673213119,-0.41830328,0.673213119,0.41830328,1.307692308,1.769230769,1.923076923,19.46336302,10.34964391,2.201793864,-1.943779122,2.061313233,-2.281029191,6.496716767,-0.692549686,2.312410047,2.52E-07,239.027445,10.48312766,7.422792941,7.422792941,5.825698503,3.709548596,3.709548596,2.404400424,2.404400424,1.188881131,1.188881131,0.688772899,0.688772899,-1.005064935,497.1681601,11.99493506,4.884987355,8.904894527,73.89816576,17.26263557,12.39368714,0,6.327320075,0,7.254408353,0,9.134199296,0,0,0,6.9237372,0,13.59242839,21.82973522,7.254408353,0,4.567099648,7.047671983,13.46849361,0,18.72100722,0,0,4.567099648,17.26263557,0,0,11.821508,13.59242839,0,6.9237372,18.72100722,0,0,0,8.81,7.254408353,17.26263557,0,0,0,6.544756406,0,0,17.8116152,24.01500049,0,43.15625,0,0,0,0,0,0,6.142361111,3.181388889,-3.98,0.5,13,0,2,0,0,0,0,1,1,1,0,7,1,0,0,0,1,1.6325,41.468,0,0,0,0,0,2,0,0,0,0,0,0,0,0,0,2,0,0,0,0,0,0,0,0,0,0,0,0,0,0,2,0,0,0,0,0,0,0,0,0,0,0,0,0,4,0,0,1,0,0,0,0,0,0,0,0,0,0,0,0,0,0,0,0,0,0,0,0,0,0,0,0,0,0,0,0,0,0,0,0,0,0,0,0,0,63,CC[n+]1ccn(C)c1.F[B-](F)(F)F,353.15,1.295822458
9.75,9.75,1.056388889,-6,0.368046964,10.61538462,197.972,186.884,198.0951416,76,0,0.673213119,-0.41830328,0.673213119,0.41830328,1.307692308,1.769230769,1.923076923,19.46336302,10.34964391,2.201793864,-1.943779122,2.061313233,-2.281029191,6.496716767,-0.692549686,2.312410047,2.52E-07,239.027445,10.48312766,7.422792941,7.422792941,5.825698503,3.709548596,3.709548596,2.404400424,2.404400424,1.188881131,1.188881131,0.688772899,0.688772899,-1.005064935,497.1681601,11.99493506,4.884987355,8.904894527,73.89816576,17.26263557,12.39368714,0,6.327320075,0,7.254408353,0,9.134199296,0,0,0,6.9237372,0,13.59242839,21.82973522,7.254408353,0,4.567099648,7.047671983,13.46849361,0,18.72100722,0,0,4.567099648,17.26263557,0,0,11.821508,13.59242839,0,6.9237372,18.72100722,0,0,0,8.81,7.254408353,17.26263557,0,0,0,6.544756406,0,0,17.8116152,24.01500049,0,43.15625,0,0,0,0,0,0,6.142361111,3.181388889,-3.98,0.5,13,0,2,0,0,0,0,1,1,1,0,7,1,0,0,0,1,1.6325,41.468,0,0,0,0,0,2,0,0,0,0,0,0,0,0,0,2,0,0,0,0,0,0,0,0,0,0,0,0,0,0,2,0,0,0,0,0,0,0,0,0,0,0,0,0,4,0,0,1,0,0,0,0,0,0,0,0,0,0,0,0,0,0,0,0,0,0,0,0,0,0,0,0,0,0,0,0,0,0,0,0,0,0,0,0,0,63,CC[n+]1ccn(C)c1.F[B-](F)(F)F,363.15,1.317480045
9.75,9.75,1.13162037,-6,0.415391162,10.86666667,226.026,210.906,226.1264418,88,0,0.673213119,-0.41830328,0.673213119,0.41830328,1.333333333,1.8,2.066666667,19.46336482,10.34964366,2.201922051,-1.943779627,2.061525952,-2.291557869,6.496720222,-0.676900015,2.33642218,3.36E-07,289.322043,12.06047793,9.052549453,9.052549453,6.753218858,4.640364412,4.640364412,3.144527096,3.144527096,1.860828263,1.860828263,1.07605736,1.07605736,-1.005064935,1191.575312,13.99493506,5.773901204,6.986670671,86.62804998,17.26263557,12.39368714,0,0,5.824404498,7.254408353,0,9.134199296,0,0,6.9237372,6.420821623,6.9237372,13.59242839,21.82973522,7.254408353,0,4.567099648,7.047671983,26.81305243,0,18.21809164,0,0,4.567099648,17.26263557,0,0,11.821508,13.59242839,6.9237372,19.16896332,12.39368714,0,0,0,8.81,7.254408353,17.26263557,0,0,0,6.544756406,12.24522612,0,0,42.42303282,0,43.39847222,0,0,0,0,1.321157407,0,5.416018519,5.460092593,-3.929074074,0.625,15,0,2,0,0,0,0,1,1,1,0,7,2,0,0,0,1,2.33102,50.822,0,0,0,0,0,2,0,0,0,0,0,0,0,0,0,2,0,0,0,0,0,0,0,0,0,0,0,0,0,0,2,0,0,0,0,0,0,0,0,0,0,0,0,0,4,0,0,1,0,0,0,0,0,0,0,0,0,0,0,0,0,0,0,0,0,0,0,0,0,0,0,0,0,0,0,0,0,0,0,0,0,0,0,0,0,64,CCCn1cc[n+](C)c1C.F[B-](F)(F)F,303.15,1.887978327
9.75,9.75,1.13162037,-6,0.415391162,10.86666667,226.026,210.906,226.1264418,88,0,0.673213119,-0.41830328,0.673213119,0.41830328,1.333333333,1.8,2.066666667,19.46336482,10.34964366,2.201922051,-1.943779627,2.061525952,-2.291557869,6.496720222,-0.676900015,2.33642218,3.36E-07,289.322043,12.06047793,9.052549453,9.052549453,6.753218858,4.640364412,4.640364412,3.144527096,3.144527096,1.860828263,1.860828263,1.07605736,1.07605736,-1.005064935,1191.575312,13.99493506,5.773901204,6.986670671,86.62804998,17.26263557,12.39368714,0,0,5.824404498,7.254408353,0,9.134199296,0,0,6.9237372,6.420821623,6.9237372,13.59242839,21.82973522,7.254408353,0,4.567099648,7.047671983,26.81305243,0,18.21809164,0,0,4.567099648,17.26263557,0,0,11.821508,13.59242839,6.9237372,19.16896332,12.39368714,0,0,0,8.81,7.254408353,17.26263557,0,0,0,6.544756406,12.24522612,0,0,42.42303282,0,43.39847222,0,0,0,0,1.321157407,0,5.416018519,5.460092593,-3.929074074,0.625,15,0,2,0,0,0,0,1,1,1,0,7,2,0,0,0,1,2.33102,50.822,0,0,0,0,0,2,0,0,0,0,0,0,0,0,0,2,0,0,0,0,0,0,0,0,0,0,0,0,0,0,2,0,0,0,0,0,0,0,0,0,0,0,0,0,4,0,0,1,0,0,0,0,0,0,0,0,0,0,0,0,0,0,0,0,0,0,0,0,0,0,0,0,0,0,0,0,0,0,0,0,0,0,0,0,0,64,CCCn1cc[n+](C)c1C.F[B-](F)(F)F,313.15,1.670344847
9.75,9.75,1.13162037,-6,0.415391162,10.86666667,226.026,210.906,226.1264418,88,0,0.673213119,-0.41830328,0.673213119,0.41830328,1.333333333,1.8,2.066666667,19.46336482,10.34964366,2.201922051,-1.943779627,2.061525952,-2.291557869,6.496720222,-0.676900015,2.33642218,3.36E-07,289.322043,12.06047793,9.052549453,9.052549453,6.753218858,4.640364412,4.640364412,3.144527096,3.144527096,1.860828263,1.860828263,1.07605736,1.07605736,-1.005064935,1191.575312,13.99493506,5.773901204,6.986670671,86.62804998,17.26263557,12.39368714,0,0,5.824404498,7.254408353,0,9.134199296,0,0,6.9237372,6.420821623,6.9237372,13.59242839,21.82973522,7.254408353,0,4.567099648,7.047671983,26.81305243,0,18.21809164,0,0,4.567099648,17.26263557,0,0,11.821508,13.59242839,6.9237372,19.16896332,12.39368714,0,0,0,8.81,7.254408353,17.26263557,0,0,0,6.544756406,12.24522612,0,0,42.42303282,0,43.39847222,0,0,0,0,1.321157407,0,5.416018519,5.460092593,-3.929074074,0.625,15,0,2,0,0,0,0,1,1,1,0,7,2,0,0,0,1,2.33102,50.822,0,0,0,0,0,2,0,0,0,0,0,0,0,0,0,2,0,0,0,0,0,0,0,0,0,0,0,0,0,0,2,0,0,0,0,0,0,0,0,0,0,0,0,0,4,0,0,1,0,0,0,0,0,0,0,0,0,0,0,0,0,0,0,0,0,0,0,0,0,0,0,0,0,0,0,0,0,0,0,0,0,0,0,0,0,64,CCCn1cc[n+](C)c1C.F[B-](F)(F)F,323.15,1.523226216
9.75,9.75,1.13162037,-6,0.415391162,10.86666667,226.026,210.906,226.1264418,88,0,0.673213119,-0.41830328,0.673213119,0.41830328,1.333333333,1.8,2.066666667,19.46336482,10.34964366,2.201922051,-1.943779627,2.061525952,-2.291557869,6.496720222,-0.676900015,2.33642218,3.36E-07,289.322043,12.06047793,9.052549453,9.052549453,6.753218858,4.640364412,4.640364412,3.144527096,3.144527096,1.860828263,1.860828263,1.07605736,1.07605736,-1.005064935,1191.575312,13.99493506,5.773901204,6.986670671,86.62804998,17.26263557,12.39368714,0,0,5.824404498,7.254408353,0,9.134199296,0,0,6.9237372,6.420821623,6.9237372,13.59242839,21.82973522,7.254408353,0,4.567099648,7.047671983,26.81305243,0,18.21809164,0,0,4.567099648,17.26263557,0,0,11.821508,13.59242839,6.9237372,19.16896332,12.39368714,0,0,0,8.81,7.254408353,17.26263557,0,0,0,6.544756406,12.24522612,0,0,42.42303282,0,43.39847222,0,0,0,0,1.321157407,0,5.416018519,5.460092593,-3.929074074,0.625,15,0,2,0,0,0,0,1,1,1,0,7,2,0,0,0,1,2.33102,50.822,0,0,0,0,0,2,0,0,0,0,0,0,0,0,0,2,0,0,0,0,0,0,0,0,0,0,0,0,0,0,2,0,0,0,0,0,0,0,0,0,0,0,0,0,4,0,0,1,0,0,0,0,0,0,0,0,0,0,0,0,0,0,0,0,0,0,0,0,0,0,0,0,0,0,0,0,0,0,0,0,0,0,0,0,0,64,CCCn1cc[n+](C)c1C.F[B-](F)(F)F,333.15,1.339464774
9.75,9.75,1.13162037,-6,0.415391162,10.86666667,226.026,210.906,226.1264418,88,0,0.673213119,-0.41830328,0.673213119,0.41830328,1.333333333,1.8,2.066666667,19.46336482,10.34964366,2.201922051,-1.943779627,2.061525952,-2.291557869,6.496720222,-0.676900015,2.33642218,3.36E-07,289.322043,12.06047793,9.052549453,9.052549453,6.753218858,4.640364412,4.640364412,3.144527096,3.144527096,1.860828263,1.860828263,1.07605736,1.07605736,-1.005064935,1191.575312,13.99493506,5.773901204,6.986670671,86.62804998,17.26263557,12.39368714,0,0,5.824404498,7.254408353,0,9.134199296,0,0,6.9237372,6.420821623,6.9237372,13.59242839,21.82973522,7.254408353,0,4.567099648,7.047671983,26.81305243,0,18.21809164,0,0,4.567099648,17.26263557,0,0,11.821508,13.59242839,6.9237372,19.16896332,12.39368714,0,0,0,8.81,7.254408353,17.26263557,0,0,0,6.544756406,12.24522612,0,0,42.42303282,0,43.39847222,0,0,0,0,1.321157407,0,5.416018519,5.460092593,-3.929074074,0.625,15,0,2,0,0,0,0,1,1,1,0,7,2,0,0,0,1,2.33102,50.822,0,0,0,0,0,2,0,0,0,0,0,0,0,0,0,2,0,0,0,0,0,0,0,0,0,0,0,0,0,0,2,0,0,0,0,0,0,0,0,0,0,0,0,0,4,0,0,1,0,0,0,0,0,0,0,0,0,0,0,0,0,0,0,0,0,0,0,0,0,0,0,0,0,0,0,0,0,0,0,0,0,0,0,0,0,64,CCCn1cc[n+](C)c1C.F[B-](F)(F)F,343.15,1.217283818
9.75,9.75,1.13162037,-6,0.415391162,10.86666667,226.026,210.906,226.1264418,88,0,0.673213119,-0.41830328,0.673213119,0.41830328,1.333333333,1.8,2.066666667,19.46336482,10.34964366,2.201922051,-1.943779627,2.061525952,-2.291557869,6.496720222,-0.676900015,2.33642218,3.36E-07,289.322043,12.06047793,9.052549453,9.052549453,6.753218858,4.640364412,4.640364412,3.144527096,3.144527096,1.860828263,1.860828263,1.07605736,1.07605736,-1.005064935,1191.575312,13.99493506,5.773901204,6.986670671,86.62804998,17.26263557,12.39368714,0,0,5.824404498,7.254408353,0,9.134199296,0,0,6.9237372,6.420821623,6.9237372,13.59242839,21.82973522,7.254408353,0,4.567099648,7.047671983,26.81305243,0,18.21809164,0,0,4.567099648,17.26263557,0,0,11.821508,13.59242839,6.9237372,19.16896332,12.39368714,0,0,0,8.81,7.254408353,17.26263557,0,0,0,6.544756406,12.24522612,0,0,42.42303282,0,43.39847222,0,0,0,0,1.321157407,0,5.416018519,5.460092593,-3.929074074,0.625,15,0,2,0,0,0,0,1,1,1,0,7,2,0,0,0,1,2.33102,50.822,0,0,0,0,0,2,0,0,0,0,0,0,0,0,0,2,0,0,0,0,0,0,0,0,0,0,0,0,0,0,2,0,0,0,0,0,0,0,0,0,0,0,0,0,4,0,0,1,0,0,0,0,0,0,0,0,0,0,0,0,0,0,0,0,0,0,0,0,0,0,0,0,0,0,0,0,0,0,0,0,0,0,0,0,0,64,CCCn1cc[n+](C)c1C.F[B-](F)(F)F,353.15,1.087551341
9.75,9.75,1.13162037,-6,0.415391162,10.86666667,226.026,210.906,226.1264418,88,0,0.673213119,-0.41830328,0.673213119,0.41830328,1.333333333,1.8,2.066666667,19.46336482,10.34964366,2.201922051,-1.943779627,2.061525952,-2.291557869,6.496720222,-0.676900015,2.33642218,3.36E-07,289.322043,12.06047793,9.052549453,9.052549453,6.753218858,4.640364412,4.640364412,3.144527096,3.144527096,1.860828263,1.860828263,1.07605736,1.07605736,-1.005064935,1191.575312,13.99493506,5.773901204,6.986670671,86.62804998,17.26263557,12.39368714,0,0,5.824404498,7.254408353,0,9.134199296,0,0,6.9237372,6.420821623,6.9237372,13.59242839,21.82973522,7.254408353,0,4.567099648,7.047671983,26.81305243,0,18.21809164,0,0,4.567099648,17.26263557,0,0,11.821508,13.59242839,6.9237372,19.16896332,12.39368714,0,0,0,8.81,7.254408353,17.26263557,0,0,0,6.544756406,12.24522612,0,0,42.42303282,0,43.39847222,0,0,0,0,1.321157407,0,5.416018519,5.460092593,-3.929074074,0.625,15,0,2,0,0,0,0,1,1,1,0,7,2,0,0,0,1,2.33102,50.822,0,0,0,0,0,2,0,0,0,0,0,0,0,0,0,2,0,0,0,0,0,0,0,0,0,0,0,0,0,0,2,0,0,0,0,0,0,0,0,0,0,0,0,0,4,0,0,1,0,0,0,0,0,0,0,0,0,0,0,0,0,0,0,0,0,0,0,0,0,0,0,0,0,0,0,0,0,0,0,0,0,0,0,0,0,64,CCCn1cc[n+](C)c1C.F[B-](F)(F)F,363.15,0.975691075
10.66203704,10.66203704,1.1675,-6.090277778,0.360795278,11.9,316.345,297.193,316.1068481,118,0,0.485234805,-0.741154773,0.741154773,0.485234805,1.25,1.8,2.15,32.24019382,10.18651591,2.36431529,-2.08125713,2.19889685,-2.301490521,7.861227673,-0.696403427,2.686908272,3.96E-07,483.3479443,15.81155479,11.42889849,12.24539507,9.075698503,6.10774789,7.51599618,4.277432853,5.648591193,2.377072277,2.944018987,1.355138891,1.355138891,-1.09,13246.45778,18.91,8.253446604,8.155184457,116.3307648,4.552749874,12.39368714,10.11812686,6.327320075,0,5.508330501,0,17.55199628,13.17124514,0,19.76538045,12.84164325,0,13.59242839,30.70889165,10.11812686,0,4.567099648,7.047671983,44.6601106,0,18.72100722,0,0,4.567099648,13.17124514,0,0,23.04597701,23.71055525,0,32.60702369,18.72100722,0,0,0,66.01,15.62645736,13.17124514,0,0,0,0,32.2280429,0,0,41.8266157,12.97054686,63.23162769,0,0,0,-5.645833333,0,0,11.69987733,3.413194444,-4.032199468,0.727272727,20,0,5,0,0,0,0,1,1,4,0,9,5,0,0,0,1,1.9443,65.5022,0,0,0,0,0,2,0,0,0,0,0,0,0,0,0,2,0,0,0,0,0,0,0,0,0,3,0,0,0,0,2,0,0,0,0,0,0,0,0,0,0,0,0,0,3,0,0,1,0,0,0,0,0,0,0,0,0,0,0,0,0,0,0,0,0,0,0,0,0,0,0,0,0,0,0,0,0,0,0,0,0,0,0,2,0,65,CCCCCC[n+]1ccn(C)c1.O=S(=O)([O-])C(F)(F)F,303.15,0.530628251
10.66203704,10.66203704,1.1675,-6.090277778,0.360795278,11.9,316.345,297.193,316.1068481,118,0,0.485234805,-0.741154773,0.741154773,0.485234805,1.25,1.8,2.15,32.24019382,10.18651591,2.36431529,-2.08125713,2.19889685,-2.301490521,7.861227673,-0.696403427,2.686908272,3.96E-07,483.3479443,15.81155479,11.42889849,12.24539507,9.075698503,6.10774789,7.51599618,4.277432853,5.648591193,2.377072277,2.944018987,1.355138891,1.355138891,-1.09,13246.45778,18.91,8.253446604,8.155184457,116.3307648,4.552749874,12.39368714,10.11812686,6.327320075,0,5.508330501,0,17.55199628,13.17124514,0,19.76538045,12.84164325,0,13.59242839,30.70889165,10.11812686,0,4.567099648,7.047671983,44.6601106,0,18.72100722,0,0,4.567099648,13.17124514,0,0,23.04597701,23.71055525,0,32.60702369,18.72100722,0,0,0,66.01,15.62645736,13.17124514,0,0,0,0,32.2280429,0,0,41.8266157,12.97054686,63.23162769,0,0,0,-5.645833333,0,0,11.69987733,3.413194444,-4.032199468,0.727272727,20,0,5,0,0,0,0,1,1,4,0,9,5,0,0,0,1,1.9443,65.5022,0,0,0,0,0,2,0,0,0,0,0,0,0,0,0,2,0,0,0,0,0,0,0,0,0,3,0,0,0,0,2,0,0,0,0,0,0,0,0,0,0,0,0,0,3,0,0,1,0,0,0,0,0,0,0,0,0,0,0,0,0,0,0,0,0,0,0,0,0,0,0,0,0,0,0,0,0,0,0,0,0,0,0,2,0,65,CCCCCC[n+]1ccn(C)c1.O=S(=O)([O-])C(F)(F)F,313.15,0.54696467
10.66203704,10.66203704,1.1675,-6.090277778,0.360795278,11.9,316.345,297.193,316.1068481,118,0,0.485234805,-0.741154773,0.741154773,0.485234805,1.25,1.8,2.15,32.24019382,10.18651591,2.36431529,-2.08125713,2.19889685,-2.301490521,7.861227673,-0.696403427,2.686908272,3.96E-07,483.3479443,15.81155479,11.42889849,12.24539507,9.075698503,6.10774789,7.51599618,4.277432853,5.648591193,2.377072277,2.944018987,1.355138891,1.355138891,-1.09,13246.45778,18.91,8.253446604,8.155184457,116.3307648,4.552749874,12.39368714,10.11812686,6.327320075,0,5.508330501,0,17.55199628,13.17124514,0,19.76538045,12.84164325,0,13.59242839,30.70889165,10.11812686,0,4.567099648,7.047671983,44.6601106,0,18.72100722,0,0,4.567099648,13.17124514,0,0,23.04597701,23.71055525,0,32.60702369,18.72100722,0,0,0,66.01,15.62645736,13.17124514,0,0,0,0,32.2280429,0,0,41.8266157,12.97054686,63.23162769,0,0,0,-5.645833333,0,0,11.69987733,3.413194444,-4.032199468,0.727272727,20,0,5,0,0,0,0,1,1,4,0,9,5,0,0,0,1,1.9443,65.5022,0,0,0,0,0,2,0,0,0,0,0,0,0,0,0,2,0,0,0,0,0,0,0,0,0,3,0,0,0,0,2,0,0,0,0,0,0,0,0,0,0,0,0,0,3,0,0,1,0,0,0,0,0,0,0,0,0,0,0,0,0,0,0,0,0,0,0,0,0,0,0,0,0,0,0,0,0,0,0,0,0,0,0,2,0,65,CCCCCC[n+]1ccn(C)c1.O=S(=O)([O-])C(F)(F)F,323.15,0.567016903
10.66203704,10.66203704,1.1675,-6.090277778,0.360795278,11.9,316.345,297.193,316.1068481,118,0,0.485234805,-0.741154773,0.741154773,0.485234805,1.25,1.8,2.15,32.24019382,10.18651591,2.36431529,-2.08125713,2.19889685,-2.301490521,7.861227673,-0.696403427,2.686908272,3.96E-07,483.3479443,15.81155479,11.42889849,12.24539507,9.075698503,6.10774789,7.51599618,4.277432853,5.648591193,2.377072277,2.944018987,1.355138891,1.355138891,-1.09,13246.45778,18.91,8.253446604,8.155184457,116.3307648,4.552749874,12.39368714,10.11812686,6.327320075,0,5.508330501,0,17.55199628,13.17124514,0,19.76538045,12.84164325,0,13.59242839,30.70889165,10.11812686,0,4.567099648,7.047671983,44.6601106,0,18.72100722,0,0,4.567099648,13.17124514,0,0,23.04597701,23.71055525,0,32.60702369,18.72100722,0,0,0,66.01,15.62645736,13.17124514,0,0,0,0,32.2280429,0,0,41.8266157,12.97054686,63.23162769,0,0,0,-5.645833333,0,0,11.69987733,3.413194444,-4.032199468,0.727272727,20,0,5,0,0,0,0,1,1,4,0,9,5,0,0,0,1,1.9443,65.5022,0,0,0,0,0,2,0,0,0,0,0,0,0,0,0,2,0,0,0,0,0,0,0,0,0,3,0,0,0,0,2,0,0,0,0,0,0,0,0,0,0,0,0,0,3,0,0,1,0,0,0,0,0,0,0,0,0,0,0,0,0,0,0,0,0,0,0,0,0,0,0,0,0,0,0,0,0,0,0,0,0,0,0,2,0,65,CCCCCC[n+]1ccn(C)c1.O=S(=O)([O-])C(F)(F)F,333.15,0.591668012
10.66203704,10.66203704,1.1675,-6.090277778,0.360795278,11.9,316.345,297.193,316.1068481,118,0,0.485234805,-0.741154773,0.741154773,0.485234805,1.25,1.8,2.15,32.24019382,10.18651591,2.36431529,-2.08125713,2.19889685,-2.301490521,7.861227673,-0.696403427,2.686908272,3.96E-07,483.3479443,15.81155479,11.42889849,12.24539507,9.075698503,6.10774789,7.51599618,4.277432853,5.648591193,2.377072277,2.944018987,1.355138891,1.355138891,-1.09,13246.45778,18.91,8.253446604,8.155184457,116.3307648,4.552749874,12.39368714,10.11812686,6.327320075,0,5.508330501,0,17.55199628,13.17124514,0,19.76538045,12.84164325,0,13.59242839,30.70889165,10.11812686,0,4.567099648,7.047671983,44.6601106,0,18.72100722,0,0,4.567099648,13.17124514,0,0,23.04597701,23.71055525,0,32.60702369,18.72100722,0,0,0,66.01,15.62645736,13.17124514,0,0,0,0,32.2280429,0,0,41.8266157,12.97054686,63.23162769,0,0,0,-5.645833333,0,0,11.69987733,3.413194444,-4.032199468,0.727272727,20,0,5,0,0,0,0,1,1,4,0,9,5,0,0,0,1,1.9443,65.5022,0,0,0,0,0,2,0,0,0,0,0,0,0,0,0,2,0,0,0,0,0,0,0,0,0,3,0,0,0,0,2,0,0,0,0,0,0,0,0,0,0,0,0,0,3,0,0,1,0,0,0,0,0,0,0,0,0,0,0,0,0,0,0,0,0,0,0,0,0,0,0,0,0,0,0,0,0,0,0,0,0,0,0,2,0,65,CCCCCC[n+]1ccn(C)c1.O=S(=O)([O-])C(F)(F)F,343.15,0.609221946
10.66203704,10.66203704,1.1675,-6.090277778,0.360795278,11.9,316.345,297.193,316.1068481,118,0,0.485234805,-0.741154773,0.741154773,0.485234805,1.25,1.8,2.15,32.24019382,10.18651591,2.36431529,-2.08125713,2.19889685,-2.301490521,7.861227673,-0.696403427,2.686908272,3.96E-07,483.3479443,15.81155479,11.42889849,12.24539507,9.075698503,6.10774789,7.51599618,4.277432853,5.648591193,2.377072277,2.944018987,1.355138891,1.355138891,-1.09,13246.45778,18.91,8.253446604,8.155184457,116.3307648,4.552749874,12.39368714,10.11812686,6.327320075,0,5.508330501,0,17.55199628,13.17124514,0,19.76538045,12.84164325,0,13.59242839,30.70889165,10.11812686,0,4.567099648,7.047671983,44.6601106,0,18.72100722,0,0,4.567099648,13.17124514,0,0,23.04597701,23.71055525,0,32.60702369,18.72100722,0,0,0,66.01,15.62645736,13.17124514,0,0,0,0,32.2280429,0,0,41.8266157,12.97054686,63.23162769,0,0,0,-5.645833333,0,0,11.69987733,3.413194444,-4.032199468,0.727272727,20,0,5,0,0,0,0,1,1,4,0,9,5,0,0,0,1,1.9443,65.5022,0,0,0,0,0,2,0,0,0,0,0,0,0,0,0,2,0,0,0,0,0,0,0,0,0,3,0,0,0,0,2,0,0,0,0,0,0,0,0,0,0,0,0,0,3,0,0,1,0,0,0,0,0,0,0,0,0,0,0,0,0,0,0,0,0,0,0,0,0,0,0,0,0,0,0,0,0,0,0,0,0,0,0,2,0,65,CCCCCC[n+]1ccn(C)c1.O=S(=O)([O-])C(F)(F)F,353.15,0.614644952
10.66203704,10.66203704,1.1675,-6.090277778,0.360795278,11.9,316.345,297.193,316.1068481,118,0,0.485234805,-0.741154773,0.741154773,0.485234805,1.25,1.8,2.15,32.24019382,10.18651591,2.36431529,-2.08125713,2.19889685,-2.301490521,7.861227673,-0.696403427,2.686908272,3.96E-07,483.3479443,15.81155479,11.42889849,12.24539507,9.075698503,6.10774789,7.51599618,4.277432853,5.648591193,2.377072277,2.944018987,1.355138891,1.355138891,-1.09,13246.45778,18.91,8.253446604,8.155184457,116.3307648,4.552749874,12.39368714,10.11812686,6.327320075,0,5.508330501,0,17.55199628,13.17124514,0,19.76538045,12.84164325,0,13.59242839,30.70889165,10.11812686,0,4.567099648,7.047671983,44.6601106,0,18.72100722,0,0,4.567099648,13.17124514,0,0,23.04597701,23.71055525,0,32.60702369,18.72100722,0,0,0,66.01,15.62645736,13.17124514,0,0,0,0,32.2280429,0,0,41.8266157,12.97054686,63.23162769,0,0,0,-5.645833333,0,0,11.69987733,3.413194444,-4.032199468,0.727272727,20,0,5,0,0,0,0,1,1,4,0,9,5,0,0,0,1,1.9443,65.5022,0,0,0,0,0,2,0,0,0,0,0,0,0,0,0,2,0,0,0,0,0,0,0,0,0,3,0,0,0,0,2,0,0,0,0,0,0,0,0,0,0,0,0,0,3,0,0,1,0,0,0,0,0,0,0,0,0,0,0,0,0,0,0,0,0,0,0,0,0,0,0,0,0,0,0,0,0,0,0,0,0,0,0,2,0,65,CCCCCC[n+]1ccn(C)c1.O=S(=O)([O-])C(F)(F)F,363.15,0.63286625
9.75,9.75,0.203055556,-6,0.435654551,10.71428571,213.971,202.883,214.0900563,82,0,0.673213119,-0.41830328,0.673213119,0.41830328,1.357142857,1.857142857,2.142857143,19.46336494,10.34964388,2.20181988,-1.943779852,2.06132638,-2.321666031,6.496717814,-0.697145241,2.324138206,2.92E-07,256.5793373,11.19023444,7.577113318,7.577113318,6.325698503,3.818669581,3.818669581,2.535386254,2.535386254,1.181931649,1.181931649,0.749454665,0.749454665,-1.045064935,790.2069901,12.95493506,5.636074885,9.046218125,78.69239951,22.36916297,18.93844355,0,6.327320075,0,7.254408353,0,9.134199296,0,0,0,0,0,13.65455395,26.93626262,7.254408353,0,4.567099648,7.047671983,6.544756406,6.606881965,18.72100722,0,0,4.567099648,17.26263557,0,0,23.53491736,13.59242839,0,0,18.72100722,0,0,0,29.04,7.254408353,17.26263557,0,6.606881965,6.544756406,0,0,0,34.9028785,0,5.106527395,42.87069444,0,0,8.498854875,0,0,0,5.79375,0.884444444,-4.047743764,0.5,14,1,3,0,0,0,0,1,1,2,1,8,2,0,0,0,1,0.6049,42.8798,0,1,1,0,0,2,0,0,0,0,0,0,0,0,0,2,0,0,0,0,0,0,0,0,0,0,0,0,0,0,1,0,0,0,0,0,0,0,0,0,0,0,0,0,4,0,0,1,0,0,0,0,0,0,0,0,0,0,0,0,0,0,0,0,0,0,0,0,0,0,0,0,0,0,0,0,0,0,0,0,0,0,0,0,0,66,Cn1cc[n+](CCO)c1.F[B-](F)(F)F,303.15,2.727852828
9.75,9.75,0.203055556,-6,0.435654551,10.71428571,213.971,202.883,214.0900563,82,0,0.673213119,-0.41830328,0.673213119,0.41830328,1.357142857,1.857142857,2.142857143,19.46336494,10.34964388,2.20181988,-1.943779852,2.06132638,-2.321666031,6.496717814,-0.697145241,2.324138206,2.92E-07,256.5793373,11.19023444,7.577113318,7.577113318,6.325698503,3.818669581,3.818669581,2.535386254,2.535386254,1.181931649,1.181931649,0.749454665,0.749454665,-1.045064935,790.2069901,12.95493506,5.636074885,9.046218125,78.69239951,22.36916297,18.93844355,0,6.327320075,0,7.254408353,0,9.134199296,0,0,0,0,0,13.65455395,26.93626262,7.254408353,0,4.567099648,7.047671983,6.544756406,6.606881965,18.72100722,0,0,4.567099648,17.26263557,0,0,23.53491736,13.59242839,0,0,18.72100722,0,0,0,29.04,7.254408353,17.26263557,0,6.606881965,6.544756406,0,0,0,34.9028785,0,5.106527395,42.87069444,0,0,8.498854875,0,0,0,5.79375,0.884444444,-4.047743764,0.5,14,1,3,0,0,0,0,1,1,2,1,8,2,0,0,0,1,0.6049,42.8798,0,1,1,0,0,2,0,0,0,0,0,0,0,0,0,2,0,0,0,0,0,0,0,0,0,0,0,0,0,0,1,0,0,0,0,0,0,0,0,0,0,0,0,0,4,0,0,1,0,0,0,0,0,0,0,0,0,0,0,0,0,0,0,0,0,0,0,0,0,0,0,0,0,0,0,0,0,0,0,0,0,0,0,0,0,66,Cn1cc[n+](CCO)c1.F[B-](F)(F)F,313.15,2.714694744
9.75,9.75,0.203055556,-6,0.435654551,10.71428571,213.971,202.883,214.0900563,82,0,0.673213119,-0.41830328,0.673213119,0.41830328,1.357142857,1.857142857,2.142857143,19.46336494,10.34964388,2.20181988,-1.943779852,2.06132638,-2.321666031,6.496717814,-0.697145241,2.324138206,2.92E-07,256.5793373,11.19023444,7.577113318,7.577113318,6.325698503,3.818669581,3.818669581,2.535386254,2.535386254,1.181931649,1.181931649,0.749454665,0.749454665,-1.045064935,790.2069901,12.95493506,5.636074885,9.046218125,78.69239951,22.36916297,18.93844355,0,6.327320075,0,7.254408353,0,9.134199296,0,0,0,0,0,13.65455395,26.93626262,7.254408353,0,4.567099648,7.047671983,6.544756406,6.606881965,18.72100722,0,0,4.567099648,17.26263557,0,0,23.53491736,13.59242839,0,0,18.72100722,0,0,0,29.04,7.254408353,17.26263557,0,6.606881965,6.544756406,0,0,0,34.9028785,0,5.106527395,42.87069444,0,0,8.498854875,0,0,0,5.79375,0.884444444,-4.047743764,0.5,14,1,3,0,0,0,0,1,1,2,1,8,2,0,0,0,1,0.6049,42.8798,0,1,1,0,0,2,0,0,0,0,0,0,0,0,0,2,0,0,0,0,0,0,0,0,0,0,0,0,0,0,1,0,0,0,0,0,0,0,0,0,0,0,0,0,4,0,0,1,0,0,0,0,0,0,0,0,0,0,0,0,0,0,0,0,0,0,0,0,0,0,0,0,0,0,0,0,0,0,0,0,0,0,0,0,0,66,Cn1cc[n+](CCO)c1.F[B-](F)(F)F,323.15,2.694627181
9.75,9.75,0.203055556,-6,0.435654551,10.71428571,213.971,202.883,214.0900563,82,0,0.673213119,-0.41830328,0.673213119,0.41830328,1.357142857,1.857142857,2.142857143,19.46336494,10.34964388,2.20181988,-1.943779852,2.06132638,-2.321666031,6.496717814,-0.697145241,2.324138206,2.92E-07,256.5793373,11.19023444,7.577113318,7.577113318,6.325698503,3.818669581,3.818669581,2.535386254,2.535386254,1.181931649,1.181931649,0.749454665,0.749454665,-1.045064935,790.2069901,12.95493506,5.636074885,9.046218125,78.69239951,22.36916297,18.93844355,0,6.327320075,0,7.254408353,0,9.134199296,0,0,0,0,0,13.65455395,26.93626262,7.254408353,0,4.567099648,7.047671983,6.544756406,6.606881965,18.72100722,0,0,4.567099648,17.26263557,0,0,23.53491736,13.59242839,0,0,18.72100722,0,0,0,29.04,7.254408353,17.26263557,0,6.606881965,6.544756406,0,0,0,34.9028785,0,5.106527395,42.87069444,0,0,8.498854875,0,0,0,5.79375,0.884444444,-4.047743764,0.5,14,1,3,0,0,0,0,1,1,2,1,8,2,0,0,0,1,0.6049,42.8798,0,1,1,0,0,2,0,0,0,0,0,0,0,0,0,2,0,0,0,0,0,0,0,0,0,0,0,0,0,0,1,0,0,0,0,0,0,0,0,0,0,0,0,0,4,0,0,1,0,0,0,0,0,0,0,0,0,0,0,0,0,0,0,0,0,0,0,0,0,0,0,0,0,0,0,0,0,0,0,0,0,0,0,0,0,66,Cn1cc[n+](CCO)c1.F[B-](F)(F)F,333.15,2.681021529
9.75,9.75,0.203055556,-6,0.435654551,10.71428571,213.971,202.883,214.0900563,82,0,0.673213119,-0.41830328,0.673213119,0.41830328,1.357142857,1.857142857,2.142857143,19.46336494,10.34964388,2.20181988,-1.943779852,2.06132638,-2.321666031,6.496717814,-0.697145241,2.324138206,2.92E-07,256.5793373,11.19023444,7.577113318,7.577113318,6.325698503,3.818669581,3.818669581,2.535386254,2.535386254,1.181931649,1.181931649,0.749454665,0.749454665,-1.045064935,790.2069901,12.95493506,5.636074885,9.046218125,78.69239951,22.36916297,18.93844355,0,6.327320075,0,7.254408353,0,9.134199296,0,0,0,0,0,13.65455395,26.93626262,7.254408353,0,4.567099648,7.047671983,6.544756406,6.606881965,18.72100722,0,0,4.567099648,17.26263557,0,0,23.53491736,13.59242839,0,0,18.72100722,0,0,0,29.04,7.254408353,17.26263557,0,6.606881965,6.544756406,0,0,0,34.9028785,0,5.106527395,42.87069444,0,0,8.498854875,0,0,0,5.79375,0.884444444,-4.047743764,0.5,14,1,3,0,0,0,0,1,1,2,1,8,2,0,0,0,1,0.6049,42.8798,0,1,1,0,0,2,0,0,0,0,0,0,0,0,0,2,0,0,0,0,0,0,0,0,0,0,0,0,0,0,1,0,0,0,0,0,0,0,0,0,0,0,0,0,4,0,0,1,0,0,0,0,0,0,0,0,0,0,0,0,0,0,0,0,0,0,0,0,0,0,0,0,0,0,0,0,0,0,0,0,0,0,0,0,0,66,Cn1cc[n+](CCO)c1.F[B-](F)(F)F,343.15,2.667228207
9.75,9.75,0.203055556,-6,0.435654551,10.71428571,213.971,202.883,214.0900563,82,0,0.673213119,-0.41830328,0.673213119,0.41830328,1.357142857,1.857142857,2.142857143,19.46336494,10.34964388,2.20181988,-1.943779852,2.06132638,-2.321666031,6.496717814,-0.697145241,2.324138206,2.92E-07,256.5793373,11.19023444,7.577113318,7.577113318,6.325698503,3.818669581,3.818669581,2.535386254,2.535386254,1.181931649,1.181931649,0.749454665,0.749454665,-1.045064935,790.2069901,12.95493506,5.636074885,9.046218125,78.69239951,22.36916297,18.93844355,0,6.327320075,0,7.254408353,0,9.134199296,0,0,0,0,0,13.65455395,26.93626262,7.254408353,0,4.567099648,7.047671983,6.544756406,6.606881965,18.72100722,0,0,4.567099648,17.26263557,0,0,23.53491736,13.59242839,0,0,18.72100722,0,0,0,29.04,7.254408353,17.26263557,0,6.606881965,6.544756406,0,0,0,34.9028785,0,5.106527395,42.87069444,0,0,8.498854875,0,0,0,5.79375,0.884444444,-4.047743764,0.5,14,1,3,0,0,0,0,1,1,2,1,8,2,0,0,0,1,0.6049,42.8798,0,1,1,0,0,2,0,0,0,0,0,0,0,0,0,2,0,0,0,0,0,0,0,0,0,0,0,0,0,0,1,0,0,0,0,0,0,0,0,0,0,0,0,0,4,0,0,1,0,0,0,0,0,0,0,0,0,0,0,0,0,0,0,0,0,0,0,0,0,0,0,0,0,0,0,0,0,0,0,0,0,0,0,0,0,66,Cn1cc[n+](CCO)c1.F[B-](F)(F)F,353.15,2.653241965
9.75,9.75,0.203055556,-6,0.435654551,10.71428571,213.971,202.883,214.0900563,82,0,0.673213119,-0.41830328,0.673213119,0.41830328,1.357142857,1.857142857,2.142857143,19.46336494,10.34964388,2.20181988,-1.943779852,2.06132638,-2.321666031,6.496717814,-0.697145241,2.324138206,2.92E-07,256.5793373,11.19023444,7.577113318,7.577113318,6.325698503,3.818669581,3.818669581,2.535386254,2.535386254,1.181931649,1.181931649,0.749454665,0.749454665,-1.045064935,790.2069901,12.95493506,5.636074885,9.046218125,78.69239951,22.36916297,18.93844355,0,6.327320075,0,7.254408353,0,9.134199296,0,0,0,0,0,13.65455395,26.93626262,7.254408353,0,4.567099648,7.047671983,6.544756406,6.606881965,18.72100722,0,0,4.567099648,17.26263557,0,0,23.53491736,13.59242839,0,0,18.72100722,0,0,0,29.04,7.254408353,17.26263557,0,6.606881965,6.544756406,0,0,0,34.9028785,0,5.106527395,42.87069444,0,0,8.498854875,0,0,0,5.79375,0.884444444,-4.047743764,0.5,14,1,3,0,0,0,0,1,1,2,1,8,2,0,0,0,1,0.6049,42.8798,0,1,1,0,0,2,0,0,0,0,0,0,0,0,0,2,0,0,0,0,0,0,0,0,0,0,0,0,0,0,1,0,0,0,0,0,0,0,0,0,0,0,0,0,4,0,0,1,0,0,0,0,0,0,0,0,0,0,0,0,0,0,0,0,0,0,0,0,0,0,0,0,0,0,0,0,0,0,0,0,0,0,0,0,0,66,Cn1cc[n+](CCO)c1.F[B-](F)(F)F,363.15,2.63905733
7.427083333,7.427083333,1.150138889,1.150138889,0.552927804,8,205.265,190.145,205.1327455,80,0,0.243028824,-0.385181884,0.385181884,0.243028824,1.4,2.066666667,2.4,15.08795532,10.33121447,1.959568331,-1.90055184,1.853524764,-2.300196408,5.122243634,-0.696344853,2.633932177,3.36E-07,329.4301005,11.51866157,9.089439129,9.089439129,7.239912065,4.731104226,4.731104226,2.982264586,2.982264586,1.693598922,1.693598922,0.99703336,0.99703336,-2.01,2338.931774,12.99,8.582153258,7.091397949,90.175602,10.52378311,12.39368714,0,6.327320075,0,0,5.316788604,9.134199296,0,0,13.34455882,6.420821623,12.38631219,13.59242839,4.567099648,0,10.52378311,4.567099648,7.047671983,26.31013685,0,24.03779582,0,12.38631219,4.567099648,0,0,0,4.567099648,13.59242839,22.9100953,19.76538045,18.72100722,0,5.316788604,0,70.49,0,0,0,0,0,6.544756406,25.22795544,0,7.047671983,40.09573232,10.52378311,4.276944444,0,0,17.4375,0,0,0,11.37951814,3.361944444,2.044092971,0.5,15,0,5,0,0,0,0,1,1,3,0,5,3,0,0,0,1,1.43496,55.101,0,0,0,0,0,2,0,0,0,0,0,0,0,0,0,5,0,0,0,0,0,0,0,0,0,0,0,0,0,0,2,0,0,0,0,0,0,0,0,0,0,0,0,0,0,0,0,1,0,0,0,0,0,0,0,0,0,2,0,0,0,0,0,0,0,0,0,0,0,0,0,0,0,0,0,0,0,0,0,0,0,0,0,0,0,67,CCCC[n+]1ccn(C)c1.N#C[N-]C#N,318.15,0.765467842
7.427083333,7.427083333,1.150138889,1.150138889,0.552927804,8,205.265,190.145,205.1327455,80,0,0.243028824,-0.385181884,0.385181884,0.243028824,1.4,2.066666667,2.4,15.08795532,10.33121447,1.959568331,-1.90055184,1.853524764,-2.300196408,5.122243634,-0.696344853,2.633932177,3.36E-07,329.4301005,11.51866157,9.089439129,9.089439129,7.239912065,4.731104226,4.731104226,2.982264586,2.982264586,1.693598922,1.693598922,0.99703336,0.99703336,-2.01,2338.931774,12.99,8.582153258,7.091397949,90.175602,10.52378311,12.39368714,0,6.327320075,0,0,5.316788604,9.134199296,0,0,13.34455882,6.420821623,12.38631219,13.59242839,4.567099648,0,10.52378311,4.567099648,7.047671983,26.31013685,0,24.03779582,0,12.38631219,4.567099648,0,0,0,4.567099648,13.59242839,22.9100953,19.76538045,18.72100722,0,5.316788604,0,70.49,0,0,0,0,0,6.544756406,25.22795544,0,7.047671983,40.09573232,10.52378311,4.276944444,0,0,17.4375,0,0,0,11.37951814,3.361944444,2.044092971,0.5,15,0,5,0,0,0,0,1,1,3,0,5,3,0,0,0,1,1.43496,55.101,0,0,0,0,0,2,0,0,0,0,0,0,0,0,0,5,0,0,0,0,0,0,0,0,0,0,0,0,0,0,2,0,0,0,0,0,0,0,0,0,0,0,0,0,0,0,0,1,0,0,0,0,0,0,0,0,0,2,0,0,0,0,0,0,0,0,0,0,0,0,0,0,0,0,0,0,0,0,0,0,0,0,0,0,0,67,CCCC[n+]1ccn(C)c1.N#C[N-]C#N,328.15,0.824175443
7.427083333,7.427083333,1.150138889,1.150138889,0.552927804,8,205.265,190.145,205.1327455,80,0,0.243028824,-0.385181884,0.385181884,0.243028824,1.4,2.066666667,2.4,15.08795532,10.33121447,1.959568331,-1.90055184,1.853524764,-2.300196408,5.122243634,-0.696344853,2.633932177,3.36E-07,329.4301005,11.51866157,9.089439129,9.089439129,7.239912065,4.731104226,4.731104226,2.982264586,2.982264586,1.693598922,1.693598922,0.99703336,0.99703336,-2.01,2338.931774,12.99,8.582153258,7.091397949,90.175602,10.52378311,12.39368714,0,6.327320075,0,0,5.316788604,9.134199296,0,0,13.34455882,6.420821623,12.38631219,13.59242839,4.567099648,0,10.52378311,4.567099648,7.047671983,26.31013685,0,24.03779582,0,12.38631219,4.567099648,0,0,0,4.567099648,13.59242839,22.9100953,19.76538045,18.72100722,0,5.316788604,0,70.49,0,0,0,0,0,6.544756406,25.22795544,0,7.047671983,40.09573232,10.52378311,4.276944444,0,0,17.4375,0,0,0,11.37951814,3.361944444,2.044092971,0.5,15,0,5,0,0,0,0,1,1,3,0,5,3,0,0,0,1,1.43496,55.101,0,0,0,0,0,2,0,0,0,0,0,0,0,0,0,5,0,0,0,0,0,0,0,0,0,0,0,0,0,0,2,0,0,0,0,0,0,0,0,0,0,0,0,0,0,0,0,1,0,0,0,0,0,0,0,0,0,2,0,0,0,0,0,0,0,0,0,0,0,0,0,0,0,0,0,0,0,0,0,0,0,0,0,0,0,67,CCCC[n+]1ccn(C)c1.N#C[N-]C#N,338.15,0.879626748
7.427083333,7.427083333,1.150138889,1.150138889,0.552927804,8,205.265,190.145,205.1327455,80,0,0.243028824,-0.385181884,0.385181884,0.243028824,1.4,2.066666667,2.4,15.08795532,10.33121447,1.959568331,-1.90055184,1.853524764,-2.300196408,5.122243634,-0.696344853,2.633932177,3.36E-07,329.4301005,11.51866157,9.089439129,9.089439129,7.239912065,4.731104226,4.731104226,2.982264586,2.982264586,1.693598922,1.693598922,0.99703336,0.99703336,-2.01,2338.931774,12.99,8.582153258,7.091397949,90.175602,10.52378311,12.39368714,0,6.327320075,0,0,5.316788604,9.134199296,0,0,13.34455882,6.420821623,12.38631219,13.59242839,4.567099648,0,10.52378311,4.567099648,7.047671983,26.31013685,0,24.03779582,0,12.38631219,4.567099648,0,0,0,4.567099648,13.59242839,22.9100953,19.76538045,18.72100722,0,5.316788604,0,70.49,0,0,0,0,0,6.544756406,25.22795544,0,7.047671983,40.09573232,10.52378311,4.276944444,0,0,17.4375,0,0,0,11.37951814,3.361944444,2.044092971,0.5,15,0,5,0,0,0,0,1,1,3,0,5,3,0,0,0,1,1.43496,55.101,0,0,0,0,0,2,0,0,0,0,0,0,0,0,0,5,0,0,0,0,0,0,0,0,0,0,0,0,0,0,2,0,0,0,0,0,0,0,0,0,0,0,0,0,0,0,0,1,0,0,0,0,0,0,0,0,0,2,0,0,0,0,0,0,0,0,0,0,0,0,0,0,0,0,0,0,0,0,0,0,0,0,0,0,0,67,CCCC[n+]1ccn(C)c1.N#C[N-]C#N,348.15,0.928219303
7.427083333,7.427083333,1.150138889,1.150138889,0.552927804,8,205.265,190.145,205.1327455,80,0,0.243028824,-0.385181884,0.385181884,0.243028824,1.4,2.066666667,2.4,15.08795532,10.33121447,1.959568331,-1.90055184,1.853524764,-2.300196408,5.122243634,-0.696344853,2.633932177,3.36E-07,329.4301005,11.51866157,9.089439129,9.089439129,7.239912065,4.731104226,4.731104226,2.982264586,2.982264586,1.693598922,1.693598922,0.99703336,0.99703336,-2.01,2338.931774,12.99,8.582153258,7.091397949,90.175602,10.52378311,12.39368714,0,6.327320075,0,0,5.316788604,9.134199296,0,0,13.34455882,6.420821623,12.38631219,13.59242839,4.567099648,0,10.52378311,4.567099648,7.047671983,26.31013685,0,24.03779582,0,12.38631219,4.567099648,0,0,0,4.567099648,13.59242839,22.9100953,19.76538045,18.72100722,0,5.316788604,0,70.49,0,0,0,0,0,6.544756406,25.22795544,0,7.047671983,40.09573232,10.52378311,4.276944444,0,0,17.4375,0,0,0,11.37951814,3.361944444,2.044092971,0.5,15,0,5,0,0,0,0,1,1,3,0,5,3,0,0,0,1,1.43496,55.101,0,0,0,0,0,2,0,0,0,0,0,0,0,0,0,5,0,0,0,0,0,0,0,0,0,0,0,0,0,0,2,0,0,0,0,0,0,0,0,0,0,0,0,0,0,0,0,1,0,0,0,0,0,0,0,0,0,2,0,0,0,0,0,0,0,0,0,0,0,0,0,0,0,0,0,0,0,0,0,0,0,0,0,0,0,67,CCCC[n+]1ccn(C)c1.N#C[N-]C#N,358.15,0.97455964
7.427083333,7.427083333,1.150138889,1.150138889,0.552927804,8,205.265,190.145,205.1327455,80,0,0.243028824,-0.385181884,0.385181884,0.243028824,1.4,2.066666667,2.4,15.08795532,10.33121447,1.959568331,-1.90055184,1.853524764,-2.300196408,5.122243634,-0.696344853,2.633932177,3.36E-07,329.4301005,11.51866157,9.089439129,9.089439129,7.239912065,4.731104226,4.731104226,2.982264586,2.982264586,1.693598922,1.693598922,0.99703336,0.99703336,-2.01,2338.931774,12.99,8.582153258,7.091397949,90.175602,10.52378311,12.39368714,0,6.327320075,0,0,5.316788604,9.134199296,0,0,13.34455882,6.420821623,12.38631219,13.59242839,4.567099648,0,10.52378311,4.567099648,7.047671983,26.31013685,0,24.03779582,0,12.38631219,4.567099648,0,0,0,4.567099648,13.59242839,22.9100953,19.76538045,18.72100722,0,5.316788604,0,70.49,0,0,0,0,0,6.544756406,25.22795544,0,7.047671983,40.09573232,10.52378311,4.276944444,0,0,17.4375,0,0,0,11.37951814,3.361944444,2.044092971,0.5,15,0,5,0,0,0,0,1,1,3,0,5,3,0,0,0,1,1.43496,55.101,0,0,0,0,0,2,0,0,0,0,0,0,0,0,0,5,0,0,0,0,0,0,0,0,0,0,0,0,0,0,2,0,0,0,0,0,0,0,0,0,0,0,0,0,0,0,0,1,0,0,0,0,0,0,0,0,0,2,0,0,0,0,0,0,0,0,0,0,0,0,0,0,0,0,0,0,0,0,0,0,0,0,0,0,0,67,CCCC[n+]1ccn(C)c1.N#C[N-]C#N,368.15,1.022450928
11.43842593,11.43842593,0.777777778,-6.721527778,0.470046643,18.76923077,440.384,422.24,440.0510476,158,0,0.4802902,-0.420674932,0.4802902,0.420674932,0.961538462,1.346153846,1.653846154,32.28904429,10.32093282,2.464558431,-2.367415077,2.356308691,-2.529090512,8.125010582,-0.916675138,2.43043765,5.02E-07,597.9025133,20.86396103,13.67084104,15.3038342,11.47487373,6.744127336,9.624253993,5.311645557,8.734015811,3.167400114,5.907382181,1.532716207,3.242298501,-0.68,108815.5545,25.32,9.006782223,7.911629221,146.2852521,18.08415789,19.63426922,20.04658231,0,0,11.016661,0,16.83559397,26.34249029,0,0,0,7.109797541,26.86831788,57.13484102,20.04658231,0,0,0,11.016661,53.61238464,4.127401125,0,0,0,26.34249029,0,0,85.94767046,29.52030821,0,0,0,0,4.127401125,0,100.84,31.06324331,43.17808425,0,0,0,48.06534709,0,7.109797541,0,7.047671983,9.473725908,120.6292708,0,0,0,-12.40611111,0,0,0,6.031258503,-9.421084892,1,26,0,8,0,1,1,0,0,0,6,0,16,5,0,1,1,1,1.1689,76.789,0,0,0,0,0,0,0,0,0,0,0,0,0,0,0,2,0,0,0,1,0,0,0,0,0,6,0,0,0,0,0,0,0,0,0,0,0,0,0,0,0,2,0,0,6,0,0,0,0,0,0,0,0,0,0,1,1,0,0,0,0,0,0,0,0,0,0,0,0,0,0,0,0,0,1,0,2,0,0,0,0,0,0,0,0,68,COCC[N+]1(C)CCOCC1.O=S(=O)([N-]S(=O)(=O)C(F)(F)F)C(F)(F)F,318.15,0.570979547
11.43842593,11.43842593,0.777777778,-6.721527778,0.470046643,18.76923077,440.384,422.24,440.0510476,158,0,0.4802902,-0.420674932,0.4802902,0.420674932,0.961538462,1.346153846,1.653846154,32.28904429,10.32093282,2.464558431,-2.367415077,2.356308691,-2.529090512,8.125010582,-0.916675138,2.43043765,5.02E-07,597.9025133,20.86396103,13.67084104,15.3038342,11.47487373,6.744127336,9.624253993,5.311645557,8.734015811,3.167400114,5.907382181,1.532716207,3.242298501,-0.68,108815.5545,25.32,9.006782223,7.911629221,146.2852521,18.08415789,19.63426922,20.04658231,0,0,11.016661,0,16.83559397,26.34249029,0,0,0,7.109797541,26.86831788,57.13484102,20.04658231,0,0,0,11.016661,53.61238464,4.127401125,0,0,0,26.34249029,0,0,85.94767046,29.52030821,0,0,0,0,4.127401125,0,100.84,31.06324331,43.17808425,0,0,0,48.06534709,0,7.109797541,0,7.047671983,9.473725908,120.6292708,0,0,0,-12.40611111,0,0,0,6.031258503,-9.421084892,1,26,0,8,0,1,1,0,0,0,6,0,16,5,0,1,1,1,1.1689,76.789,0,0,0,0,0,0,0,0,0,0,0,0,0,0,0,2,0,0,0,1,0,0,0,0,0,6,0,0,0,0,0,0,0,0,0,0,0,0,0,0,0,2,0,0,6,0,0,0,0,0,0,0,0,0,0,1,1,0,0,0,0,0,0,0,0,0,0,0,0,0,0,0,0,0,1,0,2,0,0,0,0,0,0,0,0,68,COCC[N+]1(C)CCOCC1.O=S(=O)([N-]S(=O)(=O)C(F)(F)F)C(F)(F)F,328.15,0.570979547
11.43842593,11.43842593,0.777777778,-6.721527778,0.470046643,18.76923077,440.384,422.24,440.0510476,158,0,0.4802902,-0.420674932,0.4802902,0.420674932,0.961538462,1.346153846,1.653846154,32.28904429,10.32093282,2.464558431,-2.367415077,2.356308691,-2.529090512,8.125010582,-0.916675138,2.43043765,5.02E-07,597.9025133,20.86396103,13.67084104,15.3038342,11.47487373,6.744127336,9.624253993,5.311645557,8.734015811,3.167400114,5.907382181,1.532716207,3.242298501,-0.68,108815.5545,25.32,9.006782223,7.911629221,146.2852521,18.08415789,19.63426922,20.04658231,0,0,11.016661,0,16.83559397,26.34249029,0,0,0,7.109797541,26.86831788,57.13484102,20.04658231,0,0,0,11.016661,53.61238464,4.127401125,0,0,0,26.34249029,0,0,85.94767046,29.52030821,0,0,0,0,4.127401125,0,100.84,31.06324331,43.17808425,0,0,0,48.06534709,0,7.109797541,0,7.047671983,9.473725908,120.6292708,0,0,0,-12.40611111,0,0,0,6.031258503,-9.421084892,1,26,0,8,0,1,1,0,0,0,6,0,16,5,0,1,1,1,1.1689,76.789,0,0,0,0,0,0,0,0,0,0,0,0,0,0,0,2,0,0,0,1,0,0,0,0,0,6,0,0,0,0,0,0,0,0,0,0,0,0,0,0,0,2,0,0,6,0,0,0,0,0,0,0,0,0,0,1,1,0,0,0,0,0,0,0,0,0,0,0,0,0,0,0,0,0,1,0,2,0,0,0,0,0,0,0,0,68,COCC[N+]1(C)CCOCC1.O=S(=O)([N-]S(=O)(=O)C(F)(F)F)C(F)(F)F,338.15,0.565313809
11.43842593,11.43842593,0.777777778,-6.721527778,0.470046643,18.76923077,440.384,422.24,440.0510476,158,0,0.4802902,-0.420674932,0.4802902,0.420674932,0.961538462,1.346153846,1.653846154,32.28904429,10.32093282,2.464558431,-2.367415077,2.356308691,-2.529090512,8.125010582,-0.916675138,2.43043765,5.02E-07,597.9025133,20.86396103,13.67084104,15.3038342,11.47487373,6.744127336,9.624253993,5.311645557,8.734015811,3.167400114,5.907382181,1.532716207,3.242298501,-0.68,108815.5545,25.32,9.006782223,7.911629221,146.2852521,18.08415789,19.63426922,20.04658231,0,0,11.016661,0,16.83559397,26.34249029,0,0,0,7.109797541,26.86831788,57.13484102,20.04658231,0,0,0,11.016661,53.61238464,4.127401125,0,0,0,26.34249029,0,0,85.94767046,29.52030821,0,0,0,0,4.127401125,0,100.84,31.06324331,43.17808425,0,0,0,48.06534709,0,7.109797541,0,7.047671983,9.473725908,120.6292708,0,0,0,-12.40611111,0,0,0,6.031258503,-9.421084892,1,26,0,8,0,1,1,0,0,0,6,0,16,5,0,1,1,1,1.1689,76.789,0,0,0,0,0,0,0,0,0,0,0,0,0,0,0,2,0,0,0,1,0,0,0,0,0,6,0,0,0,0,0,0,0,0,0,0,0,0,0,0,0,2,0,0,6,0,0,0,0,0,0,0,0,0,0,1,1,0,0,0,0,0,0,0,0,0,0,0,0,0,0,0,0,0,1,0,2,0,0,0,0,0,0,0,0,68,COCC[N+]1(C)CCOCC1.O=S(=O)([N-]S(=O)(=O)C(F)(F)F)C(F)(F)F,348.15,0.565313809
11.43842593,11.43842593,0.777777778,-6.721527778,0.470046643,18.76923077,440.384,422.24,440.0510476,158,0,0.4802902,-0.420674932,0.4802902,0.420674932,0.961538462,1.346153846,1.653846154,32.28904429,10.32093282,2.464558431,-2.367415077,2.356308691,-2.529090512,8.125010582,-0.916675138,2.43043765,5.02E-07,597.9025133,20.86396103,13.67084104,15.3038342,11.47487373,6.744127336,9.624253993,5.311645557,8.734015811,3.167400114,5.907382181,1.532716207,3.242298501,-0.68,108815.5545,25.32,9.006782223,7.911629221,146.2852521,18.08415789,19.63426922,20.04658231,0,0,11.016661,0,16.83559397,26.34249029,0,0,0,7.109797541,26.86831788,57.13484102,20.04658231,0,0,0,11.016661,53.61238464,4.127401125,0,0,0,26.34249029,0,0,85.94767046,29.52030821,0,0,0,0,4.127401125,0,100.84,31.06324331,43.17808425,0,0,0,48.06534709,0,7.109797541,0,7.047671983,9.473725908,120.6292708,0,0,0,-12.40611111,0,0,0,6.031258503,-9.421084892,1,26,0,8,0,1,1,0,0,0,6,0,16,5,0,1,1,1,1.1689,76.789,0,0,0,0,0,0,0,0,0,0,0,0,0,0,0,2,0,0,0,1,0,0,0,0,0,6,0,0,0,0,0,0,0,0,0,0,0,0,0,0,0,2,0,0,6,0,0,0,0,0,0,0,0,0,0,1,1,0,0,0,0,0,0,0,0,0,0,0,0,0,0,0,0,0,1,0,2,0,0,0,0,0,0,0,0,68,COCC[N+]1(C)CCOCC1.O=S(=O)([N-]S(=O)(=O)C(F)(F)F)C(F)(F)F,358.15,0.565313809
11.43842593,11.43842593,0.777777778,-6.721527778,0.470046643,18.76923077,440.384,422.24,440.0510476,158,0,0.4802902,-0.420674932,0.4802902,0.420674932,0.961538462,1.346153846,1.653846154,32.28904429,10.32093282,2.464558431,-2.367415077,2.356308691,-2.529090512,8.125010582,-0.916675138,2.43043765,5.02E-07,597.9025133,20.86396103,13.67084104,15.3038342,11.47487373,6.744127336,9.624253993,5.311645557,8.734015811,3.167400114,5.907382181,1.532716207,3.242298501,-0.68,108815.5545,25.32,9.006782223,7.911629221,146.2852521,18.08415789,19.63426922,20.04658231,0,0,11.016661,0,16.83559397,26.34249029,0,0,0,7.109797541,26.86831788,57.13484102,20.04658231,0,0,0,11.016661,53.61238464,4.127401125,0,0,0,26.34249029,0,0,85.94767046,29.52030821,0,0,0,0,4.127401125,0,100.84,31.06324331,43.17808425,0,0,0,48.06534709,0,7.109797541,0,7.047671983,9.473725908,120.6292708,0,0,0,-12.40611111,0,0,0,6.031258503,-9.421084892,1,26,0,8,0,1,1,0,0,0,6,0,16,5,0,1,1,1,1.1689,76.789,0,0,0,0,0,0,0,0,0,0,0,0,0,0,0,2,0,0,0,1,0,0,0,0,0,6,0,0,0,0,0,0,0,0,0,0,0,0,0,0,0,2,0,0,6,0,0,0,0,0,0,0,0,0,0,1,1,0,0,0,0,0,0,0,0,0,0,0,0,0,0,0,0,0,1,0,2,0,0,0,0,0,0,0,0,68,COCC[N+]1(C)CCOCC1.O=S(=O)([N-]S(=O)(=O)C(F)(F)F)C(F)(F)F,368.15,0.565313809
8.086805556,8.086805556,1.1675,-2.722222222,0.464102434,9.238095238,282.16,263.008,282.176425,108,0,0.382645447,-0.245464247,0.382645447,0.245464247,1,1.571428571,1.904761905,15.0880151,9.299145391,2.21920244,-1.981602973,1.97502389,-2.301490523,7.047482896,-0.696403214,2.929539481,4.00E-07,531.186474,16.13998191,12.52821656,12.52821656,10.06833919,6.885804764,6.885804764,4.759991152,4.759991152,2.868195592,2.868195592,1.528343972,1.528343972,-2.765064935,40779.18957,18.23493506,10.07416103,6.81094143,125.5289717,0,12.39368714,0,6.327320075,0,6.145991148,0,30.18176551,0,23.87429233,19.76538045,12.84164325,0,13.59242839,4.567099648,6.145991148,21.04756622,4.567099648,7.047671983,39.1517801,0,18.72100722,0,23.87429233,4.567099648,0,0,0,10.7130908,13.59242839,44.92185854,32.60702369,18.72100722,0,0,0,103.97,6.145991148,0,0,0,0,0,56.10233522,0,0,41.8266157,21.04756622,4.328849915,0,0,32.34722222,0,5.375,0,8.977655108,3.413194444,2.05807831,0.5,21,0,6,0,0,0,0,1,1,5,0,7,5,0,0,0,1,1.57922,77.956,0,0,0,0,0,2,0,0,0,0,0,0,0,0,0,6,0,0,0,0,0,0,0,0,0,0,0,0,0,0,2,0,0,0,0,0,0,0,0,0,0,0,0,0,0,0,0,1,0,0,0,0,0,0,0,0,0,4,0,0,0,0,0,0,0,0,0,0,0,0,0,0,0,0,0,0,0,0,0,0,0,0,0,2,0,69,CCCCCC[n+]1ccn(C)c1.N#C[B-](C#N)(C#N)C#N,328.15,-0.186329578
8.086805556,8.086805556,1.1675,-2.722222222,0.464102434,9.238095238,282.16,263.008,282.176425,108,0,0.382645447,-0.245464247,0.382645447,0.245464247,1,1.571428571,1.904761905,15.0880151,9.299145391,2.21920244,-1.981602973,1.97502389,-2.301490523,7.047482896,-0.696403214,2.929539481,4.00E-07,531.186474,16.13998191,12.52821656,12.52821656,10.06833919,6.885804764,6.885804764,4.759991152,4.759991152,2.868195592,2.868195592,1.528343972,1.528343972,-2.765064935,40779.18957,18.23493506,10.07416103,6.81094143,125.5289717,0,12.39368714,0,6.327320075,0,6.145991148,0,30.18176551,0,23.87429233,19.76538045,12.84164325,0,13.59242839,4.567099648,6.145991148,21.04756622,4.567099648,7.047671983,39.1517801,0,18.72100722,0,23.87429233,4.567099648,0,0,0,10.7130908,13.59242839,44.92185854,32.60702369,18.72100722,0,0,0,103.97,6.145991148,0,0,0,0,0,56.10233522,0,0,41.8266157,21.04756622,4.328849915,0,0,32.34722222,0,5.375,0,8.977655108,3.413194444,2.05807831,0.5,21,0,6,0,0,0,0,1,1,5,0,7,5,0,0,0,1,1.57922,77.956,0,0,0,0,0,2,0,0,0,0,0,0,0,0,0,6,0,0,0,0,0,0,0,0,0,0,0,0,0,0,2,0,0,0,0,0,0,0,0,0,0,0,0,0,0,0,0,1,0,0,0,0,0,0,0,0,0,4,0,0,0,0,0,0,0,0,0,0,0,0,0,0,0,0,0,0,0,0,0,0,0,0,0,2,0,69,CCCCCC[n+]1ccn(C)c1.N#C[B-](C#N)(C#N)C#N,338.15,-0.155484903
8.086805556,8.086805556,1.1675,-2.722222222,0.464102434,9.238095238,282.16,263.008,282.176425,108,0,0.382645447,-0.245464247,0.382645447,0.245464247,1,1.571428571,1.904761905,15.0880151,9.299145391,2.21920244,-1.981602973,1.97502389,-2.301490523,7.047482896,-0.696403214,2.929539481,4.00E-07,531.186474,16.13998191,12.52821656,12.52821656,10.06833919,6.885804764,6.885804764,4.759991152,4.759991152,2.868195592,2.868195592,1.528343972,1.528343972,-2.765064935,40779.18957,18.23493506,10.07416103,6.81094143,125.5289717,0,12.39368714,0,6.327320075,0,6.145991148,0,30.18176551,0,23.87429233,19.76538045,12.84164325,0,13.59242839,4.567099648,6.145991148,21.04756622,4.567099648,7.047671983,39.1517801,0,18.72100722,0,23.87429233,4.567099648,0,0,0,10.7130908,13.59242839,44.92185854,32.60702369,18.72100722,0,0,0,103.97,6.145991148,0,0,0,0,0,56.10233522,0,0,41.8266157,21.04756622,4.328849915,0,0,32.34722222,0,5.375,0,8.977655108,3.413194444,2.05807831,0.5,21,0,6,0,0,0,0,1,1,5,0,7,5,0,0,0,1,1.57922,77.956,0,0,0,0,0,2,0,0,0,0,0,0,0,0,0,6,0,0,0,0,0,0,0,0,0,0,0,0,0,0,2,0,0,0,0,0,0,0,0,0,0,0,0,0,0,0,0,1,0,0,0,0,0,0,0,0,0,4,0,0,0,0,0,0,0,0,0,0,0,0,0,0,0,0,0,0,0,0,0,0,0,0,0,2,0,69,CCCCCC[n+]1ccn(C)c1.N#C[B-](C#N)(C#N)C#N,348.15,-0.130108685
8.086805556,8.086805556,1.1675,-2.722222222,0.464102434,9.238095238,282.16,263.008,282.176425,108,0,0.382645447,-0.245464247,0.382645447,0.245464247,1,1.571428571,1.904761905,15.0880151,9.299145391,2.21920244,-1.981602973,1.97502389,-2.301490523,7.047482896,-0.696403214,2.929539481,4.00E-07,531.186474,16.13998191,12.52821656,12.52821656,10.06833919,6.885804764,6.885804764,4.759991152,4.759991152,2.868195592,2.868195592,1.528343972,1.528343972,-2.765064935,40779.18957,18.23493506,10.07416103,6.81094143,125.5289717,0,12.39368714,0,6.327320075,0,6.145991148,0,30.18176551,0,23.87429233,19.76538045,12.84164325,0,13.59242839,4.567099648,6.145991148,21.04756622,4.567099648,7.047671983,39.1517801,0,18.72100722,0,23.87429233,4.567099648,0,0,0,10.7130908,13.59242839,44.92185854,32.60702369,18.72100722,0,0,0,103.97,6.145991148,0,0,0,0,0,56.10233522,0,0,41.8266157,21.04756622,4.328849915,0,0,32.34722222,0,5.375,0,8.977655108,3.413194444,2.05807831,0.5,21,0,6,0,0,0,0,1,1,5,0,7,5,0,0,0,1,1.57922,77.956,0,0,0,0,0,2,0,0,0,0,0,0,0,0,0,6,0,0,0,0,0,0,0,0,0,0,0,0,0,0,2,0,0,0,0,0,0,0,0,0,0,0,0,0,0,0,0,1,0,0,0,0,0,0,0,0,0,4,0,0,0,0,0,0,0,0,0,0,0,0,0,0,0,0,0,0,0,0,0,0,0,0,0,2,0,69,CCCCCC[n+]1ccn(C)c1.N#C[B-](C#N)(C#N)C#N,358.15,-0.103140759
8.086805556,8.086805556,1.1675,-2.722222222,0.464102434,9.238095238,282.16,263.008,282.176425,108,0,0.382645447,-0.245464247,0.382645447,0.245464247,1,1.571428571,1.904761905,15.0880151,9.299145391,2.21920244,-1.981602973,1.97502389,-2.301490523,7.047482896,-0.696403214,2.929539481,4.00E-07,531.186474,16.13998191,12.52821656,12.52821656,10.06833919,6.885804764,6.885804764,4.759991152,4.759991152,2.868195592,2.868195592,1.528343972,1.528343972,-2.765064935,40779.18957,18.23493506,10.07416103,6.81094143,125.5289717,0,12.39368714,0,6.327320075,0,6.145991148,0,30.18176551,0,23.87429233,19.76538045,12.84164325,0,13.59242839,4.567099648,6.145991148,21.04756622,4.567099648,7.047671983,39.1517801,0,18.72100722,0,23.87429233,4.567099648,0,0,0,10.7130908,13.59242839,44.92185854,32.60702369,18.72100722,0,0,0,103.97,6.145991148,0,0,0,0,0,56.10233522,0,0,41.8266157,21.04756622,4.328849915,0,0,32.34722222,0,5.375,0,8.977655108,3.413194444,2.05807831,0.5,21,0,6,0,0,0,0,1,1,5,0,7,5,0,0,0,1,1.57922,77.956,0,0,0,0,0,2,0,0,0,0,0,0,0,0,0,6,0,0,0,0,0,0,0,0,0,0,0,0,0,0,2,0,0,0,0,0,0,0,0,0,0,0,0,0,0,0,0,1,0,0,0,0,0,0,0,0,0,4,0,0,0,0,0,0,0,0,0,0,0,0,0,0,0,0,0,0,0,0,0,0,0,0,0,2,0,69,CCCCCC[n+]1ccn(C)c1.N#C[B-](C#N)(C#N)C#N,368.15,-0.076881044
